filename	subcorpus	v001	v002	v003	v004	v005	v006	v007_1	v007_2	v007_3	v007_4	v008	v009	v010	v011	v012	v013	v014	v015	v016	v017	v018	v019	v020	v021	v022	v023	v024	v025	v026	v027	v028	v029	v030	v031	v032	v033	v034	v035	v036	v037	v038	v039	v040	v041	v042	v043	v044	v045	v046	v047	v048	v049	v050	v051	v052	v053	v054	v055	v056	v057	v058	v059	v060	v061	v062	v063	v064	v065	v066	v067	v068	v069	v070	v071	v072	v073	v074	v075	v076	v077	v078	v079	v080	v081	v082	v083	v084	v085	v086	v087	v088	v089	v090	v091	v092	v093	v094	v095	v096	v097	v098	v099	v100	v101	v102	v103	v104	v105	v106	v107	v108	v109	v110	v111	v112	v113	v114	v115	v116	v117	v118	v119	v120	v121	v122	v123	v124	v125	v126	v127	v128	v129	v130	v131	v132	v133	v134	v135	v136	v137	v138	v139	v140	v141	v142	v143	v144	v145	v146	v147	v148	v149	v150	v151	v152	v153	v154	v155	v156	v157	v158	v159	v160	v161	v162	v163	v164	v165	v166	v167	v168	v169	v170	v171	v172	v173	v174	v175	v176	v177	v178	v179	v180	v181	v182	v183	v184	v185	v186	v187	v188	v189	v190	v191	v192	v193	v194	v195	v196	v197	v198	v199	v200	v201	v202	v203	v204	v205	v206	v207	v208	v209	v210	v211	v212	v213	v214	v215	v216	v217	v218	v219	v220	v221	v222	v223	v224	v225	v226	v227	v228	v229	v230	v900	v901	v902	v903	v904	v905	v906	v907	v908	v909	v910	v911	v912	v913	v914	v915	v916	v917	v918	v919
32757.txt	maiores_notas	84.96732	0	124.183007	0	6.535948	19.607843	6.535948	0	0	0	0	6.535948	6.535948	0	0	0	0	0	0	0	6.535948	0	0	0	19.607843	6.535948	0	0	6.535948	45.751634	300.653595	111.111111	52.287582	39.215686	13.071895	19.607843	13.071895	71.895425	0	58.823529	71.895425	6.535948	52.287582	0	45.751634	0	45.751634	26.143791	0	0	0	19.607843	6.535948	84.96732	0	13.071895	45.751634	84.96732	19.607843	6.535948	0	0	0	0	6.535948	0	6.535948	13.071895	32.679739	26.143791	6.535948	0	0	0	0	0	6.535948	6.535948	0	0	0	58.823529	0	0	0	6.535948	6.535948	0	0	0	0	0	0	0	6.535948	0	0	13.071895	6.535948	0	39.215686	0	6.535948	13.071895	65.359477	0	13.071895	0	0	0	6.535948	6.535948	6.535948	0	0	0	0	0	0	0	0	0	0	0	0	0	0	6.535948	6.535948	98.039216	26.143791	124.183007	13.071895	19.607843	0	0	13.071895	0	0	6.535948	0	0	0	0	6.535948	19.607843	0	0	0	6.535948	0	0	39.215686	6.535948	0	0	0	0	6.535948	0	0	0	0	0	6.535948	0	0	0	0	0	0	0	0	0	0	0	0	0	0	0	0	0	0	0	0	0	0	13.071895	0	0	0	0	0	6.535948	13.071895	0	0	6.535948	0	0	0	0	0	0	0	6.535948	0	0	0	0	0	0	0	0	0	0	0	0	0	0	0	0	0	0	0	0	0	0	0	6.535948	0	0	0	209.150327	19.607843	346.405229	91.503268	117.647059	19.607843	248.366013	45.751634	19.607843	6.535948	6.535948	0	0	0	39.215686	0	13.071895	6.535948	19.607843	19.607843
32875.txt	maiores_notas	81.168831	12.987013	77.922078	6.493506	0	3.246753	0	0	0	0	3.246753	0	12.987013	0	0	0	12.987013	0	16.233766	0	12.987013	0	9.74026	3.246753	3.246753	6.493506	0	0	6.493506	19.480519	253.246753	162.337662	48.701299	35.714286	12.987013	9.74026	32.467532	55.194805	12.987013	38.961039	25.974026	3.246753	38.961039	6.493506	42.207792	19.480519	81.168831	35.714286	3.246753	22.727273	0	9.74026	16.233766	107.142857	0	71.428571	103.896104	71.428571	38.961039	25.974026	9.74026	3.246753	0	3.246753	16.233766	3.246753	9.74026	6.493506	35.714286	16.233766	3.246753	0	3.246753	0	6.493506	0	0	6.493506	0	0	0	45.454545	9.74026	6.493506	0	0	0	0	0	0	3.246753	0	0	0	0	0	0	3.246753	0	6.493506	35.714286	0	16.233766	16.233766	61.688312	3.246753	3.246753	0	16.233766	0	9.74026	9.74026	0	9.74026	0	6.493506	6.493506	0	3.246753	0	9.74026	0	0	3.246753	0	0	0	9.74026	16.233766	116.883117	22.727273	77.922078	12.987013	16.233766	0	12.987013	3.246753	0	0	0	0	0	9.74026	6.493506	6.493506	16.233766	3.246753	0	0	12.987013	6.493506	0	35.714286	9.74026	3.246753	0	12.987013	0	6.493506	0	0	0	3.246753	0	9.74026	3.246753	0	6.493506	0	3.246753	0	0	0	0	0	0	3.246753	0	0	0	6.493506	0	0	0	6.493506	0	0	6.493506	0	0	0	0	0	3.246753	16.233766	0	0	3.246753	9.74026	0	0	0	0	0	3.246753	6.493506	0	0	0	0	0	0	0	0	0	0	0	0	0	0	0	0	0	0	0	0	0	0	0	0	12.987013	0	0	172.077922	32.467532	272.727273	142.857143	126.623377	55.194805	217.532468	55.194805	6.493506	12.987013	9.74026	0	0	6.493506	35.714286	19.480519	6.493506	12.987013	68.181818	25.974026
33083.txt	maiores_notas	111.111111	13.333333	93.333333	4.444444	4.444444	13.333333	4.444444	0	0	0	0	0	4.444444	0	4.444444	0	0	0	4.444444	4.444444	0	0	8.888889	0	17.777778	0	0	0	0	8.888889	311.111111	115.555556	115.555556	40	8.888889	22.222222	0	62.222222	0	53.333333	31.111111	22.222222	53.333333	0	53.333333	17.777778	35.555556	35.555556	13.333333	0	0	0	13.333333	71.111111	0	17.777778	66.666667	97.777778	26.666667	17.777778	0	0	4.444444	0	17.777778	0	0	8.888889	40	8.888889	8.888889	0	0	0	0	0	4.444444	0	4.444444	4.444444	0	66.666667	4.444444	0	0	0	0	0	0	0	0	0	0	0	8.888889	0	0	17.777778	0	0	17.777778	0	8.888889	31.111111	71.111111	0	17.777778	0	8.888889	0	13.333333	0	13.333333	0	0	0	0	0	0	0	0	0	0	0	0	0	0	0	8.888889	88.888889	4.444444	93.333333	0	40	4.444444	4.444444	4.444444	0	0	0	0	0	8.888889	0	4.444444	40	8.888889	4.444444	0	0	0	0	17.777778	8.888889	13.333333	0	0	0	4.444444	0	0	0	0	0	0	0	0	17.777778	0	0	0	0	0	0	0	0	0	0	0	0	0	0	0	0	0	0	0	17.777778	0	0	0	0	0	0	0	0	0	4.444444	4.444444	0	0	0	0	0	0	4.444444	0	0	0	0	0	0	0	0	0	0	0	0	0	0	0	0	0	0	0	0	0	0	0	0	0	0	0	217.777778	22.222222	320	102.222222	128.888889	31.111111	182.222222	71.111111	17.777778	0	4.444444	0	0	0	17.777778	0	8.888889	0	57.777778	0
33228.txt	maiores_notas	99.236641	11.450382	64.885496	3.816794	0	0	7.633588	15.267176	0	0	0	0	0	0	0	0	0	0	3.816794	0	38.167939	0	3.816794	7.633588	0	0	0	0	0	38.167939	255.725191	141.221374	95.419847	38.167939	7.633588	11.450382	19.083969	61.068702	3.816794	68.70229	45.801527	15.267176	61.068702	15.267176	118.320611	26.717557	34.351145	45.801527	3.816794	3.816794	0	11.450382	15.267176	103.053435	0	11.450382	76.335878	72.519084	22.900763	19.083969	7.633588	3.816794	0	7.633588	22.900763	0	0	7.633588	26.717557	7.633588	3.816794	0	7.633588	0	3.816794	0	7.633588	0	0	0	0	57.251908	22.900763	0	0	3.816794	0	0	0	0	3.816794	0	0	0	0	0	0	11.450382	0	3.816794	15.267176	0	3.816794	34.351145	83.969466	0	11.450382	0	3.816794	0	11.450382	0	0	3.816794	0	0	0	0	0	0	3.816794	0	0	0	0	0	0	0	0	95.419847	11.450382	64.885496	0	45.801527	0	0	11.450382	0	0	3.816794	0	0	11.450382	3.816794	0	41.984733	3.816794	3.816794	0	0	3.816794	0	15.267176	3.816794	3.816794	0	3.816794	0	15.267176	0	0	0	0	0	0	0	0	7.633588	0	0	0	0	0	0	3.816794	0	0	0	0	0	3.816794	0	0	0	0	0	0	7.633588	0	3.816794	0	0	0	0	7.633588	0	0	0	15.267176	0	0	0	0	0	0	0	0	0	0	0	0	0	0	0	0	0	0	0	0	0	0	0	0	0	0	0	0	0	0	3.816794	0	0	0	110.687023	41.984733	293.89313	145.038168	106.870229	19.083969	167.938931	76.335878	19.083969	38.167939	0	0	0	3.816794	15.267176	3.816794	7.633588	0	53.435115	7.633588
33383.txt	maiores_notas	92.23301	9.708738	53.398058	4.854369	0	4.854369	9.708738	0	0	0	0	0	19.417476	0	0	0	0	0	19.417476	24.271845	9.708738	0	24.271845	0	24.271845	0	0	0	0	19.417476	242.718447	126.213592	43.68932	24.271845	9.708738	4.854369	9.708738	67.961165	0	67.961165	38.834951	14.563107	53.398058	9.708738	38.834951	29.126214	24.271845	29.126214	0	19.417476	0	0	14.563107	48.543689	0	9.708738	53.398058	92.23301	53.398058	24.271845	9.708738	4.854369	9.708738	0	24.271845	9.708738	0	29.126214	43.68932	0	4.854369	4.854369	4.854369	4.854369	0	9.708738	14.563107	4.854369	9.708738	4.854369	0	92.23301	0	0	0	4.854369	0	9.708738	0	0	9.708738	0	0	9.708738	0	0	0	24.271845	33.980583	9.708738	38.834951	0	0	38.834951	106.796117	4.854369	14.563107	0	9.708738	0	4.854369	4.854369	0	9.708738	0	0	4.854369	0	0	0	9.708738	0	0	0	0	0	0	4.854369	9.708738	87.378641	9.708738	58.252427	4.854369	33.980583	0	0	9.708738	0	0	0	0	19.417476	29.126214	19.417476	4.854369	29.126214	4.854369	0	0	9.708738	19.417476	0	38.834951	0	0	0	0	4.854369	33.980583	0	0	0	0	0	4.854369	4.854369	0	9.708738	0	4.854369	4.854369	0	0	0	4.854369	0	0	4.854369	0	0	19.417476	0	0	0	0	0	0	29.126214	0	0	0	0	0	0	0	0	0	14.563107	4.854369	0	0	0	0	0	0	19.417476	0	0	0	0	0	0	0	0	0	0	0	0	0	0	0	0	0	0	0	0	0	0	0	14.563107	0	0	0	155.339806	72.815534	262.135922	97.087379	179.61165	29.126214	150.485437	87.378641	58.252427	9.708738	19.417476	0	0	19.417476	38.834951	19.417476	29.126214	4.854369	77.669903	0
33669.txt	maiores_notas	152.631579	10.526316	73.684211	0	0	5.263158	31.578947	0	0	0	0	0	0	0	0	0	0	0	15.789474	0	26.315789	0	15.789474	0	5.263158	26.315789	0	0	26.315789	36.842105	300	152.631579	84.210526	21.052632	26.315789	0	10.526316	42.105263	21.052632	52.631579	57.894737	21.052632	42.105263	26.315789	26.315789	15.789474	31.578947	15.789474	0	0	0	0	0	26.315789	0	21.052632	31.578947	84.210526	31.578947	21.052632	5.263158	0	0	5.263158	5.263158	5.263158	5.263158	10.526316	63.157895	5.263158	0	0	0	0	0	0	5.263158	5.263158	0	0	0	47.368421	10.526316	0	0	5.263158	0	0	0	0	0	0	0	0	10.526316	0	0	15.789474	0	0	26.315789	0	21.052632	15.789474	63.157895	0	15.789474	0	0	0	5.263158	0	0	0	0	0	0	0	0	0	0	0	0	0	0	0	0	0	10.526316	110.526316	5.263158	78.947368	0	52.631579	0	0	0	0	5.263158	0	0	0	0	0	5.263158	47.368421	5.263158	0	0	21.052632	0	0	26.315789	15.789474	0	0	0	0	0	0	0	0	0	0	15.789474	5.263158	0	0	0	0	0	0	0	0	0	0	0	0	0	0	0	0	0	0	0	0	0	10.526316	0	0	0	0	0	5.263158	10.526316	0	0	0	0	0	0	0	0	0	10.526316	5.263158	0	0	0	0	0	0	0	0	0	10.526316	0	0	0	0	0	0	0	0	0	0	0	0	0	0	0	0	0	236.842105	42.105263	331.578947	42.105263	126.315789	15.789474	194.736842	63.157895	15.789474	21.052632	15.789474	10.526316	0	0	26.315789	0	10.526316	0	63.157895	0
33849.txt	maiores_notas	73.170732	8.130081	77.235772	12.195122	4.065041	8.130081	8.130081	0	0	0	0	0	4.065041	4.065041	0	4.065041	4.065041	0	4.065041	4.065041	12.195122	4.065041	8.130081	12.195122	12.195122	0	0	0	0	28.455285	264.227642	138.211382	44.715447	36.585366	12.195122	8.130081	28.455285	60.97561	0	69.105691	44.715447	16.260163	40.650407	4.065041	28.455285	20.325203	56.910569	12.195122	8.130081	0	0	8.130081	20.325203	65.04065	12.195122	32.520325	69.105691	97.560976	44.715447	24.390244	4.065041	8.130081	8.130081	0	0	8.130081	12.195122	8.130081	48.780488	8.130081	0	8.130081	0	0	0	0	4.065041	0	0	8.130081	0	60.97561	4.065041	0	0	0	0	0	0	0	4.065041	0	0	0	24.390244	0	0	16.260163	12.195122	0	36.585366	4.065041	20.325203	32.520325	65.04065	0	16.260163	0	12.195122	0	12.195122	0	0	8.130081	0	0	0	0	4.065041	0	8.130081	0	0	4.065041	0	0	4.065041	0	12.195122	105.691057	44.715447	85.365854	4.065041	16.260163	0	4.065041	16.260163	0	0	0	0	0	0	4.065041	4.065041	12.195122	4.065041	4.065041	0	12.195122	4.065041	4.065041	40.650407	16.260163	12.195122	4.065041	8.130081	0	12.195122	0	0	0	4.065041	0	4.065041	0	8.130081	16.260163	0	0	4.065041	0	0	0	0	0	0	0	0	0	4.065041	0	0	0	0	0	0	8.130081	0	4.065041	0	0	0	0	20.325203	0	0	4.065041	8.130081	0	0	0	0	4.065041	0	8.130081	0	0	0	0	0	0	0	0	0	0	0	0	0	0	0	0	0	0	0	0	0	0	0	12.195122	0	0	0	158.536585	32.520325	292.682927	105.691057	150.406504	36.585366	227.642276	44.715447	28.455285	12.195122	12.195122	0	0	4.065041	40.650407	4.065041	8.130081	4.065041	93.495935	28.455285
33879.txt	maiores_notas	90.185676	10.61008	58.355438	2.65252	7.95756	13.262599	18.567639	2.65252	0	0	0	13.262599	15.915119	13.262599	10.61008	0	2.65252	0	7.95756	5.30504	7.95756	0	10.61008	0	13.262599	15.915119	7.95756	0	7.95756	76.923077	190.981432	119.363395	63.660477	92.838196	2.65252	0	0	34.482759	0	29.177719	7.95756	0	74.270557	0	31.830239	26.525199	18.567639	26.525199	7.95756	5.30504	0	5.30504	10.61008	37.135279	7.95756	2.65252	37.135279	135.278515	37.135279	23.872679	10.61008	5.30504	2.65252	15.915119	21.220159	5.30504	7.95756	10.61008	50.397878	10.61008	0	0	0	2.65252	2.65252	0	5.30504	5.30504	0	2.65252	0	37.135279	37.135279	18.567639	2.65252	2.65252	5.30504	15.915119	0	0	0	2.65252	0	2.65252	5.30504	0	0	10.61008	0	5.30504	37.135279	0	15.915119	13.262599	111.405836	2.65252	7.95756	0	13.262599	0	5.30504	26.525199	2.65252	13.262599	0	0	13.262599	0	2.65252	0	10.61008	2.65252	0	2.65252	0	0	2.65252	26.525199	13.262599	82.228117	13.262599	68.965517	7.95756	39.787798	0	10.61008	0	2.65252	0	0	0	0	5.30504	2.65252	0	31.830239	10.61008	2.65252	0	7.95756	0	0	37.135279	15.915119	0	5.30504	21.220159	0	2.65252	0	0	2.65252	0	0	2.65252	2.65252	0	5.30504	0	0	0	0	0	0	0	0	0	0	0	0	0	0	0	0	0	2.65252	0	15.915119	0	0	0	0	0	0	13.262599	0	0	2.65252	13.262599	0	0	0	0	2.65252	0	2.65252	2.65252	0	0	0	0	5.30504	0	0	0	0	0	0	0	0	0	0	0	0	0	0	0	0	0	0	7.95756	0	0	100.795756	63.660477	267.904509	74.270557	177.718833	66.312997	164.456233	63.660477	10.61008	7.95756	7.95756	5.30504	0	0	37.135279	0	10.61008	15.915119	66.312997	31.830239
33890.txt	maiores_notas	110.526316	5.263158	84.210526	0	5.263158	10.526316	5.263158	0	0	0	0	0	36.842105	0	0	0	21.052632	0	5.263158	0	15.789474	0	15.789474	5.263158	5.263158	0	0	0	0	15.789474	242.105263	142.105263	78.947368	36.842105	15.789474	0	0	63.157895	5.263158	68.421053	36.842105	5.263158	73.684211	0	31.578947	21.052632	57.894737	42.105263	0	0	0	10.526316	0	78.947368	0	5.263158	63.157895	100	31.578947	31.578947	0	10.526316	0	0	10.526316	0	21.052632	5.263158	36.842105	10.526316	0	5.263158	0	0	5.263158	0	5.263158	0	0	5.263158	0	42.105263	21.052632	5.263158	0	0	0	0	0	0	0	0	0	10.526316	21.052632	0	10.526316	0	15.789474	0	26.315789	0	21.052632	21.052632	68.421053	0	0	0	0	0	5.263158	15.789474	10.526316	5.263158	0	5.263158	15.789474	5.263158	0	0	5.263158	0	0	0	0	0	0	10.526316	0	78.947368	21.052632	84.210526	10.526316	26.315789	0	10.526316	5.263158	0	0	0	0	0	5.263158	0	0	26.315789	5.263158	0	5.263158	15.789474	0	0	26.315789	21.052632	10.526316	0	0	0	36.842105	0	0	0	0	0	5.263158	10.526316	0	5.263158	0	0	0	0	0	0	0	0	0	0	0	0	0	0	0	0	0	0	0	5.263158	0	0	0	0	0	0	5.263158	0	0	21.052632	15.789474	0	0	0	0	0	0	0	0	0	0	0	0	0	0	0	0	0	0	0	0	0	0	0	0	0	0	0	0	0	0	0	5.263158	0	0	115.789474	68.421053	284.210526	110.526316	131.578947	42.105263	173.684211	52.631579	15.789474	15.789474	0	0	0	0	26.315789	0	5.263158	21.052632	68.421053	10.526316
33895.txt	maiores_notas	77.922078	12.987013	54.545455	23.376623	0	7.792208	0	0	0	0	0	2.597403	7.792208	5.194805	2.597403	2.597403	7.792208	0	7.792208	2.597403	23.376623	2.597403	20.779221	5.194805	7.792208	7.792208	0	0	5.194805	12.987013	275.324675	148.051948	96.103896	28.571429	5.194805	7.792208	5.194805	38.961039	2.597403	28.571429	20.779221	7.792208	54.545455	2.597403	25.974026	18.181818	7.792208	18.181818	2.597403	2.597403	0	0	5.194805	23.376623	2.597403	2.597403	23.376623	127.272727	72.727273	20.779221	5.194805	0	2.597403	5.194805	18.181818	10.38961	5.194805	10.38961	41.558442	10.38961	0	0	0	2.597403	2.597403	0	7.792208	2.597403	0	0	0	72.727273	12.987013	0	0	5.194805	0	2.597403	0	0	2.597403	7.792208	0	41.558442	0	0	0	36.363636	0	10.38961	46.753247	5.194805	7.792208	57.142857	98.701299	10.38961	25.974026	0	0	0	2.597403	12.987013	2.597403	12.987013	0	5.194805	7.792208	2.597403	2.597403	0	12.987013	2.597403	0	2.597403	0	0	5.194805	12.987013	7.792208	109.090909	5.194805	64.935065	0	33.766234	0	7.792208	2.597403	2.597403	0	0	0	5.194805	2.597403	5.194805	5.194805	28.571429	5.194805	0	7.792208	23.376623	0	2.597403	41.558442	7.792208	0	0	0	0	2.597403	0	0	0	0	0	15.584416	5.194805	2.597403	7.792208	0	0	0	0	0	0	0	0	0	5.194805	0	0	5.194805	0	0	0	2.597403	0	0	0	0	2.597403	7.792208	2.597403	0	5.194805	15.584416	0	0	5.194805	7.792208	0	0	0	0	0	0	5.194805	0	0	0	0	0	0	0	0	0	0	0	0	0	0	0	0	0	0	0	0	0	0	0	5.194805	0	0	0	90.909091	67.532468	288.311688	49.350649	210.38961	51.948052	179.220779	67.532468	36.363636	23.376623	5.194805	0	0	5.194805	49.350649	5.194805	10.38961	15.584416	116.883117	0
33914.txt	maiores_notas	99.601594	19.920319	75.697211	0	19.920319	7.968127	0	0	0	0	0	7.968127	11.952191	0	0	0	3.984064	0	3.984064	0	23.904382	0	11.952191	3.984064	7.968127	11.952191	0	0	11.952191	3.984064	262.948207	115.537849	103.585657	23.904382	3.984064	7.968127	0	31.87251	3.984064	19.920319	19.920319	3.984064	51.792829	0	51.792829	11.952191	35.856574	31.87251	11.952191	0	0	7.968127	11.952191	75.697211	0	19.920319	43.824701	107.569721	51.792829	27.888446	3.984064	3.984064	11.952191	7.968127	0	0	7.968127	3.984064	59.760956	0	0	0	3.984064	0	0	0	3.984064	0	0	0	0	95.61753	7.968127	0	0	0	0	0	0	0	0	0	0	0	0	3.984064	0	27.888446	15.936255	0	23.904382	0	3.984064	35.856574	103.585657	0	27.888446	0	3.984064	0	0	7.968127	15.936255	3.984064	0	7.968127	7.968127	0	0	0	3.984064	0	0	0	0	0	0	3.984064	7.968127	79.681275	7.968127	75.697211	0	39.840637	3.984064	7.968127	3.984064	3.984064	0	0	3.984064	0	7.968127	3.984064	0	15.936255	27.888446	0	0	23.904382	3.984064	0	11.952191	3.984064	3.984064	0	7.968127	0	7.968127	3.984064	0	3.984064	0	0	19.920319	3.984064	0	3.984064	0	3.984064	0	0	0	0	0	0	0	0	0	0	3.984064	0	0	0	0	3.984064	0	3.984064	0	0	0	0	0	3.984064	15.936255	0	0	7.968127	3.984064	0	0	0	0	0	0	0	0	0	0	0	0	0	0	0	0	0	0	0	0	0	0	0	0	0	0	0	0	0	0	3.984064	0	0	0	119.521912	55.776892	266.932271	99.601594	167.330677	39.840637	163.346614	71.713147	43.824701	23.904382	0	0	0	3.984064	27.888446	7.968127	3.984064	3.984064	63.74502	15.936255
33927.txt	maiores_notas	93.023256	11.627907	34.883721	23.255814	0	3.875969	7.751938	0	0	0	0	0	19.379845	3.875969	3.875969	3.875969	3.875969	0	7.751938	11.627907	11.627907	0	15.503876	0	3.875969	11.627907	0	0	0	31.007752	279.069767	158.914729	69.767442	38.75969	0	0	7.751938	27.131783	11.627907	27.131783	34.883721	7.751938	65.891473	0	27.131783	23.255814	42.635659	27.131783	3.875969	0	0	0	3.875969	65.891473	0	15.503876	65.891473	89.147287	46.511628	34.883721	3.875969	11.627907	0	0	11.627907	3.875969	3.875969	19.379845	58.139535	3.875969	0	0	3.875969	0	0	0	11.627907	7.751938	7.751938	23.255814	0	69.767442	3.875969	11.627907	0	3.875969	0	3.875969	0	0	3.875969	0	0	7.751938	3.875969	0	0	19.379845	11.627907	0	46.511628	0	3.875969	19.379845	93.023256	0	15.503876	0	27.131783	0	27.131783	0	0	0	0	0	0	0	0	0	0	0	0	0	0	0	0	3.875969	27.131783	112.403101	11.627907	50.387597	0	11.627907	0	0	0	0	0	0	0	7.751938	7.751938	7.751938	15.503876	7.751938	3.875969	3.875969	0	15.503876	7.751938	0	46.511628	0	0	7.751938	0	11.627907	15.503876	0	0	0	0	3.875969	11.627907	0	0	0	0	3.875969	0	0	0	0	0	0	0	3.875969	0	0	7.751938	0	0	0	0	0	0	11.627907	0	0	0	0	0	0	19.379845	0	0	15.503876	3.875969	0	0	0	0	0	0	27.131783	0	0	7.751938	0	0	0	0	0	0	0	0	0	0	0	0	0	0	0	0	0	0	0	0	3.875969	0	0	0	139.534884	58.139535	310.077519	93.023256	151.162791	62.015504	174.418605	46.511628	31.007752	15.503876	31.007752	0	0	7.751938	46.511628	7.751938	38.75969	0	69.767442	3.875969
33975.txt	maiores_notas	100	13.636364	86.363636	4.545455	18.181818	13.636364	9.090909	0	0	0	0	0	0	0	0	0	0	0	9.090909	0	4.545455	0	9.090909	0	13.636364	4.545455	0	0	4.545455	13.636364	313.636364	140.909091	127.272727	31.818182	9.090909	0	13.636364	104.545455	0	72.727273	31.818182	0	59.090909	9.090909	27.272727	9.090909	50	31.818182	0	9.090909	0	0	13.636364	54.545455	0	36.363636	45.454545	90.909091	31.818182	18.181818	9.090909	0	0	0	22.727273	0	4.545455	9.090909	54.545455	4.545455	0	0	9.090909	0	0	0	0	9.090909	0	0	0	50	13.636364	0	0	0	0	0	0	0	4.545455	0	0	0	9.090909	9.090909	0	18.181818	0	0	40.909091	0	13.636364	9.090909	59.090909	9.090909	9.090909	0	13.636364	0	0	0	4.545455	0	0	0	0	0	0	0	0	0	0	0	0	0	0	0	9.090909	113.636364	27.272727	86.363636	0	22.727273	0	4.545455	0	0	0	0	0	0	4.545455	13.636364	4.545455	18.181818	4.545455	0	0	4.545455	13.636364	0	36.363636	13.636364	0	0	0	0	0	0	0	0	0	0	0	0	0	0	0	9.090909	0	0	0	4.545455	0	0	0	0	0	0	9.090909	4.545455	0	0	0	0	0	13.636364	0	0	0	0	0	0	36.363636	0	0	0	0	0	0	0	0	0	0	9.090909	0	0	0	0	0	0	0	0	0	0	0	0	0	0	0	0	0	0	0	0	0	4.545455	0	9.090909	0	0	0	200	13.636364	327.272727	77.272727	131.818182	27.272727	218.181818	50	18.181818	4.545455	9.090909	0	4.545455	13.636364	36.363636	13.636364	9.090909	0	63.636364	9.090909
33978.txt	maiores_notas	73.684211	3.508772	73.684211	7.017544	7.017544	7.017544	7.017544	7.017544	0	0	0	0	28.070175	0	0	3.508772	21.052632	0	10.526316	7.017544	21.052632	0	14.035088	0	14.035088	0	0	0	0	31.578947	228.070175	105.263158	56.140351	24.561404	7.017544	10.526316	10.526316	35.087719	10.526316	45.614035	59.649123	7.017544	45.614035	0	28.070175	0	52.631579	0	7.017544	10.526316	0	7.017544	17.54386	56.140351	0	28.070175	73.684211	101.754386	35.087719	14.035088	0	3.508772	0	3.508772	17.54386	7.017544	7.017544	7.017544	63.157895	28.070175	0	0	0	0	0	0	0	7.017544	0	0	0	42.105263	35.087719	0	0	0	0	0	0	0	3.508772	0	0	0	7.017544	7.017544	0	28.070175	0	7.017544	38.596491	3.508772	17.54386	14.035088	77.192982	7.017544	21.052632	0	14.035088	10.526316	7.017544	3.508772	10.526316	7.017544	0	14.035088	0	3.508772	3.508772	0	7.017544	0	0	3.508772	0	0	3.508772	3.508772	7.017544	115.789474	10.526316	73.684211	3.508772	24.561404	10.526316	10.526316	0	0	0	0	0	7.017544	0	7.017544	0	14.035088	21.052632	3.508772	0	21.052632	7.017544	0	17.54386	14.035088	0	0	14.035088	0	3.508772	0	0	0	0	0	10.526316	7.017544	0	0	0	0	0	0	0	0	0	0	3.508772	0	0	0	3.508772	0	0	0	0	3.508772	0	10.526316	0	0	0	0	0	3.508772	24.561404	0	0	24.561404	3.508772	0	0	0	0	0	7.017544	7.017544	0	0	3.508772	0	0	0	3.508772	0	0	0	0	0	0	3.508772	0	0	0	0	0	0	0	0	0	3.508772	3.508772	0	0	77.192982	70.175439	259.649123	73.684211	154.385965	70.175439	203.508772	63.157895	28.070175	21.052632	17.54386	0	3.508772	7.017544	42.105263	3.508772	7.017544	10.526316	73.684211	7.017544
33991.txt	maiores_notas	101.351351	20.27027	97.972973	10.135135	10.135135	10.135135	0	0	0	0	0	0	10.135135	0	0	0	6.756757	0	10.135135	3.378378	16.891892	0	3.378378	6.756757	13.513514	6.756757	0	0	6.756757	6.756757	256.756757	175.675676	91.216216	27.027027	20.27027	0	16.891892	60.810811	3.378378	60.810811	13.513514	6.756757	50.675676	0	37.162162	23.648649	40.540541	16.891892	10.135135	10.135135	0	0	6.756757	74.324324	0	30.405405	74.324324	91.216216	33.783784	27.027027	0	0	3.378378	3.378378	27.027027	0	3.378378	6.756757	47.297297	0	0	0	0	0	0	0	0	3.378378	0	6.756757	0	67.567568	3.378378	0	0	0	0	0	0	0	0	0	0	0	6.756757	0	0	6.756757	3.378378	3.378378	20.27027	0	6.756757	47.297297	70.945946	0	6.756757	0	6.756757	0	10.135135	3.378378	3.378378	0	0	0	3.378378	0	0	0	0	0	0	0	0	3.378378	0	3.378378	10.135135	81.081081	0	104.72973	0	30.405405	0	6.756757	3.378378	0	0	0	0	0	0	3.378378	0	23.648649	6.756757	3.378378	0	16.891892	3.378378	0	20.27027	3.378378	10.135135	0	3.378378	3.378378	10.135135	0	0	0	0	0	6.756757	3.378378	0	23.648649	0	0	0	0	0	0	6.756757	0	0	0	0	0	3.378378	0	0	0	0	0	0	6.756757	0	10.135135	0	0	0	0	10.135135	0	0	6.756757	3.378378	0	0	0	0	0	0	10.135135	0	0	3.378378	0	0	0	0	0	0	0	0	0	0	0	0	0	0	0	0	0	0	0	0	16.891892	0	0	0	121.621622	40.540541	314.189189	108.108108	128.378378	27.027027	185.810811	47.297297	6.756757	16.891892	13.513514	0	0	3.378378	23.648649	3.378378	10.135135	6.756757	74.324324	0
33999.txt	maiores_notas	76.452599	9.174312	73.394495	3.058104	9.174312	15.29052	9.174312	6.116208	0	0	0	9.174312	12.232416	0	0	0	3.058104	0	3.058104	3.058104	18.348624	0	9.174312	0	15.29052	9.174312	0	0	9.174312	24.464832	272.171254	76.452599	125.382263	30.58104	24.464832	3.058104	3.058104	15.29052	27.522936	18.348624	79.510703	12.232416	48.929664	3.058104	33.639144	21.406728	33.639144	24.464832	12.232416	6.116208	0	9.174312	18.348624	48.929664	3.058104	33.639144	51.987768	82.568807	39.755352	33.639144	3.058104	6.116208	9.174312	9.174312	12.232416	6.116208	0	9.174312	39.755352	9.174312	6.116208	0	3.058104	0	6.116208	0	3.058104	3.058104	0	0	0	82.568807	3.058104	0	0	3.058104	0	0	0	0	12.232416	0	0	0	0	0	0	15.29052	6.116208	12.232416	27.522936	3.058104	9.174312	9.174312	85.626911	9.174312	6.116208	0	6.116208	0	3.058104	6.116208	6.116208	9.174312	0	15.29052	6.116208	0	0	0	9.174312	3.058104	0	0	0	0	3.058104	6.116208	12.232416	91.743119	24.464832	73.394495	0	27.522936	3.058104	3.058104	9.174312	0	0	3.058104	0	6.116208	0	18.348624	0	27.522936	3.058104	0	0	18.348624	18.348624	0	27.522936	9.174312	0	0	0	3.058104	12.232416	0	0	0	0	0	18.348624	0	0	3.058104	0	3.058104	0	0	0	3.058104	0	0	3.058104	0	0	0	12.232416	6.116208	0	0	3.058104	6.116208	0	6.116208	3.058104	3.058104	0	0	0	0	18.348624	0	0	3.058104	9.174312	0	0	0	0	6.116208	0	3.058104	0	0	0	0	0	0	0	0	0	0	0	0	0	0	0	0	0	0	0	0	0	0	0	0	0	0	0	85.626911	64.220183	296.636086	88.685015	146.788991	58.103976	186.544343	51.987768	21.406728	18.348624	9.174312	0	0	18.348624	27.522936	18.348624	9.174312	9.174312	45.87156	0
34032.txt	maiores_notas	65.1341	11.494253	80.45977	15.32567	0	7.662835	22.988506	3.831418	0	0	0	0	15.32567	0	0	0	3.831418	0	0	3.831418	11.494253	0	0	0	7.662835	0	0	0	0	68.965517	268.199234	103.448276	95.785441	42.145594	19.157088	7.662835	0	57.471264	0	45.977011	91.954023	7.662835	42.145594	0	30.651341	22.988506	22.988506	11.494253	7.662835	3.831418	0	0	11.494253	49.808429	3.831418	7.662835	45.977011	88.122605	22.988506	19.157088	3.831418	3.831418	0	7.662835	30.651341	0	3.831418	11.494253	61.302682	7.662835	0	0	3.831418	0	0	0	3.831418	7.662835	0	0	0	38.314176	26.819923	0	0	3.831418	0	0	0	0	0	0	0	7.662835	0	0	0	7.662835	3.831418	7.662835	34.482759	0	19.157088	26.819923	68.965517	0	7.662835	0	15.32567	3.831418	7.662835	7.662835	7.662835	3.831418	0	0	0	0	0	0	3.831418	0	0	0	0	0	0	7.662835	3.831418	122.605364	0	84.291188	0	34.482759	0	7.662835	3.831418	0	0	0	0	0	0	7.662835	3.831418	26.819923	11.494253	0	0	11.494253	7.662835	0	38.314176	19.157088	3.831418	0	0	0	15.32567	0	0	0	0	0	11.494253	0	0	7.662835	0	3.831418	3.831418	0	0	0	0	0	0	0	0	0	7.662835	0	0	0	0	0	0	22.988506	0	3.831418	3.831418	0	0	0	19.157088	0	0	7.662835	7.662835	0	0	0	0	0	0	7.662835	0	0	0	0	0	0	0	0	0	0	0	0	0	0	0	0	0	0	0	0	0	0	0	0	0	0	0	76.628352	22.988506	337.164751	76.628352	130.268199	49.808429	206.896552	49.808429	11.494253	11.494253	7.662835	0	0	7.662835	38.314176	7.662835	11.494253	7.662835	80.45977	0
34050.txt	maiores_notas	72.580645	20.16129	68.548387	4.032258	16.129032	20.16129	4.032258	8.064516	0	0	4.032258	24.193548	20.16129	4.032258	12.096774	4.032258	8.064516	0	16.129032	4.032258	4.032258	4.032258	20.16129	0	20.16129	24.193548	12.096774	0	12.096774	80.645161	145.16129	40.322581	116.935484	36.290323	4.032258	4.032258	4.032258	20.16129	0	12.096774	20.16129	4.032258	68.548387	4.032258	8.064516	28.225806	4.032258	36.290323	4.032258	8.064516	0	0	0	16.129032	8.064516	4.032258	16.129032	161.290323	8.064516	44.354839	40.322581	12.096774	16.129032	20.16129	12.096774	4.032258	4.032258	12.096774	52.419355	4.032258	4.032258	16.129032	24.193548	4.032258	0	0	0	8.064516	4.032258	0	0	64.516129	64.516129	28.225806	0	0	0	4.032258	0	0	4.032258	0	0	4.032258	4.032258	0	0	0	0	4.032258	36.290323	12.096774	8.064516	8.064516	161.290323	0	0	0	24.193548	0	4.032258	12.096774	4.032258	16.129032	0	4.032258	8.064516	4.032258	0	0	16.129032	0	0	0	0	0	4.032258	12.096774	12.096774	40.322581	12.096774	68.548387	0	44.354839	0	16.129032	4.032258	0	4.032258	4.032258	0	0	0	20.16129	4.032258	24.193548	28.225806	4.032258	0	4.032258	20.16129	8.064516	40.322581	8.064516	0	0	48.387097	0	0	4.032258	0	8.064516	0	0	4.032258	0	0	0	0	16.129032	4.032258	0	0	0	0	0	0	0	0	0	20.16129	0	0	0	0	0	0	4.032258	0	8.064516	0	0	0	0	16.129032	0	0	16.129032	4.032258	0	4.032258	0	0	0	0	4.032258	4.032258	0	0	0	0	0	0	0	0	0	0	0	0	0	0	0	0	0	0	0	4.032258	0	0	0	0	0	0	92.741935	80.645161	225.806452	48.387097	217.741935	76.612903	116.935484	100.806452	0	4.032258	8.064516	0	4.032258	20.16129	44.354839	20.16129	12.096774	12.096774	52.419355	64.516129
34084.txt	maiores_notas	47.808765	19.920319	43.824701	7.968127	15.936255	7.968127	3.984064	0	0	0	0	31.87251	11.952191	7.968127	7.968127	11.952191	3.984064	0	0	7.968127	11.952191	7.968127	0	3.984064	15.936255	35.856574	11.952191	15.936255	7.968127	43.824701	159.36255	87.649402	71.713147	27.888446	0	11.952191	7.968127	3.984064	7.968127	0	3.984064	0	47.808765	0	15.936255	23.904382	3.984064	15.936255	0	0	0	0	7.968127	7.968127	0	3.984064	7.968127	183.266932	55.776892	23.904382	23.904382	35.856574	0	15.936255	11.952191	7.968127	7.968127	3.984064	63.74502	11.952191	3.984064	27.888446	11.952191	3.984064	3.984064	0	0	3.984064	0	0	0	91.633466	27.888446	11.952191	0	3.984064	11.952191	0	7.968127	0	0	0	3.984064	15.936255	7.968127	0	0	11.952191	0	3.984064	47.808765	7.968127	23.904382	31.87251	139.442231	0	11.952191	0	23.904382	7.968127	7.968127	31.87251	0	11.952191	0	7.968127	23.904382	0	0	3.984064	7.968127	3.984064	0	0	0	0	0	11.952191	19.920319	67.729084	11.952191	51.792829	3.984064	35.856574	0	15.936255	7.968127	3.984064	0	7.968127	3.984064	0	0	7.968127	7.968127	19.920319	31.87251	3.984064	0	11.952191	7.968127	7.968127	43.824701	23.904382	0	7.968127	43.824701	7.968127	3.984064	0	0	15.936255	3.984064	11.952191	0	3.984064	3.984064	3.984064	0	3.984064	3.984064	0	0	0	0	0	0	0	0	0	7.968127	0	0	0	3.984064	0	3.984064	3.984064	0	0	0	0	0	0	15.936255	0	0	11.952191	3.984064	0	0	0	0	7.968127	0	7.968127	3.984064	0	0	3.984064	3.984064	11.952191	0	0	0	0	0	0	3.984064	15.936255	0	0	0	0	0	0	0	0	0	0	0	11.952191	0	71.713147	103.585657	203.187251	35.856574	239.043825	91.633466	139.442231	95.61753	11.952191	11.952191	19.920319	19.920319	15.936255	7.968127	47.808765	7.968127	3.984064	27.888446	103.585657	3.984064
34086.txt	maiores_notas	64.655172	12.931034	64.655172	30.172414	0	4.310345	17.241379	8.62069	0	0	0	0	21.551724	0	0	0	21.551724	0	4.310345	12.931034	17.241379	0	8.62069	0	8.62069	0	0	0	0	56.034483	245.689655	112.068966	64.655172	25.862069	8.62069	4.310345	12.931034	38.793103	4.310345	38.793103	73.275862	38.793103	47.413793	0	30.172414	12.931034	56.034483	8.62069	4.310345	8.62069	0	4.310345	12.931034	60.344828	0	12.931034	77.586207	112.068966	25.862069	21.551724	4.310345	0	0	0	17.241379	0	0	4.310345	56.034483	21.551724	0	0	0	0	0	0	0	4.310345	0	0	0	38.793103	17.241379	4.310345	0	4.310345	0	0	0	0	8.62069	0	0	0	8.62069	0	0	34.482759	0	0	21.551724	4.310345	8.62069	43.103448	68.965517	0	34.482759	0	0	4.310345	4.310345	8.62069	4.310345	0	0	0	4.310345	0	0	0	0	0	0	0	0	4.310345	0	4.310345	25.862069	137.931034	38.793103	81.896552	8.62069	21.551724	0	4.310345	0	0	0	17.241379	0	0	8.62069	0	12.931034	17.241379	4.310345	0	0	17.241379	0	0	21.551724	4.310345	4.310345	0	0	0	21.551724	0	0	0	0	0	17.241379	0	0	21.551724	0	0	0	0	0	0	0	0	0	0	0	0	0	0	0	0	0	0	0	4.310345	0	0	4.310345	0	0	0	4.310345	0	0	0	21.551724	0	0	0	0	4.310345	0	17.241379	0	0	0	0	0	0	0	0	0	0	0	0	0	0	0	0	0	0	0	0	0	0	0	0	0	0	0	77.586207	34.482759	301.724138	86.206897	146.551724	38.793103	237.068966	64.655172	34.482759	17.241379	21.551724	0	0	0	21.551724	0	4.310345	8.62069	73.275862	0
34096.txt	maiores_notas	91.666667	16.666667	37.5	4.166667	16.666667	20.833333	4.166667	0	0	0	0	0	12.5	4.166667	0	4.166667	12.5	0	8.333333	12.5	41.666667	0	20.833333	16.666667	25	4.166667	0	0	4.166667	8.333333	212.5	83.333333	108.333333	20.833333	4.166667	8.333333	4.166667	25	0	29.166667	45.833333	12.5	37.5	4.166667	37.5	25	37.5	41.666667	4.166667	0	0	4.166667	8.333333	58.333333	4.166667	20.833333	45.833333	120.833333	54.166667	33.333333	8.333333	12.5	4.166667	12.5	20.833333	0	12.5	25	25	12.5	0	4.166667	4.166667	4.166667	0	4.166667	12.5	8.333333	0	12.5	4.166667	50	33.333333	8.333333	0	0	0	8.333333	0	0	4.166667	0	0	0	12.5	0	0	12.5	0	0	45.833333	4.166667	20.833333	12.5	100	4.166667	8.333333	4.166667	16.666667	0	4.166667	25	0	12.5	0	4.166667	12.5	0	0	0	12.5	0	0	0	0	4.166667	0	20.833333	4.166667	108.333333	0	45.833333	0	25	0	0	4.166667	0	4.166667	0	0	0	8.333333	4.166667	8.333333	12.5	12.5	0	0	41.666667	4.166667	0	45.833333	16.666667	0	0	12.5	0	0	0	0	0	0	0	20.833333	4.166667	12.5	0	0	0	4.166667	0	0	0	0	0	0	0	0	0	4.166667	0	0	0	0	0	4.166667	20.833333	0	0	4.166667	0	0	0	8.333333	0	0	12.5	0	0	0	0	0	0	0	12.5	0	0	4.166667	0	0	0	0	0	0	0	0	0	0	0	0	0	0	0	0	0	0	0	0	0	0	0	0	145.833333	87.5	220.833333	95.833333	179.166667	62.5	154.166667	54.166667	12.5	41.666667	16.666667	0	0	4.166667	45.833333	20.833333	25	16.666667	79.166667	12.5
34116.txt	maiores_notas	97.791798	0	88.328076	3.154574	31.545741	9.463722	3.154574	3.154574	0	0	0	3.154574	9.463722	0	6.309148	0	0	0	9.463722	3.154574	22.082019	0	0	6.309148	12.618297	3.154574	0	0	3.154574	6.309148	287.066246	135.646688	104.100946	22.082019	9.463722	6.309148	0	91.48265	18.927445	91.48265	15.772871	3.154574	34.700315	0	47.318612	3.154574	41.009464	15.772871	0	9.463722	0	0	12.618297	75.709779	0	9.463722	72.555205	88.328076	25.236593	18.927445	6.309148	3.154574	0	0	9.463722	0	3.154574	9.463722	31.545741	3.154574	3.154574	0	0	0	0	0	6.309148	0	3.154574	0	0	69.400631	3.154574	0	0	0	0	0	0	0	0	0	0	0	3.154574	0	0	18.927445	3.154574	3.154574	25.236593	0	22.082019	25.236593	72.555205	6.309148	12.618297	0	3.154574	3.154574	15.772871	3.154574	3.154574	0	0	3.154574	3.154574	0	0	0	0	0	0	0	0	0	0	0	6.309148	97.791798	9.463722	88.328076	0	44.164038	0	6.309148	3.154574	0	0	3.154574	0	0	0	0	0	31.545741	15.772871	0	0	22.082019	0	0	25.236593	22.082019	0	0	3.154574	0	3.154574	0	0	0	0	0	12.618297	3.154574	0	3.154574	0	0	0	0	0	0	0	0	0	0	0	0	0	0	0	0	0	0	0	9.463722	0	0	0	0	0	3.154574	15.772871	0	0	0	9.463722	0	0	0	0	0	0	9.463722	0	0	0	0	0	0	0	0	0	0	0	0	0	0	0	0	0	0	0	0	0	0	0	0	0	0	0	97.791798	47.318612	293.375394	91.48265	141.955836	34.700315	195.583596	56.782334	22.082019	22.082019	9.463722	0	0	0	25.236593	0	9.463722	3.154574	56.782334	3.154574
34148.txt	maiores_notas	91.772152	0	79.113924	0	3.164557	9.493671	12.658228	0	0	0	0	0	22.151899	0	3.164557	0	3.164557	0	12.658228	0	31.64557	0	6.329114	9.493671	9.493671	3.164557	0	0	3.164557	3.164557	259.493671	129.746835	113.924051	28.481013	3.164557	3.164557	3.164557	53.797468	6.329114	31.64557	12.658228	9.493671	56.962025	0	41.139241	25.316456	22.151899	18.987342	3.164557	0	0	0	6.329114	50.632911	0	6.329114	25.316456	101.265823	56.962025	31.64557	3.164557	6.329114	6.329114	9.493671	9.493671	0	0	15.822785	75.949367	0	0	3.164557	3.164557	0	0	0	12.658228	3.164557	0	12.658228	0	91.772152	3.164557	0	0	6.329114	6.329114	0	0	0	0	0	0	12.658228	15.822785	0	0	6.329114	6.329114	0	37.974684	0	25.316456	28.481013	101.265823	0	6.329114	0	9.493671	0	18.987342	0	3.164557	12.658228	0	0	0	0	0	0	12.658228	0	0	0	0	0	0	3.164557	0	63.291139	12.658228	85.443038	0	47.468354	3.164557	12.658228	3.164557	3.164557	0	0	0	0	12.658228	6.329114	0	31.64557	18.987342	0	0	31.64557	6.329114	0	37.974684	25.316456	3.164557	12.658228	9.493671	3.164557	18.987342	0	0	0	0	0	12.658228	6.329114	12.658228	6.329114	0	0	0	0	0	0	0	0	0	0	0	0	6.329114	0	0	0	0	0	0	18.987342	0	0	0	0	0	6.329114	6.329114	0	0	15.822785	6.329114	0	0	0	0	0	0	0	0	0	0	0	0	0	0	0	0	0	0	0	0	0	0	0	0	0	0	0	0	0	0	12.658228	0	0	0	170.886076	60.126582	262.658228	82.278481	180.379747	47.468354	161.392405	82.278481	12.658228	31.64557	0	0	0	6.329114	37.974684	6.329114	15.822785	0	91.772152	0
34175.txt	maiores_notas	110.778443	8.982036	83.832335	2.994012	5.988024	11.976048	2.994012	2.994012	0	0	0	2.994012	2.994012	2.994012	2.994012	2.994012	0	0	0	2.994012	38.922156	0	5.988024	0	14.97006	2.994012	0	0	2.994012	11.976048	293.413174	143.712575	128.742515	11.976048	0	8.982036	5.988024	59.88024	14.97006	56.886228	35.928144	11.976048	41.916168	0	35.928144	8.982036	65.868263	14.97006	5.988024	8.982036	0	0	14.97006	71.856287	0	26.946108	68.862275	98.802395	47.904192	17.964072	2.994012	5.988024	2.994012	5.988024	26.946108	0	0	5.988024	53.892216	14.97006	2.994012	5.988024	2.994012	0	2.994012	0	2.994012	2.994012	0	2.994012	0	71.856287	14.97006	0	0	2.994012	0	0	0	0	0	0	0	0	5.988024	0	0	44.91018	0	0	11.976048	0	20.958084	29.94012	89.820359	14.97006	29.94012	0	2.994012	0	11.976048	2.994012	0	2.994012	0	5.988024	2.994012	0	2.994012	0	2.994012	0	0	2.994012	0	0	2.994012	0	2.994012	71.856287	14.97006	83.832335	0	35.928144	2.994012	2.994012	0	0	0	0	0	0	5.988024	8.982036	8.982036	23.952096	14.97006	0	0	26.946108	8.982036	0	8.982036	14.97006	2.994012	0	0	0	0	0	0	0	0	0	26.946108	0	0	2.994012	0	2.994012	0	0	0	0	0	0	2.994012	2.994012	0	0	8.982036	0	0	0	0	0	0	5.988024	0	0	0	0	0	0	8.982036	0	0	2.994012	0	0	0	0	0	0	0	8.982036	0	0	0	0	0	0	0	0	0	0	0	0	0	0	0	0	0	0	0	0	0	0	0	0	0	0	0	203.592814	23.952096	305.389222	95.808383	146.706587	26.946108	170.658683	56.886228	44.91018	26.946108	8.982036	0	0	8.982036	14.97006	8.982036	5.988024	5.988024	62.874251	0
34277.txt	maiores_notas	73.015873	12.698413	31.746032	12.698413	19.047619	12.698413	9.52381	0	0	0	0	25.396825	28.571429	12.698413	12.698413	22.222222	6.349206	0	15.873016	12.698413	28.571429	0	12.698413	6.349206	19.047619	28.571429	15.873016	0	12.698413	44.444444	126.984127	66.666667	57.142857	44.444444	0	0	6.349206	9.52381	0	3.174603	9.52381	0	34.920635	0	12.698413	34.920635	0	15.873016	0	6.349206	0	0	3.174603	9.52381	0	0	19.047619	168.253968	85.714286	66.666667	41.269841	6.349206	9.52381	6.349206	19.047619	15.873016	3.174603	15.873016	53.968254	6.349206	6.349206	15.873016	6.349206	12.698413	3.174603	3.174603	12.698413	3.174603	3.174603	3.174603	0	146.031746	12.698413	9.52381	3.174603	0	0	3.174603	0	0	22.222222	0	0	3.174603	6.349206	0	0	0	3.174603	12.698413	57.142857	3.174603	19.047619	3.174603	161.904762	0	0	0	22.222222	19.047619	3.174603	15.873016	3.174603	19.047619	0	3.174603	12.698413	3.174603	0	3.174603	19.047619	0	0	0	0	3.174603	0	0	9.52381	63.492063	6.349206	44.444444	0	15.873016	0	9.52381	3.174603	0	0	6.349206	0	3.174603	6.349206	31.746032	6.349206	6.349206	12.698413	3.174603	0	28.571429	31.746032	0	66.666667	19.047619	0	0	41.269841	0	3.174603	0	0	0	0	0	9.52381	12.698413	6.349206	0	0	12.698413	3.174603	6.349206	0	0	0	3.174603	0	0	0	0	0	3.174603	0	0	3.174603	0	6.349206	15.873016	0	6.349206	0	0	0	0	25.396825	0	3.174603	22.222222	6.349206	0	0	0	0	0	0	9.52381	0	0	0	0	0	0	0	0	0	0	0	0	0	0	0	0	0	0	0	0	3.174603	0	0	0	0	0	0	85.714286	111.111111	171.428571	47.619048	266.666667	95.238095	111.111111	85.714286	3.174603	28.571429	9.52381	0	3.174603	34.920635	92.063492	34.920635	22.222222	19.047619	82.539683	41.269841
34281.txt	maiores_notas	112.033195	4.149378	74.688797	8.298755	4.149378	4.149378	8.298755	0	0	0	0	0	0	0	0	0	0	0	0	4.149378	24.896266	0	4.149378	0	12.448133	0	0	0	0	53.941909	178.423237	141.078838	70.539419	41.493776	20.746888	0	12.448133	53.941909	16.59751	62.240664	33.195021	29.045643	41.493776	12.448133	16.59751	20.746888	49.792531	24.896266	0	4.149378	0	8.298755	4.149378	58.091286	0	29.045643	58.091286	87.136929	49.792531	37.344398	0	4.149378	4.149378	0	29.045643	0	0	20.746888	62.240664	8.298755	4.149378	4.149378	0	0	0	16.59751	8.298755	0	4.149378	4.149378	12.448133	45.643154	37.344398	0	0	0	0	0	0	0	0	0	0	0	0	0	0	24.896266	0	0	49.792531	4.149378	0	29.045643	82.987552	0	24.896266	0	0	0	4.149378	8.298755	8.298755	8.298755	0	0	8.298755	0	0	0	8.298755	0	0	0	0	0	0	4.149378	8.298755	87.136929	20.746888	74.688797	4.149378	37.344398	0	8.298755	4.149378	0	0	0	4.149378	0	8.298755	4.149378	0	24.896266	12.448133	0	0	24.896266	0	0	33.195021	0	0	0	0	0	0	0	0	0	0	0	24.896266	0	0	0	0	0	0	0	0	0	0	0	0	0	0	0	0	0	0	0	0	0	0	0	8.298755	0	0	0	0	0	16.59751	0	0	0	0	0	0	0	0	0	0	0	0	0	0	0	0	0	0	0	0	0	0	0	0	0	0	0	0	0	0	0	0	0	0	0	0	0	0	116.182573	33.195021	311.20332	82.987552	157.676349	33.195021	182.572614	66.390041	33.195021	24.896266	0	0	0	0	33.195021	0	24.896266	8.298755	78.838174	4.149378
34306.txt	maiores_notas	96.31728	8.498584	59.490085	11.331445	5.665722	14.164306	0	0	0	0	0	2.832861	2.832861	2.832861	0	2.832861	2.832861	0	14.164306	0	19.830028	0	11.331445	5.665722	14.164306	2.832861	0	0	2.832861	8.498584	280.453258	84.985836	93.484419	22.66289	11.331445	8.498584	0	56.657224	11.331445	19.830028	22.66289	11.331445	39.660057	0	31.161473	11.331445	48.15864	11.331445	5.665722	19.830028	0	2.832861	14.164306	76.487252	0	31.161473	84.985836	70.82153	25.495751	11.331445	8.498584	0	0	5.665722	28.328612	11.331445	2.832861	8.498584	33.994334	8.498584	5.665722	0	5.665722	0	0	0	8.498584	0	0	8.498584	0	53.824363	5.665722	2.832861	0	0	0	0	0	0	8.498584	0	2.832861	0	0	0	0	11.331445	2.832861	11.331445	31.161473	2.832861	19.830028	19.830028	62.322946	0	11.331445	0	8.498584	0	0	5.665722	14.164306	2.832861	0	5.665722	5.665722	0	0	0	2.832861	0	0	0	0	0	2.832861	0	2.832861	101.983003	11.331445	59.490085	0	36.827195	2.832861	8.498584	5.665722	2.832861	0	5.665722	0	2.832861	8.498584	5.665722	0	33.994334	5.665722	0	0	22.66289	5.665722	0	25.495751	19.830028	5.665722	0	0	0	5.665722	0	0	0	0	0	11.331445	0	8.498584	2.832861	0	2.832861	0	0	0	2.832861	0	0	0	0	0	0	2.832861	2.832861	0	0	0	0	0	8.498584	0	2.832861	0	0	0	2.832861	5.665722	0	0	2.832861	0	0	0	0	0	2.832861	0	0	0	0	0	0	0	0	0	0	0	0	0	0	0	0	0	0	0	0	0	0	0	0	0	8.498584	0	0	0	164.305949	53.824363	297.450425	104.815864	138.810198	39.660057	172.804533	79.320113	14.164306	22.66289	2.832861	0	0	5.665722	31.161473	5.665722	8.498584	8.498584	70.82153	11.331445
34353.txt	maiores_notas	75.657895	6.578947	82.236842	6.578947	13.157895	3.289474	0	0	0	0	0	0	9.868421	9.868421	0	6.578947	9.868421	0	6.578947	0	16.447368	0	6.578947	0	3.289474	3.289474	0	0	3.289474	9.868421	305.921053	128.289474	164.473684	42.763158	6.578947	16.447368	0	39.473684	29.605263	39.473684	39.473684	13.157895	6.578947	0	52.631579	13.157895	92.105263	23.026316	9.868421	6.578947	0	16.447368	26.315789	118.421053	0	36.184211	115.131579	75.657895	16.447368	13.157895	6.578947	0	3.289474	3.289474	19.736842	0	6.578947	9.868421	39.473684	3.289474	0	0	6.578947	0	0	0	3.289474	3.289474	0	3.289474	0	42.763158	6.578947	0	0	0	0	0	0	0	0	0	0	0	6.578947	0	0	0	0	0	23.026316	0	19.736842	6.578947	49.342105	0	0	0	3.289474	0	16.447368	6.578947	0	3.289474	0	3.289474	3.289474	0	0	0	3.289474	0	0	0	0	3.289474	0	6.578947	3.289474	121.710526	0	82.236842	0	52.631579	3.289474	3.289474	0	0	0	0	0	0	9.868421	3.289474	3.289474	49.342105	6.578947	0	0	16.447368	0	0	23.026316	19.736842	0	0	0	0	0	0	0	0	0	0	16.447368	0	0	3.289474	0	0	0	0	0	0	0	0	0	0	0	0	0	0	0	0	0	0	0	9.868421	0	0	0	0	0	0	29.605263	0	0	9.868421	0	0	0	0	0	0	0	3.289474	0	0	0	0	0	0	0	0	0	0	0	0	0	0	0	0	0	0	0	0	0	6.578947	0	3.289474	0	0	0	82.236842	42.763158	315.789474	151.315789	92.105263	26.315789	203.947368	75.657895	0	16.447368	3.289474	0	6.578947	0	36.184211	0	9.868421	6.578947	49.342105	3.289474
34381.txt	maiores_notas	99.730458	18.867925	61.994609	8.086253	5.390836	18.867925	8.086253	5.390836	0	0	0	0	18.867925	0	5.390836	0	8.086253	0	8.086253	10.781671	18.867925	0	2.695418	2.695418	18.867925	24.25876	0	0	24.25876	24.25876	264.150943	118.598383	113.207547	26.954178	0	2.695418	5.390836	24.25876	2.695418	26.954178	26.954178	24.25876	51.212938	0	45.822102	8.086253	21.563342	21.563342	2.695418	5.390836	0	0	21.563342	51.212938	2.695418	16.172507	32.345013	83.557951	51.212938	18.867925	2.695418	5.390836	8.086253	2.695418	10.781671	0	10.781671	8.086253	18.867925	8.086253	2.695418	2.695418	0	0	0	0	2.695418	5.390836	0	2.695418	0	51.212938	16.172507	0	0	2.695418	0	0	0	0	8.086253	0	2.695418	8.086253	8.086253	0	0	16.172507	2.695418	0	24.25876	0	16.172507	29.649596	67.385445	0	16.172507	0	2.695418	0	2.695418	2.695418	0	8.086253	0	2.695418	2.695418	0	0	0	8.086253	0	0	0	0	0	0	2.695418	0	110.512129	13.477089	61.994609	0	35.040431	0	0	13.477089	5.390836	0	2.695418	0	10.781671	0	5.390836	2.695418	18.867925	16.172507	2.695418	0	16.172507	5.390836	0	24.25876	2.695418	2.695418	0	5.390836	0	8.086253	0	0	0	0	0	16.172507	0	0	8.086253	0	0	0	0	0	0	0	0	0	0	0	0	2.695418	0	0	0	0	2.695418	0	8.086253	0	0	0	0	0	0	10.781671	0	0	8.086253	10.781671	0	0	0	0	0	0	2.695418	0	0	0	0	0	0	0	0	0	0	0	0	0	0	0	0	0	0	0	0	0	0	0	5.390836	0	0	0	118.598383	48.51752	288.409704	80.862534	137.466307	18.867925	185.983827	72.77628	18.867925	35.040431	2.695418	0	0	5.390836	24.25876	0	8.086253	2.695418	70.080863	5.390836
34419.txt	maiores_notas	79.207921	16.50165	82.508251	16.50165	3.30033	9.90099	13.20132	0	0	0	0	3.30033	16.50165	0	16.50165	0	0	0	19.80198	3.30033	16.50165	0	16.50165	6.60066	9.90099	13.20132	0	0	13.20132	52.805281	237.623762	56.105611	82.508251	46.20462	13.20132	16.50165	13.20132	29.70297	13.20132	19.80198	39.60396	9.90099	42.90429	0	39.60396	9.90099	6.60066	6.60066	3.30033	3.30033	0	0	3.30033	42.90429	3.30033	0	33.0033	85.808581	33.0033	19.80198	0	3.30033	6.60066	0	3.30033	3.30033	6.60066	3.30033	42.90429	16.50165	3.30033	0	3.30033	0	0	0	3.30033	0	0	3.30033	0	56.105611	23.10231	0	0	0	0	0	0	0	0	0	3.30033	0	13.20132	3.30033	0	19.80198	0	6.60066	19.80198	3.30033	23.10231	29.70297	79.207921	13.20132	6.60066	0	0	0	9.90099	3.30033	6.60066	9.90099	0	6.60066	3.30033	0	0	0	9.90099	0	0	0	0	3.30033	0	0	19.80198	89.108911	29.70297	92.409241	0	33.0033	0	0	3.30033	3.30033	0	0	0	0	6.60066	9.90099	0	23.10231	9.90099	13.20132	0	19.80198	9.90099	0	23.10231	23.10231	0	0	0	0	0	0	0	0	0	0	13.20132	0	6.60066	19.80198	0	0	0	0	0	3.30033	0	0	0	0	0	0	9.90099	0	0	0	0	0	0	3.30033	0	0	0	0	0	3.30033	19.80198	0	0	0	16.50165	0	0	0	0	0	13.20132	13.20132	0	0	0	0	0	0	0	0	0	0	0	0	0	0	0	0	0	0	0	0	0	0	0	0	0	0	0	95.709571	62.706271	300.330033	56.105611	125.412541	49.50495	217.821782	69.306931	19.80198	19.80198	26.40264	0	0	9.90099	56.105611	9.90099	3.30033	6.60066	75.907591	0
34461.txt	maiores_notas	122.807018	3.508772	49.122807	10.526316	10.526316	10.526316	3.508772	3.508772	0	0	0	0	7.017544	0	0	0	0	0	0	3.508772	14.035088	0	0	7.017544	10.526316	10.526316	0	0	10.526316	10.526316	270.175439	150.877193	73.684211	35.087719	0	3.508772	10.526316	38.596491	0	42.105263	28.070175	7.017544	63.157895	7.017544	35.087719	17.54386	28.070175	28.070175	10.526316	7.017544	0	0	14.035088	45.614035	0	7.017544	45.614035	105.263158	38.596491	17.54386	7.017544	7.017544	10.526316	7.017544	21.052632	0	0	7.017544	56.140351	3.508772	7.017544	7.017544	0	0	0	0	0	7.017544	0	0	0	38.596491	21.052632	10.526316	0	3.508772	0	7.017544	0	0	3.508772	0	0	3.508772	0	0	0	17.54386	7.017544	3.508772	35.087719	0	10.526316	28.070175	77.192982	3.508772	14.035088	0	24.561404	3.508772	0	0	0	0	0	0	0	0	0	0	0	0	0	0	0	3.508772	0	0	7.017544	119.298246	10.526316	49.122807	0	42.105263	0	7.017544	0	0	0	0	0	0	3.508772	10.526316	7.017544	31.578947	0	0	0	21.052632	10.526316	0	35.087719	10.526316	0	7.017544	21.052632	0	7.017544	0	0	0	0	0	10.526316	3.508772	7.017544	3.508772	0	0	3.508772	0	0	0	0	0	3.508772	0	0	0	7.017544	3.508772	0	0	0	0	0	7.017544	0	0	0	0	0	10.526316	24.561404	0	0	7.017544	0	0	0	0	0	0	0	10.526316	0	0	0	0	0	0	0	0	0	0	0	0	0	0	0	0	0	0	0	0	0	0	0	0	0	0	0	175.438596	24.561404	280.701754	77.192982	150.877193	38.596491	178.947368	70.175439	24.561404	21.052632	10.526316	0	0	10.526316	35.087719	10.526316	7.017544	3.508772	73.684211	21.052632
34511.txt	maiores_notas	57.575758	24.242424	39.393939	6.060606	18.181818	18.181818	9.090909	3.030303	0	0	0	12.121212	15.151515	15.151515	9.090909	9.090909	6.060606	0	15.151515	6.060606	24.242424	0	6.060606	12.121212	21.212121	12.121212	3.030303	6.060606	3.030303	30.30303	187.878788	109.090909	54.545455	36.363636	0	3.030303	12.121212	21.212121	0	33.333333	0	0	60.606061	0	51.515152	27.272727	6.060606	54.545455	3.030303	27.272727	0	0	18.181818	36.363636	6.060606	0	30.30303	139.393939	72.727273	27.272727	21.212121	21.212121	6.060606	3.030303	9.090909	12.121212	3.030303	15.151515	12.121212	9.090909	3.030303	6.060606	6.060606	3.030303	12.121212	0	3.030303	9.090909	0	6.060606	0	81.818182	36.363636	21.212121	6.060606	0	3.030303	0	0	0	3.030303	0	0	0	9.090909	0	0	39.393939	0	12.121212	42.424242	0	12.121212	30.30303	142.424242	12.121212	33.333333	0	27.272727	0	6.060606	12.121212	0	9.090909	0	12.121212	6.060606	0	0	0	9.090909	0	0	0	0	3.030303	9.090909	6.060606	0	84.848485	12.121212	42.424242	0	12.121212	0	9.090909	0	0	15.151515	6.060606	0	0	12.121212	9.090909	3.030303	6.060606	15.151515	0	0	21.212121	9.090909	0	39.393939	0	0	0	27.272727	0	0	0	0	0	0	0	12.121212	3.030303	6.060606	6.060606	0	0	6.060606	0	0	0	0	0	0	0	0	0	9.090909	0	0	0	3.030303	3.030303	3.030303	15.151515	0	0	0	0	0	0	12.121212	0	0	12.121212	3.030303	0	3.030303	0	0	0	0	6.060606	0	0	0	0	0	3.030303	0	0	0	0	0	0	0	0	0	0	0	0	0	0	0	0	0	3.030303	0	0	0	81.818182	87.878788	218.181818	84.848485	230.30303	66.666667	133.333333	66.666667	45.454545	36.363636	6.060606	3.030303	0	9.090909	51.515152	9.090909	15.151515	18.181818	84.848485	30.30303
34641.txt	maiores_notas	121.875	25	65.625	9.375	9.375	3.125	0	0	0	0	0	0	9.375	0	0	0	0	0	0	3.125	34.375	0	0	0	6.25	0	0	0	0	15.625	250	115.625	106.25	37.5	9.375	0	15.625	62.5	0	56.25	25	15.625	40.625	0	50	15.625	37.5	34.375	0	3.125	0	3.125	6.25	71.875	3.125	15.625	59.375	90.625	25	21.875	15.625	6.25	9.375	9.375	25	0	9.375	0	34.375	3.125	0	3.125	15.625	0	3.125	0	0	0	0	0	0	62.5	15.625	0	0	0	0	0	0	0	3.125	0	0	0	12.5	0	0	6.25	6.25	3.125	12.5	0	18.75	25	78.125	3.125	3.125	0	3.125	0	9.375	3.125	9.375	0	0	6.25	3.125	0	0	0	0	0	0	0	0	0	0	3.125	6.25	75	6.25	65.625	3.125	43.75	0	3.125	0	0	0	0	0	0	12.5	9.375	6.25	34.375	9.375	3.125	0	34.375	9.375	0	12.5	18.75	0	0	0	0	9.375	0	0	0	0	0	28.125	0	6.25	12.5	0	6.25	3.125	0	0	0	0	0	0	0	0	0	9.375	0	0	0	3.125	6.25	0	0	0	3.125	0	0	0	0	0	0	0	0	9.375	0	0	0	0	0	0	9.375	0	0	0	0	0	0	0	0	0	0	0	0	0	0	0	0	0	0	0	0	0	0	0	3.125	0	0	0	146.875	37.5	309.375	96.875	121.875	37.5	146.875	78.125	18.75	34.375	9.375	0	0	9.375	12.5	21.875	0	3.125	43.75	12.5
34648.txt	maiores_notas	134.831461	0	71.161049	7.490637	26.217228	0	3.745318	0	0	0	0	0	18.726592	0	0	0	14.981273	0	11.235955	0	18.726592	0	11.235955	0	0	0	0	0	0	18.726592	288.389513	104.868914	119.850187	41.198502	7.490637	3.745318	0	48.689139	18.726592	41.198502	7.490637	0	33.707865	11.235955	33.707865	22.47191	37.453184	22.47191	0	11.235955	0	0	11.235955	59.925094	0	7.490637	63.670412	71.161049	11.235955	22.47191	3.745318	3.745318	0	0	18.726592	3.745318	7.490637	7.490637	44.94382	3.745318	0	0	7.490637	0	0	0	7.490637	0	0	7.490637	0	63.670412	7.490637	0	0	3.745318	0	0	0	0	0	0	0	0	0	0	0	0	3.745318	0	14.981273	0	11.235955	7.490637	74.906367	3.745318	0	0	7.490637	0	0	3.745318	3.745318	3.745318	0	0	0	0	0	0	3.745318	0	0	0	0	0	0	0	7.490637	116.104869	22.47191	78.651685	7.490637	48.689139	0	7.490637	0	7.490637	0	0	0	0	0	3.745318	0	37.453184	11.235955	3.745318	0	18.726592	3.745318	0	14.981273	11.235955	7.490637	0	3.745318	0	18.726592	0	0	0	0	0	14.981273	3.745318	0	7.490637	0	0	0	0	0	0	3.745318	0	0	0	0	0	3.745318	0	0	0	0	0	0	7.490637	0	0	3.745318	0	0	0	7.490637	0	0	0	18.726592	0	0	0	0	0	0	14.981273	0	0	0	0	0	0	0	0	0	0	0	0	0	0	0	0	0	0	0	0	0	0	0	7.490637	7.490637	0	0	205.992509	33.707865	307.116105	93.632959	101.123596	14.981273	213.483146	67.41573	3.745318	18.726592	14.981273	0	0	3.745318	14.981273	3.745318	7.490637	0	33.707865	18.726592
34652.txt	maiores_notas	86.734694	5.102041	56.122449	15.306122	15.306122	40.816327	2.55102	0	0	0	0	0	17.857143	2.55102	0	0	17.857143	2.55102	7.653061	2.55102	28.061224	0	10.204082	5.102041	43.367347	2.55102	0	0	2.55102	28.061224	232.142857	86.734694	58.673469	43.367347	12.755102	2.55102	0	22.959184	10.204082	25.510204	48.469388	2.55102	38.265306	0	40.816327	15.306122	15.306122	28.061224	2.55102	2.55102	0	2.55102	20.408163	35.714286	0	7.653061	40.816327	125	38.265306	20.408163	0	5.102041	7.653061	0	17.857143	2.55102	5.102041	7.653061	58.673469	7.653061	0	0	0	0	0	0	5.102041	2.55102	0	5.102041	0	61.22449	25.510204	2.55102	0	5.102041	0	5.102041	0	0	7.653061	2.55102	0	0	7.653061	0	0	10.204082	5.102041	12.755102	30.612245	0	15.306122	15.306122	99.489796	0	10.204082	0	15.306122	2.55102	0	0	7.653061	12.755102	0	7.653061	0	0	0	0	12.755102	0	0	0	0	0	0	5.102041	10.204082	81.632653	17.857143	56.122449	0	40.816327	5.102041	2.55102	10.204082	5.102041	0	0	0	5.102041	0	12.755102	5.102041	35.714286	15.306122	2.55102	0	28.061224	12.755102	0	28.061224	15.306122	0	0	2.55102	2.55102	10.204082	0	0	0	0	0	25.510204	0	2.55102	0	0	0	5.102041	0	0	2.55102	2.55102	0	0	0	0	0	7.653061	5.102041	0	0	0	0	0	10.204082	0	7.653061	0	0	0	2.55102	15.306122	0	2.55102	10.204082	7.653061	0	0	0	0	2.55102	0	10.204082	0	0	0	0	0	0	0	0	0	0	0	0	0	0	0	0	0	0	0	0	0	0	0	5.102041	0	0	0	91.836735	30.612245	260.204082	71.428571	170.918367	48.469388	150.510204	76.530612	15.306122	28.061224	12.755102	0	0	12.755102	28.061224	10.204082	7.653061	0	61.22449	7.653061
34675.txt	maiores_notas	104.225352	19.71831	109.859155	19.71831	0	5.633803	0	5.633803	0	0	0	0	2.816901	2.816901	0	2.816901	2.816901	0	0	2.816901	8.450704	0	2.816901	0	5.633803	0	0	0	0	16.901408	318.309859	188.732394	115.492958	25.352113	16.901408	14.084507	8.450704	59.15493	2.816901	56.338028	33.802817	8.450704	42.253521	0	50.704225	8.450704	42.253521	22.535211	8.450704	5.633803	0	5.633803	14.084507	78.873239	2.816901	19.71831	56.338028	70.422535	39.43662	22.535211	2.816901	5.633803	0	0	2.816901	2.816901	2.816901	2.816901	42.253521	2.816901	0	2.816901	2.816901	0	0	0	2.816901	0	0	0	0	39.43662	5.633803	0	0	5.633803	0	0	0	0	2.816901	0	5.633803	0	5.633803	0	0	11.267606	0	2.816901	25.352113	0	2.816901	22.535211	50.704225	5.633803	16.901408	0	8.450704	0	5.633803	0	0	8.450704	0	5.633803	0	0	0	0	8.450704	0	0	0	0	0	0	0	5.633803	78.873239	8.450704	118.309859	0	33.802817	0	2.816901	2.816901	5.633803	0	2.816901	0	0	0	0	0	25.352113	11.267606	2.816901	0	8.450704	0	0	25.352113	0	11.267606	0	0	0	0	0	0	0	0	0	8.450704	0	0	11.267606	0	0	0	0	0	0	0	0	0	0	0	0	0	0	0	0	0	0	0	0	0	2.816901	2.816901	11.267606	0	8.450704	11.267606	0	2.816901	2.816901	0	0	0	0	0	0	5.633803	2.816901	0	0	0	0	0	0	0	0	0	0	0	0	0	0	0	0	0	0	0	0	0	0	0	0	0	0	0	233.802817	16.901408	335.211268	101.408451	109.859155	28.169014	205.633803	50.704225	22.535211	8.450704	8.450704	0	0	0	25.352113	0	2.816901	0	50.704225	0
34698.txt	maiores_notas	91.428571	5.714286	100	11.428571	5.714286	5.714286	11.428571	0	0	0	0	0	2.857143	2.857143	0	0	0	0	5.714286	0	2.857143	0	5.714286	0	5.714286	0	0	0	0	31.428571	222.857143	128.571429	131.428571	20	11.428571	11.428571	28.571429	57.142857	48.571429	57.142857	42.857143	22.857143	37.142857	17.142857	77.142857	8.571429	82.857143	34.285714	5.714286	8.571429	0	11.428571	17.142857	125.714286	0	54.285714	94.285714	65.714286	20	5.714286	11.428571	5.714286	8.571429	0	22.857143	0	0	14.285714	22.857143	8.571429	2.857143	0	8.571429	0	0	0	8.571429	2.857143	0	5.714286	0	25.714286	17.142857	2.857143	2.857143	2.857143	0	0	0	0	0	0	0	0	0	0	0	37.142857	2.857143	2.857143	22.857143	0	2.857143	45.714286	48.571429	2.857143	34.285714	0	11.428571	0	5.714286	5.714286	0	2.857143	0	2.857143	5.714286	0	0	0	2.857143	0	0	0	0	0	0	2.857143	2.857143	94.285714	20	111.428571	0	40	0	2.857143	0	0	0	0	0	0	2.857143	2.857143	2.857143	37.142857	2.857143	0	0	2.857143	2.857143	0	14.285714	2.857143	5.714286	0	0	0	5.714286	0	0	0	0	0	0	0	0	25.714286	0	0	2.857143	0	0	0	0	0	0	0	0	0	2.857143	0	0	0	0	0	0	5.714286	0	5.714286	0	0	0	0	2.857143	0	0	0	0	0	0	0	0	0	0	5.714286	0	0	0	0	0	0	0	0	0	0	0	0	0	0	0	0	0	0	0	0	0	2.857143	0	2.857143	0	0	0	97.142857	31.428571	320	151.428571	97.142857	20	222.857143	45.714286	40	2.857143	5.714286	0	2.857143	2.857143	14.285714	2.857143	14.285714	5.714286	71.428571	2.857143
34717.txt	maiores_notas	98.684211	6.578947	59.210526	6.578947	32.894737	9.868421	9.868421	0	0	0	3.289474	3.289474	29.605263	0	3.289474	3.289474	23.026316	0	3.289474	9.868421	6.578947	0	6.578947	0	13.157895	9.868421	0	0	6.578947	49.342105	250	98.684211	101.973684	46.052632	0	9.868421	13.157895	19.736842	9.868421	13.157895	39.473684	0	78.947368	0	49.342105	6.578947	13.157895	13.157895	6.578947	9.868421	9.868421	0	23.026316	39.473684	0	3.289474	42.763158	125	13.157895	13.157895	26.315789	16.447368	3.289474	3.289474	9.868421	3.289474	6.578947	3.289474	46.052632	9.868421	0	13.157895	16.447368	0	6.578947	3.289474	0	0	3.289474	0	3.289474	0	75.657895	26.315789	3.289474	0	0	3.289474	0	0	0	0	0	0	0	0	0	6.578947	0	0	23.026316	3.289474	3.289474	19.736842	108.552632	6.578947	0	0	9.868421	3.289474	16.447368	6.578947	0	6.578947	0	0	6.578947	0	0	3.289474	6.578947	0	0	0	0	0	0	9.868421	13.157895	115.131579	13.157895	65.789474	0	36.184211	0	0	0	0	0	3.289474	0	0	6.578947	13.157895	0	23.026316	13.157895	0	0	6.578947	13.157895	0	26.315789	3.289474	3.289474	0	26.315789	0	19.736842	0	0	0	0	0	6.578947	0	0	9.868421	0	6.578947	6.578947	0	0	0	0	0	0	0	0	0	13.157895	0	0	0	6.578947	3.289474	0	3.289474	0	0	0	0	0	0	13.157895	0	0	13.157895	16.447368	0	0	0	0	0	0	3.289474	0	0	0	0	0	0	0	0	0	0	0	0	0	0	0	0	0	0	0	0	0	0	0	0	0	0	0	105.263158	92.105263	299.342105	69.078947	141.447368	46.052632	187.5	59.210526	6.578947	6.578947	3.289474	0	0	13.157895	26.315789	13.157895	6.578947	9.868421	49.342105	26.315789
34726.txt	maiores_notas	84.90566	14.150943	70.754717	0	9.433962	14.150943	9.433962	0	0	0	0	9.433962	4.716981	4.716981	0	4.716981	0	0	14.150943	9.433962	9.433962	0	14.150943	0	14.150943	14.150943	0	0	14.150943	9.433962	273.584906	75.471698	141.509434	37.735849	0	4.716981	9.433962	42.45283	0	33.018868	18.867925	4.716981	80.188679	4.716981	28.301887	18.867925	28.301887	23.584906	4.716981	0	0	0	4.716981	51.886792	4.716981	18.867925	37.735849	108.490566	42.45283	28.301887	0	4.716981	4.716981	14.150943	4.716981	9.433962	9.433962	9.433962	66.037736	4.716981	0	0	0	0	0	0	4.716981	4.716981	0	4.716981	0	99.056604	0	0	0	4.716981	0	0	0	0	4.716981	0	4.716981	0	0	0	0	61.320755	0	4.716981	33.018868	0	9.433962	42.45283	103.773585	9.433962	56.603774	0	4.716981	0	4.716981	9.433962	9.433962	4.716981	0	4.716981	9.433962	0	0	0	4.716981	0	0	0	0	0	4.716981	9.433962	18.867925	89.622642	9.433962	70.754717	0	42.45283	0	4.716981	0	4.716981	4.716981	0	0	0	9.433962	4.716981	0	33.018868	9.433962	0	0	9.433962	4.716981	0	33.018868	9.433962	0	0	0	0	4.716981	0	0	0	0	0	9.433962	0	0	4.716981	0	0	0	0	0	0	4.716981	0	0	0	0	0	4.716981	0	0	0	0	0	0	14.150943	0	0	0	0	0	0	14.150943	0	0	4.716981	0	0	0	0	0	0	0	9.433962	0	0	0	0	0	0	0	0	0	0	0	0	0	0	0	0	0	0	0	0	0	0	0	0	0	0	0	169.811321	66.037736	283.018868	75.471698	188.679245	42.45283	169.811321	70.754717	66.037736	9.433962	9.433962	0	0	4.716981	33.018868	4.716981	9.433962	14.150943	84.90566	0
34754.txt	maiores_notas	93.333333	20	43.333333	10	20	16.666667	13.333333	0	0	0	0	30	26.666667	6.666667	10	10	13.333333	0	3.333333	6.666667	16.666667	0	3.333333	0	20	26.666667	0	3.333333	23.333333	70	176.666667	76.666667	106.666667	33.333333	6.666667	13.333333	13.333333	6.666667	3.333333	23.333333	13.333333	6.666667	60	6.666667	20	23.333333	10	43.333333	0	0	0	0	3.333333	30	0	3.333333	16.666667	133.333333	33.333333	36.666667	26.666667	16.666667	16.666667	10	16.666667	0	6.666667	0	33.333333	20	0	23.333333	0	6.666667	3.333333	0	0	0	0	0	0	23.333333	30	43.333333	6.666667	3.333333	0	6.666667	10	3.333333	10	3.333333	6.666667	0	3.333333	0	0	0	0	0	10	0	13.333333	6.666667	110	0	0	0	16.666667	3.333333	3.333333	13.333333	0	13.333333	10	3.333333	13.333333	0	0	0	13.333333	0	10	0	0	3.333333	3.333333	10	6.666667	83.333333	6.666667	43.333333	0	30	0	6.666667	3.333333	3.333333	0	6.666667	0	0	3.333333	13.333333	0	10	26.666667	0	0	16.666667	13.333333	3.333333	10	13.333333	3.333333	6.666667	13.333333	0	13.333333	0	0	0	0	3.333333	10	0	3.333333	0	0	0	10	0	0	0	0	0	0	0	3.333333	0	10	3.333333	0	0	3.333333	0	3.333333	0	0	0	0	0	0	0	0	0	0	23.333333	0	0	0	0	0	0	0	0	3.333333	0	0	3.333333	0	6.666667	3.333333	0	0	0	0	0	0	3.333333	0	0	0	0	0	0	0	0	0	0	0	0	0	156.666667	86.666667	246.666667	60	170	70	126.666667	66.666667	0	16.666667	3.333333	6.666667	3.333333	13.333333	10	13.333333	0	30	30	13.333333
34802.txt	maiores_notas	94.444444	11.111111	50	11.111111	11.111111	27.777778	0	0	0	0	0	5.555556	27.777778	5.555556	5.555556	5.555556	22.222222	0	22.222222	0	16.666667	0	22.222222	0	22.222222	11.111111	0	0	11.111111	33.333333	244.444444	94.444444	88.888889	44.444444	22.222222	5.555556	5.555556	16.666667	0	5.555556	55.555556	0	83.333333	0	50	22.222222	11.111111	22.222222	5.555556	0	0	0	22.222222	27.777778	5.555556	11.111111	11.111111	111.111111	61.111111	44.444444	11.111111	5.555556	5.555556	16.666667	27.777778	0	5.555556	11.111111	11.111111	11.111111	5.555556	5.555556	0	5.555556	0	0	5.555556	5.555556	5.555556	5.555556	0	105.555556	11.111111	0	0	0	11.111111	0	0	0	0	0	0	0	11.111111	0	0	27.777778	0	0	38.888889	5.555556	22.222222	33.333333	116.666667	0	27.777778	0	11.111111	5.555556	11.111111	5.555556	0	5.555556	0	5.555556	5.555556	0	0	0	5.555556	0	0	0	0	0	0	0	16.666667	66.666667	16.666667	72.222222	0	38.888889	0	0	5.555556	0	0	5.555556	0	0	0	16.666667	5.555556	11.111111	27.777778	0	0	16.666667	16.666667	0	38.888889	22.222222	0	0	5.555556	0	16.666667	0	0	0	0	0	11.111111	5.555556	0	16.666667	0	0	11.111111	0	0	0	0	0	5.555556	0	0	0	16.666667	0	0	0	0	0	11.111111	11.111111	0	0	0	0	0	0	16.666667	0	0	22.222222	5.555556	0	0	0	0	0	0	5.555556	0	0	0	0	0	0	0	0	0	0	0	0	0	0	0	0	0	0	0	0	0	0	0	0	0	0	0	105.555556	88.888889	277.777778	72.222222	194.444444	44.444444	155.555556	55.555556	27.777778	16.666667	5.555556	0	0	16.666667	44.444444	16.666667	11.111111	5.555556	94.444444	5.555556
34811.txt	maiores_notas	100	6.666667	56.666667	13.333333	3.333333	13.333333	0	0	0	0	0	0	10	0	0	0	10	0	6.666667	6.666667	13.333333	0	6.666667	0	13.333333	13.333333	0	0	13.333333	10	273.333333	116.666667	126.666667	36.666667	3.333333	0	0	66.666667	13.333333	60	56.666667	6.666667	70	13.333333	53.333333	6.666667	33.333333	26.666667	3.333333	10	0	10	16.666667	63.333333	3.333333	20	50	96.666667	10	16.666667	3.333333	6.666667	0	0	13.333333	3.333333	3.333333	10	50	20	0	6.666667	3.333333	0	3.333333	0	3.333333	0	6.666667	3.333333	0	60	10	0	0	0	0	0	0	0	13.333333	0	0	6.666667	0	6.666667	0	13.333333	0	3.333333	40	0	0	16.666667	70	0	13.333333	0	26.666667	0	10	30	10	10	0	13.333333	10	0	0	0	10	6.666667	0	0	0	0	0	16.666667	23.333333	93.333333	23.333333	63.333333	0	46.666667	3.333333	0	0	0	0	13.333333	0	0	10	6.666667	0	40	10	0	0	13.333333	6.666667	0	40	0	3.333333	0	0	6.666667	0	0	0	0	0	0	6.666667	6.666667	0	6.666667	0	3.333333	0	0	0	0	0	0	0	0	0	0	3.333333	3.333333	0	0	3.333333	6.666667	0	10	0	0	0	0	0	0	40	0	0	10	0	0	0	0	0	0	0	0	0	0	0	0	0	0	0	0	0	0	0	0	0	0	0	0	0	0	0	0	0	0	0	0	0	0	0	106.666667	36.666667	283.333333	83.333333	133.333333	110	173.333333	73.333333	13.333333	13.333333	0	0	0	6.666667	56.666667	6.666667	10	10	56.666667	0
34813.txt	maiores_notas	101.321586	13.215859	79.295154	17.621145	8.810573	13.215859	17.621145	4.405286	0	0	0	0	26.431718	13.215859	0	13.215859	17.621145	0	4.405286	0	17.621145	0	4.405286	0	13.215859	4.405286	0	0	4.405286	13.215859	259.911894	114.537445	79.295154	26.431718	8.810573	26.431718	13.215859	48.45815	0	44.052863	30.837004	0	52.863436	0	48.45815	4.405286	22.026432	26.431718	4.405286	4.405286	0	0	35.242291	39.647577	0	8.810573	26.431718	96.9163	48.45815	30.837004	8.810573	8.810573	4.405286	13.215859	22.026432	8.810573	4.405286	4.405286	48.45815	0	0	4.405286	4.405286	0	4.405286	0	0	4.405286	0	0	0	48.45815	22.026432	4.405286	0	4.405286	0	0	0	0	13.215859	0	0	0	0	0	0	22.026432	4.405286	13.215859	26.431718	0	13.215859	22.026432	70.484581	0	26.431718	0	17.621145	4.405286	13.215859	4.405286	0	8.810573	4.405286	8.810573	8.810573	0	0	0	8.810573	0	4.405286	0	0	0	0	4.405286	4.405286	61.674009	13.215859	96.9163	4.405286	17.621145	4.405286	4.405286	13.215859	0	13.215859	0	0	0	8.810573	4.405286	4.405286	26.431718	0	0	0	17.621145	4.405286	0	26.431718	13.215859	0	0	4.405286	0	8.810573	0	0	0	0	0	13.215859	4.405286	0	4.405286	0	0	4.405286	0	0	0	0	0	0	0	0	0	4.405286	0	0	0	4.405286	0	0	4.405286	0	4.405286	0	0	0	4.405286	13.215859	0	0	13.215859	0	0	0	0	0	0	0	4.405286	0	0	0	0	0	0	0	0	0	0	0	0	0	0	0	0	0	0	0	0	0	0	0	0	0	0	0	114.537445	48.45815	273.127753	79.295154	145.374449	57.268722	171.806167	70.484581	30.837004	17.621145	4.405286	0	0	4.405286	26.431718	4.405286	4.405286	13.215859	35.242291	8.810573
34832.txt	maiores_notas	66.202091	20.905923	59.233449	24.390244	3.484321	6.968641	6.968641	3.484321	0	0	0	0	13.937282	0	0	0	6.968641	0	3.484321	6.968641	38.327526	0	17.421603	0	6.968641	0	0	0	0	10.452962	247.38676	146.341463	59.233449	20.905923	13.937282	3.484321	20.905923	62.71777	6.968641	59.233449	17.421603	17.421603	52.264808	0	31.358885	13.937282	55.749129	27.874564	3.484321	3.484321	0	0	24.390244	66.202091	0	41.811847	76.655052	83.623693	41.811847	31.358885	13.937282	13.937282	3.484321	0	24.390244	0	0	17.421603	34.843206	6.968641	6.968641	3.484321	13.937282	0	3.484321	10.452962	6.968641	0	0	6.968641	10.452962	76.655052	3.484321	0	0	0	0	6.968641	0	0	3.484321	0	0	6.968641	20.905923	0	0	31.358885	6.968641	6.968641	31.358885	3.484321	13.937282	20.905923	87.108014	10.452962	20.905923	0	6.968641	0	3.484321	3.484321	0	6.968641	0	10.452962	3.484321	0	0	0	6.968641	0	0	0	0	3.484321	0	3.484321	3.484321	76.655052	34.843206	73.170732	3.484321	27.874564	3.484321	10.452962	0	0	0	6.968641	0	0	6.968641	13.937282	6.968641	27.874564	0	0	0	31.358885	13.937282	0	31.358885	3.484321	0	0	3.484321	0	13.937282	0	0	0	0	0	31.358885	0	0	6.968641	0	10.452962	3.484321	0	0	0	0	0	0	0	0	0	13.937282	0	0	0	0	0	0	6.968641	10.452962	3.484321	0	0	0	0	20.905923	0	0	6.968641	6.968641	0	0	0	0	0	0	6.968641	0	0	0	0	0	0	0	0	0	0	0	0	0	0	0	0	0	0	0	0	0	0	0	0	3.484321	0	0	87.108014	76.655052	257.839721	104.529617	156.794425	31.358885	181.184669	76.655052	38.327526	31.358885	6.968641	0	0	13.937282	41.811847	27.874564	17.421603	10.452962	66.202091	6.968641
34841.txt	maiores_notas	117.647059	3.095975	65.01548	6.19195	9.287926	12.383901	6.19195	0	0	0	3.095975	12.383901	3.095975	15.479876	0	3.095975	3.095975	0	9.287926	9.287926	15.479876	3.095975	18.575851	3.095975	21.671827	15.479876	3.095975	3.095975	9.287926	86.687307	191.950464	111.455108	74.303406	30.959752	0	3.095975	9.287926	49.535604	3.095975	30.959752	12.383901	18.575851	49.535604	0	24.767802	24.767802	24.767802	21.671827	0	0	0	3.095975	9.287926	34.055728	0	15.479876	27.863777	108.359133	55.727554	37.151703	40.247678	15.479876	12.383901	6.19195	12.383901	6.19195	3.095975	9.287926	40.247678	0	0	12.383901	18.575851	9.287926	0	0	0	3.095975	6.19195	0	0	52.631579	52.631579	15.479876	0	3.095975	6.19195	0	3.095975	0	3.095975	0	3.095975	0	0	3.095975	0	24.767802	0	6.19195	21.671827	0	12.383901	27.863777	123.839009	12.383901	12.383901	0	12.383901	3.095975	3.095975	0	0	18.575851	0	9.287926	0	0	0	0	18.575851	0	0	0	0	6.19195	3.095975	0	12.383901	68.111455	6.19195	74.303406	0	40.247678	0	6.19195	3.095975	0	0	3.095975	0	0	0	3.095975	0	24.767802	15.479876	0	0	15.479876	3.095975	3.095975	12.383901	12.383901	9.287926	3.095975	15.479876	0	0	0	0	9.287926	3.095975	0	9.287926	6.19195	0	3.095975	0	0	3.095975	0	0	0	0	0	0	0	0	0	3.095975	0	0	0	0	0	0	3.095975	0	3.095975	0	0	0	3.095975	6.19195	0	0	3.095975	0	0	0	0	0	0	0	0	0	0	0	0	0	0	0	0	0	0	0	0	0	3.095975	0	0	0	0	0	0	0	0	0	3.095975	0	0	0	185.758514	77.399381	278.637771	71.20743	167.182663	46.439628	145.510836	52.631579	24.767802	15.479876	0	0	3.095975	3.095975	18.575851	3.095975	9.287926	6.19195	61.919505	6.19195
34844.txt	maiores_notas	99.644128	14.234875	81.850534	21.352313	0	28.469751	0	0	0	0	0	0	3.558719	0	0	0	3.558719	0	7.117438	0	17.793594	0	3.558719	7.117438	28.469751	0	0	0	0	7.117438	306.049822	142.348754	85.409253	21.352313	21.352313	35.587189	7.117438	53.380783	7.117438	53.380783	21.352313	3.558719	42.704626	14.234875	42.704626	21.352313	39.145907	24.911032	10.676157	0	0	0	0	71.174377	0	10.676157	64.05694	71.174377	46.263345	17.793594	3.558719	0	0	0	24.911032	3.558719	17.793594	3.558719	53.380783	0	0	0	0	0	0	0	0	3.558719	0	0	0	39.145907	3.558719	0	0	0	0	0	0	0	3.558719	0	0	0	3.558719	3.558719	0	14.234875	0	3.558719	24.911032	3.558719	32.02847	21.352313	42.704626	0	14.234875	0	17.793594	0	3.558719	7.117438	3.558719	3.558719	0	14.234875	7.117438	0	0	0	3.558719	0	0	0	0	0	3.558719	7.117438	35.587189	106.761566	17.793594	92.52669	0	35.587189	7.117438	14.234875	0	0	0	0	0	0	0	3.558719	0	46.263345	7.117438	0	0	17.793594	0	0	17.793594	24.911032	0	0	0	0	0	0	0	0	0	0	10.676157	0	3.558719	7.117438	0	0	0	0	0	0	0	0	0	0	0	0	0	0	0	0	0	0	0	3.558719	0	0	0	0	0	0	21.352313	0	0	0	3.558719	0	0	0	0	0	0	10.676157	0	0	0	0	0	0	0	0	0	0	0	0	0	0	0	0	0	0	0	0	0	0	0	0	0	0	0	195.729537	28.469751	313.16726	88.967972	124.55516	60.498221	206.405694	60.498221	14.234875	17.793594	7.117438	0	0	0	28.469751	0	3.558719	10.676157	78.291815	0
34875.txt	maiores_notas	123.71134	0	79.037801	6.872852	3.436426	20.618557	10.309278	0	0	0	0	0	10.309278	0	3.436426	0	0	0	10.309278	3.436426	41.237113	0	20.618557	6.872852	17.182131	0	0	0	0	20.618557	247.42268	130.584192	82.474227	13.745704	13.745704	6.872852	13.745704	68.728522	6.872852	85.910653	44.67354	6.872852	34.364261	10.309278	24.054983	27.491409	37.800687	34.364261	3.436426	6.872852	0	0	6.872852	51.546392	0	37.800687	48.109966	79.037801	58.419244	37.800687	20.618557	3.436426	0	0	3.436426	6.872852	0	13.745704	34.364261	0	0	3.436426	20.618557	0	3.436426	0	3.436426	6.872852	6.872852	3.436426	0	68.728522	13.745704	0	0	0	0	0	0	0	10.309278	0	0	6.872852	0	0	0	13.745704	0	10.309278	30.927835	3.436426	0	20.618557	82.474227	0	13.745704	0	3.436426	0	0	6.872852	0	3.436426	0	10.309278	3.436426	0	0	0	3.436426	0	0	0	0	3.436426	0	0	17.182131	58.419244	44.67354	85.910653	3.436426	30.927835	0	0	0	0	0	0	0	6.872852	0	13.745704	0	27.491409	3.436426	0	0	27.491409	13.745704	0	30.927835	0	0	0	3.436426	0	3.436426	0	0	0	0	0	13.745704	6.872852	3.436426	6.872852	0	6.872852	0	0	0	3.436426	3.436426	0	0	0	0	0	10.309278	3.436426	0	0	0	0	0	6.872852	0	6.872852	0	0	0	0	10.309278	0	0	6.872852	3.436426	0	0	0	0	0	0	0	0	0	0	0	0	0	0	0	0	0	0	0	0	0	0	0	0	0	0	0	0	0	0	0	3.436426	0	0	202.749141	72.164948	268.041237	85.910653	140.893471	41.237113	178.694158	51.546392	13.745704	27.491409	0	0	0	13.745704	30.927835	13.745704	20.618557	6.872852	51.546392	10.309278
34901.txt	maiores_notas	85.714286	4.081633	44.897959	24.489796	0	24.489796	0	0	0	0	0	0	24.489796	0	0	0	24.489796	0	4.081633	0	12.244898	0	4.081633	0	24.489796	12.244898	0	0	12.244898	8.163265	293.877551	187.755102	57.142857	8.163265	0	16.326531	0	89.795918	4.081633	81.632653	44.897959	4.081633	53.061224	24.489796	114.285714	24.489796	48.979592	65.306122	8.163265	8.163265	4.081633	4.081633	24.489796	89.795918	0	40.816327	65.306122	97.959184	36.734694	28.571429	0	4.081633	0	0	16.326531	4.081633	4.081633	8.163265	53.061224	24.489796	0	0	0	0	0	4.081633	8.163265	8.163265	0	0	4.081633	57.142857	0	0	0	4.081633	0	4.081633	0	0	8.163265	0	0	4.081633	0	0	0	8.163265	0	8.163265	24.489796	4.081633	24.489796	20.408163	65.306122	0	8.163265	0	4.081633	0	8.163265	12.244898	0	0	0	0	12.244898	0	0	0	0	0	0	0	0	0	0	12.244898	16.326531	97.959184	28.571429	61.22449	0	32.653061	0	0	0	0	0	0	0	8.163265	0	4.081633	4.081633	24.489796	8.163265	0	0	12.244898	4.081633	0	24.489796	20.408163	0	0	4.081633	0	24.489796	0	0	0	0	0	12.244898	0	0	8.163265	0	0	0	0	0	4.081633	0	0	0	0	0	0	0	4.081633	0	0	0	0	0	8.163265	0	0	0	8.163265	0	0	8.163265	0	0	12.244898	12.244898	0	0	0	0	0	0	4.081633	0	0	0	0	0	0	0	0	0	0	0	0	0	0	0	0	0	0	0	0	0	0	0	12.244898	0	0	0	134.693878	40.816327	302.040816	138.77551	142.857143	40.816327	183.673469	48.979592	8.163265	12.244898	4.081633	0	0	4.081633	24.489796	4.081633	8.163265	0	69.387755	12.244898
34967.txt	maiores_notas	88.235294	14.705882	71.078431	17.156863	12.254902	9.803922	0	2.45098	0	0	0	0	39.215686	0	2.45098	0	12.254902	0	9.803922	4.901961	9.803922	0	9.803922	0	9.803922	4.901961	0	0	4.901961	2.45098	276.960784	100.490196	115.196078	29.411765	4.901961	4.901961	7.352941	26.960784	4.901961	49.019608	17.156863	0	34.313725	0	49.019608	12.254902	24.509804	17.156863	2.45098	7.352941	0	2.45098	17.156863	51.470588	2.45098	9.803922	63.72549	102.941176	22.058824	12.254902	12.254902	7.352941	4.901961	0	4.901961	4.901961	4.901961	7.352941	44.117647	2.45098	4.901961	4.901961	7.352941	4.901961	4.901961	0	7.352941	0	0	0	0	66.176471	7.352941	2.45098	0	0	0	2.45098	0	0	0	0	0	0	0	2.45098	0	12.254902	19.607843	2.45098	26.960784	0	7.352941	26.960784	78.431373	0	12.254902	0	4.901961	0	4.901961	12.254902	0	14.705882	0	2.45098	4.901961	0	0	0	14.705882	0	0	0	0	0	0	9.803922	9.803922	107.843137	49.019608	75.980392	0	24.509804	0	4.901961	4.901961	0	0	0	2.45098	0	9.803922	4.901961	2.45098	14.705882	9.803922	0	0	9.803922	4.901961	0	26.960784	4.901961	0	0	9.803922	0	44.117647	0	0	0	0	0	7.352941	2.45098	0	9.803922	0	4.901961	0	0	0	0	0	0	0	0	0	0	4.901961	0	0	0	4.901961	0	0	7.352941	0	0	0	0	0	4.901961	9.803922	0	2.45098	14.705882	24.509804	0	0	0	0	0	0	4.901961	0	0	0	0	0	0	0	0	0	0	0	0	0	0	0	0	0	0	0	0	0	0	0	7.352941	2.45098	0	0	174.019608	63.72549	279.411765	80.882353	134.803922	44.117647	215.686275	53.921569	31.862745	9.803922	4.901961	0	0	4.901961	36.764706	4.901961	9.803922	12.254902	56.372549	19.607843
34994.txt	maiores_notas	74.468085	17.730496	99.29078	17.730496	7.092199	7.092199	7.092199	3.546099	0	0	0	0	14.184397	0	0	0	10.638298	0	10.638298	10.638298	3.546099	0	14.184397	0	17.730496	0	0	0	0	60.283688	258.865248	88.652482	99.29078	70.921986	17.730496	3.546099	17.730496	39.007092	3.546099	35.460993	17.730496	10.638298	70.921986	0	28.368794	10.638298	60.283688	31.914894	0	3.546099	0	7.092199	7.092199	78.014184	0	21.276596	67.375887	95.744681	39.007092	21.276596	24.822695	3.546099	10.638298	0	7.092199	7.092199	10.638298	0	42.553191	3.546099	3.546099	0	17.730496	3.546099	0	0	0	0	0	0	0	78.014184	0	7.092199	0	0	0	0	0	0	3.546099	0	0	0	0	3.546099	0	17.730496	14.184397	7.092199	24.822695	7.092199	10.638298	17.730496	85.106383	7.092199	21.276596	0	21.276596	0	3.546099	3.546099	0	7.092199	0	3.546099	3.546099	0	0	0	7.092199	0	0	0	0	0	0	3.546099	21.276596	85.106383	14.184397	113.475177	3.546099	3.546099	0	10.638298	3.546099	0	7.092199	3.546099	0	0	3.546099	7.092199	7.092199	3.546099	10.638298	10.638298	0	3.546099	7.092199	0	17.730496	10.638298	3.546099	0	0	0	14.184397	0	0	0	0	0	3.546099	0	0	3.546099	0	3.546099	0	0	0	0	3.546099	0	0	0	0	0	7.092199	0	0	0	0	0	0	0	0	0	0	0	0	3.546099	14.184397	0	0	3.546099	10.638298	0	0	0	0	0	0	24.822695	0	0	0	0	0	0	0	0	0	0	0	0	0	0	0	0	0	0	0	0	0	0	0	3.546099	0	0	0	92.198582	39.007092	319.148936	99.29078	141.843972	56.737589	212.765957	56.737589	42.553191	3.546099	24.822695	0	0	7.092199	17.730496	7.092199	0	3.546099	53.191489	7.092199
35053.txt	maiores_notas	90.128755	4.291845	60.085837	0	8.583691	17.167382	0	0	0	0	0	0	4.291845	0	4.291845	0	0	0	8.583691	0	8.583691	0	4.291845	4.291845	17.167382	4.291845	0	0	4.291845	30.042918	266.094421	128.755365	98.712446	21.459227	4.291845	4.291845	17.167382	34.334764	17.167382	25.751073	85.83691	21.459227	42.918455	4.291845	77.253219	21.459227	55.793991	25.751073	4.291845	4.291845	0	4.291845	4.291845	72.961373	0	30.042918	72.961373	85.83691	55.793991	25.751073	4.291845	8.583691	4.291845	4.291845	17.167382	12.875536	0	4.291845	51.502146	4.291845	0	4.291845	4.291845	0	0	0	0	4.291845	0	0	0	34.334764	30.042918	0	0	8.583691	0	0	0	0	0	0	12.875536	0	0	0	0	12.875536	0	21.459227	21.459227	0	4.291845	30.042918	72.961373	8.583691	17.167382	0	38.626609	0	17.167382	4.291845	0	17.167382	0	8.583691	0	0	0	0	17.167382	0	0	0	0	0	0	8.583691	0	115.879828	17.167382	64.377682	4.291845	30.042918	8.583691	4.291845	0	0	0	8.583691	0	0	8.583691	4.291845	0	25.751073	12.875536	0	0	8.583691	0	0	21.459227	4.291845	30.042918	12.875536	8.583691	0	0	0	0	0	8.583691	0	4.291845	0	4.291845	17.167382	0	0	0	0	0	0	0	0	0	0	0	0	0	0	0	0	0	0	0	4.291845	0	0	0	0	0	4.291845	17.167382	0	0	4.291845	0	0	0	0	0	0	4.291845	4.291845	0	0	0	0	0	0	0	0	0	4.291845	0	0	0	0	0	0	0	0	0	0	0	0	0	4.291845	0	0	0	154.506438	21.459227	296.137339	98.712446	141.630901	77.253219	193.133047	64.377682	25.751073	8.583691	8.583691	4.291845	0	0	21.459227	0	4.291845	4.291845	55.793991	12.875536
35077.txt	maiores_notas	78.787879	6.060606	90.909091	30.30303	0	6.060606	0	0	0	0	0	0	12.121212	0	0	0	12.121212	0	0	0	6.060606	0	0	0	6.060606	0	0	0	0	36.363636	321.212121	169.69697	133.333333	42.424242	6.060606	0	0	48.484848	0	48.484848	30.30303	12.121212	42.424242	12.121212	60.606061	18.181818	42.424242	36.363636	0	12.121212	0	0	6.060606	78.787879	0	12.121212	66.666667	78.787879	60.606061	54.545455	24.242424	6.060606	0	0	12.121212	0	12.121212	6.060606	36.363636	6.060606	6.060606	0	6.060606	0	0	0	6.060606	0	0	0	0	54.545455	0	0	0	0	0	0	0	0	6.060606	0	0	0	24.242424	0	0	12.121212	0	0	18.181818	0	24.242424	42.424242	54.545455	12.121212	24.242424	0	0	0	6.060606	0	0	0	0	6.060606	0	0	0	0	0	0	0	0	0	0	0	0	12.121212	109.090909	0	90.909091	0	36.363636	0	0	6.060606	0	0	0	0	0	12.121212	0	6.060606	30.30303	6.060606	0	0	6.060606	0	0	6.060606	12.121212	12.121212	0	6.060606	0	12.121212	0	0	6.060606	0	0	6.060606	0	0	12.121212	0	0	0	0	0	0	0	0	0	0	0	0	0	0	0	0	0	0	0	6.060606	0	0	0	0	0	6.060606	12.121212	0	0	12.121212	0	0	0	0	0	0	0	6.060606	0	0	0	0	0	0	0	0	0	0	0	0	0	0	0	0	0	0	0	0	0	0	0	6.060606	0	0	0	175.757576	6.060606	357.575758	103.030303	145.454545	18.181818	200	60.606061	36.363636	6.060606	6.060606	0	0	0	18.181818	0	6.060606	0	84.848485	18.181818
35100.txt	maiores_notas	65.934066	0	65.934066	10.989011	18.315018	10.989011	3.663004	0	0	0	0	3.663004	21.978022	0	7.326007	3.663004	10.989011	0	0	14.652015	18.315018	3.663004	18.315018	0	14.652015	3.663004	0	0	3.663004	7.326007	285.714286	146.520147	109.89011	21.978022	0	3.663004	3.663004	32.967033	0	43.956044	36.630037	3.663004	36.630037	14.652015	43.956044	18.315018	18.315018	51.282051	7.326007	0	0	0	14.652015	47.619048	0	0	25.641026	91.575092	51.282051	32.967033	0	14.652015	7.326007	3.663004	7.326007	7.326007	7.326007	3.663004	51.282051	0	0	10.989011	0	0	3.663004	3.663004	0	0	7.326007	3.663004	0	69.59707	3.663004	0	0	3.663004	0	0	0	0	0	0	0	7.326007	3.663004	0	0	25.641026	0	7.326007	25.641026	0	29.304029	18.315018	76.923077	0	18.315018	0	10.989011	0	7.326007	0	0	3.663004	0	7.326007	0	3.663004	0	0	3.663004	0	0	0	0	0	0	0	7.326007	106.227106	25.641026	73.260073	3.663004	36.630037	0	7.326007	0	0	0	0	0	0	0	3.663004	3.663004	32.967033	7.326007	0	0	18.315018	7.326007	3.663004	25.641026	18.315018	7.326007	0	10.989011	0	10.989011	0	0	0	0	0	7.326007	10.989011	0	7.326007	0	0	7.326007	0	0	0	0	0	0	0	0	0	7.326007	0	0	0	0	0	0	0	0	14.652015	0	0	0	0	14.652015	0	0	7.326007	14.652015	0	0	0	0	0	0	3.663004	0	0	0	0	0	0	0	0	0	0	0	0	0	0	0	0	0	0	0	0	0	0	0	3.663004	0	0	0	131.868132	69.59707	318.681319	84.249084	150.18315	32.967033	205.128205	47.619048	25.641026	18.315018	3.663004	0	0	7.326007	29.304029	7.326007	10.989011	3.663004	73.260073	14.652015
35121.txt	maiores_notas	119.402985	7.462687	44.776119	11.19403	0	3.731343	14.925373	11.19403	0	0	0	0	11.19403	0	3.731343	0	7.462687	0	0	0	14.925373	3.731343	3.731343	0	7.462687	0	0	0	0	33.58209	276.119403	78.358209	93.283582	26.119403	18.656716	18.656716	11.19403	44.776119	3.731343	41.044776	59.701493	11.19403	70.895522	0	11.19403	22.38806	33.58209	14.925373	7.462687	3.731343	0	7.462687	3.731343	41.044776	7.462687	11.19403	33.58209	108.208955	33.58209	29.850746	7.462687	7.462687	0	0	7.462687	0	3.731343	3.731343	59.701493	11.19403	3.731343	3.731343	3.731343	0	7.462687	7.462687	3.731343	0	3.731343	0	3.731343	59.701493	29.850746	3.731343	0	0	0	0	0	0	0	0	0	0	7.462687	0	0	18.656716	0	0	37.313433	3.731343	11.19403	14.925373	97.014925	11.19403	7.462687	0	3.731343	0	14.925373	14.925373	0	0	0	0	7.462687	0	0	0	0	0	0	0	0	0	0	7.462687	7.462687	108.208955	14.925373	52.238806	0	37.313433	0	11.19403	11.19403	0	0	0	0	0	3.731343	3.731343	7.462687	22.38806	29.850746	7.462687	0	11.19403	3.731343	3.731343	41.044776	11.19403	3.731343	0	0	0	7.462687	0	0	0	0	0	11.19403	0	0	0	0	3.731343	0	0	0	0	0	0	0	0	0	0	3.731343	0	0	0	11.19403	0	0	0	0	3.731343	0	3.731343	0	0	18.656716	0	0	0	11.19403	0	0	0	0	0	0	7.462687	0	0	0	0	0	0	0	0	0	0	0	0	0	0	0	0	0	0	0	0	0	0	0	3.731343	0	0	0	175.373134	33.58209	309.701493	67.164179	152.985075	33.58209	171.641791	82.089552	18.656716	11.19403	7.462687	0	0	3.731343	41.044776	3.731343	11.19403	7.462687	59.701493	3.731343
35125.txt	maiores_notas	84.158416	19.80198	74.257426	19.80198	0	39.60396	0	0	0	0	0	0	0	0	0	0	9.90099	0	0	4.950495	9.90099	0	0	0	39.60396	0	0	0	0	0	262.376238	128.712871	94.059406	14.851485	4.950495	4.950495	0	34.653465	14.851485	34.653465	29.70297	0	44.554455	9.90099	44.554455	19.80198	49.50495	24.752475	4.950495	4.950495	0	0	29.70297	59.405941	4.950495	14.851485	79.207921	113.861386	44.554455	19.80198	4.950495	4.950495	9.90099	0	14.851485	4.950495	4.950495	9.90099	59.405941	0	0	0	0	0	0	4.950495	9.90099	0	0	0	0	54.455446	9.90099	0	0	9.90099	0	0	0	0	4.950495	0	4.950495	0	0	0	0	59.405941	0	9.90099	29.70297	0	4.950495	44.554455	74.257426	9.90099	49.50495	0	9.90099	4.950495	24.752475	4.950495	0	14.851485	0	4.950495	4.950495	0	0	0	14.851485	0	0	0	0	0	0	0	4.950495	69.306931	14.851485	89.108911	0	49.50495	4.950495	9.90099	9.90099	4.950495	0	0	0	0	4.950495	9.90099	4.950495	44.554455	4.950495	0	0	9.90099	9.90099	0	29.70297	4.950495	0	0	14.851485	0	9.90099	0	0	0	0	0	0	4.950495	4.950495	4.950495	0	4.950495	4.950495	0	0	0	0	0	0	0	0	0	9.90099	0	0	0	0	0	0	9.90099	0	9.90099	0	0	0	4.950495	29.70297	0	0	9.90099	0	0	0	0	0	0	9.90099	4.950495	0	0	0	0	0	0	0	0	0	9.90099	0	0	0	0	0	0	0	0	0	0	0	0	0	0	0	0	0	178.217822	24.752475	262.376238	108.910891	158.415842	49.50495	168.316832	99.009901	59.405941	9.90099	14.851485	9.90099	0	9.90099	29.70297	9.90099	9.90099	4.950495	79.207921	14.851485
35126.txt	maiores_notas	56.338028	14.084507	56.338028	10.56338	7.042254	31.690141	3.521127	0	0	0	0	0	21.126761	7.042254	3.521127	10.56338	7.042254	0	17.605634	3.521127	35.211268	0	28.169014	7.042254	35.211268	0	0	0	0	0	246.478873	140.84507	91.549296	21.126761	7.042254	7.042254	3.521127	45.774648	3.521127	28.169014	14.084507	3.521127	21.126761	0	28.169014	10.56338	7.042254	28.169014	3.521127	7.042254	0	0	3.521127	35.211268	3.521127	0	17.605634	112.676056	49.295775	31.690141	0	7.042254	7.042254	0	14.084507	24.647887	7.042254	17.605634	52.816901	3.521127	0	3.521127	0	0	7.042254	0	7.042254	0	7.042254	7.042254	0	59.859155	7.042254	3.521127	0	10.56338	0	3.521127	0	0	7.042254	0	3.521127	0	0	3.521127	0	7.042254	0	14.084507	45.774648	7.042254	7.042254	21.126761	84.507042	0	7.042254	0	21.126761	0	7.042254	3.521127	0	3.521127	0	24.647887	3.521127	3.521127	3.521127	0	3.521127	0	0	3.521127	0	0	7.042254	3.521127	10.56338	105.633803	38.732394	63.380282	0	35.211268	3.521127	10.56338	3.521127	3.521127	0	0	0	7.042254	0	7.042254	3.521127	28.169014	7.042254	0	0	35.211268	7.042254	0	45.774648	7.042254	10.56338	0	21.126761	0	0	0	0	0	0	0	21.126761	10.56338	3.521127	14.084507	0	0	3.521127	0	0	0	0	0	3.521127	0	0	0	7.042254	0	0	0	0	3.521127	0	14.084507	0	0	0	0	0	3.521127	21.126761	0	0	17.605634	3.521127	0	0	0	0	0	7.042254	3.521127	0	0	0	0	0	0	0	0	0	7.042254	0	0	0	0	0	0	0	0	0	0	0	0	0	0	0	0	0	70.422535	109.15493	246.478873	52.816901	169.014085	70.422535	207.746479	73.943662	7.042254	35.211268	10.56338	7.042254	0	7.042254	52.816901	7.042254	31.690141	14.084507	73.943662	24.647887
35134.txt	maiores_notas	100.436681	8.733624	74.235808	17.467249	4.366812	8.733624	0	4.366812	0	0	0	0	4.366812	0	0	0	4.366812	0	0	4.366812	4.366812	0	8.733624	0	13.100437	4.366812	0	0	0	26.200873	292.576419	187.772926	39.30131	17.467249	13.100437	8.733624	0	43.668122	0	56.768559	34.934498	26.200873	91.703057	26.200873	39.30131	17.467249	56.768559	39.30131	8.733624	13.100437	0	4.366812	17.467249	96.069869	0	52.401747	82.969432	43.668122	43.668122	34.934498	4.366812	0	0	0	0	4.366812	0	8.733624	34.934498	8.733624	0	0	4.366812	0	0	0	0	8.733624	0	0	0	74.235808	4.366812	0	0	4.366812	0	0	0	0	0	0	0	0	0	0	0	21.834061	0	0	17.467249	0	4.366812	17.467249	82.969432	0	21.834061	0	4.366812	0	0	4.366812	0	8.733624	0	8.733624	0	0	0	0	8.733624	0	0	0	0	0	4.366812	4.366812	17.467249	91.703057	0	87.336245	0	30.567686	0	13.100437	0	0	0	4.366812	0	0	4.366812	8.733624	8.733624	26.200873	13.100437	0	0	4.366812	8.733624	0	17.467249	4.366812	4.366812	0	0	0	4.366812	0	0	0	0	0	4.366812	0	0	4.366812	0	4.366812	0	0	0	0	0	0	0	0	0	0	8.733624	0	0	0	0	0	0	8.733624	0	4.366812	0	0	0	0	8.733624	0	0	0	4.366812	0	0	0	0	0	0	17.467249	0	0	0	0	0	0	0	0	0	0	0	0	0	0	0	0	0	0	0	0	0	0	0	4.366812	0	0	0	109.170306	17.467249	327.510917	131.004367	104.803493	43.668122	179.039301	61.135371	21.834061	4.366812	17.467249	0	0	8.733624	21.834061	4.366812	8.733624	8.733624	39.30131	4.366812
35240.txt	maiores_notas	78.291815	10.676157	85.409253	28.469751	0	7.117438	3.558719	0	0	0	0	0	21.352313	0	3.558719	0	14.234875	0	3.558719	3.558719	14.234875	0	7.117438	7.117438	10.676157	0	0	0	0	32.02847	277.580071	185.053381	71.174377	39.145907	14.234875	3.558719	21.352313	81.850534	10.676157	49.822064	10.676157	10.676157	39.145907	10.676157	39.145907	10.676157	78.291815	32.02847	3.558719	3.558719	0	10.676157	7.117438	110.320285	0	64.05694	92.52669	92.52669	24.911032	21.352313	7.117438	3.558719	0	7.117438	28.469751	0	3.558719	0	56.939502	0	3.558719	0	3.558719	0	0	0	0	0	0	0	0	42.704626	14.234875	0	0	0	0	3.558719	0	0	7.117438	0	0	0	14.234875	0	0	10.676157	7.117438	0	17.793594	0	17.793594	14.234875	60.498221	0	14.234875	0	7.117438	0	3.558719	7.117438	3.558719	3.558719	0	0	3.558719	0	0	0	3.558719	0	0	0	0	0	0	7.117438	0	67.615658	42.704626	85.409253	3.558719	35.587189	3.558719	7.117438	7.117438	0	0	0	0	7.117438	10.676157	0	3.558719	35.587189	7.117438	0	0	14.234875	0	0	17.793594	14.234875	3.558719	3.558719	7.117438	3.558719	17.793594	0	0	0	0	3.558719	3.558719	3.558719	7.117438	3.558719	0	0	0	0	0	0	0	0	0	0	0	0	0	0	0	0	0	0	0	0	0	14.234875	0	0	0	0	3.558719	0	0	17.793594	3.558719	0	0	0	0	0	0	7.117438	0	0	0	0	0	0	0	0	0	0	0	0	0	0	0	0	0	0	0	0	0	0	0	10.676157	0	0	0	174.377224	39.145907	309.608541	128.113879	117.437722	28.469751	181.494662	74.733096	21.352313	14.234875	7.117438	0	0	0	17.793594	0	0	10.676157	49.822064	21.352313
35247.txt	maiores_notas	64.777328	20.242915	93.117409	8.097166	0	4.048583	12.145749	8.097166	0	0	0	0	4.048583	0	0	0	4.048583	0	0	4.048583	12.145749	0	0	0	8.097166	0	0	0	0	20.242915	267.206478	133.603239	121.45749	24.291498	12.145749	4.048583	0	60.728745	36.437247	68.825911	60.728745	8.097166	28.340081	12.145749	40.48583	4.048583	60.728745	20.242915	8.097166	8.097166	0	0	16.194332	72.874494	0	44.534413	64.777328	105.263158	24.291498	16.194332	0	4.048583	4.048583	4.048583	16.194332	4.048583	0	4.048583	48.582996	12.145749	0	0	0	0	0	0	0	0	4.048583	0	0	32.388664	4.048583	0	0	0	0	0	0	0	4.048583	0	0	0	0	0	0	20.242915	0	0	32.388664	4.048583	36.437247	16.194332	36.437247	0	20.242915	0	0	0	4.048583	8.097166	0	4.048583	0	4.048583	0	0	0	0	4.048583	0	0	0	0	0	0	8.097166	4.048583	121.45749	24.291498	97.165992	8.097166	40.48583	0	4.048583	0	0	0	0	0	0	0	0	0	32.388664	8.097166	0	0	12.145749	0	0	36.437247	36.437247	0	16.194332	12.145749	0	4.048583	0	0	0	0	0	12.145749	0	0	8.097166	0	0	0	0	0	0	0	0	0	0	0	0	0	0	0	0	0	0	0	8.097166	0	0	0	0	0	0	24.291498	0	0	0	4.048583	0	0	0	0	0	0	4.048583	0	0	0	0	0	0	0	0	0	0	0	0	0	0	0	0	0	0	0	0	0	0	0	8.097166	0	0	0	178.137652	20.242915	340.080972	101.214575	129.554656	20.242915	238.866397	44.534413	20.242915	12.145749	4.048583	0	0	0	36.437247	0	4.048583	8.097166	89.068826	16.194332
35378.txt	maiores_notas	99.352052	8.639309	53.99568	10.799136	8.639309	8.639309	4.319654	0	0	0	0	0	12.958963	6.479482	6.479482	4.319654	6.479482	0	12.958963	0	19.438445	0	8.639309	2.159827	0	2.159827	0	0	2.159827	8.639309	263.49892	112.311015	103.671706	28.077754	15.11879	8.639309	0	47.516199	2.159827	41.036717	32.397408	4.319654	41.036717	0	28.077754	8.639309	23.758099	30.237581	0	4.319654	0	12.958963	4.319654	53.99568	0	12.958963	36.717063	107.991361	21.598272	12.958963	6.479482	0	2.159827	4.319654	21.598272	2.159827	2.159827	17.278618	60.475162	19.438445	0	0	6.479482	0	8.639309	2.159827	6.479482	2.159827	6.479482	6.479482	2.159827	45.356371	4.319654	4.319654	0	2.159827	0	0	0	0	12.958963	0	0	0	2.159827	0	0	10.799136	0	6.479482	32.397408	0	30.237581	19.438445	56.155508	0	10.799136	0	8.639309	2.159827	10.799136	10.799136	6.479482	8.639309	2.159827	4.319654	10.799136	0	2.159827	0	8.639309	0	2.159827	2.159827	0	0	4.319654	4.319654	28.077754	112.311015	38.87689	53.99568	12.958963	56.155508	8.639309	4.319654	2.159827	0	0	2.159827	0	12.958963	6.479482	6.479482	6.479482	34.557235	19.438445	8.639309	0	19.438445	6.479482	0	28.077754	23.758099	2.159827	0	0	0	4.319654	0	0	0	0	0	19.438445	0	0	4.319654	0	6.479482	0	0	0	0	0	0	0	0	0	0	2.159827	0	0	0	4.319654	0	4.319654	25.917927	4.319654	4.319654	0	0	0	0	15.11879	0	0	2.159827	10.799136	0	0	0	0	2.159827	0	12.958963	2.159827	0	2.159827	0	0	0	0	0	0	0	0	0	0	0	0	0	0	0	0	0	0	0	0	0	12.958963	0	0	161.987041	53.99568	272.138229	69.114471	146.868251	77.75378	198.704104	103.671706	10.799136	19.438445	17.278618	0	0	10.799136	47.516199	10.799136	17.278618	19.438445	82.073434	12.958963
35400.txt	maiores_notas	62.305296	9.345794	121.495327	6.23053	3.115265	6.23053	3.115265	0	0	0	0	0	15.576324	0	0	0	9.345794	0	6.23053	0	18.691589	0	9.345794	6.23053	6.23053	0	0	0	0	21.806854	280.373832	87.227414	143.302181	18.691589	12.461059	3.115265	3.115265	24.922118	0	18.691589	28.037383	31.152648	43.613707	0	93.457944	9.345794	59.190031	24.922118	0	6.23053	0	9.345794	12.461059	80.996885	0	21.806854	74.766355	93.457944	21.806854	15.576324	3.115265	6.23053	6.23053	0	15.576324	3.115265	0	3.115265	68.535826	6.23053	0	3.115265	0	0	0	0	0	3.115265	0	0	0	52.959502	12.461059	3.115265	0	0	0	0	0	0	15.576324	0	3.115265	0	0	0	0	3.115265	9.345794	12.461059	28.037383	0	0	6.23053	68.535826	0	3.115265	0	3.115265	0	9.345794	6.23053	3.115265	9.345794	0	3.115265	3.115265	0	0	0	9.345794	0	0	0	0	0	3.115265	6.23053	12.461059	52.959502	43.613707	121.495327	0	56.074766	3.115265	0	3.115265	3.115265	0	6.23053	0	9.345794	3.115265	12.461059	9.345794	43.613707	15.576324	6.23053	0	18.691589	12.461059	0	28.037383	0	3.115265	0	9.345794	0	9.345794	0	0	0	0	0	12.461059	0	3.115265	3.115265	0	0	3.115265	0	0	6.23053	0	0	0	0	0	0	3.115265	9.345794	0	0	0	0	0	6.23053	0	3.115265	0	0	0	9.345794	34.267913	0	0	15.576324	3.115265	0	0	0	0	0	0	9.345794	0	0	0	0	0	0	0	0	0	0	0	0	0	0	0	0	0	0	0	0	0	0	0	9.345794	0	0	0	71.65109	24.922118	302.180685	102.803738	112.149533	46.728972	211.838006	96.573209	12.461059	18.691589	9.345794	0	0	12.461059	46.728972	12.461059	3.115265	6.23053	34.267913	18.691589
35451.txt	maiores_notas	96.330275	9.174312	68.807339	9.174312	4.587156	13.761468	9.174312	0	0	0	0	0	4.587156	9.174312	0	9.174312	4.587156	0	0	0	22.93578	0	4.587156	9.174312	13.761468	0	0	0	0	27.522936	316.513761	100.917431	123.853211	59.633028	4.587156	0	9.174312	36.697248	0	32.110092	36.697248	13.761468	68.807339	9.174312	50.458716	18.348624	9.174312	27.522936	0	4.587156	0	4.587156	22.93578	32.110092	0	0	22.93578	87.155963	55.045872	22.93578	0	0	4.587156	0	22.93578	4.587156	0	4.587156	27.522936	9.174312	0	0	0	0	0	0	0	0	4.587156	0	0	64.220183	9.174312	0	0	9.174312	0	0	0	0	4.587156	0	0	0	18.348624	0	0	32.110092	4.587156	4.587156	0	0	18.348624	50.458716	82.568807	22.93578	36.697248	0	4.587156	0	0	4.587156	4.587156	0	0	4.587156	0	0	0	0	0	0	0	0	0	0	0	4.587156	9.174312	96.330275	4.587156	77.981651	0	36.697248	9.174312	4.587156	0	0	0	0	0	0	9.174312	9.174312	4.587156	27.522936	9.174312	4.587156	0	22.93578	4.587156	0	0	9.174312	0	4.587156	0	0	4.587156	0	0	0	0	0	13.761468	4.587156	0	13.761468	0	0	0	0	0	0	4.587156	0	0	0	0	0	4.587156	4.587156	0	0	0	0	0	0	0	0	0	0	0	0	0	0	0	0	0	4.587156	0	0	0	0	0	4.587156	0	0	0	0	0	0	0	0	0	0	0	0	0	0	0	0	0	0	0	0	0	0	0	4.587156	0	0	0	174.311927	73.394495	344.036697	73.394495	142.201835	27.522936	178.899083	68.807339	64.220183	22.93578	4.587156	0	0	9.174312	0	13.761468	4.587156	4.587156	68.807339	4.587156
35464.txt	maiores_notas	98.305085	13.559322	91.525424	13.559322	6.779661	3.389831	10.169492	0	0	0	0	0	6.779661	0	3.389831	0	0	0	3.389831	3.389831	23.728814	0	0	13.559322	6.779661	0	0	0	0	16.949153	301.694915	111.864407	101.694915	50.847458	16.949153	3.389831	6.779661	54.237288	6.779661	44.067797	27.118644	10.169492	50.847458	6.779661	57.627119	13.559322	27.118644	37.288136	3.389831	30.508475	0	3.389831	16.949153	50.847458	3.389831	16.949153	47.457627	71.186441	44.067797	23.728814	0	6.779661	0	0	16.949153	0	6.779661	0	44.067797	0	0	3.389831	3.389831	0	0	0	0	0	6.779661	0	0	61.016949	3.389831	0	0	3.389831	0	0	0	0	3.389831	0	0	0	6.779661	0	0	40.677966	0	3.389831	10.169492	3.389831	10.169492	20.338983	67.79661	0	40.677966	0	3.389831	0	16.949153	3.389831	6.779661	13.559322	0	6.779661	0	0	0	0	13.559322	0	0	0	0	0	0	3.389831	13.559322	88.135593	20.338983	91.525424	0	57.627119	0	3.389831	6.779661	3.389831	0	3.389831	0	0	3.389831	0	6.779661	40.677966	0	0	0	27.118644	0	0	10.169492	6.779661	0	0	6.779661	0	3.389831	0	0	0	0	0	10.169492	3.389831	13.559322	0	0	0	0	0	0	0	0	0	0	0	0	0	0	0	0	0	0	0	3.389831	0	0	0	0	0	0	0	6.779661	0	0	6.779661	0	0	0	0	0	0	0	13.559322	0	0	0	0	0	0	0	0	0	0	0	0	0	0	0	0	0	0	0	0	0	0	0	0	0	0	0	111.864407	37.288136	318.644068	91.525424	115.254237	47.457627	196.610169	84.745763	40.677966	27.118644	13.559322	0	0	0	10.169492	0	6.779661	0	44.067797	0
35482.txt	maiores_notas	76.628352	7.662835	76.628352	3.831418	3.831418	11.494253	7.662835	0	0	0	0	0	7.662835	0	3.831418	0	3.831418	0	11.494253	3.831418	30.651341	0	11.494253	7.662835	11.494253	0	0	0	0	26.819923	275.862069	149.425287	80.45977	22.988506	22.988506	15.32567	11.494253	26.819923	0	22.988506	57.471264	7.662835	42.145594	0	45.977011	19.157088	49.808429	30.651341	15.32567	19.157088	0	0	22.988506	72.796935	3.831418	34.482759	84.291188	68.965517	38.314176	26.819923	3.831418	0	3.831418	3.831418	11.494253	11.494253	3.831418	0	22.988506	7.662835	0	3.831418	3.831418	0	0	0	0	0	0	0	0	53.639847	11.494253	7.662835	7.662835	0	0	0	0	0	0	0	0	0	7.662835	0	0	0	0	3.831418	11.494253	0	3.831418	11.494253	80.45977	0	0	0	22.988506	3.831418	3.831418	3.831418	7.662835	30.651341	0	3.831418	7.662835	0	0	0	11.494253	19.157088	0	0	0	0	3.831418	3.831418	7.662835	95.785441	11.494253	84.291188	0	30.651341	0	7.662835	0	0	0	0	0	0	19.157088	0	0	19.157088	11.494253	0	0	30.651341	0	0	11.494253	3.831418	3.831418	3.831418	15.32567	0	3.831418	0	0	0	0	0	11.494253	7.662835	7.662835	3.831418	0	0	0	0	0	0	0	0	0	0	0	0	0	0	0	0	0	0	0	0	0	0	0	0	0	0	7.662835	0	0	7.662835	0	0	0	0	0	3.831418	0	0	0	0	0	0	0	0	0	0	0	0	0	0	0	0	0	0	0	0	0	0	0	0	0	0	0	0	0	160.91954	57.471264	302.681992	114.942529	107.279693	76.628352	187.739464	57.471264	0	34.482759	3.831418	0	0	0	11.494253	0	0	11.494253	26.819923	0
35496.txt	maiores_notas	94.387755	10.204082	107.142857	10.204082	7.653061	10.204082	7.653061	0	0	0	0	5.102041	15.306122	2.55102	0	2.55102	10.204082	0	0	7.653061	25.510204	0	2.55102	0	7.653061	5.102041	2.55102	0	2.55102	10.204082	303.571429	160.714286	127.55102	38.265306	10.204082	5.102041	7.653061	56.122449	0	56.122449	10.204082	2.55102	56.122449	12.755102	30.612245	2.55102	38.265306	12.755102	0	0	0	0	10.204082	58.673469	0	5.102041	38.265306	99.489796	22.959184	7.653061	7.653061	5.102041	2.55102	0	22.959184	0	7.653061	5.102041	45.918367	5.102041	2.55102	0	7.653061	0	0	2.55102	2.55102	0	2.55102	2.55102	2.55102	66.326531	2.55102	2.55102	0	0	0	0	0	0	0	0	0	7.653061	2.55102	0	0	7.653061	5.102041	0	15.306122	2.55102	20.408163	22.959184	68.877551	0	7.653061	0	2.55102	0	7.653061	0	2.55102	5.102041	0	2.55102	2.55102	0	0	0	5.102041	0	0	0	0	0	0	2.55102	5.102041	68.877551	0	109.693878	5.102041	79.081633	5.102041	7.653061	0	0	0	0	0	0	2.55102	2.55102	2.55102	58.673469	20.408163	2.55102	0	25.510204	2.55102	0	15.306122	15.306122	0	0	2.55102	0	12.755102	0	0	0	0	0	20.408163	2.55102	2.55102	2.55102	0	2.55102	0	0	0	0	0	0	0	0	0	0	2.55102	0	0	0	0	0	0	2.55102	0	0	0	0	0	2.55102	7.653061	0	0	15.306122	0	0	0	0	0	2.55102	0	5.102041	0	0	0	0	0	0	0	0	0	0	0	0	0	0	0	0	0	0	0	0	0	0	0	7.653061	5.102041	0	0	104.591837	56.122449	313.77551	71.428571	127.55102	20.408163	178.571429	99.489796	12.755102	28.061224	7.653061	0	0	2.55102	15.306122	2.55102	7.653061	2.55102	58.673469	15.306122
35497.txt	maiores_notas	101.408451	11.267606	73.239437	5.633803	5.633803	28.169014	2.816901	0	0	0	0	5.633803	14.084507	0	0	0	5.633803	0	2.816901	5.633803	22.535211	2.816901	2.816901	11.267606	33.802817	8.450704	0	0	8.450704	16.901408	264.788732	152.112676	53.521127	33.802817	33.802817	14.084507	2.816901	30.985915	0	39.43662	22.535211	19.71831	50.704225	2.816901	28.169014	16.901408	22.535211	28.169014	5.633803	8.450704	0	0	11.267606	33.802817	0	22.535211	30.985915	107.042254	39.43662	19.71831	8.450704	11.267606	8.450704	5.633803	16.901408	0	0	5.633803	56.338028	8.450704	2.816901	0	5.633803	0	5.633803	2.816901	0	2.816901	2.816901	0	0	67.605634	2.816901	0	0	5.633803	0	0	0	0	8.450704	0	2.816901	0	14.084507	0	0	2.816901	8.450704	11.267606	19.71831	8.450704	22.535211	8.450704	76.056338	11.267606	0	0	2.816901	0	11.267606	5.633803	8.450704	5.633803	0	5.633803	5.633803	0	0	0	5.633803	0	0	0	0	0	0	0	19.71831	87.323944	28.169014	73.239437	0	28.169014	2.816901	5.633803	11.267606	2.816901	5.633803	0	0	5.633803	2.816901	11.267606	5.633803	30.985915	0	0	0	22.535211	11.267606	0	28.169014	8.450704	0	0	2.816901	0	16.901408	0	0	0	0	0	11.267606	2.816901	5.633803	5.633803	0	0	8.450704	0	0	2.816901	0	0	0	0	0	0	8.450704	2.816901	0	0	5.633803	0	2.816901	2.816901	0	0	2.816901	2.816901	0	2.816901	5.633803	0	0	0	16.901408	0	0	0	0	5.633803	0	11.267606	0	0	2.816901	0	0	0	0	0	0	0	0	0	0	0	0	0	0	0	0	0	0	0	0	0	0	0	0	112.676056	42.253521	281.690141	64.788732	146.478873	53.521127	185.915493	81.690141	19.71831	22.535211	19.71831	0	0	11.267606	28.169014	11.267606	5.633803	5.633803	59.15493	2.816901
35542.txt	maiores_notas	87.378641	6.472492	87.378641	6.472492	12.944984	12.944984	6.472492	0	0	0	0	0	3.236246	0	0	0	0	0	6.472492	3.236246	12.944984	0	9.708738	6.472492	16.18123	0	0	0	0	29.126214	291.262136	155.339806	71.197411	45.307443	3.236246	0	9.708738	48.543689	0	45.307443	19.417476	25.889968	64.724919	0	64.724919	9.708738	35.598706	32.36246	6.472492	6.472492	0	3.236246	19.417476	64.724919	6.472492	16.18123	58.252427	55.016181	29.126214	12.944984	9.708738	3.236246	0	0	3.236246	3.236246	0	0	19.417476	9.708738	0	3.236246	9.708738	0	0	0	0	0	0	0	0	51.779935	9.708738	3.236246	0	0	0	0	0	0	0	0	0	16.18123	0	0	0	12.944984	6.472492	6.472492	3.236246	0	0	16.18123	64.724919	6.472492	6.472492	0	16.18123	0	3.236246	0	12.944984	9.708738	0	12.944984	0	0	0	0	9.708738	0	0	0	0	0	0	0	19.417476	122.977346	0	90.614887	0	74.433657	3.236246	6.472492	0	0	0	0	0	0	0	12.944984	6.472492	45.307443	3.236246	0	0	16.18123	12.944984	0	3.236246	0	0	0	0	0	6.472492	0	0	0	0	0	6.472492	3.236246	6.472492	0	0	6.472492	3.236246	0	0	0	3.236246	0	0	0	0	0	12.944984	0	0	0	0	0	0	0	0	3.236246	0	0	0	0	0	0	0	3.236246	0	0	0	0	0	0	0	9.708738	0	0	6.472492	0	0	0	0	0	0	0	0	0	0	0	0	0	0	0	0	0	0	0	0	3.236246	0	0	0	181.229773	25.889968	320.38835	93.851133	84.142395	71.197411	213.592233	103.559871	19.417476	16.18123	16.18123	0	0	12.944984	3.236246	16.18123	0	0	16.18123	0
35647.txt	maiores_notas	94.155844	25.974026	51.948052	3.246753	12.987013	38.961039	0	0	0	0	0	9.74026	6.493506	6.493506	0	6.493506	25.974026	0	0	9.74026	12.987013	0	9.74026	3.246753	32.467532	12.987013	6.493506	0	3.246753	48.701299	224.025974	77.922078	142.857143	35.714286	6.493506	3.246753	0	32.467532	9.74026	29.220779	19.480519	6.493506	48.701299	0	25.974026	22.727273	9.74026	16.233766	0	3.246753	0	0	9.74026	19.480519	6.493506	3.246753	19.480519	152.597403	19.480519	25.974026	19.480519	0	12.987013	16.233766	16.233766	0	6.493506	6.493506	45.454545	9.74026	6.493506	0	3.246753	6.493506	0	6.493506	0	0	0	3.246753	6.493506	6.493506	38.961039	51.948052	0	0	0	0	0	0	0	6.493506	0	0	0	3.246753	0	0	0	9.74026	38.961039	0	25.974026	19.480519	97.402597	0	0	0	6.493506	0	6.493506	6.493506	3.246753	9.74026	0	9.74026	6.493506	3.246753	0	0	9.74026	0	0	0	0	0	0	6.493506	0	81.168831	25.974026	55.194805	0	61.688312	0	0	6.493506	3.246753	0	3.246753	0	0	6.493506	3.246753	0	32.467532	25.974026	0	0	12.987013	3.246753	0	38.961039	25.974026	9.74026	0	29.220779	3.246753	6.493506	0	0	0	0	0	6.493506	0	0	6.493506	0	3.246753	0	0	0	0	0	0	0	0	0	0	0	3.246753	0	0	0	0	0	3.246753	0	0	0	0	0	6.493506	12.987013	3.246753	0	3.246753	19.480519	0	0	0	0	0	0	0	0	0	0	0	0	0	0	0	0	0	0	0	0	0	0	0	0	0	0	0	0	0	0	0	0	0	0	172.077922	61.688312	272.727273	51.948052	172.077922	35.714286	162.337662	84.415584	0	12.987013	0	0	0	3.246753	38.961039	3.246753	9.74026	9.74026	84.415584	29.220779
35733.txt	maiores_notas	79.710145	14.492754	105.072464	21.73913	7.246377	14.492754	10.869565	3.623188	0	0	0	0	10.869565	0	0	0	7.246377	0	0	0	21.73913	0	3.623188	0	14.492754	0	0	0	0	50.724638	307.971014	148.550725	72.463768	39.855072	3.623188	7.246377	0	65.217391	21.73913	57.971014	28.985507	21.73913	39.855072	21.73913	36.231884	14.492754	39.855072	32.608696	3.623188	3.623188	0	3.623188	18.115942	50.724638	0	10.869565	50.724638	76.086957	7.246377	10.869565	3.623188	7.246377	10.869565	0	36.231884	3.623188	0	3.623188	57.971014	0	0	3.623188	3.623188	0	0	0	3.623188	0	0	0	0	43.478261	10.869565	7.246377	0	3.623188	0	0	0	0	3.623188	3.623188	0	0	0	0	0	14.492754	3.623188	3.623188	14.492754	0	10.869565	21.73913	65.217391	7.246377	14.492754	0	10.869565	0	3.623188	0	3.623188	0	0	0	0	0	0	0	0	0	0	0	0	0	0	0	10.869565	112.318841	14.492754	105.072464	0	18.115942	0	0	0	0	0	0	0	0	7.246377	7.246377	3.623188	18.115942	0	3.623188	0	21.73913	7.246377	0	10.869565	10.869565	3.623188	0	3.623188	0	7.246377	0	0	0	0	0	18.115942	3.623188	0	10.869565	0	3.623188	3.623188	0	0	0	0	0	0	0	0	0	7.246377	0	0	0	0	0	0	3.623188	0	3.623188	0	0	0	0	3.623188	0	0	3.623188	7.246377	0	0	0	0	0	0	14.492754	0	0	0	0	0	0	0	0	0	0	0	0	0	0	0	0	0	0	0	0	0	0	0	0	0	0	0	94.202899	28.985507	358.695652	86.956522	119.565217	28.985507	224.637681	39.855072	25.362319	21.73913	14.492754	0	0	7.246377	14.492754	10.869565	3.623188	0	47.101449	3.623188
35734.txt	maiores_notas	51.801802	15.765766	29.279279	6.756757	15.765766	9.009009	29.279279	0	0	0	0	24.774775	6.756757	6.756757	4.504505	0	2.252252	0	15.765766	20.27027	18.018018	6.756757	11.261261	4.504505	29.279279	36.036036	15.765766	4.504505	9.009009	27.027027	191.441441	38.288288	72.072072	47.297297	4.504505	2.252252	2.252252	18.018018	4.504505	11.261261	31.531532	2.252252	31.531532	0	40.540541	24.774775	2.252252	20.27027	11.261261	2.252252	2.252252	0	15.765766	27.027027	6.756757	0	2.252252	159.90991	47.297297	31.531532	22.522523	9.009009	22.522523	22.522523	18.018018	0	18.018018	15.765766	24.774775	2.252252	6.756757	15.765766	9.009009	6.756757	4.504505	0	6.756757	0	4.504505	4.504505	0	58.558559	47.297297	27.027027	2.252252	4.504505	4.504505	4.504505	2.252252	0	0	0	2.252252	4.504505	4.504505	2.252252	0	4.504505	0	0	54.054054	2.252252	2.252252	24.774775	141.891892	0	11.261261	0	13.513514	9.009009	9.009009	11.261261	0	6.756757	0	9.009009	9.009009	0	0	0	6.756757	0	0	0	0	0	0	6.756757	4.504505	110.36036	6.756757	29.279279	4.504505	51.801802	0	4.504505	2.252252	0	0	11.261261	0	0	2.252252	2.252252	4.504505	29.279279	27.027027	0	0	18.018018	2.252252	4.504505	56.306306	2.252252	2.252252	0	63.063063	0	2.252252	0	0	2.252252	2.252252	0	6.756757	6.756757	4.504505	4.504505	0	0	2.252252	0	0	0	0	0	0	0	0	0	2.252252	0	0	0	4.504505	0	6.756757	13.513514	0	0	0	0	0	2.252252	24.774775	0	0	2.252252	4.504505	0	0	0	0	0	0	4.504505	0	0	0	2.252252	4.504505	2.252252	0	0	0	0	0	0	0	0	0	0	0	0	0	0	0	0	0	0	0	2.252252	0	67.567568	94.594595	218.468468	67.567568	207.207207	51.801802	146.396396	78.828829	11.261261	18.018018	6.756757	6.756757	0	2.252252	81.081081	2.252252	15.765766	9.009009	83.333333	69.81982
35750.txt	maiores_notas	85.106383	0	68.085106	12.765957	12.765957	25.531915	4.255319	0	0	0	0	0	29.787234	4.255319	4.255319	4.255319	12.765957	0	4.255319	4.255319	17.021277	0	8.510638	4.255319	29.787234	0	0	0	0	17.021277	263.829787	144.680851	89.361702	29.787234	12.765957	4.255319	12.765957	25.531915	0	25.531915	21.276596	12.765957	46.808511	4.255319	51.06383	4.255319	25.531915	17.021277	17.021277	8.510638	0	8.510638	29.787234	46.808511	4.255319	12.765957	51.06383	97.87234	21.276596	12.765957	0	0	4.255319	0	4.255319	0	4.255319	4.255319	42.553191	4.255319	0	4.255319	0	0	0	0	0	4.255319	0	0	0	59.574468	17.021277	0	0	4.255319	0	0	0	0	0	0	0	0	0	4.255319	0	8.510638	8.510638	8.510638	38.297872	0	0	12.765957	80.851064	4.255319	4.255319	0	4.255319	0	21.276596	8.510638	0	12.765957	0	21.276596	8.510638	0	4.255319	0	12.765957	0	0	4.255319	0	0	4.255319	4.255319	17.021277	97.87234	12.765957	68.085106	0	55.319149	0	12.765957	4.255319	0	0	0	0	0	0	8.510638	8.510638	34.042553	21.276596	4.255319	0	17.021277	8.510638	0	38.297872	0	0	0	4.255319	0	21.276596	0	0	0	0	0	8.510638	4.255319	4.255319	4.255319	0	0	0	0	0	0	0	0	0	4.255319	0	0	8.510638	0	0	0	0	0	0	4.255319	0	0	0	0	0	4.255319	21.276596	0	0	12.765957	12.765957	0	0	0	0	0	0	8.510638	0	0	0	0	0	0	0	0	0	0	0	0	0	0	0	0	0	0	0	0	0	0	0	0	0	0	0	153.191489	51.06383	280.851064	76.595745	119.148936	55.319149	178.723404	89.361702	17.021277	17.021277	8.510638	0	0	8.510638	38.297872	8.510638	4.255319	0	51.06383	0
35763.txt	maiores_notas	96.153846	19.230769	60.096154	4.807692	7.211538	9.615385	7.211538	2.403846	0	0	0	0	0	4.807692	0	0	2.403846	0	9.615385	7.211538	31.25	0	12.019231	4.807692	16.826923	0	0	0	0	16.826923	235.576923	117.788462	96.153846	14.423077	2.403846	9.615385	2.403846	43.269231	0	36.057692	16.826923	0	28.846154	2.403846	33.653846	7.211538	43.269231	31.25	0	4.807692	0	2.403846	16.826923	52.884615	2.403846	12.019231	50.480769	93.75	31.25	24.038462	2.403846	0	4.807692	0	0	9.615385	7.211538	12.019231	26.442308	14.423077	4.807692	0	0	0	0	2.403846	2.403846	4.807692	0	4.807692	2.403846	55.288462	26.442308	2.403846	0	0	0	2.403846	0	0	0	0	0	0	4.807692	2.403846	0	12.019231	4.807692	7.211538	28.846154	0	7.211538	7.211538	86.538462	0	12.019231	0	14.423077	0	9.615385	9.615385	4.807692	7.211538	0	16.826923	2.403846	0	0	0	7.211538	0	0	0	0	0	0	7.211538	4.807692	112.980769	16.826923	60.096154	7.211538	45.673077	0	4.807692	7.211538	0	0	0	0	0	14.423077	0	2.403846	31.25	14.423077	0	0	31.25	0	0	28.846154	4.807692	0	0	0	0	14.423077	0	0	0	0	0	24.038462	0	7.211538	0	0	0	0	0	0	0	0	0	0	0	0	0	0	0	0	0	0	0	0	9.615385	2.403846	0	0	0	0	2.403846	7.211538	0	0	0	14.423077	0	0	0	0	0	0	9.615385	0	0	0	0	0	0	0	0	0	0	0	0	0	0	0	0	0	0	0	0	0	0	0	2.403846	7.211538	0	0	175.480769	62.5	252.403846	81.730769	129.807692	64.903846	189.903846	74.519231	16.826923	31.25	9.615385	0	0	0	28.846154	0	12.019231	0	43.269231	9.615385
35789.txt	maiores_notas	85.820896	18.656716	55.970149	37.313433	0	14.925373	7.462687	0	0	0	0	3.731343	7.462687	0	0	0	3.731343	0	7.462687	0	29.850746	0	3.731343	0	11.19403	7.462687	0	0	7.462687	22.38806	279.850746	134.328358	97.014925	41.044776	3.731343	0	18.656716	22.38806	3.731343	29.850746	14.925373	14.925373	85.820896	0	29.850746	14.925373	52.238806	14.925373	3.731343	3.731343	0	0	3.731343	78.358209	0	29.850746	59.701493	108.208955	48.507463	26.119403	11.19403	7.462687	3.731343	0	18.656716	3.731343	0	18.656716	37.313433	11.19403	3.731343	14.925373	3.731343	0	7.462687	0	11.19403	3.731343	11.19403	7.462687	0	74.626866	22.38806	3.731343	0	0	0	3.731343	0	0	11.19403	0	0	0	0	0	0	18.656716	3.731343	3.731343	33.58209	3.731343	0	22.38806	104.477612	0	18.656716	0	0	7.462687	3.731343	0	11.19403	11.19403	0	3.731343	0	0	0	0	11.19403	0	0	0	0	3.731343	0	0	3.731343	52.238806	14.925373	67.164179	3.731343	18.656716	0	7.462687	14.925373	0	3.731343	0	0	0	0	7.462687	3.731343	11.19403	3.731343	7.462687	0	29.850746	7.462687	0	18.656716	0	0	0	3.731343	0	3.731343	0	0	0	3.731343	0	26.119403	0	0	3.731343	0	3.731343	3.731343	0	0	0	0	0	0	0	0	0	7.462687	0	0	0	0	0	0	14.925373	0	0	0	7.462687	0	0	11.19403	0	0	3.731343	3.731343	0	0	0	0	0	0	3.731343	7.462687	0	0	0	0	0	0	0	0	0	0	0	0	3.731343	0	0	0	0	0	0	0	0	0	0	3.731343	0	0	160.447761	48.507463	302.238806	97.014925	171.641791	33.58209	134.328358	55.970149	22.38806	29.850746	11.19403	0	3.731343	7.462687	33.58209	22.38806	26.119403	3.731343	55.970149	7.462687
35819.txt	maiores_notas	97.222222	13.888889	122.222222	19.444444	5.555556	5.555556	5.555556	0	0	0	0	0	2.777778	2.777778	0	0	2.777778	2.777778	5.555556	0	11.111111	2.777778	11.111111	0	5.555556	0	0	0	0	19.444444	300	188.888889	75	33.333333	25	2.777778	16.666667	66.666667	8.333333	61.111111	33.333333	33.333333	50	11.111111	130.555556	11.111111	88.888889	25	13.888889	11.111111	0	5.555556	16.666667	113.888889	2.777778	58.333333	105.555556	52.777778	25	13.888889	2.777778	8.333333	0	0	11.111111	0	0	0	16.666667	11.111111	2.777778	0	2.777778	0	0	0	0	0	0	0	0	27.777778	16.666667	2.777778	0	5.555556	0	0	0	0	0	0	0	5.555556	0	0	0	16.666667	0	0	5.555556	0	2.777778	16.666667	52.777778	0	16.666667	0	0	0	5.555556	5.555556	5.555556	0	0	0	5.555556	0	0	0	0	0	0	0	0	0	0	5.555556	2.777778	91.666667	66.666667	136.111111	0	36.111111	0	5.555556	5.555556	0	0	0	0	0	19.444444	0	5.555556	33.333333	2.777778	0	0	8.333333	0	2.777778	5.555556	2.777778	5.555556	0	5.555556	0	2.777778	0	0	0	0	0	8.333333	0	0	5.555556	0	0	0	0	0	0	0	0	0	0	0	0	0	0	0	0	0	0	0	0	0	0	0	0	0	0	5.555556	0	0	0	2.777778	0	0	0	0	0	0	5.555556	0	0	0	0	0	0	0	0	0	0	0	0	0	0	0	0	0	0	0	0	0	0	0	0	0	0	0	230.555556	61.111111	319.444444	138.888889	77.777778	16.666667	244.444444	72.222222	16.666667	8.333333	5.555556	0	0	0	5.555556	0	0	5.555556	22.222222	5.555556
35865.txt	maiores_notas	115.384615	6.410256	86.538462	22.435897	0	6.410256	0	0	0	0	0	0	6.410256	3.205128	0	0	6.410256	0	12.820513	3.205128	22.435897	0	16.025641	6.410256	6.410256	3.205128	0	0	3.205128	35.25641	294.871795	137.820513	99.358974	32.051282	9.615385	6.410256	3.205128	57.692308	0	64.102564	54.487179	9.615385	51.282051	3.205128	48.076923	6.410256	16.025641	28.846154	0	6.410256	0	9.615385	9.615385	35.25641	0	3.205128	25.641026	105.769231	25.641026	19.230769	12.820513	3.205128	6.410256	6.410256	32.051282	3.205128	0	6.410256	57.692308	9.615385	3.205128	3.205128	9.615385	0	0	0	3.205128	3.205128	0	3.205128	0	51.282051	22.435897	6.410256	0	0	0	0	0	0	3.205128	0	0	3.205128	3.205128	0	0	19.230769	0	0	22.435897	0	16.025641	35.25641	80.128205	0	19.230769	0	3.205128	0	12.820513	3.205128	0	6.410256	0	6.410256	3.205128	0	0	0	6.410256	0	0	0	0	0	6.410256	3.205128	9.615385	89.74359	16.025641	86.538462	0	25.641026	3.205128	3.205128	19.230769	0	0	0	0	0	3.205128	0	12.820513	22.435897	0	3.205128	0	22.435897	0	0	22.435897	16.025641	6.410256	0	0	0	3.205128	0	0	0	0	0	22.435897	0	0	9.615385	0	0	0	0	0	0	0	0	0	0	0	0	0	0	0	0	0	0	0	6.410256	0	3.205128	0	0	0	0	12.820513	0	0	6.410256	0	0	0	0	0	0	6.410256	12.820513	0	0	0	0	0	0	0	0	0	6.410256	0	0	0	0	0	0	0	0	0	0	0	0	0	6.410256	0	0	0	208.333333	54.487179	336.538462	54.487179	153.846154	28.846154	192.307692	67.307692	28.846154	22.435897	19.230769	6.410256	0	0	25.641026	0	6.410256	3.205128	73.717949	6.410256
35867.txt	maiores_notas	76.086957	14.492754	50.724638	10.869565	3.623188	21.73913	21.73913	0	0	0	0	0	3.623188	0	0	0	3.623188	0	3.623188	0	32.608696	0	10.869565	0	18.115942	0	0	0	0	32.608696	253.623188	43.478261	195.652174	32.608696	7.246377	18.115942	3.623188	21.73913	14.492754	10.869565	47.101449	3.623188	54.347826	0	25.362319	3.623188	18.115942	18.115942	3.623188	7.246377	0	3.623188	10.869565	32.608696	0	10.869565	25.362319	105.072464	54.347826	28.985507	0	7.246377	0	3.623188	10.869565	0	7.246377	0	43.478261	10.869565	0	7.246377	0	0	0	0	0	0	0	0	0	94.202899	14.492754	0	0	0	0	0	0	0	3.623188	0	0	0	0	0	0	25.362319	0	0	3.623188	0	14.492754	28.985507	90.57971	18.115942	36.231884	0	10.869565	0	7.246377	25.362319	3.623188	7.246377	0	10.869565	25.362319	0	3.623188	0	3.623188	3.623188	0	3.623188	0	0	7.246377	25.362319	0	108.695652	7.246377	50.724638	0	57.971014	0	10.869565	0	0	0	0	0	0	10.869565	3.623188	0	28.985507	25.362319	0	0	32.608696	3.623188	0	3.623188	10.869565	0	0	14.492754	0	0	0	0	0	0	0	28.985507	3.623188	3.623188	0	0	0	0	0	0	0	0	0	0	0	0	0	0	0	0	0	0	0	0	0	0	0	0	0	0	0	0	0	0	3.623188	0	0	0	0	0	0	0	0	0	0	0	0	0	0	0	0	0	0	0	0	0	0	0	0	0	0	0	0	0	0	0	3.623188	0	0	0	90.57971	65.217391	300.724638	50.724638	159.42029	61.594203	166.666667	79.710145	54.347826	32.608696	0	0	0	3.623188	3.623188	0	0	32.608696	47.101449	18.115942
35892.txt	maiores_notas	90.909091	3.030303	130.30303	12.121212	6.060606	9.090909	18.181818	0	0	0	0	0	15.151515	3.030303	3.030303	0	6.060606	0	3.030303	3.030303	21.212121	0	0	12.121212	12.121212	3.030303	0	0	3.030303	45.454545	200	115.151515	69.69697	27.272727	15.151515	9.090909	6.060606	60.606061	12.121212	51.515152	39.393939	12.121212	60.606061	9.090909	36.363636	9.090909	30.30303	21.212121	3.030303	6.060606	0	0	6.060606	60.606061	0	6.060606	36.363636	87.878788	45.454545	36.363636	6.060606	3.030303	3.030303	3.030303	3.030303	6.060606	0	0	39.393939	21.212121	6.060606	6.060606	3.030303	0	0	0	0	0	0	0	0	51.515152	6.060606	3.030303	0	0	0	0	0	0	6.060606	0	0	15.151515	6.060606	0	0	24.242424	6.060606	3.030303	24.242424	0	9.090909	39.393939	60.606061	12.121212	15.151515	0	15.151515	0	9.090909	6.060606	6.060606	0	0	3.030303	6.060606	0	0	0	0	0	0	0	0	0	0	6.060606	18.181818	84.848485	30.30303	130.30303	0	27.272727	6.060606	0	0	0	6.060606	0	0	0	3.030303	0	9.090909	27.272727	0	0	0	21.212121	0	0	24.242424	9.090909	0	0	0	0	12.121212	0	0	0	0	0	15.151515	0	6.060606	18.181818	0	0	0	0	0	0	0	0	0	0	0	0	0	0	0	0	0	0	0	0	0	0	0	0	0	15.151515	12.121212	0	0	0	15.151515	0	0	0	0	0	0	9.090909	0	0	0	0	0	0	0	0	0	0	0	0	0	0	0	0	0	0	0	0	0	0	0	0	0	0	0	93.939394	42.424242	318.181818	75.757576	136.363636	45.454545	218.181818	51.515152	33.333333	21.212121	9.090909	0	0	0	24.242424	0	0	6.060606	27.272727	0
35928.txt	maiores_notas	80.41958	13.986014	59.440559	3.496503	10.48951	6.993007	3.496503	0	0	0	0	0	6.993007	0	0	3.496503	6.993007	0	3.496503	13.986014	27.972028	0	3.496503	6.993007	20.979021	3.496503	3.496503	0	0	13.986014	276.223776	146.853147	118.881119	27.972028	6.993007	6.993007	24.475524	27.972028	0	34.965035	48.951049	10.48951	41.958042	0	31.468531	17.482517	45.454545	13.986014	6.993007	6.993007	0	0	3.496503	52.447552	0	20.979021	59.440559	132.867133	17.482517	17.482517	6.993007	0	0	3.496503	27.972028	10.48951	0	10.48951	48.951049	17.482517	0	0	0	3.496503	3.496503	0	0	10.48951	0	0	0	45.454545	31.468531	0	0	6.993007	0	0	0	0	13.986014	0	0	0	0	0	0	0	0	6.993007	31.468531	10.48951	6.993007	24.475524	83.916084	0	0	0	0	0	3.496503	10.48951	0	17.482517	0	0	0	0	0	0	13.986014	3.496503	0	0	0	10.48951	0	0	0	94.405594	24.475524	59.440559	6.993007	48.951049	6.993007	0	0	0	0	6.993007	0	13.986014	3.496503	10.48951	3.496503	38.461538	17.482517	0	0	31.468531	10.48951	0	27.972028	6.993007	6.993007	0	10.48951	0	0	0	0	0	0	0	20.979021	3.496503	6.993007	13.986014	0	3.496503	0	0	0	0	0	0	6.993007	0	0	0	10.48951	0	0	0	0	0	0	13.986014	0	3.496503	0	0	0	3.496503	6.993007	0	0	6.993007	0	0	0	0	0	0	0	3.496503	0	0	0	0	0	0	0	0	0	0	0	0	0	6.993007	0	0	0	0	0	0	0	0	0	0	0	0	0	153.846154	55.944056	293.706294	80.41958	150.34965	31.468531	178.321678	83.916084	0	31.468531	3.496503	0	6.993007	10.48951	31.468531	10.48951	10.48951	10.48951	41.958042	10.48951
35934.txt	maiores_notas	93.632959	7.490637	59.925094	22.47191	3.745318	14.981273	3.745318	0	0	0	3.745318	0	3.745318	0	0	0	3.745318	0	3.745318	7.490637	11.235955	0	11.235955	0	18.726592	3.745318	0	0	3.745318	14.981273	284.644195	164.794007	86.142322	14.981273	11.235955	3.745318	3.745318	41.198502	0	48.689139	22.47191	7.490637	67.41573	3.745318	44.94382	11.235955	29.962547	29.962547	18.726592	3.745318	0	0	22.47191	52.434457	0	26.217228	56.179775	112.359551	41.198502	18.726592	18.726592	3.745318	0	0	11.235955	3.745318	7.490637	7.490637	41.198502	3.745318	0	3.745318	18.726592	0	0	0	7.490637	0	3.745318	7.490637	0	44.94382	7.490637	22.47191	0	7.490637	0	0	0	0	11.235955	3.745318	3.745318	0	7.490637	0	0	14.981273	0	3.745318	11.235955	0	18.726592	29.962547	82.397004	0	14.981273	0	7.490637	0	3.745318	7.490637	0	0	0	0	3.745318	0	0	0	0	0	0	0	0	0	0	3.745318	11.235955	93.632959	22.47191	59.925094	0	26.217228	0	7.490637	3.745318	7.490637	0	0	0	0	14.981273	18.726592	3.745318	22.47191	3.745318	0	0	11.235955	18.726592	3.745318	7.490637	14.981273	0	0	0	0	3.745318	0	0	0	0	0	11.235955	0	0	14.981273	0	7.490637	3.745318	0	0	7.490637	0	0	0	0	0	0	14.981273	7.490637	0	0	0	0	0	3.745318	0	0	0	0	0	0	3.745318	0	0	3.745318	0	0	0	0	0	0	0	11.235955	0	0	0	0	0	0	0	0	0	0	0	0	0	0	0	0	0	0	0	0	0	0	0	0	0	0	0	101.123596	29.962547	299.625468	86.142322	161.048689	29.962547	176.029963	63.670412	14.981273	11.235955	11.235955	0	0	22.47191	11.235955	22.47191	11.235955	3.745318	59.925094	0
35994.txt	maiores_notas	104.247104	11.583012	111.969112	23.166023	3.861004	11.583012	11.583012	0	0	0	0	0	15.444015	0	0	0	0	0	15.444015	0	11.583012	0	15.444015	0	11.583012	3.861004	0	0	3.861004	27.027027	305.019305	135.135135	131.274131	38.610039	0	0	3.861004	88.803089	11.583012	100.3861	61.776062	3.861004	46.332046	11.583012	38.610039	11.583012	34.749035	30.888031	0	3.861004	0	0	7.722008	57.915058	0	11.583012	34.749035	88.803089	27.027027	15.444015	0	3.861004	0	3.861004	27.027027	3.861004	3.861004	7.722008	54.054054	7.722008	0	3.861004	3.861004	3.861004	3.861004	0	3.861004	3.861004	0	3.861004	0	38.610039	15.444015	3.861004	0	0	0	0	0	0	27.027027	0	0	0	7.722008	0	0	15.444015	15.444015	3.861004	15.444015	0	11.583012	15.444015	73.359073	7.722008	7.722008	0	7.722008	0	7.722008	7.722008	0	0	0	3.861004	3.861004	0	0	0	0	0	0	0	0	0	0	3.861004	11.583012	65.637066	15.444015	131.274131	0	27.027027	0	3.861004	0	0	0	0	0	0	3.861004	15.444015	3.861004	19.305019	7.722008	3.861004	0	11.583012	15.444015	0	15.444015	11.583012	3.861004	0	0	0	15.444015	0	0	0	0	0	11.583012	0	0	3.861004	0	0	3.861004	3.861004	0	3.861004	0	0	0	0	0	0	3.861004	11.583012	0	0	0	0	0	11.583012	0	0	0	0	0	0	7.722008	0	0	7.722008	7.722008	0	0	0	0	0	0	7.722008	0	0	0	0	0	0	0	0	0	0	0	0	0	0	0	0	0	0	0	0	0	0	0	3.861004	0	0	0	115.830116	42.471042	332.046332	73.359073	123.552124	30.888031	212.355212	54.054054	30.888031	11.583012	7.722008	0	0	15.444015	15.444015	15.444015	7.722008	7.722008	42.471042	0
36006.txt	maiores_notas	124.378109	12.437811	57.21393	17.412935	2.487562	7.462687	9.950249	0	0	0	0	4.975124	17.412935	2.487562	2.487562	0	7.462687	0	14.925373	4.975124	14.925373	0	7.462687	2.487562	9.950249	9.950249	0	0	9.950249	4.975124	268.656716	144.278607	94.527363	32.338308	4.975124	9.950249	2.487562	57.21393	2.487562	49.751244	19.900498	7.462687	54.726368	0	47.263682	34.825871	24.875622	39.800995	9.950249	4.975124	0	7.462687	12.437811	59.701493	0	17.412935	59.701493	74.626866	44.776119	32.338308	2.487562	7.462687	0	0	22.38806	7.462687	2.487562	2.487562	27.363184	4.975124	0	0	0	0	4.975124	0	2.487562	0	0	2.487562	0	74.626866	7.462687	2.487562	0	7.462687	0	0	0	0	4.975124	0	0	2.487562	0	0	0	4.975124	9.950249	9.950249	12.437811	0	9.950249	19.900498	92.039801	0	4.975124	0	9.950249	0	7.462687	7.462687	4.975124	2.487562	0	12.437811	9.950249	0	0	0	2.487562	0	0	0	0	0	4.975124	7.462687	4.975124	67.164179	17.412935	57.21393	2.487562	39.800995	4.975124	9.950249	12.437811	2.487562	2.487562	4.975124	2.487562	0	2.487562	12.437811	2.487562	37.313433	4.975124	0	0	14.925373	9.950249	0	12.437811	9.950249	2.487562	0	0	0	14.925373	0	0	0	0	0	9.950249	2.487562	2.487562	4.975124	0	0	7.462687	0	0	2.487562	0	0	0	0	0	0	7.462687	2.487562	0	0	2.487562	0	0	2.487562	0	0	0	0	0	0	4.975124	0	0	4.975124	12.437811	0	0	0	0	0	2.487562	9.950249	0	0	0	0	0	0	0	0	0	2.487562	0	0	0	0	0	0	0	0	0	0	0	0	0	4.975124	2.487562	0	0	194.029851	44.776119	273.631841	106.965174	121.890547	47.263682	141.791045	87.064677	14.925373	14.925373	12.437811	2.487562	0	9.950249	12.437811	9.950249	2.487562	14.925373	42.288557	4.975124
36030.txt	maiores_notas	116.27907	16.611296	83.056478	9.966777	0	6.644518	6.644518	3.322259	0	0	0	3.322259	0	0	0	0	0	0	3.322259	0	16.611296	0	9.966777	3.322259	6.644518	3.322259	0	0	3.322259	16.611296	275.747508	159.468439	99.667774	23.255814	6.644518	9.966777	9.966777	46.511628	3.322259	56.478405	26.578073	3.322259	93.023256	36.54485	63.122924	16.611296	29.900332	33.222591	9.966777	0	0	0	13.289037	79.734219	3.322259	13.289037	29.900332	86.378738	56.478405	36.54485	6.644518	6.644518	3.322259	0	16.611296	13.289037	3.322259	6.644518	53.156146	6.644518	0	0	6.644518	0	3.322259	0	6.644518	0	6.644518	6.644518	0	66.445183	9.966777	9.966777	0	0	0	0	0	0	19.933555	0	0	0	13.289037	0	0	23.255814	3.322259	6.644518	16.611296	0	9.966777	16.611296	86.378738	0	23.255814	0	9.966777	0	3.322259	6.644518	0	9.966777	0	3.322259	0	3.322259	0	0	9.966777	0	0	0	0	0	0	6.644518	0	76.41196	6.644518	83.056478	0	19.933555	0	6.644518	6.644518	0	0	0	0	0	0	26.578073	9.966777	13.289037	3.322259	0	0	16.611296	26.578073	0	16.611296	3.322259	0	0	0	0	6.644518	0	0	0	0	0	6.644518	6.644518	3.322259	3.322259	0	3.322259	3.322259	3.322259	0	9.966777	0	0	0	0	0	0	6.644518	19.933555	0	0	0	0	0	6.644518	0	0	0	0	0	0	6.644518	0	0	0	6.644518	0	0	0	0	0	0	9.966777	0	0	0	0	0	0	0	0	0	0	0	0	0	0	0	0	0	0	0	0	0	0	0	6.644518	0	0	0	132.890365	13.289037	292.358804	109.634551	142.857143	29.900332	166.112957	43.189369	26.578073	16.611296	9.966777	0	0	26.578073	16.611296	19.933555	13.289037	9.966777	43.189369	6.644518
36064.txt	maiores_notas	102.836879	7.092199	67.375887	10.638298	14.184397	7.092199	14.184397	3.546099	0	0	0	0	7.092199	7.092199	3.546099	3.546099	10.638298	0	7.092199	3.546099	7.092199	0	7.092199	0	7.092199	0	0	0	0	28.368794	283.687943	85.106383	124.113475	28.368794	10.638298	7.092199	0	63.829787	0	31.914894	42.553191	10.638298	35.460993	7.092199	39.007092	10.638298	24.822695	31.914894	0	7.092199	0	3.546099	17.730496	53.191489	0	7.092199	46.099291	99.29078	35.460993	14.184397	0	0	0	0	10.638298	7.092199	10.638298	7.092199	46.099291	10.638298	0	0	0	0	0	0	7.092199	0	0	7.092199	0	35.460993	28.368794	0	0	3.546099	0	0	0	0	3.546099	0	0	0	3.546099	0	0	14.184397	0	7.092199	28.368794	0	28.368794	24.822695	67.375887	3.546099	10.638298	0	3.546099	10.638298	3.546099	3.546099	0	3.546099	0	3.546099	3.546099	0	0	0	3.546099	0	0	0	0	0	0	0	7.092199	81.560284	10.638298	74.468085	0	56.737589	3.546099	3.546099	3.546099	0	0	0	0	3.546099	10.638298	0	7.092199	42.553191	3.546099	0	3.546099	7.092199	0	0	28.368794	24.822695	0	3.546099	0	0	7.092199	0	0	0	0	0	7.092199	0	0	3.546099	0	0	0	0	0	0	0	0	0	0	0	0	0	0	0	0	0	0	3.546099	10.638298	0	3.546099	0	0	0	0	10.638298	0	0	3.546099	3.546099	0	0	0	0	0	0	7.092199	0	0	0	0	0	0	0	0	0	0	0	0	0	0	0	0	0	0	0	0	0	0	0	3.546099	0	0	0	109.929078	35.460993	312.056738	81.560284	141.843972	28.368794	173.758865	85.106383	14.184397	7.092199	7.092199	0	0	0	28.368794	0	7.092199	3.546099	81.560284	3.546099
36068.txt	maiores_notas	97.122302	3.597122	82.733813	3.597122	7.194245	10.791367	7.194245	7.194245	0	0	0	0	7.194245	3.597122	0	0	10.791367	0	3.597122	0	14.388489	0	7.194245	0	10.791367	0	0	0	0	28.776978	208.633094	111.510791	89.928058	25.179856	7.194245	7.194245	7.194245	46.76259	3.597122	46.76259	35.971223	10.791367	64.748201	14.388489	50.359712	10.791367	53.956835	28.776978	0	7.194245	0	0	3.597122	97.122302	0	17.985612	68.345324	86.330935	35.971223	21.582734	0	7.194245	14.388489	0	14.388489	3.597122	7.194245	3.597122	64.748201	0	7.194245	3.597122	0	0	0	0	3.597122	0	0	3.597122	0	64.748201	14.388489	0	0	0	0	0	0	0	0	0	0	0	3.597122	0	0	3.597122	14.388489	14.388489	32.374101	3.597122	21.582734	14.388489	79.136691	0	3.597122	0	0	0	7.194245	0	0	10.791367	0	3.597122	0	0	3.597122	0	10.791367	0	0	3.597122	0	0	3.597122	0	0	75.539568	14.388489	82.733813	0	61.151079	0	3.597122	7.194245	0	0	0	0	0	7.194245	10.791367	0	46.76259	14.388489	7.194245	0	14.388489	10.791367	0	35.971223	21.582734	0	0	0	0	14.388489	0	0	0	0	0	14.388489	0	0	10.791367	0	0	0	0	0	0	0	0	0	0	0	0	10.791367	0	0	0	0	3.597122	7.194245	3.597122	0	0	0	0	0	3.597122	28.776978	0	0	7.194245	14.388489	0	0	0	0	0	0	3.597122	0	0	0	0	0	0	0	0	0	0	0	0	0	0	0	0	0	0	0	0	0	0	0	7.194245	0	0	0	100.719424	35.971223	280.57554	111.510791	140.28777	25.179856	172.661871	86.330935	17.985612	14.388489	3.597122	0	0	10.791367	35.971223	0	3.597122	3.597122	71.942446	7.194245
36074.txt	maiores_notas	81.280788	7.389163	91.133005	9.852217	7.389163	12.315271	4.926108	0	0	0	0	0	0	0	0	0	2.463054	0	9.852217	0	19.704433	0	7.389163	0	12.315271	0	0	0	0	41.871921	275.862069	93.596059	64.039409	46.79803	34.482759	4.926108	0	41.871921	2.463054	27.093596	46.79803	24.630542	27.093596	2.463054	91.133005	7.389163	59.1133	32.019704	2.463054	2.463054	0	2.463054	7.389163	83.743842	4.926108	39.408867	61.576355	81.280788	24.630542	9.852217	9.852217	0	2.463054	0	22.167488	2.463054	2.463054	9.852217	32.019704	0	0	0	9.852217	0	0	0	2.463054	2.463054	4.926108	0	0	49.261084	7.389163	4.926108	0	2.463054	0	0	0	0	4.926108	0	0	9.852217	0	0	0	7.389163	4.926108	0	17.241379	0	4.926108	17.241379	64.039409	2.463054	4.926108	0	2.463054	0	4.926108	12.315271	7.389163	7.389163	0	4.926108	9.852217	0	0	0	7.389163	0	0	0	0	2.463054	0	9.852217	12.315271	86.206897	27.093596	105.91133	0	44.334975	0	7.389163	0	0	0	0	0	9.852217	4.926108	4.926108	7.389163	34.482759	4.926108	0	0	19.704433	4.926108	0	14.778325	2.463054	0	0	0	0	7.389163	0	0	0	0	0	19.704433	0	0	7.389163	0	4.926108	0	0	0	2.463054	0	0	0	0	0	0	2.463054	2.463054	0	0	0	0	0	4.926108	0	2.463054	0	0	0	2.463054	19.704433	0	0	2.463054	4.926108	0	0	0	0	0	0	9.852217	0	0	0	0	0	0	0	0	0	0	0	0	0	0	0	0	0	0	0	0	0	0	0	2.463054	0	0	0	179.802956	29.55665	317.73399	98.522167	105.91133	56.650246	219.211823	78.817734	12.315271	19.704433	9.852217	0	0	7.389163	27.093596	9.852217	9.852217	12.315271	39.408867	2.463054
36090.txt	maiores_notas	127.906977	14.534884	66.860465	20.348837	0	26.162791	11.627907	0	0	0	0	2.906977	11.627907	2.906977	0	0	2.906977	0	2.906977	14.534884	31.976744	0	5.813953	0	31.976744	2.906977	0	0	2.906977	75.581395	209.302326	139.534884	93.023256	26.162791	17.44186	5.813953	11.627907	29.069767	5.813953	20.348837	29.069767	0	49.418605	2.906977	46.511628	8.72093	17.44186	26.162791	8.72093	14.534884	0	5.813953	14.534884	46.511628	2.906977	2.906977	40.697674	87.209302	29.069767	17.44186	5.813953	5.813953	8.72093	0	5.813953	2.906977	2.906977	2.906977	46.511628	11.627907	0	2.906977	2.906977	0	0	0	2.906977	0	0	0	0	66.860465	23.255814	5.813953	0	0	0	0	0	0	0	0	0	0	0	0	0	5.813953	14.534884	2.906977	14.534884	0	5.813953	2.906977	95.930233	0	5.813953	0	14.534884	2.906977	11.627907	5.813953	2.906977	0	0	5.813953	5.813953	0	0	0	0	0	0	0	0	0	2.906977	2.906977	17.44186	63.953488	8.72093	66.860465	0	43.604651	0	0	2.906977	0	0	0	0	0	5.813953	14.534884	0	34.883721	8.72093	0	0	31.976744	14.534884	0	14.534884	5.813953	0	0	0	0	14.534884	0	0	0	0	0	20.348837	2.906977	0	0	0	0	0	0	0	0	0	0	0	0	0	0	14.534884	0	0	0	0	0	0	2.906977	0	0	0	0	0	0	8.72093	0	0	11.627907	5.813953	0	0	0	0	0	2.906977	0	0	0	0	0	0	0	0	0	0	2.906977	0	0	0	0	0	0	0	0	0	0	0	0	0	0	0	0	0	142.44186	58.139535	284.883721	69.767442	119.186047	49.418605	139.534884	52.325581	20.348837	31.976744	2.906977	2.906977	0	14.534884	14.534884	14.534884	2.906977	5.813953	23.255814	0
36163.txt	maiores_notas	93.922652	8.287293	91.160221	22.099448	2.762431	13.812155	5.524862	0	0	0	0	0	8.287293	0	0	0	8.287293	2.762431	11.049724	2.762431	16.574586	2.762431	5.524862	0	13.812155	0	0	0	0	27.624309	254.143646	146.40884	52.486188	27.624309	13.812155	8.287293	11.049724	63.535912	2.762431	44.198895	30.38674	24.861878	55.248619	0	35.911602	27.624309	24.861878	27.624309	5.524862	13.812155	0	5.524862	0	60.773481	2.762431	16.574586	44.198895	99.447514	44.198895	30.38674	2.762431	0	2.762431	5.524862	0	2.762431	2.762431	2.762431	35.911602	5.524862	0	0	0	5.524862	2.762431	0	2.762431	0	0	2.762431	0	41.436464	16.574586	2.762431	0	2.762431	0	5.524862	0	0	2.762431	2.762431	0	11.049724	0	2.762431	0	13.812155	0	5.524862	38.674033	0	8.287293	33.149171	69.060773	8.287293	5.524862	0	13.812155	5.524862	5.524862	8.287293	0	11.049724	2.762431	5.524862	8.287293	5.524862	0	0	11.049724	0	2.762431	0	0	0	0	5.524862	5.524862	74.585635	27.624309	91.160221	0	33.149171	2.762431	2.762431	0	2.762431	0	0	0	0	2.762431	2.762431	0	30.38674	5.524862	0	0	16.574586	2.762431	0	38.674033	8.287293	5.524862	0	0	0	11.049724	0	0	0	0	0	11.049724	2.762431	2.762431	11.049724	0	0	0	0	0	2.762431	0	0	0	0	0	0	0	2.762431	0	0	0	0	0	2.762431	0	8.287293	0	0	0	2.762431	19.337017	2.762431	0	8.287293	0	2.762431	0	0	0	0	0	2.762431	0	0	0	0	0	0	0	0	0	0	0	0	0	0	0	0	0	0	0	0	0	0	0	0	0	0	0	190.607735	41.436464	279.005525	88.39779	151.933702	63.535912	190.607735	46.961326	13.812155	16.574586	2.762431	0	0	2.762431	38.674033	2.762431	2.762431	16.574586	80.110497	0
36214.txt	maiores_notas	81.081081	3.378378	91.216216	16.891892	3.378378	16.891892	3.378378	0	0	0	0	0	16.891892	3.378378	3.378378	0	13.513514	0	13.513514	3.378378	27.027027	0	13.513514	0	13.513514	0	0	0	0	20.27027	273.648649	148.648649	84.459459	33.783784	13.513514	10.135135	10.135135	81.081081	0	47.297297	27.027027	0	37.162162	10.135135	40.540541	20.27027	20.27027	30.405405	6.756757	0	0	3.378378	6.756757	54.054054	0	13.513514	33.783784	64.189189	33.783784	23.648649	6.756757	0	10.135135	0	23.648649	10.135135	0	13.513514	16.891892	13.513514	6.756757	0	0	0	0	3.378378	10.135135	3.378378	0	0	0	47.297297	13.513514	0	0	6.756757	0	0	0	0	6.756757	0	0	0	0	0	0	20.27027	6.756757	3.378378	16.891892	0	10.135135	23.648649	67.567568	16.891892	16.891892	0	20.27027	0	6.756757	0	6.756757	10.135135	0	6.756757	0	0	0	0	10.135135	0	0	0	0	0	0	0	3.378378	97.972973	30.405405	101.351351	0	30.405405	10.135135	10.135135	10.135135	3.378378	0	0	13.513514	0	3.378378	0	0	33.783784	6.756757	0	0	33.783784	0	0	3.378378	10.135135	0	3.378378	3.378378	0	16.891892	0	0	0	0	0	23.648649	3.378378	0	6.756757	0	0	0	0	0	0	0	0	0	0	0	0	0	0	0	0	0	0	0	16.891892	0	0	0	0	0	0	3.378378	0	0	3.378378	10.135135	0	0	0	0	0	0	6.756757	0	0	0	0	0	0	0	0	0	0	0	0	0	0	0	0	0	0	0	0	0	0	0	3.378378	0	0	0	87.837838	70.945946	293.918919	81.081081	121.621622	47.297297	212.837838	81.081081	37.162162	33.783784	6.756757	0	0	0	20.27027	0	13.513514	0	50.675676	6.756757
36237.txt	maiores_notas	101.083032	3.610108	43.3213	0	46.931408	0	10.830325	3.610108	0	0	3.610108	18.050542	14.440433	14.440433	7.220217	14.440433	3.610108	0	0	14.440433	18.050542	0	25.270758	0	14.440433	21.66065	7.220217	3.610108	10.830325	43.3213	216.606498	97.472924	115.523466	46.931408	7.220217	0	0	3.610108	0	7.220217	25.270758	0	46.931408	0	50.541516	18.050542	3.610108	43.3213	0	3.610108	0	0	25.270758	32.490975	0	0	7.220217	194.945848	18.050542	10.830325	28.880866	25.270758	14.440433	25.270758	10.830325	0	7.220217	14.440433	68.592058	10.830325	3.610108	7.220217	18.050542	0	0	0	3.610108	0	10.830325	3.610108	0	90.252708	32.490975	7.220217	0	10.830325	7.220217	0	10.830325	0	3.610108	0	14.440433	0	0	0	0	0	0	0	28.880866	3.610108	10.830325	10.830325	155.234657	0	0	0	0	0	7.220217	0	0	10.830325	0	3.610108	0	0	0	0	10.830325	0	0	0	0	3.610108	0	0	0	72.202166	0	43.3213	3.610108	32.490975	0	0	0	10.830325	0	3.610108	0	0	0	3.610108	0	25.270758	7.220217	0	0	18.050542	3.610108	3.610108	28.880866	10.830325	0	0	83.032491	0	0	0	0	0	0	0	3.610108	14.440433	3.610108	0	0	3.610108	0	0	0	0	0	0	0	0	0	0	0	3.610108	0	0	0	0	3.610108	3.610108	0	0	0	0	3.610108	7.220217	21.66065	0	0	10.830325	3.610108	0	0	0	0	0	0	0	0	0	0	0	0	18.050542	0	0	0	0	0	0	0	0	0	0	0	0	0	0	0	0	0	0	0	0	0	104.693141	97.472924	259.927798	75.812274	212.99639	25.270758	115.523466	50.541516	0	18.050542	0	7.220217	0	3.610108	32.490975	3.610108	14.440433	3.610108	54.151625	86.642599
36245.txt	maiores_notas	64.981949	10.830325	83.032491	0	7.220217	18.050542	7.220217	0	0	0	0	0	10.830325	0	0	3.610108	7.220217	0	7.220217	0	18.050542	0	7.220217	0	14.440433	0	0	0	0	7.220217	270.758123	176.895307	50.541516	21.66065	14.440433	10.830325	18.050542	72.202166	3.610108	54.151625	39.711191	21.66065	43.3213	10.830325	64.981949	3.610108	86.642599	32.490975	0	14.440433	0	0	21.66065	126.353791	3.610108	83.032491	115.523466	86.642599	36.101083	18.050542	10.830325	0	0	0	21.66065	7.220217	7.220217	10.830325	39.711191	7.220217	0	0	3.610108	3.610108	0	0	3.610108	3.610108	3.610108	0	0	75.812274	3.610108	0	0	0	0	3.610108	0	0	0	0	0	0	14.440433	0	0	18.050542	0	3.610108	10.830325	0	18.050542	21.66065	83.032491	3.610108	14.440433	0	18.050542	0	10.830325	3.610108	7.220217	10.830325	0	10.830325	3.610108	3.610108	0	0	10.830325	0	0	0	0	0	0	3.610108	10.830325	93.862816	14.440433	86.642599	0	21.66065	0	18.050542	0	3.610108	0	0	0	0	7.220217	0	0	18.050542	21.66065	3.610108	0	18.050542	0	0	10.830325	10.830325	3.610108	0	21.66065	7.220217	3.610108	0	0	0	0	0	18.050542	0	0	3.610108	0	0	0	0	0	0	0	0	0	0	0	0	0	0	0	0	0	0	0	7.220217	0	0	0	0	0	0	3.610108	0	0	10.830325	0	0	0	0	0	0	0	0	0	0	3.610108	0	0	0	0	0	0	0	0	0	0	0	0	0	0	0	0	0	0	0	0	3.610108	0	0	0	75.812274	36.101083	277.978339	155.234657	133.574007	64.981949	187.725632	50.541516	18.050542	21.66065	3.610108	0	0	0	14.440433	0	10.830325	7.220217	50.541516	7.220217
36260.txt	maiores_notas	48.048048	9.009009	33.033033	0	9.009009	15.015015	0	0	0	0	0	9.009009	18.018018	3.003003	9.009009	3.003003	12.012012	0	3.003003	39.039039	15.015015	0	24.024024	0	30.03003	18.018018	0	0	18.018018	120.12012	189.189189	45.045045	144.144144	108.108108	12.012012	0	3.003003	9.009009	0	9.009009	9.009009	0	72.072072	0	9.009009	39.039039	0	15.015015	0	0	0	0	3.003003	6.006006	0	0	0	171.171171	30.03003	21.021021	0	6.006006	9.009009	3.003003	21.021021	15.015015	12.012012	12.012012	66.066066	15.015015	3.003003	12.012012	0	6.006006	0	0	0	0	0	12.012012	0	3.003003	69.069069	45.045045	0	0	0	0	0	0	0	12.012012	0	0	12.012012	3.003003	0	0	0	12.012012	36.036036	3.003003	45.045045	18.018018	117.117117	0	0	0	21.021021	6.006006	0	12.012012	3.003003	36.036036	0	3.003003	6.006006	0	0	0	36.036036	0	0	0	0	3.003003	0	9.009009	9.009009	54.054054	12.012012	33.033033	0	48.048048	3.003003	12.012012	3.003003	0	0	9.009009	0	12.012012	0	0	0	18.018018	45.045045	0	0	15.015015	0	0	33.033033	45.045045	0	0	3.003003	0	0	0	0	0	0	0	6.006006	9.009009	0	0	0	0	0	0	0	0	0	0	0	0	0	0	0	0	0	0	0	0	3.003003	9.009009	0	0	0	0	0	3.003003	15.015015	0	0	15.015015	3.003003	0	0	0	0	0	0	0	0	0	0	0	0	0	0	0	0	0	0	0	0	0	0	0	0	0	0	0	3.003003	0	0	0	0	0	0	90.09009	93.093093	309.309309	48.048048	210.21021	87.087087	99.099099	87.087087	0	15.015015	0	0	3.003003	0	48.048048	0	12.012012	3.003003	99.099099	3.003003
36261.txt	maiores_notas	82.191781	13.69863	117.808219	5.479452	5.479452	5.479452	5.479452	0	0	0	0	5.479452	10.958904	0	2.739726	0	8.219178	0	0	5.479452	13.69863	0	0	0	5.479452	5.479452	0	0	5.479452	16.438356	309.589041	115.068493	82.191781	24.657534	5.479452	8.219178	5.479452	87.671233	5.479452	52.054795	54.794521	8.219178	79.452055	0	32.876712	21.917808	52.054795	19.178082	2.739726	5.479452	0	24.657534	10.958904	71.232877	0	10.958904	57.534247	71.232877	46.575342	35.616438	0	5.479452	2.739726	0	16.438356	5.479452	2.739726	8.219178	38.356164	2.739726	0	2.739726	0	0	0	0	8.219178	0	0	8.219178	0	60.273973	10.958904	5.479452	0	5.479452	0	2.739726	0	0	0	5.479452	2.739726	0	0	0	0	5.479452	0	5.479452	19.178082	0	2.739726	16.438356	84.931507	0	8.219178	0	10.958904	0	8.219178	0	0	8.219178	0	2.739726	0	0	0	0	8.219178	0	0	0	0	0	2.739726	0	2.739726	87.671233	8.219178	117.808219	2.739726	21.917808	0	8.219178	0	2.739726	0	0	0	0	5.479452	5.479452	2.739726	10.958904	10.958904	0	0	13.69863	5.479452	2.739726	19.178082	2.739726	5.479452	0	0	0	8.219178	0	0	0	0	0	10.958904	0	2.739726	8.219178	0	0	2.739726	0	0	0	0	0	0	0	0	0	2.739726	0	0	0	0	0	2.739726	8.219178	0	0	0	0	0	5.479452	8.219178	0	0	5.479452	5.479452	0	0	0	0	0	0	2.739726	0	0	2.739726	0	0	0	0	0	0	0	0	0	0	0	0	0	0	0	0	0	0	0	0	0	0	0	0	235.616438	35.616438	326.027397	104.109589	128.767123	32.876712	213.69863	41.09589	13.69863	13.69863	5.479452	0	0	5.479452	19.178082	2.739726	8.219178	2.739726	30.136986	0
36280.txt	maiores_notas	96.514745	13.404826	99.19571	13.404826	0	21.447721	5.36193	0	0	0	0	2.680965	0	2.680965	0	2.680965	0	0	5.36193	0	5.36193	0	8.042895	0	18.766756	10.723861	0	0	8.042895	10.723861	316.353887	131.367292	107.238606	21.447721	10.723861	10.723861	13.404826	61.662198	29.490617	56.300268	26.809651	5.36193	48.257373	2.680965	24.128686	13.404826	32.171582	26.809651	5.36193	5.36193	0	5.36193	13.404826	56.300268	2.680965	13.404826	56.300268	83.10992	37.533512	32.171582	5.36193	0	0	0	13.404826	8.042895	5.36193	5.36193	34.852547	5.36193	0	2.680965	5.36193	0	2.680965	2.680965	0	0	2.680965	0	2.680965	53.619303	8.042895	0	0	5.36193	0	2.680965	0	0	8.042895	0	5.36193	0	5.36193	0	0	5.36193	0	10.723861	8.042895	0	16.085791	16.085791	69.705094	0	5.36193	0	13.404826	0	5.36193	10.723861	5.36193	8.042895	5.36193	8.042895	10.723861	0	2.680965	2.680965	8.042895	0	5.36193	2.680965	0	2.680965	2.680965	5.36193	10.723861	72.386059	21.447721	99.19571	5.36193	37.533512	2.680965	0	2.680965	2.680965	0	2.680965	0	5.36193	16.085791	5.36193	0	26.809651	10.723861	0	0	5.36193	5.36193	0	8.042895	16.085791	0	0	2.680965	0	2.680965	2.680965	0	0	0	0	5.36193	0	0	10.723861	0	2.680965	0	0	2.680965	0	0	0	0	0	0	0	5.36193	0	0	0	2.680965	0	0	0	0	0	0	0	0	0	2.680965	0	0	0	0	0	0	0	0	0	5.36193	2.680965	0	0	0	0	0	0	0	0	0	5.36193	0	0	0	0	0	0	0	0	0	0	0	0	0	5.36193	0	0	0	209.115282	42.895442	327.077748	85.790885	123.324397	61.662198	179.624665	69.705094	5.36193	5.36193	8.042895	5.36193	0	5.36193	10.723861	5.36193	5.36193	24.128686	40.214477	16.085791
36330.txt	maiores_notas	79.734219	19.933555	102.990033	13.289037	0	0	19.933555	6.644518	0	0	0	0	6.644518	3.322259	0	0	6.644518	0	3.322259	3.322259	9.966777	0	0	6.644518	0	3.322259	0	0	3.322259	36.54485	252.491694	129.568106	102.990033	16.611296	9.966777	13.289037	3.322259	56.478405	0	36.54485	33.222591	13.289037	56.478405	0	63.122924	19.933555	49.833887	63.122924	3.322259	6.644518	0	0	23.255814	93.023256	0	26.578073	63.122924	69.767442	59.800664	46.511628	6.644518	0	0	0	0	3.322259	0	0	23.255814	0	0	0	6.644518	0	3.322259	0	3.322259	0	0	0	0	56.478405	9.966777	0	0	0	0	0	0	0	13.289037	0	0	0	19.933555	0	0	26.578073	0	3.322259	19.933555	0	9.966777	19.933555	66.445183	23.255814	9.966777	0	0	0	13.289037	9.966777	6.644518	3.322259	0	6.644518	9.966777	0	0	0	3.322259	0	0	0	0	3.322259	0	0	0	53.156146	33.222591	102.990033	0	36.54485	0	3.322259	0	0	0	0	0	6.644518	3.322259	16.611296	3.322259	29.900332	6.644518	0	0	13.289037	16.611296	0	19.933555	3.322259	0	3.322259	0	0	6.644518	0	0	0	0	0	6.644518	0	6.644518	9.966777	0	13.289037	0	0	0	9.966777	0	0	0	0	0	0	9.966777	6.644518	0	0	0	0	0	0	0	9.966777	0	0	0	0	13.289037	0	0	3.322259	3.322259	0	0	0	0	0	0	9.966777	0	0	0	0	0	0	0	0	0	0	0	0	0	0	0	0	0	0	0	0	0	0	0	3.322259	0	0	0	99.667774	23.255814	289.036545	136.212625	129.568106	23.255814	189.368771	69.767442	23.255814	13.289037	9.966777	0	0	16.611296	26.578073	23.255814	3.322259	9.966777	49.833887	3.322259
36349.txt	maiores_notas	82.666667	5.333333	117.333333	8	16	2.666667	2.666667	0	0	0	0	2.666667	8	0	2.666667	0	2.666667	0	13.333333	0	24	0	10.666667	5.333333	5.333333	18.666667	0	0	18.666667	10.666667	280	141.333333	98.666667	24	32	5.333333	5.333333	42.666667	16	37.333333	37.333333	2.666667	40	2.666667	29.333333	16	61.333333	32	0	5.333333	0	5.333333	13.333333	80	0	45.333333	77.333333	90.666667	16	10.666667	2.666667	13.333333	10.666667	2.666667	13.333333	2.666667	0	8	42.666667	8	0	0	0	0	2.666667	0	2.666667	0	2.666667	5.333333	0	53.333333	10.666667	8	0	0	0	2.666667	0	0	10.666667	0	2.666667	0	0	0	0	2.666667	5.333333	8	21.333333	2.666667	8	16	72	0	2.666667	0	8	2.666667	10.666667	5.333333	5.333333	5.333333	0	10.666667	5.333333	2.666667	0	0	5.333333	0	0	0	0	0	8	5.333333	13.333333	58.666667	34.666667	122.666667	2.666667	26.666667	0	0	0	0	0	2.666667	0	5.333333	8	10.666667	5.333333	21.333333	5.333333	2.666667	0	24	10.666667	0	24	8	13.333333	0	10.666667	0	8	0	0	0	0	0	13.333333	0	2.666667	13.333333	0	0	0	0	0	10.666667	0	2.666667	0	0	0	0	0	10.666667	0	0	0	0	5.333333	5.333333	0	0	0	0	0	2.666667	24	0	0	8	5.333333	0	0	2.666667	0	0	0	16	0	0	0	0	0	0	0	0	0	0	0	0	0	0	0	0	0	0	0	0	0	0	0	2.666667	2.666667	0	0	205.333333	45.333333	293.333333	109.333333	130.666667	53.333333	213.333333	50.666667	8	24	16	0	0	10.666667	34.666667	10.666667	8	16	48	21.333333
36385.txt	maiores_notas	78.767123	17.123288	75.342466	0	3.424658	0	17.123288	0	0	0	0	0	10.273973	0	10.273973	0	0	0	17.123288	13.69863	34.246575	0	17.123288	0	13.69863	3.424658	0	0	3.424658	27.39726	256.849315	119.863014	126.712329	23.972603	3.424658	6.849315	3.424658	30.821918	3.424658	34.246575	37.671233	10.273973	47.945205	10.273973	51.369863	30.821918	41.09589	27.39726	13.69863	10.273973	0	6.849315	30.821918	65.068493	0	23.972603	95.890411	75.342466	58.219178	47.945205	3.424658	0	3.424658	0	10.273973	0	6.849315	3.424658	17.123288	13.69863	0	3.424658	3.424658	0	3.424658	0	0	3.424658	0	0	0	58.219178	17.123288	3.424658	0	3.424658	0	0	0	0	0	0	3.424658	0	10.273973	3.424658	0	20.547945	0	0	13.69863	0	23.972603	23.972603	85.616438	3.424658	17.123288	0	6.849315	0	6.849315	13.69863	3.424658	3.424658	0	13.69863	10.273973	0	0	0	3.424658	0	0	0	0	0	3.424658	10.273973	10.273973	58.219178	20.547945	75.342466	3.424658	37.671233	0	0	10.273973	6.849315	0	3.424658	0	0	10.273973	0	0	27.39726	10.273973	3.424658	0	34.246575	0	0	13.69863	17.123288	13.69863	6.849315	13.69863	0	0	0	0	0	0	0	27.39726	3.424658	0	6.849315	0	0	0	0	0	0	0	3.424658	0	0	0	0	0	0	0	0	0	0	0	6.849315	0	0	3.424658	6.849315	0	0	10.273973	0	0	10.273973	0	0	0	0	0	0	0	3.424658	0	0	0	0	0	0	0	0	0	0	0	0	0	0	0	0	0	0	0	0	0	0	0	6.849315	0	0	0	95.890411	78.767123	284.246575	123.287671	136.986301	54.794521	157.534247	71.917808	20.547945	34.246575	3.424658	0	0	0	13.69863	3.424658	3.424658	10.273973	61.643836	23.972603
36403.txt	maiores_notas	97.922849	5.934718	94.95549	14.836795	2.967359	11.869436	5.934718	2.967359	0	0	0	0	5.934718	0	0	0	5.934718	0	2.967359	2.967359	5.934718	0	0	0	11.869436	2.967359	0	0	2.967359	38.575668	290.801187	74.183976	100.890208	41.543027	5.934718	0	2.967359	68.249258	5.934718	44.510386	29.673591	26.706231	41.543027	8.902077	74.183976	8.902077	32.64095	41.543027	11.869436	5.934718	0	0	23.738872	50.445104	2.967359	14.836795	41.543027	94.95549	23.738872	17.804154	11.869436	2.967359	5.934718	0	23.738872	2.967359	0	2.967359	32.64095	2.967359	0	5.934718	8.902077	0	0	0	2.967359	0	0	2.967359	0	53.412463	2.967359	0	0	2.967359	0	0	0	0	5.934718	0	0	0	0	0	0	5.934718	8.902077	0	17.804154	2.967359	14.836795	23.738872	59.347181	8.902077	5.934718	0	0	0	5.934718	0	2.967359	2.967359	0	2.967359	0	0	2.967359	0	2.967359	0	0	2.967359	0	0	2.967359	2.967359	11.869436	109.792285	17.804154	103.857567	0	38.575668	5.934718	0	2.967359	0	0	0	0	2.967359	0	8.902077	0	35.608309	8.902077	2.967359	0	5.934718	5.934718	0	17.804154	14.836795	0	0	8.902077	0	8.902077	0	0	0	0	0	5.934718	0	0	17.804154	0	2.967359	0	0	0	0	0	0	0	0	0	0	2.967359	2.967359	0	0	0	0	0	2.967359	0	5.934718	0	2.967359	0	0	2.967359	0	0	5.934718	8.902077	0	0	0	0	0	0	8.902077	0	0	0	0	0	0	0	0	0	0	0	0	0	0	0	0	0	0	0	0	0	0	0	2.967359	0	0	0	103.857567	17.804154	329.376855	83.086053	121.661721	32.64095	231.454006	62.31454	23.738872	5.934718	8.902077	0	0	5.934718	17.804154	5.934718	2.967359	2.967359	56.379822	14.836795
36415.txt	maiores_notas	100	3.225806	77.419355	25.806452	0	6.451613	6.451613	12.903226	0	0	0	3.225806	3.225806	0	0	0	0	0	3.225806	0	6.451613	0	3.225806	0	6.451613	3.225806	0	0	3.225806	29.032258	193.548387	138.709677	80.645161	29.032258	0	12.903226	3.225806	100	9.677419	74.193548	29.032258	29.032258	48.387097	0	67.741935	29.032258	54.83871	48.387097	9.677419	6.451613	0	0	25.806452	90.322581	0	38.709677	90.322581	22.580645	45.16129	35.483871	3.225806	3.225806	0	0	9.677419	3.225806	0	3.225806	3.225806	0	3.225806	3.225806	3.225806	0	0	0	3.225806	0	0	3.225806	0	45.16129	16.129032	0	0	0	0	0	0	0	0	0	0	0	0	0	0	6.451613	3.225806	6.451613	9.677419	0	0	29.032258	61.290323	0	6.451613	0	0	0	6.451613	6.451613	0	0	0	3.225806	6.451613	0	0	0	0	0	0	0	0	0	0	3.225806	16.129032	96.774194	29.032258	96.774194	0	29.032258	0	3.225806	0	0	0	0	0	0	6.451613	0	9.677419	22.580645	0	3.225806	0	6.451613	0	0	9.677419	0	0	0	0	0	3.225806	0	0	0	0	0	6.451613	0	0	19.354839	0	0	0	0	0	0	0	0	0	0	0	0	0	0	0	0	0	0	0	3.225806	0	3.225806	0	0	0	0	3.225806	0	0	0	3.225806	0	0	0	0	0	0	12.903226	0	0	0	0	0	0	0	0	0	0	0	0	0	0	0	0	3.225806	0	0	0	0	0	0	6.451613	0	0	0	103.225806	12.903226	325.806452	148.387097	70.967742	25.806452	222.580645	51.612903	9.677419	6.451613	12.903226	0	3.225806	0	9.677419	0	3.225806	6.451613	35.483871	6.451613
36436.txt	maiores_notas	53.333333	16	10.666667	16	10.666667	16	5.333333	2.666667	0	0	0	34.666667	26.666667	8	10.666667	0	18.666667	0	2.666667	10.666667	26.666667	0	8	0	21.333333	34.666667	16	0	18.666667	29.333333	130.666667	82.666667	64	16	0	0	0	0	2.666667	2.666667	16	0	45.333333	2.666667	45.333333	42.666667	0	34.666667	13.333333	0	0	0	16	29.333333	0	0	34.666667	154.666667	18.666667	58.666667	5.333333	26.666667	18.666667	0	5.333333	5.333333	0	8	48	10.666667	5.333333	34.666667	2.666667	5.333333	8	0	5.333333	0	0	2.666667	0	53.333333	37.333333	61.333333	0	2.666667	0	2.666667	0	2.666667	0	2.666667	0	0	21.333333	0	0	10.666667	0	2.666667	34.666667	2.666667	37.333333	13.333333	157.333333	0	10.666667	0	13.333333	2.666667	16	24	2.666667	18.666667	0	5.333333	13.333333	0	0	5.333333	18.666667	0	0	0	0	16	0	18.666667	8	69.333333	2.666667	16	0	34.666667	0	10.666667	0	2.666667	0	16	0	0	2.666667	21.333333	0	21.333333	24	0	0	26.666667	21.333333	0	32	37.333333	0	0	69.333333	0	8	2.666667	0	2.666667	0	0	8	16	0	0	0	0	16	2.666667	0	0	0	0	0	0	0	0	18.666667	2.666667	0	0	0	0	5.333333	5.333333	0	0	2.666667	0	0	2.666667	13.333333	0	2.666667	21.333333	5.333333	0	0	0	0	0	0	0	0	0	0	0	0	0	0	0	0	0	0	0	0	0	0	0	0	0	0	0	0	0	0	2.666667	2.666667	0	0	69.333333	106.666667	160	88	242.666667	109.333333	88	88	10.666667	26.666667	0	0	0	21.333333	42.666667	21.333333	8	32	88	77.333333
36441.txt	maiores_notas	99.236641	19.083969	83.969466	15.267176	11.450382	7.633588	3.816794	11.450382	0	0	0	0	15.267176	0	0	0	7.633588	0	0	0	7.633588	0	3.816794	3.816794	7.633588	0	0	0	0	41.984733	286.259542	156.48855	76.335878	34.351145	3.816794	3.816794	38.167939	38.167939	3.816794	57.251908	72.519084	7.633588	61.068702	11.450382	38.167939	11.450382	45.801527	19.083969	0	15.267176	11.450382	7.633588	11.450382	80.152672	0	22.900763	61.068702	80.152672	38.167939	22.900763	15.267176	3.816794	7.633588	0	0	7.633588	3.816794	0	34.351145	7.633588	0	0	3.816794	0	0	3.816794	0	0	0	0	0	45.801527	30.534351	7.633588	0	0	0	0	0	0	0	0	0	22.900763	0	3.816794	0	0	7.633588	7.633588	22.900763	0	0	22.900763	83.969466	0	0	0	11.450382	0	0	0	0	3.816794	3.816794	3.816794	0	0	0	0	3.816794	0	3.816794	0	3.816794	0	7.633588	0	15.267176	106.870229	3.816794	87.78626	0	22.900763	3.816794	7.633588	0	0	0	0	0	0	0	7.633588	7.633588	15.267176	11.450382	0	0	7.633588	7.633588	0	22.900763	0	0	0	0	3.816794	15.267176	0	0	0	0	11.450382	3.816794	0	0	3.816794	0	3.816794	3.816794	0	0	0	0	0	0	0	0	0	7.633588	0	0	0	0	0	0	0	0	7.633588	0	0	0	7.633588	15.267176	0	0	0	15.267176	0	0	0	0	0	0	7.633588	0	0	3.816794	0	0	0	0	0	0	0	0	0	0	0	0	0	0	0	0	0	0	0	0	0	0	0	0	202.290076	11.450382	328.244275	106.870229	118.320611	34.351145	198.473282	49.618321	7.633588	7.633588	11.450382	0	0	7.633588	22.900763	7.633588	0	11.450382	45.801527	0
36442.txt	maiores_notas	68.548387	20.16129	56.451613	16.129032	4.032258	12.096774	4.032258	0	0	0	0	0	12.096774	0	4.032258	0	4.032258	0	0	0	4.032258	0	0	0	12.096774	0	0	0	0	16.129032	314.516129	80.645161	125	16.129032	4.032258	16.129032	4.032258	64.516129	8.064516	56.451613	24.193548	16.129032	52.419355	0	64.516129	16.129032	40.322581	48.387097	20.16129	0	0	4.032258	24.193548	68.548387	0	20.16129	40.322581	64.516129	32.258065	16.129032	0	0	4.032258	0	24.193548	4.032258	0	8.064516	28.225806	0	4.032258	0	0	0	0	0	4.032258	4.032258	0	4.032258	0	40.322581	8.064516	0	0	4.032258	0	0	0	0	0	0	0	8.064516	0	0	0	16.129032	4.032258	4.032258	36.290323	0	0	16.129032	52.419355	8.064516	4.032258	0	4.032258	0	4.032258	4.032258	4.032258	16.129032	0	4.032258	4.032258	0	0	0	16.129032	4.032258	0	0	0	0	0	0	12.096774	145.16129	0	64.516129	0	52.419355	0	4.032258	0	0	0	0	0	0	4.032258	8.064516	8.064516	52.419355	0	4.032258	0	4.032258	8.064516	0	36.290323	0	0	0	0	0	4.032258	0	0	0	0	0	4.032258	0	0	8.064516	0	0	0	0	0	0	4.032258	0	0	0	0	0	8.064516	0	0	0	0	0	12.096774	8.064516	0	0	0	0	0	0	8.064516	0	0	12.096774	0	0	0	0	0	0	0	8.064516	4.032258	0	0	0	0	0	0	0	0	0	0	0	0	0	0	0	0	0	0	0	0	0	0	0	0	0	0	145.16129	16.129032	330.645161	108.870968	104.83871	52.419355	209.677419	72.580645	20.16129	4.032258	12.096774	0	0	8.064516	36.290323	4.032258	8.064516	4.032258	52.419355	0
36471.txt	maiores_notas	97.484277	3.144654	53.459119	6.289308	9.433962	18.867925	12.578616	6.289308	0	3.144654	0	0	12.578616	0	0	0	9.433962	0	6.289308	6.289308	12.578616	0	18.867925	0	18.867925	3.144654	0	0	3.144654	34.591195	242.138365	119.496855	113.207547	22.012579	25.157233	3.144654	3.144654	69.18239	0	44.025157	53.459119	3.144654	47.169811	22.012579	34.591195	15.72327	47.169811	9.433962	0	3.144654	0	3.144654	0	69.18239	0	28.301887	72.327044	100.628931	15.72327	12.578616	3.144654	3.144654	3.144654	0	25.157233	0	9.433962	6.289308	44.025157	0	0	3.144654	3.144654	0	3.144654	0	3.144654	3.144654	0	3.144654	0	50.314465	22.012579	6.289308	0	0	0	3.144654	0	0	3.144654	3.144654	0	6.289308	6.289308	0	0	0	3.144654	0	22.012579	0	22.012579	6.289308	81.761006	0	0	0	9.433962	0	3.144654	12.578616	6.289308	9.433962	0	6.289308	3.144654	0	0	0	9.433962	0	0	0	0	3.144654	0	15.72327	6.289308	100.628931	28.301887	59.748428	0	31.446541	0	6.289308	0	3.144654	0	0	3.144654	0	12.578616	6.289308	3.144654	25.157233	3.144654	0	0	12.578616	6.289308	0	22.012579	22.012579	0	0	15.72327	0	3.144654	0	0	0	0	0	12.578616	0	0	0	0	0	0	0	0	0	0	0	0	0	0	0	3.144654	3.144654	0	0	0	0	0	6.289308	0	0	0	0	0	0	15.72327	0	0	9.433962	3.144654	0	0	0	0	0	0	9.433962	0	0	0	0	0	0	0	0	0	0	0	0	0	0	0	0	0	0	0	0	0	0	0	25.157233	0	0	0	100.628931	47.169811	276.72956	91.194969	135.220126	56.603774	185.534591	66.037736	3.144654	12.578616	9.433962	0	0	6.289308	22.012579	0	6.289308	3.144654	50.314465	40.880503
36494.txt	maiores_notas	68.656716	5.970149	50.746269	23.880597	14.925373	17.910448	11.940299	0	0	0	0	0	14.925373	2.985075	2.985075	2.985075	2.985075	0	14.925373	2.985075	8.955224	0	11.940299	0	20.895522	0	0	0	0	11.940299	304.477612	167.164179	62.686567	29.850746	5.970149	0	0	71.641791	2.985075	62.686567	26.865672	2.985075	50.746269	11.940299	26.865672	17.910448	47.761194	32.835821	0	8.955224	0	0	11.940299	65.671642	0	23.880597	56.716418	77.61194	11.940299	17.910448	2.985075	0	2.985075	0	23.880597	2.985075	0	8.955224	32.835821	8.955224	0	0	0	0	2.985075	0	8.955224	0	2.985075	0	0	47.761194	14.925373	2.985075	0	2.985075	0	0	0	0	0	0	0	0	0	0	0	0	2.985075	5.970149	23.880597	0	5.970149	5.970149	68.656716	0	0	0	8.955224	0	2.985075	2.985075	0	2.985075	0	2.985075	2.985075	0	0	0	2.985075	0	0	0	0	0	0	0	14.925373	113.432836	35.820896	62.686567	0	53.731343	0	5.970149	0	2.985075	0	0	0	0	2.985075	5.970149	2.985075	44.776119	8.955224	0	0	8.955224	5.970149	0	11.940299	5.970149	2.985075	0	0	0	8.955224	0	0	0	0	0	8.955224	0	0	5.970149	0	0	0	0	0	0	2.985075	0	0	0	0	0	5.970149	0	0	0	0	0	2.985075	8.955224	0	0	0	0	0	0	23.880597	0	0	2.985075	11.940299	0	0	0	0	0	0	11.940299	0	0	0	0	0	0	0	0	0	0	0	0	0	0	0	0	0	0	0	0	0	0	0	5.970149	0	0	0	125.373134	47.761194	316.41791	101.492537	98.507463	35.820896	202.985075	74.626866	2.985075	8.955224	11.940299	0	0	5.970149	35.820896	2.985075	11.940299	2.985075	35.820896	5.970149
36503.txt	maiores_notas	96.685083	8.287293	80.110497	2.762431	8.287293	8.287293	0	0	0	0	0	0	13.812155	5.524862	8.287293	2.762431	8.287293	0	11.049724	19.337017	22.099448	0	24.861878	8.287293	8.287293	8.287293	0	0	8.287293	30.38674	232.044199	129.834254	116.022099	35.911602	5.524862	5.524862	8.287293	41.436464	8.287293	41.436464	11.049724	2.762431	63.535912	11.049724	30.38674	16.574586	19.337017	24.861878	5.524862	8.287293	0	2.762431	13.812155	35.911602	5.524862	8.287293	38.674033	135.359116	58.01105	33.149171	11.049724	11.049724	5.524862	2.762431	16.574586	2.762431	5.524862	13.812155	38.674033	8.287293	2.762431	5.524862	2.762431	0	2.762431	0	5.524862	0	8.287293	5.524862	0	77.348066	16.574586	2.762431	5.524862	0	0	2.762431	0	0	8.287293	0	0	16.574586	11.049724	2.762431	0	38.674033	2.762431	8.287293	44.198895	0	13.812155	33.149171	99.447514	0	38.674033	0	22.099448	0	0	11.049724	2.762431	5.524862	0	8.287293	5.524862	2.762431	0	0	5.524862	0	0	0	0	5.524862	0	5.524862	13.812155	77.348066	16.574586	82.872928	8.287293	19.337017	2.762431	2.762431	2.762431	0	2.762431	2.762431	0	0	2.762431	16.574586	2.762431	16.574586	5.524862	5.524862	0	22.099448	16.574586	0	38.674033	13.812155	2.762431	0	2.762431	0	2.762431	5.524862	0	5.524862	0	0	16.574586	2.762431	2.762431	8.287293	0	2.762431	5.524862	0	0	0	0	2.762431	0	0	0	0	16.574586	0	0	0	2.762431	0	0	13.812155	0	8.287293	0	0	0	0	5.524862	0	0	2.762431	11.049724	0	0	0	0	0	5.524862	8.287293	0	0	2.762431	0	0	0	0	0	0	2.762431	0	0	0	0	0	0	0	0	0	0	0	0	0	2.762431	2.762431	0	0	185.082873	77.348066	262.430939	66.298343	198.895028	52.486188	160.220994	60.773481	41.436464	22.099448	16.574586	2.762431	0	16.574586	38.674033	11.049724	13.812155	13.812155	91.160221	16.574586
36515.txt	maiores_notas	85.714286	19.047619	73.015873	3.174603	15.873016	6.349206	12.698413	0	0	0	0	3.174603	9.52381	3.174603	3.174603	6.349206	3.174603	3.174603	6.349206	9.52381	22.222222	0	6.349206	3.174603	15.873016	3.174603	0	0	3.174603	0	276.190476	126.984127	88.888889	19.047619	12.698413	6.349206	12.698413	41.269841	15.873016	25.396825	9.52381	9.52381	47.619048	0	69.84127	3.174603	25.396825	34.920635	6.349206	19.047619	0	0	15.873016	79.365079	0	12.698413	66.666667	73.015873	38.095238	25.396825	3.174603	0	0	0	9.52381	3.174603	0	3.174603	34.920635	0	3.174603	0	0	0	3.174603	0	3.174603	0	0	3.174603	0	44.444444	6.349206	6.349206	0	6.349206	0	0	0	0	0	3.174603	0	22.222222	3.174603	0	0	15.873016	0	3.174603	12.698413	0	9.52381	31.746032	63.492063	3.174603	12.698413	0	9.52381	0	9.52381	9.52381	0	3.174603	3.174603	0	6.349206	3.174603	0	0	3.174603	0	3.174603	0	0	0	0	0	3.174603	117.460317	6.349206	76.190476	0	31.746032	0	9.52381	0	0	3.174603	3.174603	3.174603	0	6.349206	0	6.349206	34.920635	9.52381	0	0	22.222222	0	0	12.698413	9.52381	9.52381	0	0	0	3.174603	0	0	0	0	0	9.52381	3.174603	0	6.349206	0	0	0	0	0	0	0	0	0	0	0	0	0	0	0	0	0	0	0	6.349206	0	0	0	0	0	0	3.174603	0	0	3.174603	6.349206	0	0	0	0	0	0	6.349206	0	0	0	0	0	0	0	0	0	0	0	0	0	0	0	0	0	0	0	0	0	0	0	0	0	0	0	104.761905	41.269841	276.190476	101.587302	111.111111	38.095238	200	63.492063	15.873016	22.222222	6.349206	0	0	0	12.698413	0	3.174603	12.698413	53.968254	0
36532.txt	maiores_notas	91.463415	0	54.878049	12.195122	12.195122	12.195122	6.097561	6.097561	0	0	0	0	0	0	0	0	0	0	0	0	36.585366	0	0	12.195122	12.195122	0	0	0	0	0	304.878049	164.634146	140.243902	0	6.097561	0	0	60.97561	0	60.97561	12.195122	0	54.878049	30.487805	60.97561	18.292683	42.682927	60.97561	6.097561	0	0	6.097561	12.195122	85.365854	0	0	48.780488	79.268293	30.487805	24.390244	0	6.097561	6.097561	0	0	0	6.097561	12.195122	30.487805	18.292683	0	0	0	0	0	0	6.097561	0	6.097561	6.097561	0	73.170732	0	0	0	0	0	0	0	0	6.097561	0	0	0	0	6.097561	0	12.195122	0	0	42.682927	6.097561	0	12.195122	73.170732	0	12.195122	0	12.195122	0	6.097561	6.097561	0	0	0	6.097561	6.097561	0	0	0	0	0	0	0	0	0	0	0	6.097561	128.04878	0	54.878049	6.097561	42.682927	6.097561	0	0	0	0	0	0	12.195122	0	0	6.097561	36.585366	12.195122	0	0	36.585366	0	0	42.682927	0	0	6.097561	18.292683	0	0	0	0	0	0	0	18.292683	6.097561	18.292683	0	0	0	0	0	0	0	0	0	0	0	0	0	0	0	0	0	0	0	0	6.097561	0	0	0	0	0	12.195122	12.195122	0	0	0	0	0	0	0	0	0	0	6.097561	0	0	0	0	0	0	0	0	0	0	0	0	0	0	0	0	0	0	0	0	0	0	0	6.097561	6.097561	0	0	91.463415	36.585366	304.878049	115.853659	121.95122	30.487805	182.926829	67.073171	12.195122	36.585366	6.097561	0	0	0	42.682927	0	12.195122	6.097561	54.878049	42.682927
36551.txt	maiores_notas	134.693878	16.326531	53.061224	4.081633	8.163265	16.326531	12.244898	4.081633	0	0	0	12.244898	8.163265	8.163265	0	0	8.163265	0	0	8.163265	12.244898	12.244898	16.326531	0	24.489796	16.326531	4.081633	0	12.244898	0	281.632653	138.77551	122.44898	20.408163	0	0	0	32.653061	24.489796	16.326531	28.571429	0	102.040816	0	32.653061	12.244898	0	24.489796	0	16.326531	0	0	12.244898	24.489796	8.163265	0	16.326531	142.857143	32.653061	28.571429	16.326531	16.326531	8.163265	8.163265	12.244898	4.081633	8.163265	4.081633	53.061224	32.653061	0	12.244898	12.244898	4.081633	4.081633	0	4.081633	0	0	4.081633	0	36.734694	85.714286	0	0	0	0	8.163265	0	0	0	0	0	0	8.163265	0	0	16.326531	0	0	24.489796	0	8.163265	20.408163	130.612245	0	16.326531	0	16.326531	0	0	0	8.163265	20.408163	0	0	0	0	0	0	20.408163	0	0	0	0	4.081633	0	0	0	65.306122	4.081633	53.061224	0	36.734694	0	4.081633	8.163265	0	0	0	0	0	4.081633	0	0	20.408163	20.408163	0	0	12.244898	0	12.244898	12.244898	4.081633	4.081633	0	16.326531	0	4.081633	0	0	0	0	0	8.163265	4.081633	0	4.081633	0	0	0	0	0	0	0	0	0	0	0	0	0	0	0	0	4.081633	4.081633	0	4.081633	0	0	0	0	0	8.163265	16.326531	0	0	4.081633	4.081633	0	0	0	0	0	0	0	0	0	4.081633	0	0	0	0	0	0	0	0	0	0	0	0	0	0	0	0	0	0	0	0	4.081633	0	0	0	204.081633	85.714286	281.632653	48.979592	179.591837	48.979592	122.44898	53.061224	16.326531	12.244898	4.081633	0	0	0	24.489796	0	4.081633	4.081633	53.061224	16.326531
36560.txt	maiores_notas	88.516746	11.961722	57.416268	4.784689	9.569378	26.315789	14.354067	0	0	0	0	4.784689	7.177033	0	7.177033	0	2.392344	0	4.784689	7.177033	9.569378	0	7.177033	0	31.100478	4.784689	0	0	4.784689	78.947368	229.665072	93.301435	138.755981	47.84689	4.784689	2.392344	7.177033	31.100478	9.569378	26.315789	52.631579	2.392344	76.555024	0	28.708134	21.5311	31.100478	19.138756	4.784689	7.177033	0	4.784689	11.961722	45.454545	2.392344	11.961722	47.84689	155.502392	14.354067	4.784689	21.5311	21.5311	9.569378	14.354067	19.138756	0	4.784689	14.354067	66.985646	2.392344	0	4.784689	9.569378	2.392344	21.5311	0	2.392344	4.784689	7.177033	2.392344	0	16.746411	57.416268	23.923445	0	0	2.392344	2.392344	2.392344	0	2.392344	4.784689	0	0	2.392344	2.392344	0	2.392344	0	2.392344	59.808612	0	7.177033	14.354067	100.478469	0	4.784689	0	2.392344	7.177033	0	7.177033	2.392344	7.177033	0	4.784689	4.784689	0	0	0	7.177033	0	0	0	0	0	2.392344	7.177033	2.392344	81.339713	4.784689	59.808612	2.392344	50.239234	2.392344	2.392344	0	2.392344	0	4.784689	0	0	2.392344	4.784689	0	40.669856	14.354067	2.392344	0	9.569378	4.784689	0	59.808612	7.177033	4.784689	0	19.138756	0	0	0	0	0	0	0	4.784689	4.784689	0	7.177033	0	0	2.392344	2.392344	0	0	0	0	0	0	0	0	2.392344	2.392344	0	0	9.569378	14.354067	2.392344	9.569378	0	2.392344	0	0	0	2.392344	16.746411	0	0	0	7.177033	0	0	0	0	0	0	0	2.392344	0	0	2.392344	4.784689	0	0	0	0	0	0	0	0	0	0	0	0	0	0	0	0	0	0	0	0	0	0	100.478469	35.885167	308.61244	81.339713	124.401914	28.708134	145.933014	71.770335	4.784689	9.569378	4.784689	4.784689	0	4.784689	59.808612	4.784689	14.354067	9.569378	81.339713	21.5311
36566.txt	maiores_notas	126.923077	0	69.230769	34.615385	7.692308	3.846154	3.846154	0	0	0	3.846154	0	7.692308	0	0	0	7.692308	0	7.692308	3.846154	11.538462	3.846154	3.846154	0	7.692308	0	0	0	0	0	230.769231	73.076923	69.230769	30.769231	11.538462	3.846154	7.692308	30.769231	19.230769	30.769231	26.923077	7.692308	57.692308	3.846154	34.615385	15.384615	23.076923	34.615385	0	3.846154	0	0	19.230769	34.615385	3.846154	3.846154	23.076923	96.153846	57.692308	23.076923	3.846154	11.538462	0	3.846154	11.538462	3.846154	23.076923	3.846154	61.538462	0	0	3.846154	0	0	0	0	3.846154	0	0	0	0	69.230769	0	0	0	0	0	0	0	0	11.538462	0	0	0	15.384615	0	0	7.692308	3.846154	0	53.846154	0	23.076923	19.230769	69.230769	0	11.538462	0	0	0	11.538462	0	0	11.538462	0	0	0	0	0	0	11.538462	0	0	0	0	0	0	3.846154	11.538462	107.692308	3.846154	73.076923	0	15.384615	3.846154	7.692308	0	0	0	0	7.692308	0	0	0	0	7.692308	11.538462	0	0	11.538462	0	3.846154	53.846154	19.230769	0	0	0	0	3.846154	0	0	0	0	0	11.538462	0	0	7.692308	0	0	0	0	0	0	0	0	0	0	0	0	0	0	0	3.846154	0	7.692308	0	7.692308	0	0	0	0	0	3.846154	38.461538	0	0	0	7.692308	0	0	0	0	0	0	0	0	0	0	0	0	0	0	0	0	0	0	0	0	0	0	0	0	0	0	0	0	0	0	15.384615	0	0	0	196.153846	69.230769	296.153846	69.230769	169.230769	23.076923	184.615385	38.461538	15.384615	11.538462	0	0	0	3.846154	53.846154	0	3.846154	0	96.153846	0
36577.txt	maiores_notas	95.041322	16.528926	33.057851	12.396694	16.528926	8.264463	12.396694	8.264463	0	0	0	0	33.057851	8.264463	28.92562	4.132231	4.132231	0	12.396694	0	8.264463	4.132231	8.264463	0	8.264463	4.132231	0	0	4.132231	8.264463	252.066116	128.099174	74.380165	24.793388	4.132231	16.528926	4.132231	20.661157	0	20.661157	8.264463	0	61.983471	0	33.057851	16.528926	16.528926	16.528926	8.264463	0	0	0	8.264463	33.057851	4.132231	8.264463	20.661157	140.495868	41.322314	20.661157	4.132231	12.396694	4.132231	4.132231	37.190083	4.132231	12.396694	16.528926	57.85124	8.264463	0	0	0	4.132231	0	0	4.132231	4.132231	4.132231	8.264463	0	61.983471	53.719008	4.132231	0	4.132231	0	0	0	0	0	0	0	0	16.528926	4.132231	0	16.528926	0	4.132231	57.85124	0	8.264463	16.528926	123.966942	0	16.528926	0	8.264463	4.132231	4.132231	0	0	12.396694	0	4.132231	0	0	0	0	8.264463	4.132231	0	0	0	0	0	4.132231	0	136.363636	20.661157	33.057851	0	37.190083	0	0	0	0	0	0	0	0	4.132231	4.132231	4.132231	20.661157	16.528926	0	0	8.264463	4.132231	0	33.057851	0	0	0	45.454545	0	4.132231	0	0	0	4.132231	0	8.264463	0	0	8.264463	0	0	4.132231	0	0	0	0	0	0	0	0	0	4.132231	0	0	0	0	4.132231	0	20.661157	0	0	0	0	0	4.132231	28.92562	0	0	28.92562	4.132231	0	8.264463	0	0	0	0	4.132231	0	0	0	0	0	0	0	0	0	0	0	0	0	0	0	0	0	0	0	0	0	0	0	0	0	0	0	111.570248	61.983471	260.330579	57.85124	198.347107	33.057851	190.082645	49.586777	16.528926	8.264463	4.132231	0	0	4.132231	53.719008	4.132231	16.528926	0	82.644628	53.719008
36626.txt	maiores_notas	101.694915	3.389831	94.915254	10.169492	6.779661	10.169492	3.389831	0	0	0	0	0	6.779661	0	0	0	6.779661	0	3.389831	3.389831	10.169492	0	3.389831	0	10.169492	0	0	0	0	20.338983	267.79661	162.711864	77.966102	33.898305	20.338983	6.779661	13.559322	61.016949	6.779661	50.847458	37.288136	27.118644	54.237288	6.779661	44.067797	30.508475	57.627119	30.508475	3.389831	3.389831	0	3.389831	13.559322	81.355932	0	44.067797	88.135593	61.016949	37.288136	30.508475	0	3.389831	0	0	0	3.389831	6.779661	0	30.508475	16.949153	0	0	0	0	0	3.389831	3.389831	0	3.389831	0	3.389831	50.847458	13.559322	0	0	6.779661	0	0	0	0	3.389831	0	0	0	0	0	0	10.169492	0	3.389831	16.949153	0	3.389831	13.559322	71.186441	0	10.169492	0	0	0	13.559322	6.779661	3.389831	0	0	0	3.389831	0	0	0	0	0	0	0	0	0	0	3.389831	20.338983	81.355932	33.898305	101.694915	0	37.288136	6.779661	0	6.779661	3.389831	0	0	0	0	13.559322	0	6.779661	40.677966	3.389831	3.389831	0	10.169492	0	0	16.949153	3.389831	6.779661	0	0	0	0	0	0	0	0	0	10.169492	0	0	0	0	0	0	0	0	0	0	0	0	0	0	0	0	0	0	0	0	0	0	0	0	3.389831	0	3.389831	0	0	6.779661	0	0	6.779661	0	0	0	0	0	0	0	13.559322	0	0	3.389831	0	0	0	0	0	0	0	0	0	0	0	0	0	0	0	0	0	0	0	0	0	0	0	0	200	23.728814	288.135593	128.813559	98.305085	33.898305	216.949153	77.966102	10.169492	10.169492	16.949153	0	0	0	16.949153	6.779661	6.779661	3.389831	33.898305	0
36650.txt	maiores_notas	106.770833	15.625	93.75	7.8125	2.604167	2.604167	13.020833	2.604167	0	0	0	0	7.8125	0	0	0	2.604167	0	0	0	23.4375	0	0	0	2.604167	0	0	0	0	26.041667	291.666667	143.229167	98.958333	33.854167	5.208333	5.208333	2.604167	67.708333	5.208333	59.895833	39.0625	18.229167	59.895833	0	31.25	15.625	39.0625	26.041667	2.604167	5.208333	0	2.604167	10.416667	59.895833	2.604167	13.020833	52.083333	59.895833	41.666667	20.833333	10.416667	0	0	0	31.25	5.208333	0	5.208333	18.229167	5.208333	5.208333	0	5.208333	0	0	0	2.604167	2.604167	0	2.604167	0	57.291667	10.416667	0	0	5.208333	0	2.604167	0	0	5.208333	0	0	26.041667	0	0	0	10.416667	0	7.8125	13.020833	0	0	23.4375	75.520833	0	10.416667	0	10.416667	0	7.8125	7.8125	7.8125	7.8125	2.604167	10.416667	7.8125	0	0	0	7.8125	0	2.604167	0	0	0	0	10.416667	0	72.916667	15.625	98.958333	5.208333	28.645833	0	2.604167	15.625	0	0	0	0	0	7.8125	15.625	7.8125	28.645833	0	0	0	23.4375	13.020833	0	10.416667	2.604167	0	0	0	0	7.8125	0	0	0	0	0	23.4375	0	0	0	0	5.208333	0	0	0	5.208333	2.604167	0	0	0	0	0	7.8125	5.208333	0	0	0	0	0	5.208333	0	2.604167	0	0	0	0	5.208333	0	0	0	7.8125	0	0	0	0	0	0	7.8125	0	0	0	0	0	0	0	0	0	0	0	0	0	2.604167	0	0	0	0	0	0	0	0	0	5.208333	0	0	0	216.145833	31.25	317.708333	85.9375	114.583333	52.083333	187.5	78.125	10.416667	23.4375	7.8125	0	2.604167	13.020833	13.020833	13.020833	5.208333	10.416667	36.458333	10.416667
36691.txt	maiores_notas	125	20.833333	88.541667	10.416667	5.208333	5.208333	10.416667	0	0	0	0	0	0	0	0	0	0	0	5.208333	0	5.208333	0	5.208333	0	5.208333	0	0	0	0	0	291.666667	171.875	78.125	26.041667	5.208333	5.208333	15.625	62.5	0	52.083333	36.458333	5.208333	36.458333	15.625	83.333333	20.833333	52.083333	41.666667	0	15.625	0	0	20.833333	109.375	0	52.083333	67.708333	109.375	26.041667	15.625	0	10.416667	0	0	36.458333	5.208333	0	0	72.916667	10.416667	0	5.208333	0	0	10.416667	0	0	0	0	0	0	57.291667	5.208333	0	0	0	0	0	0	0	0	0	0	20.833333	0	0	0	0	5.208333	0	26.041667	0	36.458333	15.625	62.5	0	0	0	0	0	5.208333	0	5.208333	0	0	5.208333	0	5.208333	5.208333	0	0	0	0	5.208333	0	0	0	0	41.666667	62.5	15.625	88.541667	0	20.833333	0	10.416667	5.208333	0	0	0	0	0	0	0	0	10.416667	10.416667	0	0	5.208333	0	0	26.041667	36.458333	5.208333	0	0	0	5.208333	0	0	0	0	0	5.208333	0	0	5.208333	0	0	0	0	0	0	0	0	0	0	0	0	0	0	0	0	0	0	0	0	0	5.208333	0	0	0	0	10.416667	0	0	0	5.208333	0	0	0	0	0	0	41.666667	0	0	0	0	0	0	0	0	0	0	0	0	0	0	0	0	0	0	0	0	0	0	0	10.416667	0	0	0	145.833333	15.625	291.666667	151.041667	135.416667	57.291667	166.666667	36.458333	5.208333	5.208333	41.666667	0	0	0	26.041667	0	0	5.208333	78.125	10.416667
36707.txt	maiores_notas	84.96732	6.535948	91.503268	9.803922	16.339869	9.803922	6.535948	0	0	0	0	0	3.267974	0	0	3.267974	0	0	3.267974	6.535948	6.535948	0	6.535948	0	16.339869	0	0	0	0	35.947712	300.653595	166.666667	124.183007	42.48366	9.803922	16.339869	6.535948	42.48366	9.803922	42.48366	45.751634	6.535948	49.019608	6.535948	29.411765	9.803922	42.48366	13.071895	0	3.267974	0	0	9.803922	62.091503	0	9.803922	68.627451	91.503268	29.411765	19.607843	3.267974	13.071895	0	9.803922	16.339869	0	0	0	32.679739	19.607843	3.267974	6.535948	0	0	0	0	0	0	0	0	0	49.019608	6.535948	0	0	0	0	0	0	0	0	0	0	0	0	0	0	9.803922	0	3.267974	35.947712	3.267974	9.803922	19.607843	55.555556	3.267974	26.143791	0	3.267974	0	3.267974	3.267974	0	6.535948	3.267974	9.803922	0	0	0	0	0	0	0	0	0	3.267974	0	3.267974	9.803922	104.575163	26.143791	91.503268	3.267974	55.555556	0	0	6.535948	0	0	0	0	0	6.535948	0	0	58.823529	3.267974	0	0	6.535948	0	0	3.267974	9.803922	0	0	0	0	0	0	0	0	0	0	6.535948	0	0	6.535948	0	0	0	0	0	0	0	0	0	0	0	0	0	0	0	0	0	0	3.267974	0	0	3.267974	0	6.535948	0	26.143791	32.679739	0	0	3.267974	0	0	0	0	0	0	0	0	0	0	0	0	0	0	0	0	0	0	0	0	0	0	0	0	0	0	0	0	0	0	0	0	0	0	0	91.503268	45.751634	336.601307	84.96732	120.915033	32.679739	222.222222	68.627451	29.411765	6.535948	0	0	0	0	39.215686	3.267974	0	3.267974	65.359477	3.267974
36743.txt	maiores_notas	79.245283	11.320755	37.735849	15.09434	11.320755	7.54717	0	0	0	0	0	0	11.320755	3.773585	0	0	3.773585	0	3.773585	0	30.188679	0	7.54717	0	7.54717	0	0	0	0	0	286.792453	113.207547	94.339623	26.415094	26.415094	0	7.54717	49.056604	7.54717	37.735849	11.320755	7.54717	18.867925	0	45.283019	18.867925	41.509434	37.735849	7.54717	3.773585	0	0	18.867925	71.698113	0	26.415094	64.150943	132.075472	45.283019	37.735849	11.320755	7.54717	7.54717	0	18.867925	3.773585	3.773585	3.773585	83.018868	11.320755	15.09434	7.54717	3.773585	0	0	0	7.54717	0	18.867925	3.773585	0	60.377358	3.773585	0	0	3.773585	0	0	0	0	15.09434	0	0	7.54717	7.54717	0	0	15.09434	11.320755	3.773585	60.377358	3.773585	15.09434	22.641509	67.924528	0	15.09434	0	7.54717	0	0	3.773585	0	7.54717	0	3.773585	0	0	0	0	7.54717	0	0	0	0	0	0	3.773585	26.415094	109.433962	26.415094	49.056604	3.773585	45.283019	0	0	3.773585	0	0	0	0	0	3.773585	18.867925	0	22.641509	22.641509	0	0	30.188679	18.867925	0	64.150943	11.320755	0	0	7.54717	0	18.867925	0	0	0	0	0	22.641509	0	7.54717	11.320755	0	3.773585	7.54717	0	0	0	0	0	0	0	0	0	11.320755	7.54717	0	0	0	0	0	3.773585	0	11.320755	0	3.773585	0	15.09434	26.415094	0	0	11.320755	0	0	0	0	0	0	0	0	0	0	0	0	0	0	0	0	0	0	0	0	0	0	0	0	0	0	0	0	0	0	0	3.773585	0	0	0	128.301887	52.830189	286.792453	109.433962	184.90566	45.283019	169.811321	71.698113	26.415094	30.188679	0	0	0	18.867925	75.471698	18.867925	30.188679	0	41.509434	11.320755
36769.txt	maiores_notas	71.698113	18.867925	45.283019	7.54717	18.867925	11.320755	3.773585	3.773585	0	0	0	18.867925	3.773585	15.09434	3.773585	7.54717	7.54717	0	11.320755	18.867925	22.641509	0	18.867925	11.320755	15.09434	15.09434	0	0	15.09434	56.603774	203.773585	90.566038	116.981132	37.735849	7.54717	7.54717	11.320755	30.188679	0	22.641509	49.056604	0	41.509434	0	41.509434	3.773585	0	11.320755	11.320755	7.54717	0	0	22.641509	18.867925	0	0	26.415094	128.301887	45.283019	22.641509	0	7.54717	7.54717	7.54717	18.867925	11.320755	3.773585	11.320755	49.056604	0	3.773585	3.773585	0	0	3.773585	0	7.54717	0	0	7.54717	0	3.773585	15.09434	64.150943	0	0	0	0	0	0	0	7.54717	0	0	0	0	0	45.283019	0	3.773585	11.320755	3.773585	45.283019	33.962264	83.018868	11.320755	37.735849	0	3.773585	3.773585	11.320755	7.54717	0	7.54717	0	11.320755	3.773585	0	0	0	7.54717	0	0	0	0	0	3.773585	7.54717	3.773585	98.113208	11.320755	45.283019	0	52.830189	0	7.54717	7.54717	0	3.773585	11.320755	0	0	0	7.54717	3.773585	37.735849	18.867925	0	0	22.641509	7.54717	0	15.09434	45.283019	3.773585	0	11.320755	0	0	7.54717	0	7.54717	0	0	7.54717	3.773585	11.320755	3.773585	0	0	0	0	0	0	0	0	0	0	3.773585	0	0	0	0	0	0	0	0	11.320755	0	0	0	0	0	0	0	0	0	3.773585	0	0	0	3.773585	0	0	0	3.773585	0	0	0	0	0	0	0	0	0	0	0	0	0	0	0	0	0	0	0	0	0	0	0	0	0	0	0	135.849057	94.339623	260.377358	45.283019	184.90566	49.056604	154.716981	86.792453	49.056604	22.641509	3.773585	0	0	7.54717	15.09434	3.773585	11.320755	7.54717	94.339623	22.641509
36777.txt	maiores_notas	97.142857	20	68.571429	5.714286	5.714286	17.142857	5.714286	0	0	0	0	2.857143	8.571429	0	0	0	2.857143	0	11.428571	5.714286	5.714286	0	11.428571	2.857143	17.142857	8.571429	0	0	8.571429	20	280	165.714286	97.142857	22.857143	5.714286	2.857143	11.428571	22.857143	8.571429	37.142857	25.714286	2.857143	60	0	102.857143	11.428571	51.428571	40	2.857143	8.571429	0	5.714286	20	80	2.857143	31.428571	77.142857	105.714286	22.857143	20	8.571429	8.571429	5.714286	0	14.285714	5.714286	11.428571	11.428571	37.142857	2.857143	0	5.714286	5.714286	0	2.857143	2.857143	2.857143	2.857143	0	5.714286	2.857143	62.857143	11.428571	0	0	0	0	5.714286	0	0	8.571429	2.857143	0	0	2.857143	5.714286	2.857143	5.714286	5.714286	2.857143	34.285714	0	5.714286	14.285714	80	0	5.714286	0	11.428571	2.857143	2.857143	8.571429	0	5.714286	5.714286	2.857143	2.857143	5.714286	2.857143	0	5.714286	2.857143	5.714286	2.857143	0	2.857143	2.857143	8.571429	25.714286	97.142857	8.571429	71.428571	2.857143	20	0	2.857143	5.714286	2.857143	0	2.857143	0	0	0	2.857143	5.714286	8.571429	14.285714	0	0	5.714286	2.857143	0	34.285714	5.714286	0	2.857143	14.285714	2.857143	8.571429	0	0	0	0	0	2.857143	0	2.857143	2.857143	0	0	0	0	0	0	0	0	2.857143	0	0	0	2.857143	0	0	0	0	0	5.714286	5.714286	2.857143	0	0	0	0	0	8.571429	0	0	0	8.571429	0	0	0	0	0	0	5.714286	0	0	0	0	0	0	0	0	0	0	0	0	0	0	0	0	0	0	0	0	0	0	0	0	2.857143	0	0	117.142857	25.714286	297.142857	117.142857	140	51.428571	182.857143	42.857143	11.428571	5.714286	5.714286	0	0	2.857143	34.285714	2.857143	11.428571	20	54.285714	2.857143
36782.txt	maiores_notas	80	8.888889	62.222222	13.333333	13.333333	31.111111	0	0	0	0	0	4.444444	8.888889	0	4.444444	0	4.444444	0	0	8.888889	0	0	0	0	35.555556	4.444444	0	0	4.444444	8.888889	271.111111	120	57.777778	44.444444	17.777778	4.444444	22.222222	40	0	40	22.222222	4.444444	48.888889	0	75.555556	17.777778	35.555556	57.777778	8.888889	0	0	0	31.111111	75.555556	0	26.666667	57.777778	102.222222	35.555556	26.666667	0	4.444444	0	0	40	8.888889	0	4.444444	62.222222	13.333333	4.444444	4.444444	0	0	0	0	4.444444	0	0	4.444444	0	48.888889	0	0	0	0	0	0	0	0	17.777778	0	0	0	0	0	0	8.888889	8.888889	13.333333	48.888889	0	8.888889	17.777778	48.888889	0	8.888889	0	4.444444	0	8.888889	0	4.444444	4.444444	0	0	0	0	4.444444	0	4.444444	0	0	4.444444	0	0	4.444444	0	8.888889	106.666667	13.333333	62.222222	0	44.444444	4.444444	4.444444	4.444444	0	4.444444	0	0	8.888889	13.333333	8.888889	0	44.444444	4.444444	0	0	0	8.888889	0	48.888889	8.888889	4.444444	0	0	4.444444	8.888889	0	0	0	0	0	0	0	0	8.888889	0	0	0	0	0	0	0	0	0	0	0	0	0	8.888889	0	4.444444	0	0	0	4.444444	0	13.333333	0	0	0	13.333333	26.666667	0	0	0	8.888889	0	0	0	0	0	0	0	0	0	0	0	0	0	0	0	0	0	0	0	0	0	0	0	0	0	0	0	0	0	0	0	0	0	0	151.111111	22.222222	280	124.444444	142.222222	22.222222	173.333333	93.333333	13.333333	0	0	0	0	8.888889	48.888889	13.333333	4.444444	4.444444	75.555556	0
36794.txt	maiores_notas	52.845528	8.130081	113.821138	16.260163	8.130081	8.130081	4.065041	4.065041	0	0	0	4.065041	12.195122	4.065041	0	0	8.130081	0	8.130081	0	20.325203	0	12.195122	0	4.065041	12.195122	0	0	12.195122	8.130081	276.422764	195.121951	65.04065	20.325203	12.195122	8.130081	20.325203	77.235772	4.065041	69.105691	24.390244	12.195122	24.390244	12.195122	56.910569	8.130081	65.04065	32.520325	8.130081	12.195122	0	12.195122	20.325203	105.691057	0	48.780488	93.495935	93.495935	12.195122	8.130081	8.130081	8.130081	8.130081	0	4.065041	0	0	4.065041	28.455285	4.065041	4.065041	0	8.130081	4.065041	0	8.130081	0	4.065041	4.065041	0	0	56.910569	0	0	4.065041	0	0	0	0	0	0	0	0	0	0	0	0	4.065041	8.130081	0	16.260163	0	12.195122	20.325203	60.97561	0	4.065041	0	12.195122	0	0	8.130081	0	12.195122	0	4.065041	8.130081	0	0	0	8.130081	4.065041	0	0	0	0	0	12.195122	8.130081	60.97561	16.260163	130.081301	0	52.845528	8.130081	4.065041	0	0	0	0	0	0	4.065041	12.195122	4.065041	56.910569	4.065041	8.130081	0	20.325203	12.195122	0	16.260163	12.195122	12.195122	0	0	0	12.195122	0	0	0	0	0	12.195122	8.130081	0	0	0	0	0	0	16.260163	0	0	0	0	0	0	0	8.130081	0	0	0	0	0	0	4.065041	0	4.065041	0	0	0	8.130081	4.065041	0	0	0	0	0	0	0	0	0	0	8.130081	0	0	0	0	0	0	0	0	0	0	0	0	0	0	0	0	0	0	0	0	0	0	0	0	0	0	0	182.926829	56.910569	284.552846	134.146341	105.691057	52.845528	199.186992	93.495935	12.195122	20.325203	8.130081	0	0	12.195122	16.260163	16.260163	4.065041	8.130081	48.780488	0
36822.txt	maiores_notas	101.694915	12.106538	79.903148	9.68523	0	7.263923	9.68523	0	0	0	0	0	0	0	0	0	0	0	21.791768	0	9.68523	2.421308	16.949153	2.421308	7.263923	12.106538	0	0	12.106538	24.213075	276.029056	145.27845	84.745763	31.476998	12.106538	7.263923	14.527845	55.690073	0	53.268765	33.898305	36.319613	50.847458	9.68523	38.74092	12.106538	53.268765	38.74092	2.421308	9.68523	0	4.842615	16.949153	82.324455	0	33.898305	65.375303	70.217918	41.162228	14.527845	2.421308	16.949153	16.949153	2.421308	21.791768	2.421308	0	9.68523	33.898305	0	0	4.842615	0	0	0	0	2.421308	4.842615	4.842615	0	0	36.319613	19.37046	0	0	14.527845	0	0	0	0	0	0	7.263923	9.68523	0	0	0	48.42615	7.263923	2.421308	19.37046	2.421308	4.842615	46.004843	60.532688	0	48.42615	0	2.421308	0	14.527845	2.421308	4.842615	2.421308	0	2.421308	2.421308	0	0	0	2.421308	0	0	0	0	0	0	0	9.68523	82.324455	7.263923	87.16707	4.842615	26.634383	2.421308	0	9.68523	0	0	7.263923	0	0	4.842615	4.842615	14.527845	26.634383	2.421308	7.263923	0	9.68523	4.842615	0	19.37046	4.842615	4.842615	0	0	0	19.37046	0	0	0	2.421308	0	7.263923	0	2.421308	12.106538	0	0	2.421308	0	0	0	0	0	0	0	0	0	2.421308	0	0	0	0	0	0	12.106538	0	2.421308	0	0	2.421308	0	9.68523	0	0	0	19.37046	0	0	0	0	0	2.421308	16.949153	0	0	0	0	0	0	0	0	0	2.421308	0	0	0	0	0	0	0	0	0	0	0	0	0	2.421308	0	0	0	193.7046	33.898305	300.242131	111.380145	140.435835	33.898305	176.755448	75.060533	55.690073	9.68523	19.37046	2.421308	0	4.842615	24.213075	4.842615	12.106538	2.421308	53.268765	7.263923
36845.txt	maiores_notas	69.306931	4.950495	89.108911	12.376238	0	7.425743	7.425743	0	0	0	0	0	2.475248	2.475248	2.475248	2.475248	7.425743	0	7.425743	2.475248	2.475248	0	7.425743	0	4.950495	2.475248	0	0	2.475248	49.50495	250	163.366337	66.831683	29.70297	2.475248	2.475248	17.326733	51.980198	0	76.732673	32.178218	19.80198	34.653465	12.376238	44.554455	12.376238	49.50495	29.70297	4.950495	17.326733	0	2.475248	24.752475	86.633663	0	37.128713	94.059406	61.881188	27.227723	14.851485	9.90099	9.90099	4.950495	0	9.90099	4.950495	0	7.425743	39.60396	2.475248	0	4.950495	4.950495	0	0	0	7.425743	0	0	7.425743	0	44.554455	2.475248	0	0	4.950495	0	0	0	0	2.475248	0	2.475248	0	0	0	0	12.376238	7.425743	2.475248	17.326733	4.950495	2.475248	17.326733	51.980198	12.376238	14.851485	0	7.425743	0	2.475248	2.475248	0	7.425743	0	4.950495	2.475248	0	0	0	7.425743	0	0	0	0	0	0	2.475248	24.752475	101.485149	34.653465	99.009901	0	34.653465	12.376238	0	2.475248	2.475248	4.950495	0	0	0	14.851485	4.950495	9.90099	37.128713	9.90099	0	7.425743	2.475248	4.950495	0	19.80198	2.475248	0	2.475248	0	0	7.425743	2.475248	0	2.475248	0	0	0	0	0	2.475248	0	0	2.475248	0	0	0	0	0	0	0	0	0	4.950495	0	0	0	0	0	2.475248	4.950495	0	4.950495	0	2.475248	0	0	14.851485	0	0	0	9.90099	0	0	0	0	0	0	12.376238	0	0	0	0	0	0	0	0	0	0	0	0	0	0	0	0	0	0	0	0	0	0	0	0	0	0	0	163.366337	22.277228	299.50495	123.762376	99.009901	39.60396	237.623762	89.108911	34.653465	2.475248	12.376238	0	0	4.950495	27.227723	4.950495	7.425743	2.475248	42.079208	0
36862.txt	maiores_notas	89.506173	12.345679	61.728395	9.259259	15.432099	3.08642	3.08642	3.08642	0	0	0	0	6.17284	6.17284	0	6.17284	12.345679	0	3.08642	0	18.518519	0	6.17284	0	3.08642	3.08642	0	0	3.08642	21.604938	290.123457	129.62963	89.506173	49.382716	15.432099	15.432099	0	58.641975	0	46.296296	58.641975	9.259259	43.209877	9.259259	27.777778	12.345679	30.864198	6.17284	9.259259	3.08642	0	6.17284	24.691358	37.037037	3.08642	6.17284	37.037037	55.555556	30.864198	15.432099	3.08642	0	0	3.08642	15.432099	0	6.17284	0	37.037037	0	0	3.08642	3.08642	0	0	0	0	0	0	0	0	30.864198	21.604938	0	0	3.08642	0	0	0	0	6.17284	0	3.08642	0	9.259259	0	3.08642	9.259259	0	0	6.17284	0	18.518519	18.518519	58.641975	0	18.518519	0	6.17284	0	3.08642	3.08642	15.432099	9.259259	0	21.604938	3.08642	0	0	0	9.259259	0	0	0	0	0	0	3.08642	0	123.45679	18.518519	61.728395	0	37.037037	0	21.604938	0	0	0	3.08642	0	0	15.432099	3.08642	0	46.296296	12.345679	0	0	18.518519	3.08642	0	6.17284	18.518519	6.17284	0	0	0	6.17284	0	0	0	0	0	18.518519	0	0	9.259259	0	0	0	0	0	0	0	0	0	0	0	0	0	0	0	0	0	0	0	0	0	0	0	0	0	0	0	0	0	6.17284	0	0	0	0	0	0	0	0	0	0	0	0	0	0	0	0	0	0	0	0	0	0	0	0	0	0	0	0	0	0	0	3.08642	0	0	0	163.580247	40.123457	308.641975	74.074074	92.592593	58.641975	197.530864	77.160494	18.518519	18.518519	0	0	0	3.08642	6.17284	0	0	3.08642	43.209877	3.08642
36923.txt	maiores_notas	93.663912	16.528926	63.360882	13.774105	8.264463	11.019284	8.264463	2.754821	0	0	0	0	0	0	0	0	2.754821	0	8.264463	2.754821	13.774105	0	8.264463	0	11.019284	0	0	0	0	57.85124	258.953168	143.250689	104.683196	35.812672	19.283747	5.509642	8.264463	22.038567	8.264463	24.793388	19.283747	13.774105	41.322314	0	30.30303	11.019284	44.077135	8.264463	0	5.509642	0	2.754821	8.264463	66.115702	0	5.509642	57.85124	110.192837	30.30303	13.774105	2.754821	5.509642	2.754821	2.754821	16.528926	0	2.754821	0	46.831956	2.754821	5.509642	0	2.754821	0	2.754821	2.754821	0	0	0	0	0	57.85124	5.509642	2.754821	0	0	0	0	0	0	0	0	0	0	8.264463	0	0	19.283747	0	8.264463	27.548209	0	27.548209	27.548209	63.360882	0	22.038567	0	16.528926	0	5.509642	2.754821	2.754821	8.264463	0	0	2.754821	2.754821	0	0	2.754821	5.509642	0	0	0	0	0	2.754821	41.322314	71.625344	57.85124	68.870523	0	38.567493	0	11.019284	2.754821	0	0	0	0	27.548209	8.264463	0	5.509642	30.30303	11.019284	16.528926	0	13.774105	0	0	27.548209	24.793388	13.774105	0	2.754821	0	2.754821	0	0	0	0	0	13.774105	0	0	11.019284	0	0	0	0	0	0	0	0	0	0	0	0	0	0	0	0	2.754821	0	0	0	0	5.509642	2.754821	2.754821	0	0	19.283747	0	0	0	2.754821	0	0	0	0	0	0	30.30303	0	0	0	0	0	0	0	0	0	0	0	0	0	0	0	0	0	0	0	0	0	0	0	0	0	0	0	110.192837	55.096419	316.804408	85.399449	140.495868	52.341598	198.347107	110.192837	24.793388	13.774105	30.30303	0	0	0	27.548209	0	0	5.509642	79.889807	2.754821
36926.txt	maiores_notas	70.621469	16.949153	56.497175	8.474576	33.898305	16.949153	8.474576	0	0	0	2.824859	19.774011	14.124294	5.649718	8.474576	8.474576	2.824859	0	5.649718	5.649718	11.299435	5.649718	8.474576	0	19.774011	19.774011	0	11.299435	8.474576	67.79661	203.389831	73.446328	101.694915	112.99435	2.824859	2.824859	11.299435	2.824859	5.649718	0	22.59887	11.299435	73.446328	0	11.299435	16.949153	8.474576	8.474576	2.824859	2.824859	0	2.824859	8.474576	11.299435	5.649718	5.649718	22.59887	177.966102	53.672316	25.423729	48.022599	8.474576	8.474576	33.898305	16.949153	0	2.824859	16.949153	67.79661	5.649718	0	19.774011	0	5.649718	14.124294	0	8.474576	8.474576	8.474576	8.474576	0	42.372881	67.79661	19.774011	0	8.474576	11.299435	2.824859	8.474576	0	2.824859	5.649718	0	0	5.649718	0	0	8.474576	2.824859	0	62.146893	0	22.59887	8.474576	132.768362	0	16.949153	0	22.59887	2.824859	8.474576	11.299435	0	11.299435	0	11.299435	8.474576	0	0	0	11.299435	0	0	0	0	0	2.824859	5.649718	11.299435	59.322034	0	56.497175	2.824859	28.248588	0	0	0	0	0	5.649718	0	0	0	8.474576	8.474576	8.474576	19.774011	0	0	11.299435	8.474576	0	62.146893	22.59887	2.824859	0	56.497175	0	2.824859	0	0	0	8.474576	0	8.474576	2.824859	0	0	0	2.824859	0	0	0	0	0	0	0	0	0	0	2.824859	5.649718	0	0	14.124294	0	2.824859	16.949153	0	0	0	0	0	2.824859	11.299435	0	0	8.474576	5.649718	0	0	0	0	0	0	8.474576	0	0	0	0	5.649718	14.124294	0	2.824859	0	0	0	0	0	0	0	0	0	0	0	0	2.824859	0	0	0	0	0	0	87.570621	73.446328	271.186441	36.723164	251.412429	64.971751	115.819209	50.847458	11.299435	11.299435	8.474576	19.774011	2.824859	8.474576	62.146893	8.474576	16.949153	11.299435	93.220339	59.322034
36937.txt	maiores_notas	141.025641	7.692308	82.051282	10.25641	2.564103	2.564103	12.820513	0	0	0	0	0	5.128205	2.564103	5.128205	0	0	0	5.128205	0	35.897436	0	10.25641	2.564103	2.564103	0	0	0	0	38.461538	274.358974	151.282051	102.564103	30.769231	17.948718	0	5.128205	51.282051	7.692308	48.717949	38.461538	5.128205	33.333333	10.25641	41.025641	7.692308	35.897436	20.512821	5.128205	2.564103	0	2.564103	0	58.974359	0	17.948718	38.461538	92.307692	28.205128	10.25641	0	5.128205	2.564103	0	20.512821	2.564103	2.564103	7.692308	38.461538	7.692308	5.128205	0	0	0	2.564103	0	7.692308	0	0	7.692308	0	43.589744	20.512821	0	0	2.564103	0	0	0	0	5.128205	0	0	2.564103	2.564103	0	0	28.205128	0	5.128205	20.512821	0	12.820513	25.641026	66.666667	5.128205	25.641026	0	5.128205	0	7.692308	0	7.692308	5.128205	0	0	0	0	0	0	5.128205	0	0	0	0	0	0	0	20.512821	89.74359	17.948718	94.871795	2.564103	61.538462	2.564103	2.564103	0	0	0	0	0	0	5.128205	2.564103	2.564103	61.538462	2.564103	2.564103	0	25.641026	2.564103	0	15.384615	12.820513	7.692308	0	0	0	0	0	0	0	0	0	23.076923	0	0	7.692308	0	0	0	0	0	2.564103	0	0	0	0	0	0	0	2.564103	0	0	2.564103	0	0	2.564103	0	0	0	0	0	5.128205	10.25641	0	0	2.564103	2.564103	0	0	0	0	0	0	2.564103	0	0	5.128205	0	0	0	0	0	0	0	0	0	0	0	0	0	0	0	0	0	0	0	0	0	2.564103	0	0	148.717949	51.282051	312.820513	64.102564	128.205128	41.025641	202.564103	79.487179	30.769231	25.641026	7.692308	0	0	2.564103	15.384615	2.564103	7.692308	0	58.974359	2.564103
36945.txt	maiores_notas	70.79646	14.749263	79.646018	17.699115	5.899705	2.949853	2.949853	0	0	0	0	0	5.899705	0	0	0	5.899705	0	11.79941	2.949853	8.849558	0	11.79941	0	5.899705	8.849558	0	0	8.849558	14.749263	277.286136	171.091445	82.59587	26.548673	20.648968	5.899705	17.699115	56.047198	0	88.495575	11.79941	2.949853	29.498525	8.849558	61.946903	17.699115	26.548673	44.247788	0	20.648968	0	5.899705	20.648968	73.746313	2.949853	17.699115	64.896755	76.696165	29.498525	20.648968	5.899705	0	0	2.949853	8.849558	0	11.79941	2.949853	35.39823	5.899705	0	0	5.899705	0	0	0	2.949853	0	0	0	0	35.39823	2.949853	0	0	5.899705	0	0	0	0	2.949853	0	2.949853	0	0	2.949853	2.949853	23.59882	0	2.949853	38.348083	2.949853	2.949853	29.498525	44.247788	8.849558	14.749263	0	2.949853	0	5.899705	0	2.949853	2.949853	0	2.949853	0	0	0	0	2.949853	0	0	0	0	0	0	0	29.498525	94.39528	82.59587	91.445428	0	47.19764	0	2.949853	0	2.949853	0	0	0	0	0	0	0	47.19764	2.949853	0	0	5.899705	0	0	41.297935	2.949853	0	0	0	0	5.899705	0	0	0	0	0	5.899705	0	0	14.749263	0	0	0	0	0	0	0	0	0	0	0	0	0	0	0	0	0	0	0	5.899705	0	2.949853	0	0	0	5.899705	23.59882	2.949853	2.949853	2.949853	2.949853	0	0	0	0	0	0	2.949853	0	0	0	0	0	0	0	0	0	0	0	0	0	0	0	0	0	0	0	0	0	0	0	8.849558	0	0	0	176.99115	32.448378	294.985251	117.9941	109.144543	35.39823	265.486726	53.097345	23.59882	5.899705	2.949853	0	0	0	41.297935	0	5.899705	0	73.746313	8.849558
36966.txt	maiores_notas	109.540636	0	77.738516	7.067138	0	0	14.134276	3.533569	0	0	0	0	7.067138	0	0	0	7.067138	0	7.067138	0	17.667845	0	3.533569	0	0	0	0	0	0	10.600707	339.222615	176.678445	127.208481	28.268551	17.667845	7.067138	0	74.204947	7.067138	74.204947	17.667845	14.134276	81.272085	24.734982	14.134276	7.067138	38.869258	14.134276	0	3.533569	0	7.067138	3.533569	49.469965	0	14.134276	42.402827	84.805654	53.003534	21.201413	7.067138	3.533569	0	0	10.600707	3.533569	7.067138	0	45.936396	7.067138	0	0	0	0	0	0	0	0	0	0	0	42.402827	21.201413	0	0	7.067138	0	0	0	0	3.533569	0	3.533569	0	10.600707	7.067138	0	60.070671	0	0	21.201413	0	10.600707	28.268551	70.671378	14.134276	45.936396	0	7.067138	0	3.533569	0	0	0	0	0	0	0	0	0	0	0	0	0	0	0	0	0	0	113.074205	28.268551	88.339223	0	42.402827	0	7.067138	3.533569	0	0	3.533569	0	7.067138	7.067138	0	3.533569	31.80212	10.600707	0	0	17.667845	0	0	10.600707	7.067138	0	0	0	0	3.533569	0	0	0	0	0	14.134276	0	3.533569	0	0	0	0	0	0	0	0	0	0	0	0	0	0	0	0	0	0	0	0	0	0	0	0	0	0	7.067138	28.268551	0	0	0	7.067138	0	0	0	0	0	0	10.600707	0	0	0	0	0	0	0	0	0	0	0	0	0	0	0	0	0	0	0	0	0	0	0	10.600707	0	0	0	187.279152	31.80212	349.823322	60.070671	137.809187	10.600707	222.614841	74.204947	60.070671	17.667845	10.600707	0	0	0	31.80212	0	0	0	60.070671	3.533569
36976.txt	maiores_notas	49.242424	18.939394	56.818182	30.30303	0	18.939394	7.575758	0	0	0	0	0	3.787879	0	0	0	3.787879	0	3.787879	0	37.878788	0	7.575758	0	18.939394	0	0	0	0	7.575758	325.757576	200.757576	125	3.787879	3.787879	3.787879	11.363636	60.606061	7.575758	64.393939	18.939394	11.363636	37.878788	18.939394	53.030303	18.939394	30.30303	26.515152	15.151515	7.575758	0	0	30.30303	49.242424	0	15.151515	56.818182	53.030303	49.242424	49.242424	0	0	3.787879	3.787879	18.939394	0	3.787879	7.575758	45.454545	7.575758	0	3.787879	0	0	0	0	0	7.575758	0	0	0	60.606061	18.939394	0	0	0	0	7.575758	0	0	7.575758	0	0	0	7.575758	0	0	0	3.787879	0	18.939394	0	3.787879	0	87.121212	0	0	0	7.575758	0	0	3.787879	0	0	0	0	0	0	0	0	0	0	0	0	0	0	0	3.787879	0	132.575758	22.727273	64.393939	3.787879	37.878788	3.787879	3.787879	0	3.787879	0	0	0	0	0	0	3.787879	22.727273	15.151515	0	0	37.878788	0	0	18.939394	3.787879	0	0	7.575758	0	3.787879	0	0	0	0	0	37.878788	0	0	0	0	0	0	0	0	0	0	0	0	0	0	0	0	0	0	0	0	0	0	7.575758	0	3.787879	0	0	0	0	7.575758	0	0	0	3.787879	0	0	0	0	0	3.787879	3.787879	0	0	0	0	0	0	0	0	0	3.787879	0	0	0	0	0	0	0	0	0	0	0	0	0	15.151515	0	0	0	125	49.242424	333.333333	98.484848	117.424242	11.363636	219.69697	53.030303	3.787879	37.878788	7.575758	3.787879	0	0	18.939394	0	7.575758	0	22.727273	26.515152
36988.txt	maiores_notas	107.266436	6.920415	110.726644	10.380623	0	3.460208	0	0	0	0	0	0	6.920415	3.460208	0	0	3.460208	0	6.920415	0	13.84083	0	10.380623	3.460208	3.460208	0	0	0	0	17.301038	197.231834	134.948097	107.266436	31.141869	0	6.920415	3.460208	79.584775	20.761246	58.823529	20.761246	0	38.062284	6.920415	24.221453	27.681661	44.982699	41.522491	3.460208	17.301038	0	3.460208	13.84083	55.363322	0	31.141869	55.363322	93.425606	55.363322	31.141869	13.84083	0	6.920415	3.460208	17.301038	0	0	20.761246	24.221453	13.84083	0	0	13.84083	0	0	6.920415	10.380623	6.920415	3.460208	0	0	44.982699	17.301038	0	0	10.380623	0	0	0	0	6.920415	0	0	0	0	0	0	13.84083	3.460208	3.460208	38.062284	0	6.920415	24.221453	72.66436	6.920415	17.301038	0	6.920415	0	10.380623	13.84083	0	0	0	3.460208	13.84083	0	0	0	0	0	0	0	0	0	0	6.920415	10.380623	72.66436	10.380623	121.107266	3.460208	34.602076	3.460208	3.460208	10.380623	0	0	0	0	0	0	6.920415	17.301038	24.221453	3.460208	0	0	13.84083	6.920415	0	31.141869	6.920415	0	0	0	0	3.460208	0	0	0	0	0	10.380623	0	0	10.380623	0	3.460208	0	0	0	3.460208	0	0	0	0	0	0	3.460208	3.460208	0	0	0	0	0	17.301038	0	0	0	0	0	0	13.84083	0	0	3.460208	0	3.460208	0	0	0	0	3.460208	34.602076	0	0	0	0	0	0	0	0	0	0	0	0	0	0	0	0	0	0	0	0	0	0	0	3.460208	0	0	0	224.913495	44.982699	301.038062	96.885813	148.788927	44.982699	204.152249	69.204152	27.681661	13.84083	38.062284	0	0	6.920415	38.062284	6.920415	20.761246	13.84083	69.204152	3.460208
37015.txt	maiores_notas	125	9.868421	39.473684	9.868421	9.868421	23.026316	3.289474	0	0	0	0	0	9.868421	3.289474	3.289474	3.289474	3.289474	0	6.578947	6.578947	29.605263	0	9.868421	0	26.315789	3.289474	0	0	3.289474	19.736842	269.736842	125	131.578947	42.763158	9.868421	3.289474	0	23.026316	0	19.736842	32.894737	3.289474	75.657895	9.868421	46.052632	13.157895	29.605263	42.763158	3.289474	0	0	9.868421	9.868421	62.5	0	6.578947	36.184211	101.973684	52.631579	26.315789	0	6.578947	0	3.289474	9.868421	0	0	3.289474	62.5	0	0	0	0	0	3.289474	0	0	0	3.289474	0	0	72.368421	13.157895	3.289474	0	3.289474	0	0	0	0	0	0	0	13.157895	0	0	0	42.763158	3.289474	0	36.184211	3.289474	3.289474	29.605263	92.105263	16.447368	26.315789	0	0	0	13.157895	3.289474	9.868421	6.578947	0	6.578947	0	3.289474	3.289474	0	6.578947	0	0	3.289474	0	3.289474	0	0	6.578947	92.105263	3.289474	42.763158	0	55.921053	0	9.868421	3.289474	0	0	0	0	0	3.289474	3.289474	6.578947	29.605263	13.157895	0	0	29.605263	3.289474	0	36.184211	3.289474	0	0	0	0	6.578947	0	0	0	0	0	13.157895	0	0	0	0	0	3.289474	0	0	0	0	0	0	0	0	0	3.289474	0	0	0	3.289474	3.289474	0	3.289474	0	6.578947	0	0	0	0	13.157895	0	0	0	9.868421	0	0	0	0	0	0	9.868421	0	0	0	0	0	0	0	0	0	0	0	0	0	0	0	0	0	0	0	0	0	0	0	0	0	0	0	174.342105	52.631579	289.473684	85.526316	161.184211	46.052632	138.157895	78.947368	46.052632	29.605263	9.868421	0	0	3.289474	36.184211	9.868421	6.578947	9.868421	69.078947	0
37102.txt	maiores_notas	112.391931	14.409222	57.636888	5.763689	17.291066	11.527378	0	0	0	0	0	0	0	0	0	0	0	0	5.763689	8.645533	23.054755	0	8.645533	0	14.409222	0	0	0	0	14.409222	273.775216	115.273775	103.746398	54.755043	5.763689	0	17.291066	46.10951	2.881844	40.345821	5.763689	14.409222	72.04611	11.527378	31.700288	8.645533	25.936599	14.409222	8.645533	2.881844	0	0	17.291066	28.818444	0	8.645533	40.345821	135.446686	63.400576	23.054755	8.645533	11.527378	2.881844	8.645533	11.527378	5.763689	8.645533	20.172911	83.573487	5.763689	0	2.881844	2.881844	2.881844	0	0	2.881844	11.527378	5.763689	2.881844	0	77.809798	20.172911	5.763689	0	2.881844	0	0	0	0	2.881844	0	0	0	20.172911	5.763689	0	28.818444	0	2.881844	51.873199	2.881844	23.054755	17.291066	106.628242	0	28.818444	0	25.936599	0	2.881844	11.527378	0	8.645533	0	5.763689	8.645533	0	0	0	5.763689	2.881844	0	0	0	2.881844	0	8.645533	11.527378	83.573487	8.645533	57.636888	0	34.582133	5.763689	5.763689	0	0	0	2.881844	0	0	2.881844	5.763689	5.763689	31.700288	2.881844	0	0	23.054755	5.763689	0	31.700288	20.172911	0	2.881844	5.763689	0	0	0	0	0	0	0	17.291066	5.763689	0	2.881844	0	0	2.881844	0	0	0	2.881844	0	0	0	0	0	5.763689	0	0	0	0	0	0	17.291066	0	0	0	0	0	2.881844	20.172911	0	0	0	0	0	0	0	0	0	0	5.763689	0	0	5.763689	0	0	0	0	0	0	0	0	0	0	0	0	0	0	0	0	0	0	0	0	0	0	0	0	184.43804	43.227666	288.184438	54.755043	201.729107	48.991354	149.855908	63.400576	28.818444	23.054755	11.527378	0	0	5.763689	51.873199	5.763689	20.172911	11.527378	92.21902	5.763689
37126.txt	maiores_notas	80.495356	18.575851	24.767802	6.19195	37.151703	9.287926	3.095975	0	0	0	0	24.767802	9.287926	9.287926	6.19195	3.095975	3.095975	0	9.287926	6.19195	18.575851	6.19195	18.575851	0	15.479876	27.863777	9.287926	0	18.575851	37.151703	179.566563	86.687307	92.879257	24.767802	0	0	12.383901	9.287926	21.671827	21.671827	15.479876	0	68.111455	0	15.479876	24.767802	6.19195	18.575851	0	0	6.19195	0	6.19195	18.575851	0	6.19195	15.479876	167.182663	71.20743	34.055728	24.767802	12.383901	12.383901	9.287926	6.19195	6.19195	15.479876	3.095975	80.495356	15.479876	3.095975	15.479876	12.383901	3.095975	0	0	0	0	0	3.095975	0	89.783282	37.151703	18.575851	0	9.287926	6.19195	0	3.095975	0	3.095975	0	3.095975	0	21.671827	6.19195	0	6.19195	0	6.19195	27.863777	6.19195	40.247678	18.575851	154.798762	0	6.19195	0	15.479876	0	15.479876	9.287926	6.19195	27.863777	0	3.095975	3.095975	0	0	0	27.863777	0	0	0	0	0	6.19195	6.19195	3.095975	80.495356	6.19195	24.767802	0	21.671827	0	12.383901	3.095975	0	0	6.19195	0	0	0	9.287926	9.287926	15.479876	15.479876	0	0	18.575851	9.287926	9.287926	30.959752	30.959752	0	3.095975	24.767802	0	3.095975	0	0	6.19195	0	0	9.287926	9.287926	0	3.095975	0	0	6.19195	0	0	0	0	0	0	0	0	0	6.19195	0	0	0	0	0	3.095975	3.095975	0	0	0	0	0	0	46.439628	0	0	6.19195	3.095975	0	0	0	0	0	0	15.479876	0	0	0	0	3.095975	9.287926	0	0	0	0	0	0	0	0	3.095975	0	0	0	0	0	0	0	0	0	0	0	0	123.839009	92.879257	216.718266	49.535604	247.678019	83.591331	111.455108	61.919505	6.19195	18.575851	12.383901	9.287926	3.095975	9.287926	34.055728	9.287926	3.095975	6.19195	92.879257	24.767802
37193.txt	maiores_notas	106.824926	8.902077	74.183976	11.869436	11.869436	2.967359	11.869436	0	0	0	0	0	11.869436	2.967359	2.967359	2.967359	2.967359	0	8.902077	8.902077	11.869436	0	8.902077	0	11.869436	2.967359	0	0	2.967359	5.934718	258.160237	112.759644	77.151335	20.771513	8.902077	0	14.836795	38.575668	2.967359	14.836795	2.967359	2.967359	80.118694	0	65.281899	20.771513	35.608309	29.673591	0	20.771513	2.967359	0	2.967359	65.281899	2.967359	23.738872	62.31454	80.118694	41.543027	23.738872	11.869436	11.869436	5.934718	0	0	2.967359	2.967359	11.869436	29.673591	2.967359	0	8.902077	11.869436	0	0	2.967359	5.934718	0	2.967359	2.967359	2.967359	77.151335	14.836795	0	0	0	0	0	0	0	0	0	0	5.934718	2.967359	0	0	14.836795	5.934718	14.836795	26.706231	0	8.902077	23.738872	91.988131	2.967359	11.869436	0	5.934718	0	0	2.967359	5.934718	5.934718	0	2.967359	2.967359	0	0	0	5.934718	0	0	0	0	0	0	0	5.934718	62.31454	38.575668	86.053412	0	32.64095	2.967359	14.836795	2.967359	2.967359	0	2.967359	0	0	2.967359	20.771513	5.934718	29.673591	14.836795	2.967359	0	11.869436	20.771513	0	23.738872	8.902077	0	0	0	0	11.869436	0	0	0	0	0	5.934718	2.967359	0	0	0	2.967359	8.902077	0	0	0	5.934718	0	0	2.967359	0	0	20.771513	0	0	0	0	0	0	5.934718	0	0	0	0	0	2.967359	17.804154	0	0	5.934718	5.934718	0	0	0	0	0	0	5.934718	0	0	0	0	0	0	0	0	0	0	0	0	0	0	0	0	0	0	0	0	0	0	0	5.934718	0	0	0	115.727003	44.510386	264.094955	91.988131	148.367953	29.673591	181.008902	91.988131	17.804154	11.869436	5.934718	0	0	20.771513	23.738872	20.771513	11.869436	2.967359	59.347181	5.934718
37284.txt	maiores_notas	90.909091	6.269592	72.100313	25.07837	3.134796	9.404389	3.134796	6.269592	0	0	0	0	34.482759	0	0	0	9.404389	0	9.404389	0	0	6.269592	6.269592	0	15.673981	3.134796	0	0	3.134796	15.673981	247.648903	156.739812	50.15674	18.808777	15.673981	3.134796	28.213166	59.561129	9.404389	43.887147	15.673981	3.134796	43.887147	15.673981	50.15674	37.617555	50.15674	47.021944	3.134796	9.404389	12.539185	18.808777	12.539185	87.774295	0	21.943574	62.695925	47.021944	43.887147	40.752351	9.404389	9.404389	12.539185	0	9.404389	6.269592	0	0	12.539185	21.943574	0	9.404389	0	0	0	0	0	0	0	0	0	50.15674	6.269592	6.269592	0	0	0	0	0	0	3.134796	3.134796	6.269592	0	0	0	0	0	18.808777	21.943574	21.943574	3.134796	15.673981	18.808777	59.561129	0	0	0	18.808777	0	18.808777	25.07837	6.269592	12.539185	3.134796	3.134796	12.539185	0	3.134796	0	12.539185	0	3.134796	3.134796	0	0	0	12.539185	18.808777	97.178683	31.347962	72.100313	0	28.213166	0	6.269592	6.269592	3.134796	0	0	0	0	0	12.539185	6.269592	28.213166	3.134796	3.134796	0	0	12.539185	6.269592	25.07837	15.673981	6.269592	0	0	21.943574	34.482759	0	0	0	0	0	0	0	0	6.269592	0	3.134796	6.269592	0	0	12.539185	0	0	0	3.134796	0	0	9.404389	3.134796	0	0	0	0	6.269592	0	0	6.269592	0	0	0	6.269592	12.539185	0	0	6.269592	28.213166	0	0	0	0	0	6.269592	15.673981	0	0	0	0	0	0	0	0	0	6.269592	0	0	0	0	0	0	0	0	0	0	0	0	0	3.134796	0	0	0	97.178683	90.909091	269.592476	137.931034	119.122257	100.31348	194.357367	65.830721	18.808777	0	21.943574	6.269592	0	12.539185	28.213166	21.943574	0	18.808777	59.561129	3.134796
37293.txt	maiores_notas	45.833333	29.166667	25	0	25	29.166667	4.166667	0	0	0	0	4.166667	25	4.166667	8.333333	12.5	8.333333	0	4.166667	16.666667	16.666667	0	16.666667	0	29.166667	12.5	0	0	12.5	25	233.333333	87.5	91.666667	75	8.333333	8.333333	8.333333	12.5	0	16.666667	12.5	0	66.666667	0	33.333333	29.166667	4.166667	16.666667	8.333333	4.166667	0	0	12.5	25	4.166667	0	37.5	129.166667	50	25	41.666667	20.833333	0	4.166667	8.333333	8.333333	4.166667	12.5	58.333333	8.333333	0	0	16.666667	20.833333	4.166667	0	0	8.333333	4.166667	0	0	50	37.5	12.5	4.166667	0	0	0	0	0	12.5	8.333333	0	0	20.833333	0	0	4.166667	4.166667	0	45.833333	8.333333	20.833333	20.833333	104.166667	0	4.166667	0	8.333333	0	12.5	12.5	0	4.166667	0	4.166667	8.333333	0	0	0	4.166667	0	0	0	0	0	0	8.333333	8.333333	87.5	12.5	25	0	50	0	0	0	0	0	8.333333	0	8.333333	0	20.833333	4.166667	25	25	0	0	16.666667	20.833333	0	45.833333	20.833333	0	0	29.166667	0	4.166667	0	0	0	0	0	8.333333	8.333333	0	4.166667	0	8.333333	4.166667	0	0	0	0	0	0	0	0	0	8.333333	12.5	0	0	4.166667	4.166667	0	8.333333	0	4.166667	0	0	0	4.166667	25	0	0	12.5	12.5	0	0	0	0	0	0	8.333333	0	0	0	0	0	0	0	0	0	0	0	0	0	0	0	0	0	0	0	0	0	0	0	8.333333	0	0	0	75	79.166667	258.333333	66.666667	212.5	45.833333	129.166667	91.666667	8.333333	16.666667	8.333333	0	0	20.833333	45.833333	20.833333	12.5	8.333333	87.5	37.5
37321.txt	maiores_notas	126.005362	2.680965	99.19571	2.680965	5.36193	2.680965	8.042895	2.680965	0	0	0	0	13.404826	2.680965	16.085791	0	2.680965	2.680965	13.404826	5.36193	18.766756	0	21.447721	2.680965	8.042895	5.36193	0	0	5.36193	5.36193	273.458445	88.47185	107.238606	26.809651	2.680965	2.680965	8.042895	69.705094	13.404826	67.024129	29.490617	2.680965	40.214477	0	21.447721	8.042895	42.895442	21.447721	0	5.36193	2.680965	2.680965	10.723861	56.300268	2.680965	18.766756	56.300268	123.324397	18.766756	8.042895	2.680965	13.404826	5.36193	0	61.662198	0	2.680965	5.36193	72.386059	8.042895	8.042895	5.36193	5.36193	0	0	0	5.36193	0	0	5.36193	0	77.747989	2.680965	0	0	0	0	0	0	0	0	0	0	5.36193	16.085791	0	0	13.404826	0	0	32.171582	0	18.766756	10.723861	80.428954	2.680965	10.723861	0	5.36193	2.680965	5.36193	5.36193	5.36193	0	0	0	0	0	0	0	0	0	0	0	0	0	0	2.680965	13.404826	77.747989	24.128686	99.19571	0	29.490617	5.36193	5.36193	2.680965	0	0	0	0	0	10.723861	5.36193	2.680965	18.766756	16.085791	0	0	18.766756	5.36193	0	32.171582	18.766756	2.680965	0	8.042895	0	0	0	0	0	0	0	16.085791	0	2.680965	0	0	0	5.36193	0	0	0	0	0	0	0	0	0	5.36193	0	0	0	0	0	8.042895	5.36193	0	0	0	0	0	0	13.404826	0	0	8.042895	5.36193	0	0	0	0	0	0	2.680965	0	0	0	0	0	0	0	0	0	0	0	0	0	0	0	0	0	0	0	0	0	0	0	2.680965	0	0	0	128.686327	67.024129	278.820375	80.428954	142.091153	24.128686	201.072386	61.662198	13.404826	18.766756	2.680965	0	0	5.36193	32.171582	5.36193	5.36193	2.680965	61.662198	10.723861
37362.txt	maiores_notas	89.171975	14.861996	38.216561	25.477707	21.231423	21.231423	4.246285	0	0	2.123142	0	14.861996	21.231423	25.477707	4.246285	2.123142	10.615711	2.123142	4.246285	10.615711	10.615711	8.492569	10.615711	2.123142	25.477707	14.861996	0	0	14.861996	16.985138	239.915074	65.81741	106.157113	36.093418	0	6.369427	0	6.369427	0	8.492569	27.600849	6.369427	55.201699	0	19.10828	23.354565	8.492569	27.600849	0	0	2.123142	0	19.10828	23.354565	4.246285	4.246285	19.10828	140.127389	27.600849	19.10828	29.723992	4.246285	23.354565	12.738854	16.985138	2.123142	0	23.354565	36.093418	10.615711	0	25.477707	2.123142	2.123142	0	0	21.231423	2.123142	0	14.861996	0	25.477707	25.477707	70.063694	14.861996	0	4.246285	0	0	0	0	0	0	4.246285	4.246285	0	0	10.615711	2.123142	2.123142	57.324841	0	2.123142	25.477707	129.511677	2.123142	8.492569	0	2.123142	2.123142	2.123142	10.615711	2.123142	10.615711	0	6.369427	10.615711	0	0	0	6.369427	4.246285	0	0	0	0	2.123142	8.492569	2.123142	70.063694	4.246285	67.940552	0	38.216561	0	2.123142	0	0	0	2.123142	2.123142	0	0	19.10828	0	25.477707	10.615711	0	0	10.615711	29.723992	2.123142	57.324841	2.123142	0	0	6.369427	0	2.123142	0	0	0	8.492569	0	6.369427	0	4.246285	12.738854	0	6.369427	0	0	0	0	0	0	0	0	0	0	19.10828	0	0	0	0	2.123142	4.246285	23.354565	0	0	2.123142	0	0	2.123142	10.615711	0	0	12.738854	8.492569	0	0	0	0	0	0	0	2.123142	0	0	0	0	0	0	0	0	0	0	0	0	0	0	0	0	0	0	0	0	0	0	4.246285	0	0	0	104.03397	104.03397	256.900212	67.940552	193.205945	36.093418	142.250531	63.694268	12.738854	23.354565	2.123142	0	0	29.723992	57.324841	19.10828	23.354565	10.615711	84.92569	10.615711
37376.txt	maiores_notas	99.264706	7.352941	91.911765	22.058824	0	14.705882	3.676471	0	0	0	0	0	3.676471	3.676471	0	3.676471	0	0	3.676471	0	22.058824	0	7.352941	3.676471	14.705882	0	0	0	0	51.470588	272.058824	128.676471	77.205882	33.088235	14.705882	3.676471	18.382353	69.852941	3.676471	40.441176	40.441176	14.705882	62.5	14.705882	36.764706	22.058824	29.411765	44.117647	7.352941	11.029412	0	11.029412	18.382353	44.117647	0	11.029412	33.088235	99.264706	33.088235	25.735294	3.676471	7.352941	7.352941	0	7.352941	0	3.676471	14.705882	73.529412	7.352941	0	3.676471	0	0	0	3.676471	14.705882	0	0	3.676471	0	58.823529	7.352941	11.029412	0	3.676471	0	3.676471	0	0	7.352941	0	0	0	0	0	0	14.705882	0	7.352941	36.764706	0	7.352941	18.382353	84.558824	7.352941	11.029412	0	14.705882	0	3.676471	0	3.676471	3.676471	0	7.352941	0	0	0	0	3.676471	0	0	0	0	0	0	3.676471	0	99.264706	14.705882	102.941176	3.676471	40.441176	3.676471	0	0	0	0	0	0	0	0	0	0	22.058824	11.029412	0	0	22.058824	0	0	36.764706	7.352941	3.676471	0	14.705882	0	3.676471	0	0	0	0	0	14.705882	3.676471	0	3.676471	0	0	0	0	0	0	0	0	0	0	0	0	0	0	0	0	0	0	0	14.705882	0	0	0	3.676471	0	0	18.382353	0	0	3.676471	0	0	0	0	0	0	0	0	0	0	0	0	0	0	0	0	0	0	0	0	0	0	0	0	0	0	0	0	0	0	0	0	0	0	0	194.852941	33.088235	323.529412	84.558824	147.058824	29.411765	209.558824	44.117647	14.705882	22.058824	0	0	0	0	36.764706	0	14.705882	0	62.5	18.382353
37386.txt	maiores_notas	68.783069	10.582011	68.783069	5.291005	5.291005	10.582011	10.582011	0	0	0	0	0	10.582011	0	0	0	10.582011	0	5.291005	10.582011	10.582011	10.582011	15.873016	0	21.164021	0	0	0	0	31.746032	296.296296	84.656085	116.402116	58.201058	21.164021	10.582011	5.291005	52.910053	10.582011	52.910053	74.074074	5.291005	58.201058	0	26.455026	5.291005	21.164021	5.291005	15.873016	0	0	5.291005	15.873016	31.746032	0	5.291005	37.037037	132.275132	42.328042	15.873016	0	5.291005	0	15.873016	42.328042	15.873016	5.291005	5.291005	52.910053	37.037037	0	5.291005	0	0	5.291005	0	0	0	5.291005	0	0	52.910053	15.873016	5.291005	0	5.291005	10.582011	0	0	0	21.164021	0	0	0	10.582011	0	0	21.164021	5.291005	10.582011	10.582011	0	37.037037	37.037037	79.365079	10.582011	10.582011	10.582011	21.164021	0	0	15.873016	0	5.291005	0	5.291005	5.291005	5.291005	0	0	5.291005	0	0	0	0	0	0	15.873016	5.291005	89.94709	0	79.365079	0	42.328042	0	0	5.291005	0	0	10.582011	0	5.291005	0	5.291005	0	21.164021	21.164021	0	0	10.582011	5.291005	0	10.582011	37.037037	5.291005	0	0	0	5.291005	0	0	0	10.582011	0	10.582011	0	0	21.164021	0	0	0	5.291005	0	0	0	0	0	0	0	0	0	5.291005	0	0	0	0	0	5.291005	0	0	0	0	0	0	0	0	0	5.291005	5.291005	0	0	0	0	0	0	0	0	0	0	0	0	0	0	0	0	0	0	0	0	0	0	0	0	0	0	0	0	0	0	21.164021	0	0	0	148.148148	58.201058	333.333333	52.910053	174.603175	52.910053	169.312169	68.783069	26.455026	10.582011	0	0	0	5.291005	10.582011	5.291005	10.582011	21.164021	84.656085	21.164021
37416.txt	maiores_notas	70.866142	11.811024	43.307087	7.874016	35.433071	19.685039	7.874016	0	0	0	0	27.559055	23.622047	3.937008	11.811024	7.874016	7.874016	0	11.811024	11.811024	0	3.937008	11.811024	0	27.559055	31.496063	19.685039	7.874016	3.937008	15.748031	248.031496	66.929134	118.110236	35.433071	0	3.937008	7.874016	11.811024	3.937008	11.811024	23.622047	19.685039	43.307087	0	27.559055	11.811024	23.622047	27.559055	3.937008	0	0	3.937008	3.937008	43.307087	7.874016	15.748031	27.559055	122.047244	39.370079	15.748031	19.685039	3.937008	0	11.811024	19.685039	11.811024	23.622047	7.874016	59.055118	11.811024	0	3.937008	3.937008	7.874016	0	0	3.937008	0	3.937008	0	0	3.937008	55.11811	47.244094	3.937008	0	0	7.874016	0	0	0	0	0	0	23.622047	3.937008	3.937008	11.811024	0	7.874016	23.622047	3.937008	27.559055	27.559055	118.110236	3.937008	7.874016	0	7.874016	3.937008	0	7.874016	3.937008	15.748031	0	7.874016	7.874016	0	0	0	15.748031	0	0	0	0	0	0	7.874016	11.811024	82.677165	7.874016	51.181102	0	43.307087	0	7.874016	19.685039	0	0	11.811024	0	0	0	7.874016	0	27.559055	23.622047	0	0	0	7.874016	0	23.622047	15.748031	0	3.937008	7.874016	3.937008	3.937008	0	0	7.874016	0	3.937008	0	0	0	7.874016	0	0	7.874016	0	0	0	0	0	0	0	0	0	7.874016	0	0	0	0	0	0	3.937008	0	0	0	0	0	0	39.370079	0	0	7.874016	15.748031	0	0	0	0	0	0	0	3.937008	0	0	0	0	0	0	0	0	0	0	0	0	0	0	0	0	0	0	0	0	0	0	3.937008	3.937008	0	0	125.984252	78.740157	255.905512	62.992126	173.228346	43.307087	137.795276	90.551181	11.811024	0	3.937008	0	0	7.874016	43.307087	7.874016	7.874016	7.874016	78.740157	19.685039
37480.txt	maiores_notas	66.901408	21.126761	52.816901	14.084507	17.605634	10.56338	3.521127	0	0	0	0	24.647887	24.647887	14.084507	17.605634	10.56338	24.647887	3.521127	3.521127	10.56338	14.084507	0	3.521127	0	10.56338	24.647887	3.521127	0	21.126761	7.042254	214.788732	95.070423	95.070423	24.647887	0	7.042254	24.647887	21.126761	0	24.647887	24.647887	0	73.943662	10.56338	42.253521	31.690141	7.042254	31.690141	7.042254	14.084507	3.521127	7.042254	28.169014	21.126761	0	3.521127	38.732394	147.887324	35.211268	24.647887	38.732394	28.169014	3.521127	17.605634	10.56338	7.042254	3.521127	3.521127	49.295775	7.042254	0	24.647887	21.126761	0	3.521127	0	3.521127	0	0	3.521127	0	66.901408	59.859155	3.521127	0	3.521127	10.56338	0	7.042254	3.521127	3.521127	7.042254	0	0	0	0	0	0	0	3.521127	28.169014	0	7.042254	7.042254	133.802817	0	0	0	17.605634	3.521127	7.042254	17.605634	3.521127	14.084507	0	10.56338	17.605634	3.521127	3.521127	0	7.042254	7.042254	0	3.521127	0	0	3.521127	17.605634	14.084507	63.380282	0	52.816901	0	45.774648	3.521127	3.521127	0	7.042254	0	3.521127	0	0	3.521127	14.084507	0	24.647887	28.169014	0	0	14.084507	14.084507	0	14.084507	7.042254	0	7.042254	49.295775	3.521127	0	0	0	0	0	3.521127	10.56338	3.521127	0	0	3.521127	0	7.042254	3.521127	0	0	0	0	0	3.521127	3.521127	0	10.56338	3.521127	0	0	0	7.042254	3.521127	7.042254	0	0	0	0	0	0	7.042254	0	0	17.605634	7.042254	0	0	3.521127	0	3.521127	0	0	0	0	3.521127	3.521127	3.521127	7.042254	3.521127	0	0	0	0	0	0	0	0	0	0	0	0	0	0	0	0	7.042254	0	0	0	88.028169	91.549296	221.830986	84.507042	190.140845	77.464789	116.197183	66.901408	0	14.084507	10.56338	14.084507	0	14.084507	17.605634	14.084507	3.521127	21.126761	42.253521	59.859155
37525.txt	maiores_notas	99.630996	7.380074	59.04059	18.450185	0	0	7.380074	0	0	0	0	0	0	0	0	0	0	0	3.690037	7.380074	25.830258	0	11.070111	0	3.690037	3.690037	0	0	3.690037	14.760148	284.132841	110.701107	121.771218	36.900369	3.690037	0	7.380074	44.280443	14.760148	44.280443	33.210332	0	77.490775	0	55.350554	11.070111	25.830258	40.590406	7.380074	0	0	0	22.140221	51.660517	3.690037	3.690037	36.900369	140.221402	51.660517	29.520295	3.690037	7.380074	3.690037	3.690037	47.97048	7.380074	7.380074	22.140221	81.180812	0	0	7.380074	3.690037	0	0	0	18.450185	0	7.380074	3.690037	0	55.350554	14.760148	3.690037	0	7.380074	0	0	0	0	0	0	3.690037	0	0	7.380074	0	29.520295	3.690037	11.070111	55.350554	0	25.830258	33.210332	81.180812	7.380074	22.140221	0	0	3.690037	14.760148	0	3.690037	7.380074	0	3.690037	0	7.380074	0	0	7.380074	0	0	0	0	0	0	0	11.070111	66.420664	0	70.110701	0	44.280443	11.070111	11.070111	0	3.690037	0	3.690037	0	0	14.760148	3.690037	3.690037	40.590406	22.140221	0	0	25.830258	3.690037	0	55.350554	25.830258	14.760148	0	0	0	3.690037	0	0	0	0	0	18.450185	3.690037	0	14.760148	0	0	0	0	0	0	0	0	3.690037	0	0	0	3.690037	0	0	0	0	0	0	22.140221	0	7.380074	0	7.380074	0	0	18.450185	0	0	0	7.380074	0	0	3.690037	0	0	0	3.690037	0	0	0	0	0	0	0	0	0	0	0	0	0	0	0	0	0	0	0	0	0	0	0	0	0	0	0	107.01107	14.760148	298.892989	84.870849	191.881919	29.520295	136.531365	92.250923	33.210332	25.830258	3.690037	0	0	3.690037	55.350554	3.690037	25.830258	7.380074	114.391144	0
37605.txt	maiores_notas	97.122302	7.194245	104.316547	21.582734	0	7.194245	7.194245	0	0	0	0	3.597122	17.985612	0	0	0	0	0	3.597122	0	25.179856	7.194245	10.791367	0	7.194245	3.597122	0	0	3.597122	50.359712	276.978417	172.661871	79.136691	17.985612	17.985612	3.597122	14.388489	64.748201	0	68.345324	75.539568	7.194245	21.582734	7.194245	25.179856	14.388489	43.165468	25.179856	3.597122	3.597122	0	17.985612	7.194245	61.151079	0	32.374101	57.553957	97.122302	32.374101	21.582734	7.194245	10.791367	17.985612	0	25.179856	7.194245	3.597122	3.597122	28.776978	0	0	0	10.791367	0	0	3.597122	3.597122	0	0	0	0	75.539568	3.597122	0	0	3.597122	0	0	0	0	0	0	0	0	0	0	0	3.597122	17.985612	14.388489	32.374101	0	7.194245	14.388489	82.733813	7.194245	3.597122	0	3.597122	0	3.597122	0	3.597122	0	0	0	0	0	0	0	0	0	0	0	0	0	0	0	0	100.719424	32.374101	118.705036	7.194245	35.971223	0	0	0	0	0	0	0	0	7.194245	10.791367	3.597122	25.179856	7.194245	0	0	25.179856	10.791367	7.194245	28.776978	3.597122	7.194245	0	3.597122	0	17.985612	0	0	0	0	0	14.388489	3.597122	0	7.194245	0	0	10.791367	0	0	0	0	0	0	0	0	0	10.791367	0	0	0	0	0	0	0	0	14.388489	0	3.597122	0	3.597122	10.791367	0	3.597122	0	17.985612	0	0	0	0	0	0	3.597122	0	0	0	0	0	0	0	0	0	0	0	0	0	0	0	0	0	0	0	0	0	0	0	0	0	0	0	208.633094	57.553957	327.338129	89.928058	133.093525	7.194245	226.618705	57.553957	28.776978	25.179856	3.597122	0	0	10.791367	35.971223	10.791367	7.194245	0	53.956835	10.791367
37612.txt	maiores_notas	68.421053	26.315789	31.578947	5.263158	10.526316	7.894737	0	0	0	0	2.631579	26.315789	36.842105	10.526316	23.684211	0	13.157895	2.631579	2.631579	5.263158	2.631579	5.263158	13.157895	0	10.526316	31.578947	13.157895	7.894737	10.526316	55.263158	176.315789	55.263158	86.842105	23.684211	0	2.631579	0	5.263158	7.894737	21.052632	18.421053	10.526316	52.631579	0	21.052632	44.736842	0	18.421053	2.631579	0	2.631579	0	7.894737	10.526316	0	0	0	163.157895	60.526316	44.736842	18.421053	15.789474	7.894737	2.631579	5.263158	2.631579	15.789474	15.789474	52.631579	0	0	23.684211	10.526316	2.631579	18.421053	0	2.631579	7.894737	2.631579	5.263158	0	78.947368	34.210526	21.052632	0	5.263158	5.263158	0	7.894737	0	10.526316	5.263158	0	0	7.894737	0	2.631579	7.894737	0	0	42.105263	0	23.684211	26.315789	136.842105	0	7.894737	0	13.157895	2.631579	10.526316	0	0	18.421053	0	13.157895	0	0	0	0	15.789474	2.631579	0	0	0	2.631579	0	0	0	60.526316	2.631579	36.842105	0	42.105263	0	7.894737	0	0	0	2.631579	0	5.263158	5.263158	15.789474	5.263158	15.789474	26.315789	0	0	2.631579	15.789474	5.263158	42.105263	23.684211	13.157895	0	7.894737	2.631579	0	0	0	0	2.631579	2.631579	0	2.631579	0	5.263158	0	2.631579	5.263158	7.894737	0	0	0	0	0	0	2.631579	0	7.894737	7.894737	0	0	7.894737	5.263158	2.631579	10.526316	0	0	0	0	0	0	26.315789	0	0	26.315789	10.526316	0	0	0	0	0	0	5.263158	2.631579	0	0	0	2.631579	21.052632	0	0	0	0	0	2.631579	0	0	0	0	0	0	0	0	0	0	0	0	0	0	0	94.736842	105.263158	231.578947	65.789474	226.315789	60.526316	100	81.578947	7.894737	2.631579	7.894737	26.315789	0	15.789474	42.105263	15.789474	15.789474	2.631579	92.105263	7.894737
37655.txt	maiores_notas	71.684588	17.921147	71.684588	7.168459	7.168459	14.336918	3.584229	0	0	0	0	0	10.752688	0	0	0	3.584229	0	3.584229	10.752688	25.089606	0	10.752688	10.752688	17.921147	3.584229	0	0	3.584229	14.336918	218.637993	103.942652	68.100358	32.258065	17.921147	7.168459	14.336918	53.763441	7.168459	39.426523	25.089606	17.921147	75.268817	14.336918	43.010753	17.921147	50.179211	32.258065	10.752688	0	0	3.584229	10.752688	86.021505	0	43.010753	68.100358	114.695341	50.179211	21.505376	3.584229	0	7.168459	3.584229	17.921147	3.584229	7.168459	17.921147	68.100358	10.752688	0	0	3.584229	3.584229	0	0	0	10.752688	0	7.168459	0	57.34767	17.921147	3.584229	0	0	0	7.168459	0	0	3.584229	0	0	0	0	3.584229	0	35.842294	7.168459	7.168459	32.258065	0	21.505376	35.842294	78.853047	0	35.842294	0	10.752688	0	10.752688	3.584229	0	7.168459	0	7.168459	3.584229	3.584229	0	0	7.168459	0	0	0	0	0	0	3.584229	0	89.605735	28.673835	71.684588	0	35.842294	0	7.168459	0	0	0	3.584229	0	0	7.168459	14.336918	0	28.673835	10.752688	0	0	28.673835	14.336918	0	25.089606	17.921147	7.168459	0	10.752688	0	10.752688	0	0	0	0	0	10.752688	7.168459	10.752688	7.168459	0	3.584229	0	0	0	0	0	0	3.584229	0	0	0	14.336918	0	0	0	0	0	0	10.752688	0	3.584229	0	0	0	0	10.752688	0	0	7.168459	3.584229	0	0	0	0	0	0	3.584229	0	0	0	0	0	0	0	0	0	0	0	0	0	0	0	0	0	0	0	0	0	0	0	0	0	0	0	161.290323	50.179211	279.569892	114.695341	164.874552	35.842294	175.62724	53.763441	43.010753	28.673835	3.584229	0	0	14.336918	25.089606	14.336918	17.921147	3.584229	89.605735	10.752688
37662.txt	maiores_notas	76.655052	20.905923	45.296167	6.968641	17.421603	24.390244	6.968641	0	0	0	0	20.905923	24.390244	17.421603	3.484321	17.421603	17.421603	0	10.452962	10.452962	17.421603	3.484321	13.937282	0	34.843206	20.905923	6.968641	10.452962	3.484321	38.327526	188.15331	87.108014	94.076655	38.327526	6.968641	0	0	17.421603	6.968641	31.358885	48.780488	0	66.202091	0	31.358885	17.421603	3.484321	38.327526	6.968641	10.452962	0	3.484321	20.905923	13.937282	3.484321	0	10.452962	146.341463	17.421603	10.452962	20.905923	20.905923	10.452962	6.968641	17.421603	3.484321	3.484321	10.452962	45.296167	17.421603	3.484321	20.905923	10.452962	0	0	0	3.484321	0	6.968641	3.484321	0	104.529617	6.968641	10.452962	0	13.937282	6.968641	0	3.484321	0	0	0	0	0	0	0	0	0	0	3.484321	20.905923	0	6.968641	6.968641	139.372822	3.484321	3.484321	0	27.874564	3.484321	3.484321	20.905923	3.484321	17.421603	0	3.484321	13.937282	3.484321	0	0	17.421603	0	0	0	0	3.484321	0	20.905923	10.452962	80.139373	13.937282	48.780488	0	20.905923	0	6.968641	0	0	0	3.484321	0	0	6.968641	6.968641	6.968641	13.937282	6.968641	0	0	17.421603	3.484321	3.484321	17.421603	6.968641	3.484321	3.484321	31.358885	0	10.452962	3.484321	0	0	3.484321	0	10.452962	6.968641	0	6.968641	0	0	0	0	0	0	0	0	0	0	0	0	3.484321	0	0	0	0	0	3.484321	3.484321	0	0	0	0	0	0	10.452962	0	0	24.390244	0	0	6.968641	3.484321	0	0	0	6.968641	3.484321	0	0	0	3.484321	17.421603	0	0	0	0	0	0	0	0	0	0	0	0	0	0	0	0	0	0	0	0	0	97.560976	104.529617	226.480836	52.264808	177.700348	94.076655	142.857143	52.264808	6.968641	17.421603	10.452962	20.905923	0	3.484321	17.421603	0	10.452962	20.905923	34.843206	38.327526
37681.txt	maiores_notas	66.037736	12.578616	75.471698	15.72327	31.446541	3.144654	3.144654	0	0	0	0	15.72327	12.578616	0	9.433962	0	9.433962	0	6.289308	6.289308	15.72327	0	12.578616	9.433962	6.289308	18.867925	9.433962	0	6.289308	25.157233	251.572327	138.36478	72.327044	44.025157	9.433962	22.012579	12.578616	40.880503	3.144654	40.880503	18.867925	6.289308	56.603774	12.578616	31.446541	25.157233	15.72327	22.012579	3.144654	6.289308	3.144654	6.289308	12.578616	28.301887	0	9.433962	28.301887	91.194969	69.18239	34.591195	12.578616	12.578616	0	0	22.012579	12.578616	9.433962	6.289308	31.446541	18.867925	0	9.433962	9.433962	3.144654	6.289308	3.144654	3.144654	0	0	3.144654	3.144654	88.050314	9.433962	3.144654	0	3.144654	6.289308	0	0	0	9.433962	0	0	0	6.289308	0	0	6.289308	0	9.433962	40.880503	0	12.578616	12.578616	103.773585	0	6.289308	0	22.012579	0	6.289308	9.433962	3.144654	15.72327	0	9.433962	6.289308	0	0	0	15.72327	0	0	0	0	0	0	12.578616	6.289308	78.616352	9.433962	78.616352	3.144654	25.157233	0	0	0	3.144654	0	0	0	0	9.433962	12.578616	0	22.012579	6.289308	0	0	25.157233	12.578616	0	40.880503	12.578616	3.144654	0	12.578616	0	6.289308	0	0	0	0	0	9.433962	9.433962	9.433962	0	0	0	3.144654	0	3.144654	0	0	0	0	3.144654	3.144654	0	9.433962	3.144654	0	0	0	0	0	3.144654	0	0	0	0	0	3.144654	15.72327	0	0	6.289308	12.578616	0	0	0	0	0	0	3.144654	0	0	0	0	0	0	0	0	0	0	0	0	0	0	0	0	0	0	0	0	0	0	0	0	3.144654	0	0	78.616352	75.471698	276.72956	69.18239	166.666667	69.18239	163.522013	53.459119	6.289308	25.157233	3.144654	0	0	12.578616	40.880503	12.578616	6.289308	6.289308	66.037736	15.72327
37687.txt	maiores_notas	100	8	64	20	4	12	12	0	0	0	0	0	8	4	8	8	0	0	12	0	8	0	12	0	4	0	0	0	0	28	248	104	72	36	12	0	0	68	4	56	32	12	56	0	56	16	40	40	0	12	0	4	20	76	0	12	64	96	32	16	0	4	4	0	28	4	4	8	44	8	4	0	0	0	0	4	0	4	4	0	0	48	24	0	0	0	0	0	0	0	0	0	0	0	8	0	0	8	0	4	24	0	12	20	72	0	16	4	12	0	12	24	4	8	0	4	16	0	0	0	8	0	0	0	0	0	0	12	32	96	40	76	0	20	0	4	12	0	0	0	4	0	16	0	4	16	8	4	0	8	0	0	24	12	0	0	0	0	0	0	0	0	0	0	4	4	0	12	0	0	0	0	0	0	0	0	0	0	0	0	0	0	0	0	0	0	0	4	0	0	0	0	0	4	28	0	0	0	4	0	0	0	0	0	0	4	0	0	4	0	0	0	0	0	0	0	0	0	0	0	0	0	0	0	0	0	0	0	0	0	4	0	0	172	32	280	116	128	72	188	64	16	20	8	0	0	0	40	0	8	0	56	4
37753.txt	maiores_notas	84.337349	6.024096	60.240964	18.072289	12.048193	6.024096	6.024096	0	0	0	0	48.192771	48.192771	6.024096	36.144578	6.024096	12.048193	0	0	6.024096	12.048193	0	6.024096	0	12.048193	60.240964	18.072289	0	42.168675	0	222.891566	90.361446	132.53012	18.072289	12.048193	0	0	36.144578	0	24.096386	30.120482	0	42.168675	6.024096	36.144578	18.072289	6.024096	12.048193	0	0	0	0	24.096386	6.024096	6.024096	0	0	168.674699	18.072289	6.024096	48.192771	6.024096	0	6.024096	12.048193	0	24.096386	12.048193	90.361446	6.024096	0	18.072289	36.144578	6.024096	0	6.024096	0	6.024096	0	0	6.024096	78.313253	12.048193	12.048193	0	12.048193	12.048193	0	0	0	6.024096	0	0	0	12.048193	0	0	0	0	0	54.216867	6.024096	12.048193	0	114.457831	0	0	0	6.024096	0	6.024096	12.048193	12.048193	18.072289	0	12.048193	6.024096	6.024096	0	0	12.048193	6.024096	0	0	0	0	0	24.096386	6.024096	66.26506	12.048193	60.240964	0	48.192771	6.024096	0	0	0	0	0	0	6.024096	0	6.024096	0	30.120482	24.096386	0	0	12.048193	6.024096	0	60.240964	12.048193	0	18.072289	18.072289	6.024096	6.024096	0	0	0	0	0	6.024096	0	0	0	0	0	0	0	6.024096	0	0	0	0	0	0	0	6.024096	0	0	0	0	0	6.024096	12.048193	0	0	0	0	0	0	36.144578	0	0	42.168675	6.024096	0	0	0	0	0	0	6.024096	6.024096	0	0	0	0	0	0	0	0	0	0	0	0	0	0	0	0	0	0	0	0	0	0	0	0	0	0	90.361446	126.506024	222.891566	54.216867	192.771084	78.313253	138.554217	66.26506	0	12.048193	12.048193	0	0	6.024096	60.240964	6.024096	12.048193	12.048193	72.289157	18.072289
37754.txt	maiores_notas	65.395095	8.174387	13.623978	2.724796	16.348774	13.623978	0	0	0	0	0	32.697548	27.247956	19.073569	10.899183	2.724796	16.348774	2.724796	2.724796	19.073569	16.348774	8.174387	13.623978	0	27.247956	32.697548	5.449591	8.174387	19.073569	68.119891	106.26703	27.247956	103.542234	19.073569	0	2.724796	0	8.174387	0	8.174387	19.073569	0	38.147139	0	10.899183	46.321526	2.724796	10.899183	5.449591	0	0	0	2.724796	19.073569	0	0	10.899183	185.286104	59.945504	51.771117	5.449591	13.623978	8.174387	21.798365	10.899183	21.798365	16.348774	19.073569	54.495913	13.623978	0	13.623978	2.724796	2.724796	8.174387	0	5.449591	2.724796	8.174387	5.449591	0	46.321526	29.972752	73.569482	2.724796	2.724796	5.449591	2.724796	13.623978	0	0	2.724796	5.449591	0	5.449591	5.449591	0	5.449591	0	8.174387	62.6703	0	19.073569	21.798365	158.038147	0	5.449591	0	29.972752	2.724796	2.724796	35.422343	0	35.422343	2.724796	5.449591	13.623978	0	0	2.724796	35.422343	0	2.724796	0	0	5.449591	0	19.073569	13.623978	79.019074	0	13.623978	0	40.871935	2.724796	13.623978	0	2.724796	0	13.623978	0	0	2.724796	0	2.724796	24.523161	32.697548	0	0	16.348774	0	5.449591	62.6703	19.073569	0	2.724796	24.523161	5.449591	8.174387	0	0	0	2.724796	0	5.449591	2.724796	2.724796	2.724796	0	0	0	0	0	0	0	0	0	0	0	0	0	0	0	0	5.449591	2.724796	2.724796	8.174387	0	0	0	0	0	0	13.623978	0	0	16.348774	10.899183	0	0	8.174387	0	0	0	2.724796	0	0	0	0	0	21.798365	0	0	0	0	0	0	0	0	0	0	0	0	0	0	0	0	0	0	0	0	0	87.19346	136.239782	174.386921	65.395095	256.13079	100.817439	92.643052	79.019074	5.449591	16.348774	2.724796	21.798365	0	0	59.945504	0	19.073569	21.798365	103.542234	0
37783.txt	maiores_notas	101.626016	12.195122	52.845528	8.130081	16.260163	4.065041	8.130081	0	0	0	0	4.065041	12.195122	0	4.065041	0	8.130081	0	8.130081	0	32.520325	0	8.130081	8.130081	4.065041	8.130081	0	0	8.130081	8.130081	272.357724	97.560976	138.211382	32.520325	24.390244	16.260163	4.065041	40.650407	8.130081	28.455285	20.325203	0	44.715447	0	48.780488	4.065041	28.455285	12.195122	20.325203	4.065041	0	0	24.390244	36.585366	0	16.260163	48.780488	130.081301	40.650407	24.390244	0	8.130081	0	4.065041	20.325203	0	4.065041	8.130081	85.365854	8.130081	4.065041	8.130081	0	0	4.065041	4.065041	0	0	4.065041	0	4.065041	65.04065	4.065041	12.195122	0	0	0	0	0	0	0	0	0	0	8.130081	0	4.065041	32.520325	0	0	36.585366	0	20.325203	32.520325	81.300813	8.130081	24.390244	0	20.325203	0	12.195122	0	24.390244	0	0	4.065041	0	0	0	0	0	0	0	0	0	0	0	0	16.260163	101.626016	8.130081	52.845528	0	32.520325	4.065041	0	4.065041	0	0	0	0	0	4.065041	4.065041	4.065041	28.455285	8.130081	4.065041	0	32.520325	4.065041	0	36.585366	20.325203	8.130081	0	4.065041	0	0	0	0	0	0	0	24.390244	0	8.130081	16.260163	0	0	0	0	4.065041	0	0	0	0	0	0	0	4.065041	0	0	0	0	4.065041	0	0	0	0	0	0	0	4.065041	24.390244	0	0	12.195122	0	0	0	0	0	8.130081	0	16.260163	0	0	0	0	0	0	0	0	0	0	0	0	0	0	0	0	0	0	0	0	0	0	0	8.130081	0	0	0	113.821138	65.04065	280.487805	69.105691	170.731707	69.105691	162.601626	56.910569	32.520325	32.520325	24.390244	0	0	4.065041	36.585366	4.065041	8.130081	0	89.430894	12.195122
37801.txt	maiores_notas	113.333333	6.666667	63.333333	23.333333	0	6.666667	6.666667	10	0	0	0	0	6.666667	0	0	0	3.333333	0	10	0	13.333333	0	10	0	3.333333	6.666667	0	0	6.666667	3.333333	283.333333	170	73.333333	13.333333	6.666667	13.333333	10	80	0	56.666667	20	0	63.333333	16.666667	43.333333	20	26.666667	36.666667	3.333333	6.666667	0	0	3.333333	66.666667	0	20	50	83.333333	36.666667	26.666667	10	6.666667	6.666667	0	6.666667	0	3.333333	10	23.333333	6.666667	0	0	0	0	0	0	6.666667	3.333333	0	6.666667	0	50	6.666667	0	0	6.666667	0	0	0	0	6.666667	0	0	0	0	0	0	6.666667	6.666667	3.333333	23.333333	3.333333	13.333333	36.666667	63.333333	0	23.333333	0	3.333333	0	3.333333	3.333333	0	0	0	3.333333	3.333333	0	0	0	0	0	0	0	0	0	0	0	0	96.666667	20	76.666667	0	43.333333	0	0	3.333333	0	0	3.333333	0	3.333333	6.666667	3.333333	0	43.333333	0	0	0	13.333333	3.333333	0	23.333333	6.666667	6.666667	0	0	0	16.666667	0	0	0	0	0	10	0	0	3.333333	0	0	3.333333	0	0	0	0	0	0	0	0	0	3.333333	0	0	0	0	0	0	10	0	0	0	0	0	3.333333	13.333333	0	0	6.666667	13.333333	0	0	0	0	0	0	3.333333	0	0	0	0	0	0	0	0	0	0	0	0	0	0	0	0	0	0	0	0	0	0	0	13.333333	0	0	0	183.333333	26.666667	320	90	133.333333	13.333333	193.333333	63.333333	30	13.333333	3.333333	0	0	3.333333	23.333333	3.333333	10	3.333333	73.333333	0
37817.txt	maiores_notas	68.522484	6.423983	40.685225	6.423983	29.978587	2.141328	6.423983	0	0	0	0	21.413276	29.978587	6.423983	19.271949	4.282655	10.706638	0	0	17.130621	23.554604	6.423983	14.989293	0	17.130621	32.119914	10.706638	0	21.413276	49.250535	175.588865	59.957173	122.055675	38.543897	4.282655	0	4.282655	4.282655	2.141328	8.56531	17.130621	2.141328	38.543897	0	59.957173	23.554604	10.706638	40.685225	8.56531	4.282655	12.847966	2.141328	4.282655	59.957173	6.423983	2.141328	36.40257	179.87152	42.826552	32.119914	19.271949	17.130621	8.56531	27.837259	29.978587	2.141328	14.989293	14.989293	70.663812	2.141328	0	21.413276	0	4.282655	2.141328	0	6.423983	6.423983	4.282655	8.56531	0	53.533191	62.098501	34.261242	2.141328	0	0	0	2.141328	0	6.423983	0	6.423983	4.282655	4.282655	4.282655	0	6.423983	0	2.141328	32.119914	6.423983	12.847966	17.130621	152.034261	0	12.847966	0	17.130621	0	2.141328	14.989293	0	6.423983	0	2.141328	10.706638	0	0	0	6.423983	0	0	0	0	0	0	12.847966	2.141328	87.794433	0	40.685225	0	42.826552	0	6.423983	6.423983	0	0	0	0	0	8.56531	10.706638	2.141328	29.978587	19.271949	0	0	23.554604	8.56531	2.141328	38.543897	12.847966	2.141328	0	77.087794	0	0	0	0	0	4.282655	0	14.989293	8.56531	0	8.56531	0	2.141328	4.282655	0	0	0	0	0	0	0	0	0	4.282655	4.282655	0	0	2.141328	0	2.141328	10.706638	0	0	0	0	0	0	14.989293	0	0	19.271949	10.706638	0	2.141328	0	0	2.141328	0	2.141328	0	0	0	0	0	14.989293	0	0	0	0	0	0	0	0	0	0	0	0	0	0	0	0	0	4.282655	0	0	0	74.946467	117.773019	224.8394	87.794433	222.698073	42.826552	128.479657	77.087794	12.847966	23.554604	2.141328	14.989293	0	8.56531	38.543897	8.56531	14.989293	10.706638	68.522484	83.511777
37922.txt	maiores_notas	58.823529	24.767802	123.839009	21.671827	3.095975	9.287926	3.095975	3.095975	0	0	0	0	9.287926	0	3.095975	0	0	0	3.095975	0	18.575851	0	0	0	9.287926	0	0	0	0	15.479876	306.501548	136.22291	108.359133	12.383901	24.767802	27.863777	9.287926	43.343653	3.095975	40.247678	27.863777	37.151703	55.727554	9.287926	43.343653	0	12.383901	34.055728	3.095975	3.095975	0	3.095975	9.287926	43.343653	6.19195	3.095975	15.479876	65.01548	24.767802	15.479876	3.095975	6.19195	3.095975	0	21.671827	0	9.287926	12.383901	37.151703	3.095975	0	0	3.095975	3.095975	0	0	3.095975	12.383901	0	0	0	46.439628	0	0	0	6.19195	0	0	0	0	12.383901	0	0	0	0	0	0	30.959752	9.287926	0	18.575851	0	9.287926	30.959752	52.631579	12.383901	27.863777	0	12.383901	3.095975	12.383901	6.19195	15.479876	9.287926	0	6.19195	0	3.095975	0	0	9.287926	0	0	0	0	0	3.095975	0	15.479876	80.495356	6.19195	139.318885	0	46.439628	6.19195	0	3.095975	0	0	0	0	6.19195	9.287926	6.19195	3.095975	52.631579	0	0	3.095975	18.575851	6.19195	0	12.383901	6.19195	9.287926	0	0	0	9.287926	0	0	0	0	0	12.383901	6.19195	0	9.287926	0	0	0	0	0	0	0	0	0	3.095975	0	0	3.095975	3.095975	0	0	0	0	0	6.19195	0	0	0	0	0	3.095975	6.19195	0	0	9.287926	3.095975	0	0	0	0	0	0	3.095975	0	0	0	0	0	0	0	0	6.19195	0	0	0	0	0	0	0	0	0	0	0	0	0	0	3.095975	0	0	0	83.591331	30.959752	321.981424	52.631579	123.839009	65.01548	226.006192	83.591331	49.535604	18.575851	3.095975	6.19195	0	6.19195	15.479876	3.095975	15.479876	6.19195	58.823529	3.095975
37924.txt	maiores_notas	88.709677	2.688172	67.204301	5.376344	5.376344	18.817204	2.688172	5.376344	0	0	0	0	10.752688	0	2.688172	0	8.064516	0	10.752688	5.376344	16.129032	2.688172	13.44086	2.688172	24.193548	2.688172	0	0	2.688172	13.44086	287.634409	155.913978	80.645161	18.817204	5.376344	13.44086	21.505376	43.010753	8.064516	48.387097	45.698925	16.129032	51.075269	0	61.827957	13.44086	26.88172	40.322581	18.817204	10.752688	0	5.376344	32.258065	51.075269	2.688172	13.44086	45.698925	94.086022	51.075269	18.817204	13.44086	5.376344	0	5.376344	21.505376	8.064516	13.44086	8.064516	51.075269	13.44086	5.376344	2.688172	10.752688	0	2.688172	2.688172	0	8.064516	0	0	2.688172	53.763441	0	0	0	8.064516	0	2.688172	0	0	0	0	5.376344	5.376344	0	0	0	10.752688	0	10.752688	45.698925	5.376344	16.129032	16.129032	64.516129	2.688172	8.064516	0	8.064516	5.376344	8.064516	8.064516	2.688172	0	0	8.064516	8.064516	0	0	0	0	0	0	0	0	0	5.376344	8.064516	2.688172	104.83871	21.505376	72.580645	0	40.322581	0	0	0	5.376344	0	0	0	0	8.064516	2.688172	2.688172	40.322581	0	0	0	16.129032	2.688172	2.688172	45.698925	13.44086	0	0	2.688172	0	5.376344	0	0	0	0	0	10.752688	0	0	8.064516	0	2.688172	0	0	0	0	0	0	0	0	0	0	2.688172	0	0	0	0	0	5.376344	10.752688	0	2.688172	0	2.688172	0	5.376344	29.569892	0	2.688172	10.752688	0	0	0	0	0	0	0	5.376344	0	0	0	0	0	0	0	0	0	0	0	0	0	0	0	0	0	0	0	0	0	0	0	2.688172	0	0	0	158.602151	77.956989	301.075269	91.397849	147.849462	37.634409	193.548387	59.139785	10.752688	16.129032	5.376344	0	0	2.688172	45.698925	2.688172	10.752688	13.44086	77.956989	5.376344
37961.txt	maiores_notas	90.909091	16.746411	71.770335	4.784689	11.961722	14.354067	0	0	0	0	0	19.138756	16.746411	2.392344	2.392344	7.177033	9.569378	0	7.177033	2.392344	19.138756	7.177033	16.746411	0	16.746411	19.138756	11.961722	2.392344	4.784689	47.84689	227.272727	78.947368	105.263158	47.84689	7.177033	0	7.177033	9.569378	2.392344	16.746411	57.416268	4.784689	33.492823	0	26.315789	9.569378	14.354067	9.569378	7.177033	4.784689	0	2.392344	4.784689	33.492823	2.392344	7.177033	23.923445	155.502392	28.708134	21.5311	26.315789	21.5311	16.746411	26.315789	23.923445	2.392344	7.177033	14.354067	50.239234	9.569378	2.392344	21.5311	11.961722	2.392344	7.177033	0	14.354067	0	0	9.569378	0	26.315789	66.985646	31.100478	2.392344	2.392344	0	2.392344	2.392344	0	2.392344	0	2.392344	0	2.392344	2.392344	2.392344	0	0	2.392344	59.808612	0	2.392344	4.784689	131.578947	0	0	0	4.784689	0	0	9.569378	2.392344	7.177033	2.392344	2.392344	4.784689	0	4.784689	0	7.177033	0	0	4.784689	0	0	2.392344	11.961722	7.177033	78.947368	9.569378	71.770335	4.784689	31.100478	0	4.784689	0	2.392344	0	4.784689	0	0	2.392344	2.392344	0	19.138756	11.961722	4.784689	0	19.138756	2.392344	2.392344	59.808612	2.392344	4.784689	4.784689	35.885167	0	2.392344	0	0	0	4.784689	0	7.177033	11.961722	0	4.784689	0	0	2.392344	0	0	0	0	0	0	0	2.392344	0	2.392344	0	0	0	0	7.177033	0	14.354067	0	4.784689	0	0	0	4.784689	45.454545	0	2.392344	14.354067	2.392344	0	4.784689	0	0	0	0	0	0	0	0	0	0	9.569378	0	0	0	0	0	0	0	0	0	0	0	0	0	0	0	0	0	0	0	0	0	179.425837	83.732057	277.511962	52.631579	136.363636	33.492823	160.287081	52.631579	0	19.138756	0	9.569378	0	2.392344	83.732057	4.784689	14.354067	9.569378	66.985646	45.454545
38020.txt	maiores_notas	101.382488	13.824885	55.299539	9.21659	0	13.824885	23.041475	0	0	0	0	0	13.824885	4.608295	0	4.608295	4.608295	0	9.21659	9.21659	23.041475	0	13.824885	4.608295	23.041475	4.608295	0	0	4.608295	9.21659	276.497696	101.382488	96.774194	23.041475	18.43318	0	9.21659	32.258065	0	36.866359	27.64977	18.43318	50.691244	0	27.64977	9.21659	32.258065	23.041475	0	0	0	4.608295	9.21659	50.691244	0	4.608295	36.866359	92.165899	23.041475	13.824885	4.608295	9.21659	4.608295	0	13.824885	0	0	18.43318	59.907834	4.608295	0	9.21659	4.608295	0	9.21659	0	13.824885	4.608295	0	9.21659	0	55.299539	4.608295	0	0	4.608295	0	0	0	0	0	0	0	0	4.608295	0	0	23.041475	13.824885	0	46.082949	0	23.041475	13.824885	64.516129	0	23.041475	0	0	0	9.21659	9.21659	13.824885	4.608295	0	4.608295	9.21659	0	0	0	4.608295	0	0	0	0	0	0	0	18.43318	73.732719	41.474654	64.516129	0	41.474654	4.608295	0	9.21659	0	0	0	0	0	9.21659	4.608295	4.608295	36.866359	9.21659	0	0	23.041475	4.608295	0	32.258065	18.43318	0	4.608295	0	0	18.43318	0	0	0	0	0	13.824885	0	0	0	0	0	4.608295	0	0	0	0	0	0	0	0	0	4.608295	0	0	0	9.21659	0	0	18.43318	0	0	0	0	0	0	32.258065	0	0	9.21659	4.608295	0	0	0	0	0	0	9.21659	0	0	0	0	0	0	0	0	0	0	0	0	0	0	0	0	0	0	0	0	0	0	0	0	0	0	0	170.506912	46.082949	285.714286	69.124424	142.857143	50.691244	175.115207	73.732719	27.64977	23.041475	9.21659	0	0	4.608295	59.907834	4.608295	18.43318	9.21659	73.732719	0
38047.txt	maiores_notas	86.283186	6.637168	77.433628	13.274336	8.849558	15.486726	6.637168	2.212389	0	0	0	4.424779	6.637168	4.424779	4.424779	2.212389	2.212389	0	6.637168	4.424779	17.699115	0	6.637168	0	11.061947	6.637168	0	0	6.637168	19.911504	285.39823	55.309735	106.19469	33.185841	11.061947	4.424779	2.212389	57.522124	15.486726	42.035398	39.823009	4.424779	22.123894	0	59.734513	8.849558	42.035398	35.39823	4.424779	6.637168	0	11.061947	8.849558	86.283186	6.637168	22.123894	53.097345	61.946903	33.185841	17.699115	0	4.424779	0	2.212389	22.123894	6.637168	2.212389	2.212389	44.247788	4.424779	2.212389	4.424779	0	0	0	0	2.212389	0	0	2.212389	0	44.247788	8.849558	0	0	0	0	2.212389	0	0	2.212389	0	0	0	2.212389	0	0	26.548673	0	6.637168	8.849558	2.212389	11.061947	28.761062	55.309735	11.061947	4.424779	0	8.849558	0	11.061947	11.061947	11.061947	11.061947	0	8.849558	8.849558	0	0	0	11.061947	0	0	0	0	0	2.212389	4.424779	22.123894	128.318584	8.849558	77.433628	0	46.460177	0	4.424779	0	0	4.424779	2.212389	0	0	6.637168	0	2.212389	42.035398	6.637168	0	0	17.699115	0	0	11.061947	11.061947	0	0	4.424779	0	2.212389	0	0	0	0	0	15.486726	0	0	8.849558	0	0	0	0	0	0	0	0	0	0	0	0	0	0	0	0	0	0	0	2.212389	0	0	2.212389	0	0	0	8.849558	0	0	6.637168	2.212389	0	0	0	0	0	0	8.849558	0	0	2.212389	0	0	0	0	0	0	0	0	0	0	0	0	0	0	0	0	0	0	0	0	0	0	0	0	92.920354	46.460177	305.309735	103.982301	99.557522	68.584071	212.389381	66.371681	15.486726	17.699115	11.061947	0	0	0	11.061947	0	2.212389	11.061947	50.884956	0
38061.txt	maiores_notas	61.320755	18.867925	75.471698	4.716981	0	4.716981	14.150943	9.433962	0	0	0	4.716981	9.433962	0	0	0	4.716981	0	4.716981	0	37.735849	0	0	0	4.716981	0	0	0	0	18.867925	292.45283	99.056604	150.943396	28.301887	9.433962	18.867925	9.433962	42.45283	23.584906	42.45283	47.169811	4.716981	18.867925	4.716981	56.603774	4.716981	28.301887	23.584906	4.716981	14.150943	4.716981	9.433962	18.867925	66.037736	0	4.716981	42.45283	94.339623	33.018868	33.018868	0	9.433962	14.150943	0	9.433962	9.433962	9.433962	4.716981	42.45283	14.150943	0	0	0	0	0	0	0	4.716981	0	0	0	47.169811	23.584906	9.433962	0	0	0	0	0	0	9.433962	0	0	0	18.867925	0	0	18.867925	4.716981	0	14.150943	9.433962	23.584906	28.301887	80.188679	0	23.584906	0	14.150943	0	9.433962	18.867925	4.716981	4.716981	0	4.716981	0	0	0	0	4.716981	0	0	0	0	0	0	18.867925	33.018868	103.773585	33.018868	75.471698	0	28.301887	0	0	0	0	0	0	0	14.150943	0	4.716981	0	14.150943	14.150943	4.716981	0	37.735849	4.716981	0	14.150943	18.867925	0	0	0	0	9.433962	0	0	0	0	0	37.735849	0	0	9.433962	0	0	0	0	0	0	4.716981	0	0	0	0	0	4.716981	0	0	0	0	0	0	4.716981	0	0	0	0	0	0	4.716981	0	0	9.433962	0	0	0	0	0	0	0	0	0	0	0	0	0	0	0	0	0	0	0	0	0	0	0	0	0	0	0	0	0	0	0	0	0	0	0	150.943396	56.603774	316.037736	94.339623	146.226415	66.037736	193.396226	47.169811	28.301887	37.735849	0	0	0	4.716981	14.150943	4.716981	4.716981	18.867925	66.037736	0
38080.txt	maiores_notas	117.857143	25	42.857143	17.857143	0	10.714286	7.142857	0	0	0	0	0	3.571429	0	0	0	0	0	3.571429	3.571429	25	0	10.714286	3.571429	14.285714	0	0	0	0	28.571429	267.857143	114.285714	114.285714	35.714286	25	14.285714	3.571429	21.428571	0	35.714286	21.428571	3.571429	50	7.142857	53.571429	7.142857	28.571429	25	14.285714	3.571429	0	0	35.714286	46.428571	10.714286	14.285714	50	100	17.857143	17.857143	3.571429	7.142857	0	3.571429	10.714286	7.142857	14.285714	3.571429	57.142857	17.857143	3.571429	3.571429	7.142857	3.571429	0	0	3.571429	0	0	0	0	67.857143	3.571429	0	0	3.571429	0	3.571429	0	0	0	0	0	0	14.285714	0	3.571429	7.142857	7.142857	3.571429	28.571429	3.571429	17.857143	7.142857	78.571429	0	7.142857	0	7.142857	0	14.285714	0	0	0	0	0	0	0	0	0	0	0	0	0	0	0	0	0	3.571429	128.571429	3.571429	50	0	32.142857	0	7.142857	3.571429	0	0	0	0	0	10.714286	7.142857	3.571429	21.428571	10.714286	0	0	25	7.142857	0	28.571429	17.857143	0	0	3.571429	0	7.142857	0	0	0	0	0	14.285714	7.142857	0	3.571429	0	0	0	0	0	0	7.142857	0	0	0	0	0	7.142857	0	0	0	0	0	0	3.571429	0	0	0	0	0	0	21.428571	0	0	0	3.571429	0	0	0	0	0	0	10.714286	0	0	0	0	0	0	0	0	0	0	0	0	0	0	0	0	0	0	0	0	0	0	0	3.571429	0	0	0	142.857143	42.857143	296.428571	89.285714	128.571429	21.428571	182.142857	57.142857	10.714286	25	10.714286	0	0	7.142857	28.571429	7.142857	3.571429	0	53.571429	7.142857
38105.txt	maiores_notas	85.308057	23.696682	28.436019	0	4.739336	14.218009	0	0	0	0	0	0	9.478673	0	4.739336	0	4.739336	0	14.218009	14.218009	23.696682	4.739336	23.696682	0	28.436019	14.218009	0	0	14.218009	9.478673	241.706161	142.180095	99.526066	33.175355	0	0	9.478673	61.611374	0	42.654028	14.218009	0	42.654028	0	42.654028	33.175355	33.175355	42.654028	9.478673	0	0	0	9.478673	61.611374	0	18.957346	61.611374	75.829384	42.654028	37.914692	4.739336	14.218009	0	0	0	18.957346	0	18.957346	28.436019	9.478673	4.739336	0	0	0	0	4.739336	4.739336	0	9.478673	0	0	80.56872	0	0	0	0	0	0	0	0	14.218009	0	0	0	0	0	0	9.478673	0	14.218009	37.914692	0	14.218009	4.739336	80.56872	0	9.478673	0	0	0	14.218009	4.739336	0	4.739336	4.739336	4.739336	9.478673	0	0	0	4.739336	0	4.739336	0	0	0	0	4.739336	0	109.004739	14.218009	33.175355	0	37.914692	9.478673	4.739336	18.957346	0	9.478673	0	0	9.478673	9.478673	4.739336	4.739336	42.654028	4.739336	0	0	23.696682	4.739336	4.739336	37.914692	14.218009	0	9.478673	14.218009	0	4.739336	0	0	0	0	0	9.478673	9.478673	4.739336	0	0	0	0	0	0	4.739336	0	0	0	0	0	0	0	4.739336	0	0	0	4.739336	0	14.218009	4.739336	4.739336	0	0	0	0	18.957346	0	0	4.739336	4.739336	0	0	0	0	0	0	9.478673	0	0	0	4.739336	0	0	0	0	0	0	0	0	0	0	0	0	0	0	0	0	0	0	0	0	0	0	0	137.440758	66.350711	251.184834	104.265403	151.658768	33.175355	156.398104	104.265403	9.478673	23.696682	14.218009	0	0	4.739336	37.914692	18.957346	18.957346	9.478673	56.872038	0
38236.txt	maiores_notas	86.092715	9.933775	76.15894	16.556291	9.933775	6.622517	6.622517	0	0	0	0	3.311258	9.933775	3.311258	6.622517	0	3.311258	0	9.933775	3.311258	13.245033	3.311258	13.245033	3.311258	9.933775	3.311258	0	0	3.311258	43.046358	268.211921	175.496689	69.536424	49.668874	3.311258	3.311258	13.245033	59.602649	0	56.291391	9.933775	3.311258	49.668874	9.933775	66.225166	9.933775	26.490066	52.980132	0	3.311258	0	13.245033	6.622517	86.092715	0	13.245033	43.046358	89.403974	36.423841	26.490066	3.311258	6.622517	3.311258	0	19.86755	0	3.311258	13.245033	26.490066	9.933775	0	3.311258	3.311258	0	0	0	9.933775	3.311258	0	3.311258	0	62.913907	6.622517	0	0	3.311258	0	6.622517	0	0	0	0	0	0	0	3.311258	0	23.178808	0	9.933775	33.112583	0	6.622517	19.86755	79.470199	3.311258	19.86755	0	3.311258	0	9.933775	3.311258	0	9.933775	0	9.933775	0	0	6.622517	0	9.933775	0	0	6.622517	0	3.311258	3.311258	0	16.556291	99.337748	0	89.403974	3.311258	33.112583	3.311258	9.933775	3.311258	0	0	0	0	0	0	0	3.311258	29.801325	9.933775	3.311258	0	13.245033	0	3.311258	33.112583	6.622517	6.622517	0	6.622517	0	0	0	0	0	0	0	6.622517	0	3.311258	6.622517	0	0	0	0	0	0	0	0	0	0	0	0	0	0	0	0	0	0	0	13.245033	0	3.311258	3.311258	0	0	3.311258	13.245033	0	3.311258	9.933775	0	0	0	0	0	0	0	3.311258	0	0	0	0	0	0	0	0	0	0	0	0	0	0	0	0	0	0	0	0	0	0	0	0	0	0	0	172.18543	49.668874	311.258278	102.649007	139.072848	52.980132	188.741722	56.291391	23.178808	13.245033	3.311258	0	0	0	33.112583	3.311258	13.245033	9.933775	59.602649	6.622517
38333.txt	maiores_notas	82.802548	6.369427	101.910828	19.10828	4.246285	12.738854	23.354565	0	0	0	0	0	8.492569	0	0	0	2.123142	0	2.123142	0	12.738854	0	4.246285	6.369427	8.492569	0	0	0	0	19.10828	288.747346	148.619958	80.679406	40.339703	2.123142	0	0	42.462845	2.123142	55.201699	31.847134	6.369427	38.216561	6.369427	50.955414	16.985138	44.585987	38.216561	6.369427	4.246285	0	0	12.738854	74.309979	10.615711	21.231423	61.571125	57.324841	40.339703	23.354565	12.738854	4.246285	0	0	6.369427	4.246285	0	8.492569	29.723992	2.123142	0	0	0	0	0	0	2.123142	6.369427	0	2.123142	0	42.462845	12.738854	2.123142	0	0	0	4.246285	0	0	6.369427	2.123142	0	2.123142	0	0	0	6.369427	8.492569	8.492569	21.231423	0	4.246285	23.354565	61.571125	4.246285	4.246285	0	4.246285	0	8.492569	0	2.123142	0	0	2.123142	0	2.123142	0	0	0	0	0	0	0	0	0	0	42.462845	84.92569	25.477707	110.403397	0	23.354565	6.369427	2.123142	0	0	4.246285	0	0	4.246285	2.123142	16.985138	8.492569	23.354565	4.246285	0	0	12.738854	16.985138	0	19.10828	4.246285	8.492569	0	0	0	10.615711	0	0	0	0	0	6.369427	0	6.369427	16.985138	0	6.369427	6.369427	0	0	2.123142	2.123142	0	0	0	0	0	14.861996	2.123142	0	0	0	0	0	6.369427	0	4.246285	0	0	0	0	16.985138	0	0	2.123142	6.369427	0	0	0	0	0	0	8.492569	0	0	2.123142	0	0	0	0	0	0	0	0	0	0	0	0	0	0	0	0	0	0	0	0	0	0	0	0	191.082803	23.354565	307.855626	110.403397	97.664544	57.324841	218.683652	50.955414	19.10828	12.738854	10.615711	0	0	16.985138	31.847134	16.985138	12.738854	2.123142	48.832272	0
38367.txt	maiores_notas	108.013937	10.452962	55.749129	24.390244	3.484321	3.484321	0	0	0	0	0	0	10.452962	3.484321	0	0	3.484321	0	6.968641	6.968641	17.421603	0	10.452962	3.484321	10.452962	3.484321	0	0	3.484321	6.968641	282.229965	76.655052	114.982578	20.905923	6.968641	34.843206	0	59.233449	24.390244	59.233449	41.811847	3.484321	80.139373	24.390244	52.264808	13.937282	45.296167	31.358885	17.421603	0	0	6.968641	20.905923	76.655052	0	17.421603	76.655052	97.560976	38.327526	20.905923	3.484321	3.484321	0	3.484321	20.905923	3.484321	3.484321	13.937282	45.296167	6.968641	3.484321	0	3.484321	0	0	0	0	10.452962	6.968641	0	0	80.139373	6.968641	0	0	0	0	3.484321	0	0	0	0	0	13.937282	6.968641	0	0	20.905923	0	6.968641	27.874564	3.484321	13.937282	24.390244	90.592334	0	20.905923	0	3.484321	3.484321	6.968641	0	6.968641	6.968641	3.484321	0	0	0	0	0	6.968641	0	3.484321	0	0	0	0	0	3.484321	90.592334	0	73.170732	0	48.780488	0	6.968641	3.484321	0	0	0	0	0	0	13.937282	0	41.811847	10.452962	0	0	17.421603	13.937282	0	27.874564	13.937282	3.484321	0	0	3.484321	6.968641	0	0	0	0	0	13.937282	0	0	3.484321	0	3.484321	3.484321	0	0	0	0	0	0	0	0	0	13.937282	0	0	6.968641	0	0	13.937282	17.421603	0	0	0	0	0	0	0	0	0	3.484321	6.968641	0	0	0	0	0	0	6.968641	3.484321	0	0	0	0	0	0	0	0	0	0	0	0	0	0	0	0	0	0	0	0	0	0	3.484321	0	0	0	174.216028	41.811847	289.198606	111.498258	153.310105	34.843206	163.763066	73.170732	20.905923	17.421603	10.452962	0	0	13.937282	27.874564	13.937282	17.421603	3.484321	69.686411	0
38392.txt	maiores_notas	137.681159	18.115942	32.608696	0	21.73913	7.246377	3.623188	3.623188	0	0	0	21.73913	21.73913	3.623188	7.246377	0	7.246377	0	0	28.985507	14.492754	0	18.115942	0	36.231884	36.231884	10.869565	0	21.73913	25.362319	257.246377	119.565217	115.942029	39.855072	7.246377	0	7.246377	18.115942	0	21.73913	39.855072	0	47.101449	0	36.231884	18.115942	7.246377	25.362319	3.623188	0	7.246377	0	0	36.231884	0	0	10.869565	137.681159	14.492754	10.869565	3.623188	7.246377	7.246377	14.492754	25.362319	0	10.869565	0	79.710145	18.115942	0	3.623188	0	3.623188	0	0	0	0	0	0	0	14.492754	50.724638	47.101449	7.246377	0	0	0	0	0	0	3.623188	0	0	0	3.623188	0	0	21.73913	7.246377	21.73913	0	3.623188	10.869565	119.565217	0	0	0	7.246377	0	14.492754	7.246377	0	7.246377	0	3.623188	3.623188	0	0	0	7.246377	0	0	0	0	0	0	3.623188	3.623188	90.57971	0	32.608696	0	47.101449	0	0	0	0	0	0	0	0	0	3.623188	3.623188	18.115942	28.985507	0	0	14.492754	3.623188	0	21.73913	3.623188	3.623188	14.492754	32.608696	0	21.73913	0	0	0	0	0	7.246377	7.246377	0	3.623188	0	0	3.623188	0	0	0	0	0	0	0	0	0	3.623188	0	0	0	0	0	0	0	0	0	0	0	0	14.492754	14.492754	0	3.623188	7.246377	14.492754	0	0	0	0	0	7.246377	7.246377	0	0	0	0	0	0	0	0	0	7.246377	0	0	0	0	0	0	0	0	0	0	0	0	0	0	0	0	0	188.405797	126.811594	282.608696	54.347826	155.797101	39.855072	123.188406	54.347826	21.73913	14.492754	14.492754	7.246377	0	3.623188	28.985507	3.623188	0	3.623188	36.231884	32.608696
38406.txt	maiores_notas	74.626866	2.985075	68.656716	11.940299	35.820896	20.895522	8.955224	0	0	0	0	0	11.940299	0	0	0	8.955224	0	8.955224	5.970149	8.955224	0	11.940299	0	23.880597	0	0	0	0	2.985075	310.447761	152.238806	113.432836	26.865672	2.985075	5.970149	8.955224	59.701493	0	41.791045	17.910448	0	44.776119	8.955224	38.80597	8.955224	26.865672	17.910448	8.955224	2.985075	0	2.985075	8.955224	47.761194	0	8.955224	50.746269	92.537313	38.80597	20.895522	0	11.940299	11.940299	2.985075	38.80597	2.985075	2.985075	17.910448	20.895522	26.865672	2.985075	0	0	0	0	0	5.970149	8.955224	2.985075	5.970149	0	53.731343	0	0	0	0	0	0	0	0	0	0	0	0	2.985075	0	0	5.970149	8.955224	2.985075	35.820896	2.985075	26.865672	23.880597	53.731343	0	5.970149	0	5.970149	0	5.970149	2.985075	0	0	0	5.970149	2.985075	0	0	0	0	0	0	0	0	0	0	2.985075	26.865672	128.358209	50.746269	74.626866	2.985075	20.895522	0	0	0	0	0	0	2.985075	0	2.985075	5.970149	0	14.925373	5.970149	0	0	8.955224	5.970149	0	35.820896	23.880597	0	0	2.985075	0	17.910448	0	0	0	0	0	5.970149	2.985075	0	14.925373	0	0	2.985075	0	0	0	0	0	0	0	0	0	5.970149	0	0	0	0	0	0	14.925373	0	0	0	0	0	2.985075	20.895522	2.985075	0	2.985075	14.925373	0	0	0	0	0	0	14.925373	0	0	0	0	0	0	0	0	0	0	0	0	0	0	0	0	0	0	0	0	0	0	0	11.940299	2.985075	0	0	77.61194	38.80597	313.432836	65.671642	137.313433	20.895522	241.791045	32.835821	17.910448	8.955224	14.925373	0	0	5.970149	35.820896	2.985075	17.910448	2.985075	86.567164	17.910448
38437.txt	maiores_notas	69.444444	25	66.666667	8.333333	5.555556	16.666667	0	0	0	0	5.555556	0	13.888889	2.777778	0	8.333333	2.777778	0	5.555556	8.333333	25	0	11.111111	5.555556	19.444444	2.777778	0	0	2.777778	13.888889	241.666667	97.222222	86.111111	33.333333	5.555556	13.888889	2.777778	33.333333	8.333333	27.777778	19.444444	0	55.555556	0	63.888889	22.222222	22.222222	58.333333	19.444444	5.555556	0	5.555556	27.777778	47.222222	2.777778	8.333333	27.777778	91.666667	50	25	11.111111	8.333333	11.111111	0	13.888889	5.555556	0	5.555556	52.777778	2.777778	0	11.111111	8.333333	0	0	0	0	0	2.777778	2.777778	0	88.888889	5.555556	0	0	0	0	2.777778	0	0	5.555556	2.777778	0	0	0	0	0	22.222222	8.333333	13.888889	27.777778	2.777778	2.777778	22.222222	97.222222	0	44.444444	0	25	0	8.333333	11.111111	2.777778	16.666667	2.777778	5.555556	5.555556	0	0	0	16.666667	2.777778	2.777778	0	2.777778	2.777778	0	8.333333	11.111111	55.555556	8.333333	69.444444	0	30.555556	5.555556	8.333333	5.555556	2.777778	0	0	0	2.777778	5.555556	8.333333	5.555556	16.666667	19.444444	0	0	25	2.777778	2.777778	22.222222	2.777778	0	0	0	0	8.333333	0	0	0	0	0	13.888889	2.777778	2.777778	5.555556	0	0	2.777778	0	0	2.777778	2.777778	0	0	0	0	0	5.555556	2.777778	0	0	0	0	0	2.777778	0	2.777778	0	0	0	0	22.222222	0	0	8.333333	5.555556	0	0	0	0	0	0	11.111111	0	0	0	0	0	0	0	0	0	0	0	0	0	0	0	0	0	0	0	0	0	0	0	8.333333	0	0	0	94.444444	66.666667	255.555556	108.333333	161.111111	75	133.333333	75	52.777778	25	11.111111	0	0	8.333333	36.111111	8.333333	5.555556	11.111111	55.555556	8.333333
38475.txt	maiores_notas	92.783505	6.872852	99.656357	10.309278	10.309278	13.745704	3.436426	3.436426	0	0	0	0	13.745704	0	0	0	6.872852	0	0	0	20.618557	0	0	3.436426	13.745704	0	0	0	0	37.800687	298.969072	134.020619	130.584192	34.364261	13.745704	6.872852	6.872852	61.85567	0	61.85567	68.728522	13.745704	37.800687	24.054983	30.927835	10.309278	48.109966	13.745704	3.436426	3.436426	0	0	13.745704	54.982818	0	34.364261	54.982818	96.219931	13.745704	13.745704	6.872852	0	3.436426	3.436426	34.364261	0	0	0	44.67354	10.309278	3.436426	0	3.436426	0	0	0	0	0	6.872852	0	0	51.546392	13.745704	0	0	6.872852	0	0	0	0	3.436426	0	0	0	0	0	0	6.872852	3.436426	6.872852	13.745704	0	10.309278	20.618557	68.728522	6.872852	0	0	6.872852	0	6.872852	6.872852	3.436426	0	0	0	6.872852	0	0	0	0	0	0	0	0	0	0	0	13.745704	127.147766	10.309278	109.965636	0	34.364261	3.436426	0	0	0	0	0	0	0	0	6.872852	3.436426	30.927835	6.872852	0	10.309278	20.618557	6.872852	0	13.745704	10.309278	13.745704	0	6.872852	0	10.309278	0	0	0	0	0	17.182131	0	6.872852	13.745704	0	0	0	0	0	3.436426	0	0	0	0	0	0	3.436426	3.436426	0	0	0	0	0	0	0	0	0	0	0	10.309278	13.745704	0	0	10.309278	3.436426	0	0	0	0	0	0	3.436426	0	0	0	0	0	0	0	0	0	0	0	0	0	0	0	0	0	0	0	0	0	0	0	17.182131	0	0	0	99.656357	30.927835	336.769759	79.037801	113.402062	34.364261	237.113402	58.419244	10.309278	24.054983	3.436426	0	0	6.872852	13.745704	6.872852	6.872852	6.872852	44.67354	0
38493.txt	maiores_notas	103.942652	25.089606	21.505376	10.752688	25.089606	14.336918	3.584229	0	0	0	0	0	21.505376	7.168459	7.168459	7.168459	7.168459	0	10.752688	14.336918	7.168459	0	3.584229	0	21.505376	0	0	0	0	82.437276	197.132616	93.189964	129.032258	39.426523	10.752688	7.168459	3.584229	14.336918	0	14.336918	32.258065	0	68.100358	0	50.179211	10.752688	7.168459	21.505376	3.584229	7.168459	0	0	10.752688	43.010753	3.584229	0	17.921147	157.706093	39.426523	14.336918	7.168459	10.752688	7.168459	14.336918	43.010753	10.752688	0	0	78.853047	10.752688	3.584229	3.584229	0	3.584229	17.921147	0	0	0	0	0	0	7.168459	60.9319	43.010753	0	0	0	3.584229	0	0	0	3.584229	0	0	7.168459	0	0	43.010753	0	3.584229	32.258065	0	14.336918	28.673835	114.695341	7.168459	39.426523	0	28.673835	0	7.168459	3.584229	0	7.168459	0	10.752688	3.584229	0	0	0	3.584229	3.584229	0	0	0	0	0	3.584229	3.584229	78.853047	7.168459	28.673835	0	35.842294	0	10.752688	0	0	0	0	0	0	3.584229	7.168459	7.168459	21.505376	17.921147	0	0	7.168459	7.168459	0	32.258065	10.752688	0	3.584229	10.752688	3.584229	3.584229	0	0	0	0	0	3.584229	3.584229	0	7.168459	0	0	0	0	0	0	0	0	0	0	0	0	3.584229	3.584229	0	0	0	14.336918	3.584229	0	0	0	0	0	0	0	21.505376	0	0	17.921147	3.584229	0	0	3.584229	0	0	0	7.168459	0	0	7.168459	0	0	0	0	0	0	0	0	0	0	0	0	0	0	0	0	0	0	0	0	0	3.584229	0	0	129.032258	60.9319	279.569892	64.516129	197.132616	50.179211	114.695341	64.516129	46.594982	7.168459	14.336918	0	0	7.168459	32.258065	7.168459	0	3.584229	75.268817	7.168459
38562.txt	maiores_notas	86.455331	8.645533	144.092219	8.645533	0	17.291066	5.763689	0	0	0	0	0	0	0	0	0	0	0	5.763689	0	8.645533	0	5.763689	5.763689	17.291066	0	0	0	0	2.881844	334.293948	216.138329	83.573487	31.700288	11.527378	20.172911	20.172911	95.100865	11.527378	97.982709	31.700288	14.409222	46.10951	20.172911	37.463977	5.763689	48.991354	17.291066	14.409222	2.881844	0	8.645533	20.172911	69.164265	0	37.463977	60.518732	28.818444	23.054755	14.409222	0	2.881844	5.763689	0	14.409222	0	0	0	8.645533	2.881844	8.645533	2.881844	0	0	0	0	0	0	0	0	0	34.582133	8.645533	2.881844	0	2.881844	0	0	0	0	0	0	0	2.881844	0	0	0	5.763689	8.645533	5.763689	2.881844	5.763689	5.763689	20.172911	46.10951	8.645533	5.763689	0	2.881844	0	8.645533	2.881844	2.881844	5.763689	0	2.881844	0	0	0	0	5.763689	0	0	0	0	0	0	2.881844	2.881844	95.100865	23.054755	144.092219	2.881844	48.991354	0	0	5.763689	0	0	0	0	0	2.881844	8.645533	5.763689	37.463977	0	0	0	8.645533	5.763689	0	0	2.881844	0	0	0	0	8.645533	0	0	0	0	0	2.881844	0	5.763689	11.527378	0	0	0	0	0	0	0	0	0	0	0	0	5.763689	0	0	0	0	0	0	0	0	0	0	0	0	0	8.645533	0	0	0	8.645533	0	0	0	0	0	0	5.763689	0	0	0	0	0	0	0	0	0	0	0	0	0	0	0	0	0	0	0	0	0	0	0	2.881844	0	0	0	95.100865	20.172911	337.175793	95.100865	63.400576	25.936599	262.247839	63.400576	23.054755	8.645533	5.763689	0	0	5.763689	11.527378	0	0	2.881844	34.582133	2.881844
38584.txt	maiores_notas	85.858586	22.727273	50.505051	7.575758	5.050505	17.676768	10.10101	0	0	2.525253	0	2.525253	7.575758	0	0	0	7.575758	0	12.626263	10.10101	35.353535	2.525253	10.10101	0	25.252525	35.353535	0	0	35.353535	42.929293	239.89899	116.161616	85.858586	27.777778	10.10101	12.626263	2.525253	50.505051	10.10101	25.252525	37.878788	15.151515	42.929293	0	30.30303	17.676768	22.727273	17.676768	7.575758	2.525253	2.525253	7.575758	17.676768	27.777778	0	10.10101	42.929293	103.535354	55.555556	45.454545	17.676768	0	2.525253	2.525253	25.252525	2.525253	2.525253	10.10101	45.454545	2.525253	0	0	0	5.050505	7.575758	0	5.050505	5.050505	0	0	0	68.181818	10.10101	7.575758	0	5.050505	0	2.525253	0	0	5.050505	0	0	0	10.10101	0	0	35.353535	0	5.050505	27.777778	0	15.151515	30.30303	93.434343	7.575758	27.777778	0	12.626263	0	12.626263	2.525253	2.525253	10.10101	0	5.050505	0	0	0	0	10.10101	0	0	0	0	0	0	5.050505	5.050505	73.232323	35.353535	60.606061	5.050505	20.20202	0	12.626263	7.575758	0	0	0	0	0	10.10101	15.151515	2.525253	15.151515	7.575758	2.525253	0	30.30303	15.151515	0	27.777778	5.050505	7.575758	0	12.626263	0	2.525253	2.525253	0	0	2.525253	0	22.727273	2.525253	2.525253	12.626263	0	0	0	0	0	7.575758	5.050505	0	2.525253	0	0	0	10.10101	5.050505	0	0	2.525253	0	0	7.575758	0	2.525253	0	0	0	0	32.828283	0	0	5.050505	2.525253	0	0	0	0	2.525253	0	12.626263	0	0	0	0	0	0	0	0	0	0	0	0	0	0	0	0	0	0	0	0	0	0	0	7.575758	0	0	0	108.585859	73.232323	282.828283	63.131313	169.191919	50.505051	166.666667	70.707071	35.353535	35.353535	15.151515	0	0	15.151515	42.929293	15.151515	10.10101	0	73.232323	30.30303
38612.txt	maiores_notas	75.163399	13.071895	35.947712	6.535948	3.267974	22.875817	9.803922	0	0	0	0	35.947712	29.411765	22.875817	26.143791	16.339869	0	9.803922	3.267974	9.803922	6.535948	0	6.535948	0	22.875817	32.679739	13.071895	3.267974	16.339869	19.607843	150.326797	71.895425	42.48366	22.875817	0	3.267974	13.071895	22.875817	0	9.803922	9.803922	0	39.215686	0	9.803922	26.143791	3.267974	16.339869	0	0	0	0	3.267974	9.803922	0	0	16.339869	156.862745	58.823529	52.287582	22.875817	19.607843	9.803922	13.071895	13.071895	0	9.803922	16.339869	55.555556	0	0	22.875817	13.071895	0	6.535948	6.535948	9.803922	3.267974	6.535948	6.535948	6.535948	75.163399	62.091503	16.339869	0	3.267974	6.535948	0	0	0	0	0	0	0	0	0	0	3.267974	0	0	75.163399	0	6.535948	16.339869	156.862745	0	3.267974	0	16.339869	9.803922	9.803922	22.875817	3.267974	19.607843	0	9.803922	13.071895	0	0	0	19.607843	3.267974	0	0	0	0	3.267974	9.803922	0	65.359477	6.535948	39.215686	3.267974	39.215686	3.267974	16.339869	6.535948	0	0	6.535948	0	0	9.803922	19.607843	0	22.875817	32.679739	0	0	6.535948	19.607843	0	71.895425	6.535948	0	0	68.627451	0	0	0	0	0	0	0	3.267974	0	0	0	0	3.267974	6.535948	0	0	0	0	0	0	0	0	0	19.607843	0	0	0	9.803922	3.267974	0	16.339869	3.267974	0	0	0	0	0	26.143791	0	0	26.143791	3.267974	0	0	0	0	0	0	3.267974	6.535948	0	0	0	3.267974	0	3.267974	0	0	0	0	0	0	0	0	0	0	0	0	0	0	0	0	0	0	0	0	88.235294	104.575163	169.934641	39.215686	245.098039	91.503268	111.111111	81.699346	3.267974	6.535948	9.803922	3.267974	0	19.607843	75.163399	19.607843	22.875817	16.339869	98.039216	68.627451
38641.txt	maiores_notas	61.674009	0	66.079295	22.026432	0	8.810573	0	0	0	0	0	0	8.810573	0	0	0	4.405286	0	0	0	26.431718	0	4.405286	0	4.405286	0	0	0	0	26.431718	268.722467	101.321586	92.511013	17.621145	17.621145	22.026432	4.405286	48.45815	0	48.45815	57.268722	13.215859	17.621145	8.810573	26.431718	17.621145	44.052863	26.431718	8.810573	0	0	4.405286	8.810573	57.268722	4.405286	22.026432	44.052863	70.484581	26.431718	22.026432	8.810573	0	4.405286	8.810573	17.621145	0	0	0	30.837004	4.405286	0	0	4.405286	0	0	0	0	0	0	0	0	57.268722	0	0	0	0	0	8.810573	0	0	0	0	0	0	0	0	0	4.405286	4.405286	4.405286	17.621145	0	8.810573	22.026432	66.079295	0	4.405286	0	8.810573	4.405286	8.810573	8.810573	0	4.405286	0	0	8.810573	0	0	0	4.405286	0	0	0	0	0	0	4.405286	13.215859	110.132159	30.837004	66.079295	8.810573	57.268722	0	0	4.405286	0	0	0	0	0	0	0	0	44.052863	13.215859	17.621145	0	26.431718	0	0	17.621145	8.810573	0	0	0	0	8.810573	0	0	0	0	0	26.431718	0	0	8.810573	0	0	0	0	0	0	0	0	0	0	0	0	0	0	0	0	0	0	0	0	0	4.405286	0	0	0	0	4.405286	0	0	4.405286	4.405286	0	0	0	0	0	0	4.405286	0	0	8.810573	0	0	0	0	0	0	0	0	0	0	0	0	0	0	0	0	0	0	0	0	0	0	0	0	127.753304	39.647577	348.017621	83.700441	92.511013	39.647577	207.048458	79.295154	8.810573	26.431718	13.215859	0	0	0	17.621145	4.405286	0	8.810573	48.45815	0
38672.txt	maiores_notas	94.339623	26.415094	60.377358	3.773585	0	18.867925	3.773585	0	0	0	0	0	7.54717	0	3.773585	0	3.773585	0	11.320755	0	18.867925	0	15.09434	0	18.867925	0	0	0	0	22.641509	290.566038	184.90566	116.981132	7.54717	11.320755	11.320755	18.867925	101.886792	60.377358	30.188679	15.09434	0	56.603774	0	52.830189	7.54717	71.698113	7.54717	7.54717	30.188679	0	7.54717	11.320755	113.207547	3.773585	64.150943	113.207547	71.698113	11.320755	22.641509	7.54717	0	3.773585	3.773585	11.320755	11.320755	0	0	41.509434	3.773585	0	0	3.773585	0	0	0	0	0	0	0	0	64.150943	11.320755	3.773585	0	0	0	0	0	0	7.54717	0	0	0	0	0	0	15.09434	0	7.54717	0	0	7.54717	18.867925	79.245283	7.54717	7.54717	7.54717	0	0	11.320755	3.773585	0	7.54717	0	7.54717	3.773585	0	0	0	7.54717	0	0	0	0	0	0	3.773585	15.09434	94.339623	3.773585	64.150943	0	37.735849	7.54717	11.320755	3.773585	0	0	0	0	0	3.773585	11.320755	7.54717	30.188679	11.320755	0	0	18.867925	11.320755	0	0	7.54717	3.773585	0	3.773585	0	3.773585	0	0	0	0	0	15.09434	0	0	7.54717	0	3.773585	0	0	0	7.54717	0	0	0	0	0	0	3.773585	7.54717	0	0	0	0	0	0	0	0	0	0	0	0	0	0	0	7.54717	0	0	0	0	0	0	0	7.54717	0	0	0	0	0	0	0	0	0	0	0	0	0	0	0	0	0	0	0	0	0	0	0	0	0	0	0	120.754717	41.509434	313.207547	132.075472	105.660377	33.962264	162.264151	71.698113	15.09434	18.867925	7.54717	0	0	11.320755	0	11.320755	0	3.773585	26.415094	3.773585
38742.txt	maiores_notas	61.320755	9.433962	47.169811	9.433962	14.150943	18.867925	18.867925	9.433962	0	0	0	4.716981	18.867925	4.716981	9.433962	0	9.433962	0	14.150943	4.716981	28.301887	0	14.150943	0	23.584906	4.716981	0	0	4.716981	28.301887	254.716981	66.037736	84.90566	37.735849	0	51.886792	0	4.716981	4.716981	18.867925	66.037736	0	37.735849	4.716981	33.018868	23.584906	37.735849	23.584906	4.716981	4.716981	0	4.716981	9.433962	42.45283	0	9.433962	47.169811	99.056604	33.018868	14.150943	0	9.433962	0	0	4.716981	4.716981	9.433962	4.716981	56.603774	9.433962	0	9.433962	4.716981	0	0	0	0	0	4.716981	0	0	56.603774	33.018868	0	0	0	0	0	0	0	0	0	0	9.433962	14.150943	0	4.716981	9.433962	0	4.716981	14.150943	0	23.584906	9.433962	89.622642	0	9.433962	0	4.716981	0	0	14.150943	0	0	0	0	9.433962	0	0	0	0	0	0	0	0	0	0	14.150943	9.433962	132.075472	18.867925	47.169811	0	56.603774	0	0	0	0	0	4.716981	0	0	0	9.433962	0	28.301887	28.301887	4.716981	0	28.301887	9.433962	0	9.433962	18.867925	0	9.433962	9.433962	0	4.716981	0	0	0	0	0	23.584906	0	0	0	0	0	9.433962	0	0	0	0	0	0	0	0	0	9.433962	0	0	0	0	0	0	4.716981	0	0	0	0	0	0	9.433962	0	0	14.150943	4.716981	0	0	0	0	0	0	0	0	0	0	0	0	0	0	0	0	0	0	0	0	0	0	0	0	0	0	0	0	0	0	0	0	0	0	70.754717	75.471698	287.735849	75.471698	136.792453	23.584906	202.830189	75.471698	9.433962	28.301887	0	0	0	9.433962	14.150943	9.433962	4.716981	14.150943	47.169811	9.433962
38784.txt	maiores_notas	65.693431	17.03163	43.79562	2.43309	9.73236	17.03163	0	4.86618	0	0	0	21.89781	41.36253	4.86618	21.89781	7.29927	17.03163	0	2.43309	14.59854	12.16545	2.43309	9.73236	0	24.3309	21.89781	2.43309	0	19.46472	53.527981	170.316302	38.92944	138.686131	26.76399	2.43309	21.89781	12.16545	2.43309	0	4.86618	24.3309	0	55.961071	0	9.73236	31.63017	0	17.03163	0	2.43309	4.86618	0	0	14.59854	0	0	19.46472	167.883212	58.394161	43.79562	21.89781	4.86618	14.59854	29.19708	17.03163	9.73236	9.73236	4.86618	63.260341	7.29927	2.43309	12.16545	12.16545	2.43309	7.29927	0	4.86618	0	0	4.86618	0	31.63017	75.425791	46.22871	4.86618	0	0	2.43309	2.43309	0	9.73236	0	0	4.86618	4.86618	4.86618	0	7.29927	0	4.86618	36.49635	0	14.59854	29.19708	155.717762	0	14.59854	0	21.89781	9.73236	7.29927	14.59854	0	9.73236	0	0	9.73236	0	2.43309	0	9.73236	0	0	2.43309	0	0	2.43309	7.29927	29.19708	87.591241	14.59854	43.79562	0	21.89781	0	14.59854	2.43309	0	2.43309	7.29927	0	0	4.86618	9.73236	0	9.73236	24.3309	0	0	12.16545	9.73236	0	36.49635	14.59854	9.73236	0	21.89781	0	0	0	0	7.29927	2.43309	0	4.86618	2.43309	0	4.86618	0	0	4.86618	0	0	0	4.86618	0	2.43309	0	0	2.43309	9.73236	0	0	0	2.43309	0	2.43309	4.86618	0	0	0	0	0	0	14.59854	0	0	21.89781	19.46472	0	0	0	0	4.86618	0	0	0	0	0	0	2.43309	0	0	0	0	0	0	0	0	0	0	0	0	0	0	0	0	0	0	0	0	0	0	82.725061	102.189781	223.844282	46.22871	231.143552	63.260341	138.686131	53.527981	14.59854	12.16545	4.86618	2.43309	0	9.73236	36.49635	9.73236	4.86618	14.59854	80.291971	0
38845.txt	maiores_notas	85.227273	14.204545	48.295455	19.886364	0	11.363636	2.840909	8.522727	0	0	2.840909	0	14.204545	0	0	0	14.204545	0	2.840909	2.840909	31.25	2.840909	5.681818	2.840909	11.363636	0	0	0	0	14.204545	275.568182	147.727273	119.318182	14.204545	11.363636	5.681818	14.204545	53.977273	2.840909	53.977273	14.204545	25.568182	36.931818	0	36.931818	8.522727	42.613636	28.409091	0	2.840909	0	0	5.681818	68.181818	0	42.613636	53.977273	93.75	36.931818	17.045455	5.681818	5.681818	2.840909	0	2.840909	5.681818	8.522727	8.522727	36.931818	5.681818	5.681818	2.840909	2.840909	2.840909	2.840909	0	0	5.681818	2.840909	0	0	71.022727	0	5.681818	0	0	0	0	0	0	14.204545	0	0	17.045455	0	5.681818	0	8.522727	5.681818	5.681818	22.727273	0	5.681818	25.568182	76.704545	0	8.522727	0	11.363636	0	2.840909	11.363636	5.681818	2.840909	0	2.840909	2.840909	0	0	0	2.840909	0	0	0	0	0	2.840909	11.363636	11.363636	122.159091	8.522727	48.295455	0	28.409091	0	2.840909	2.840909	0	0	2.840909	0	0	0	19.886364	5.681818	19.886364	8.522727	0	0	31.25	19.886364	2.840909	22.727273	5.681818	2.840909	0	0	0	22.727273	0	0	0	0	0	31.25	0	2.840909	2.840909	0	2.840909	11.363636	0	0	0	2.840909	0	2.840909	0	0	0	14.204545	5.681818	0	0	0	0	0	8.522727	0	2.840909	0	0	0	0	5.681818	0	0	14.204545	11.363636	0	0	0	0	0	0	8.522727	0	0	0	0	0	0	0	0	0	0	0	0	0	0	0	0	0	0	0	0	0	0	0	0	0	0	0	99.431818	56.818182	289.772727	88.068182	133.522727	45.454545	178.977273	62.5	14.204545	31.25	8.522727	0	0	19.886364	28.409091	19.886364	8.522727	2.840909	53.977273	0
38848.txt	maiores_notas	70.28754	15.974441	86.261981	12.779553	3.194888	6.389776	6.389776	12.779553	0	0	0	0	0	0	0	0	0	0	6.389776	3.194888	15.974441	0	0	0	9.584665	0	0	0	0	28.753994	309.904153	150.159744	102.236422	25.559105	12.779553	0	9.584665	76.677316	6.389776	51.118211	51.118211	15.974441	47.923323	0	60.702875	15.974441	31.948882	44.728435	0	9.584665	0	0	19.169329	63.897764	0	19.169329	41.533546	73.482428	22.364217	9.584665	3.194888	6.389776	0	0	19.169329	3.194888	6.389776	9.584665	25.559105	9.584665	0	0	0	0	0	0	6.389776	0	3.194888	3.194888	0	38.338658	19.169329	0	0	0	0	6.389776	0	0	6.389776	0	0	0	9.584665	0	0	19.169329	0	0	15.974441	0	15.974441	31.948882	63.897764	6.389776	12.779553	0	19.169329	0	6.389776	9.584665	0	0	3.194888	6.389776	6.389776	0	0	0	0	0	3.194888	0	0	3.194888	0	3.194888	12.779553	86.261981	12.779553	92.651757	0	44.728435	0	9.584665	0	0	0	0	0	0	0	9.584665	0	38.338658	6.389776	0	0	15.974441	9.584665	3.194888	15.974441	12.779553	9.584665	3.194888	0	0	3.194888	0	0	0	0	0	9.584665	6.389776	0	6.389776	0	0	0	0	0	0	6.389776	0	0	0	3.194888	0	6.389776	3.194888	0	0	0	0	0	19.169329	0	0	0	0	0	0	3.194888	0	0	0	0	3.194888	0	0	0	0	0	6.389776	0	0	0	0	0	0	0	0	0	0	0	0	0	0	0	0	0	0	0	0	0	0	0	9.584665	0	0	0	86.261981	9.584665	338.658147	95.846645	124.600639	35.14377	191.693291	54.313099	19.169329	15.974441	6.389776	0	0	9.584665	15.974441	9.584665	9.584665	12.779553	47.923323	0
38958.txt	maiores_notas	106.770833	23.4375	78.125	18.229167	5.208333	2.604167	13.020833	0	0	0	0	0	5.208333	10.416667	0	0	5.208333	0	5.208333	2.604167	20.833333	0	7.8125	7.8125	2.604167	5.208333	0	0	5.208333	18.229167	265.625	127.604167	111.979167	31.25	5.208333	0	13.020833	72.916667	13.020833	72.916667	39.0625	5.208333	46.875	0	41.666667	13.020833	36.458333	31.25	5.208333	5.208333	0	2.604167	20.833333	62.5	5.208333	10.416667	46.875	65.104167	39.0625	15.625	2.604167	13.020833	5.208333	0	18.229167	5.208333	7.8125	5.208333	28.645833	7.8125	2.604167	5.208333	0	0	0	0	5.208333	0	0	5.208333	0	49.479167	10.416667	7.8125	0	0	0	2.604167	0	0	2.604167	0	0	5.208333	0	0	0	41.666667	7.8125	13.020833	18.229167	0	7.8125	33.854167	70.3125	10.416667	31.25	0	13.020833	0	2.604167	10.416667	0	0	0	2.604167	7.8125	0	0	0	0	0	0	0	0	0	0	5.208333	5.208333	78.125	20.833333	91.145833	2.604167	28.645833	2.604167	5.208333	7.8125	0	0	2.604167	0	0	2.604167	10.416667	7.8125	23.4375	7.8125	0	0	20.833333	10.416667	0	13.020833	7.8125	0	0	0	0	7.8125	0	0	0	0	0	10.416667	2.604167	7.8125	13.020833	0	0	5.208333	0	0	5.208333	0	0	0	0	0	0	5.208333	2.604167	0	2.604167	0	0	0	5.208333	0	0	0	0	0	0	10.416667	0	0	5.208333	5.208333	0	0	0	0	0	0	5.208333	0	0	2.604167	0	0	0	0	0	0	0	0	0	0	0	0	0	0	0	0	0	0	0	0	2.604167	2.604167	0	0	130.208333	46.875	283.854167	96.354167	132.8125	26.041667	190.104167	57.291667	49.479167	20.833333	7.8125	0	0	10.416667	13.020833	13.020833	5.208333	7.8125	59.895833	5.208333
39108.txt	maiores_notas	69.343066	18.248175	7.29927	10.948905	7.29927	21.89781	3.649635	0	0	0	0	14.59854	29.19708	7.29927	14.59854	10.948905	7.29927	7.29927	10.948905	10.948905	10.948905	3.649635	18.248175	0	29.19708	14.59854	0	0	14.59854	80.291971	164.233577	83.941606	14.59854	32.846715	3.649635	0	14.59854	14.59854	0	25.547445	0	0	65.693431	0	29.19708	25.547445	3.649635	36.49635	3.649635	3.649635	0	0	10.948905	18.248175	0	0	7.29927	127.737226	32.846715	25.547445	7.29927	14.59854	10.948905	0	14.59854	3.649635	7.29927	3.649635	54.744526	3.649635	3.649635	18.248175	0	3.649635	3.649635	0	0	3.649635	0	0	0	7.29927	25.547445	58.394161	18.248175	0	0	7.29927	0	0	0	3.649635	0	0	7.29927	7.29927	0	7.29927	0	3.649635	40.145985	0	3.649635	3.649635	116.788321	7.29927	0	0	29.19708	0	14.59854	18.248175	3.649635	14.59854	0	7.29927	3.649635	0	0	0	10.948905	3.649635	0	0	0	3.649635	0	18.248175	0	113.138686	7.29927	7.29927	3.649635	54.744526	0	18.248175	3.649635	0	7.29927	0	0	0	3.649635	7.29927	14.59854	18.248175	40.145985	0	0	10.948905	7.29927	0	36.49635	3.649635	0	0	10.948905	3.649635	7.29927	0	0	0	0	0	10.948905	0	0	0	0	0	7.29927	0	0	0	0	0	0	0	0	0	7.29927	0	0	0	3.649635	3.649635	3.649635	3.649635	0	0	0	0	3.649635	0	14.59854	0	0	25.547445	3.649635	0	0	0	0	0	0	18.248175	0	0	0	0	0	0	0	0	0	0	0	0	0	0	0	0	0	0	0	0	0	0	0	0	0	0	0	94.890511	105.839416	244.525547	54.744526	160.583942	87.591241	127.737226	109.489051	7.29927	10.948905	18.248175	0	0	7.29927	36.49635	18.248175	3.649635	21.89781	47.445255	14.59854
39131.txt	maiores_notas	76.923077	5.494505	120.879121	10.989011	8.241758	5.494505	10.989011	5.494505	0	0	0	0	5.494505	0	2.747253	0	0	0	8.241758	0	27.472527	5.494505	24.725275	16.483516	5.494505	5.494505	0	0	5.494505	27.472527	239.010989	120.879121	76.923077	38.461538	21.978022	5.494505	5.494505	41.208791	2.747253	49.450549	30.21978	5.494505	49.450549	0	27.472527	10.989011	41.208791	16.483516	2.747253	5.494505	0	5.494505	5.494505	60.43956	8.241758	27.472527	52.197802	109.89011	35.714286	13.736264	10.989011	8.241758	0	2.747253	10.989011	5.494505	0	5.494505	46.703297	8.241758	0	8.241758	8.241758	0	5.494505	0	0	2.747253	2.747253	0	0	74.175824	5.494505	2.747253	0	2.747253	0	0	0	0	8.241758	2.747253	0	5.494505	0	0	0	13.736264	0	8.241758	24.725275	0	8.241758	30.21978	82.417582	5.494505	8.241758	0	13.736264	0	16.483516	8.241758	5.494505	5.494505	0	8.241758	0	0	0	0	2.747253	2.747253	0	0	0	2.747253	5.494505	10.989011	21.978022	93.406593	46.703297	126.373626	0	27.472527	2.747253	2.747253	8.241758	2.747253	0	0	0	2.747253	0	8.241758	5.494505	21.978022	2.747253	0	0	35.714286	8.241758	5.494505	24.725275	8.241758	0	0	13.736264	0	2.747253	0	0	0	0	0	16.483516	2.747253	16.483516	10.989011	0	2.747253	0	2.747253	0	0	0	0	0	0	0	5.494505	2.747253	5.494505	0	0	2.747253	0	0	5.494505	0	2.747253	0	0	0	0	19.230769	0	0	2.747253	2.747253	0	0	0	0	0	0	5.494505	0	0	2.747253	0	0	0	0	0	0	0	0	0	0	0	0	0	0	0	0	0	0	8.241758	0	0	0	0	0	82.417582	54.945055	296.703297	76.923077	148.351648	54.945055	236.263736	52.197802	13.736264	35.714286	8.241758	0	8.241758	10.989011	32.967033	10.989011	5.494505	8.241758	63.186813	16.483516
39227.txt	maiores_notas	90.024331	14.59854	85.158151	7.29927	4.86618	12.16545	4.86618	0	0	0	0	2.43309	4.86618	2.43309	0	0	4.86618	0	9.73236	2.43309	17.03163	0	9.73236	4.86618	14.59854	9.73236	0	0	4.86618	19.46472	265.206813	133.819951	77.858881	21.89781	9.73236	9.73236	14.59854	63.260341	2.43309	53.527981	21.89781	19.46472	43.79562	0	43.79562	21.89781	43.79562	36.49635	2.43309	4.86618	0	2.43309	21.89781	60.827251	0	26.76399	55.961071	80.291971	31.63017	29.19708	0	0	9.73236	0	12.16545	4.86618	0	4.86618	26.76399	2.43309	4.86618	2.43309	0	2.43309	0	0	0	2.43309	2.43309	0	0	38.92944	14.59854	0	0	7.29927	0	0	0	0	9.73236	2.43309	2.43309	0	0	0	0	7.29927	12.16545	0	17.03163	4.86618	4.86618	14.59854	60.827251	0	14.59854	0	17.03163	9.73236	7.29927	12.16545	4.86618	9.73236	0	7.29927	2.43309	0	0	0	9.73236	0	0	0	0	0	2.43309	9.73236	4.86618	82.725061	34.06326	92.457421	0	21.89781	7.29927	7.29927	4.86618	2.43309	7.29927	0	0	4.86618	7.29927	4.86618	7.29927	29.19708	4.86618	0	0	17.03163	2.43309	0	14.59854	4.86618	4.86618	0	0	4.86618	12.16545	0	0	0	0	0	12.16545	0	0	2.43309	0	0	0	0	0	0	0	0	0	0	2.43309	0	2.43309	0	0	0	0	0	2.43309	4.86618	0	0	0	0	0	4.86618	4.86618	2.43309	0	4.86618	9.73236	0	0	0	0	0	2.43309	7.29927	0	0	0	0	0	0	0	0	0	2.43309	0	0	0	0	0	0	0	0	0	0	0	2.43309	0	0	0	0	0	104.622871	38.92944	289.537713	102.189781	111.922141	70.559611	199.513382	70.559611	26.76399	17.03163	9.73236	2.43309	2.43309	2.43309	19.46472	0	4.86618	14.59854	36.49635	0
39244.txt	maiores_notas	57.507987	12.779553	115.015974	6.389776	19.169329	3.194888	0	3.194888	0	0	0	3.194888	9.584665	3.194888	0	3.194888	6.389776	0	6.389776	3.194888	19.169329	0	0	6.389776	3.194888	3.194888	0	0	3.194888	19.169329	277.955272	188.498403	63.897764	15.974441	6.389776	12.779553	25.559105	31.948882	3.194888	54.313099	9.584665	15.974441	15.974441	3.194888	60.702875	9.584665	57.507987	12.779553	6.389776	15.974441	0	6.389776	38.338658	73.482428	6.389776	57.507987	89.456869	111.821086	15.974441	6.389776	3.194888	0	0	0	12.779553	6.389776	0	9.584665	44.728435	12.779553	0	0	0	3.194888	3.194888	0	3.194888	3.194888	3.194888	3.194888	0	38.338658	12.779553	0	0	0	0	0	0	0	9.584665	0	0	0	3.194888	0	0	3.194888	3.194888	6.389776	31.948882	6.389776	19.169329	19.169329	51.118211	0	3.194888	0	6.389776	3.194888	9.584665	0	6.389776	0	0	3.194888	0	0	0	0	0	0	0	0	0	0	0	3.194888	12.779553	118.210863	70.28754	115.015974	12.779553	25.559105	0	9.584665	9.584665	0	0	0	0	6.389776	0	3.194888	6.389776	25.559105	0	0	0	19.169329	3.194888	0	31.948882	19.169329	19.169329	0	3.194888	0	9.584665	0	0	0	0	0	15.974441	0	0	15.974441	0	0	0	0	0	0	0	0	0	0	3.194888	3.194888	0	3.194888	0	0	0	0	0	6.389776	0	0	0	0	0	6.389776	38.338658	0	0	3.194888	6.389776	0	0	0	0	0	0	9.584665	0	0	0	0	0	0	0	0	3.194888	0	0	0	0	0	0	0	0	0	0	0	0	0	0	9.584665	0	0	0	182.108626	38.338658	290.734824	121.405751	130.990415	31.948882	265.175719	51.118211	6.389776	19.169329	9.584665	3.194888	0	3.194888	31.948882	3.194888	9.584665	0	70.28754	25.559105
39298.txt	maiores_notas	76.487252	8.498584	67.988669	5.665722	19.830028	8.498584	2.832861	0	0	0	2.832861	2.832861	14.164306	5.665722	5.665722	5.665722	5.665722	0	2.832861	5.665722	19.830028	0	8.498584	5.665722	5.665722	2.832861	0	0	2.832861	28.328612	237.96034	116.147309	67.988669	19.830028	14.164306	8.498584	14.164306	25.495751	0	19.830028	36.827195	5.665722	50.991501	0	39.660057	16.997167	22.66289	33.994334	0	8.498584	0	5.665722	8.498584	45.325779	5.665722	11.331445	28.328612	133.144476	48.15864	25.495751	11.331445	2.832861	0	2.832861	8.498584	14.164306	0	11.331445	73.654391	8.498584	0	8.498584	8.498584	2.832861	2.832861	0	11.331445	0	2.832861	5.665722	0	65.155807	5.665722	2.832861	2.832861	2.832861	0	16.997167	0	0	5.665722	11.331445	8.498584	0	0	0	0	5.665722	2.832861	5.665722	39.660057	2.832861	11.331445	31.161473	93.484419	0	8.498584	0	11.331445	0	5.665722	8.498584	0	19.830028	0	5.665722	8.498584	0	0	0	19.830028	0	0	0	0	0	0	2.832861	8.498584	59.490085	5.665722	67.988669	0	36.827195	5.665722	2.832861	14.164306	11.331445	0	2.832861	0	11.331445	5.665722	8.498584	2.832861	31.161473	11.331445	0	0	19.830028	0	2.832861	39.660057	11.331445	2.832861	0	8.498584	0	2.832861	0	0	0	0	0	16.997167	0	2.832861	5.665722	0	0	0	0	0	0	0	0	0	0	0	0	0	0	0	0	5.665722	0	0	11.331445	0	5.665722	0	0	0	5.665722	11.331445	2.832861	0	14.164306	0	0	0	0	0	0	0	2.832861	0	0	0	0	0	0	0	0	0	0	0	0	0	0	0	0	0	0	0	0	0	0	0	2.832861	0	0	0	152.974504	56.657224	266.288952	70.82153	192.634561	59.490085	138.810198	101.983003	11.331445	22.66289	2.832861	0	0	0	39.660057	0	14.164306	8.498584	82.152975	11.331445
39305.txt	maiores_notas	86.50519	38.062284	55.363322	10.380623	3.460208	13.84083	6.920415	3.460208	0	0	0	0	0	0	0	0	0	0	3.460208	3.460208	17.301038	0	3.460208	6.920415	17.301038	0	0	0	0	31.141869	256.055363	145.32872	86.50519	31.141869	13.84083	3.460208	6.920415	55.363322	0	58.823529	34.602076	3.460208	38.062284	0	34.602076	20.761246	44.982699	20.761246	3.460208	10.380623	0	3.460208	3.460208	69.204152	0	20.761246	69.204152	79.584775	38.062284	17.301038	3.460208	0	6.920415	3.460208	27.681661	10.380623	3.460208	6.920415	38.062284	20.761246	3.460208	0	3.460208	0	0	0	0	6.920415	0	0	0	34.602076	34.602076	0	0	0	0	0	0	0	6.920415	0	3.460208	6.920415	0	3.460208	0	17.301038	10.380623	10.380623	17.301038	0	17.301038	17.301038	69.204152	0	17.301038	0	13.84083	0	6.920415	3.460208	0	0	0	3.460208	0	0	0	0	0	0	0	0	0	0	0	3.460208	6.920415	100.346021	41.522491	65.743945	0	38.062284	0	13.84083	6.920415	10.380623	0	0	0	6.920415	10.380623	6.920415	3.460208	31.141869	13.84083	0	0	17.301038	6.920415	0	13.84083	17.301038	0	0	0	3.460208	13.84083	0	0	0	0	0	10.380623	0	0	3.460208	0	0	0	0	0	0	0	0	0	0	0	0	6.920415	0	0	0	0	0	0	10.380623	0	0	0	0	0	0	3.460208	0	0	0	0	0	0	0	0	0	0	3.460208	0	0	0	0	0	0	0	0	0	0	0	0	0	0	0	0	0	0	0	0	0	0	0	0	0	0	0	124.567474	24.221453	287.197232	93.425606	128.027682	31.141869	197.231834	89.965398	27.681661	17.301038	3.460208	0	0	6.920415	13.84083	0	6.920415	0	51.903114	0
39465.txt	maiores_notas	85.271318	7.751938	34.883721	0	11.627907	7.751938	7.751938	3.875969	0	0	0	19.379845	15.503876	7.751938	7.751938	7.751938	11.627907	0	15.503876	23.255814	31.007752	15.503876	42.635659	3.875969	31.007752	38.75969	7.751938	0	19.379845	42.635659	170.542636	69.767442	104.651163	38.75969	3.875969	0	0	15.503876	0	19.379845	11.627907	0	42.635659	0	19.379845	15.503876	11.627907	11.627907	3.875969	0	0	7.751938	3.875969	23.255814	0	0	27.131783	170.542636	50.387597	27.131783	38.75969	31.007752	0	19.379845	7.751938	3.875969	3.875969	3.875969	50.387597	23.255814	0	15.503876	38.75969	3.875969	3.875969	0	0	3.875969	0	0	0	104.651163	38.75969	0	0	19.379845	7.751938	0	0	0	0	0	7.751938	0	31.007752	0	0	7.751938	3.875969	3.875969	31.007752	3.875969	19.379845	11.627907	162.790698	3.875969	7.751938	0	19.379845	3.875969	3.875969	11.627907	3.875969	11.627907	0	7.751938	7.751938	0	0	0	11.627907	0	0	0	0	0	0	7.751938	3.875969	89.147287	3.875969	38.75969	0	19.379845	3.875969	7.751938	11.627907	0	0	7.751938	0	0	0	3.875969	0	19.379845	11.627907	0	0	31.007752	3.875969	3.875969	31.007752	19.379845	0	3.875969	42.635659	0	7.751938	0	0	0	11.627907	0	27.131783	0	3.875969	3.875969	0	0	3.875969	0	0	0	0	0	0	0	0	0	3.875969	0	0	0	0	3.875969	0	3.875969	0	0	0	0	0	3.875969	34.883721	0	0	15.503876	0	0	0	0	0	3.875969	0	0	3.875969	0	0	3.875969	3.875969	3.875969	0	0	0	0	0	0	0	0	0	0	0	0	0	0	0	0	0	3.875969	0	0	0	127.906977	151.162791	213.178295	42.635659	224.806202	65.891473	131.782946	54.263566	15.503876	31.007752	7.751938	7.751938	0	3.875969	42.635659	3.875969	3.875969	0	62.015504	3.875969
39509.txt	maiores_notas	88.578089	6.993007	107.226107	18.648019	4.662005	6.993007	9.324009	0	0	0	0	2.331002	13.986014	0	0	0	0	0	16.317016	0	23.310023	0	23.310023	0	6.993007	6.993007	0	0	6.993007	39.62704	254.079254	118.881119	90.909091	32.634033	6.993007	13.986014	6.993007	30.30303	13.986014	48.951049	27.972028	18.648019	25.641026	9.324009	62.937063	16.317016	23.310023	39.62704	4.662005	0	0	13.986014	16.317016	67.599068	0	20.979021	58.275058	102.564103	44.289044	32.634033	13.986014	2.331002	11.655012	2.331002	20.979021	0	4.662005	11.655012	37.296037	4.662005	4.662005	2.331002	4.662005	0	4.662005	0	11.655012	0	0	11.655012	0	65.268065	4.662005	0	0	2.331002	0	0	0	0	6.993007	0	0	4.662005	23.310023	0	0	46.620047	16.317016	4.662005	27.972028	2.331002	18.648019	34.965035	65.268065	9.324009	37.296037	0	4.662005	0	20.979021	2.331002	0	4.662005	0	6.993007	2.331002	4.662005	0	0	2.331002	2.331002	0	0	0	0	0	0	2.331002	62.937063	23.310023	107.226107	0	16.317016	0	2.331002	2.331002	0	0	0	0	0	0	18.648019	2.331002	16.317016	0	11.655012	0	23.310023	18.648019	0	23.310023	13.986014	0	0	0	0	13.986014	0	0	0	0	0	20.979021	0	0	13.986014	0	9.324009	2.331002	0	0	6.993007	0	0	0	0	0	0	11.655012	6.993007	0	0	2.331002	0	0	11.655012	0	6.993007	0	0	0	0	4.662005	0	0	6.993007	6.993007	0	0	0	0	0	0	13.986014	0	0	0	0	0	0	0	0	0	0	0	0	0	0	0	0	0	0	0	0	0	0	0	0	0	0	0	95.571096	25.641026	289.044289	100.2331	158.508159	34.965035	188.811189	34.965035	62.937063	23.310023	13.986014	0	0	18.648019	27.972028	25.641026	11.655012	6.993007	83.916084	0
39561.txt	maiores_notas	76.923077	0	69.59707	21.978022	18.315018	10.989011	0	0	0	0	0	0	10.989011	3.663004	7.326007	3.663004	7.326007	0	10.989011	7.326007	18.315018	0	3.663004	0	14.652015	3.663004	0	0	3.663004	18.315018	252.747253	106.227106	91.575092	36.630037	3.663004	3.663004	3.663004	51.282051	25.641026	51.282051	29.304029	0	36.630037	3.663004	43.956044	25.641026	36.630037	40.29304	0	3.663004	0	14.652015	10.989011	69.59707	3.663004	10.989011	40.29304	76.923077	29.304029	18.315018	0	0	3.663004	3.663004	36.630037	7.326007	0	3.663004	36.630037	3.663004	0	0	0	0	0	0	3.663004	0	0	3.663004	0	54.945055	14.652015	3.663004	0	3.663004	0	0	0	0	7.326007	0	0	3.663004	0	0	0	21.978022	14.652015	14.652015	10.989011	0	10.989011	18.315018	76.923077	7.326007	7.326007	0	7.326007	0	3.663004	3.663004	0	3.663004	0	10.989011	3.663004	0	0	0	0	3.663004	0	0	0	0	3.663004	3.663004	3.663004	84.249084	7.326007	76.923077	0	54.945055	0	7.326007	0	3.663004	0	0	0	3.663004	18.315018	7.326007	3.663004	51.282051	3.663004	0	0	18.315018	7.326007	0	10.989011	10.989011	0	0	18.315018	0	21.978022	0	0	0	0	0	14.652015	3.663004	0	3.663004	0	0	0	0	0	0	0	0	0	0	0	0	3.663004	3.663004	0	0	0	0	0	7.326007	0	0	0	0	0	0	3.663004	0	0	10.989011	18.315018	0	0	0	0	0	0	7.326007	0	0	0	0	0	0	0	0	0	0	0	0	0	0	0	0	0	0	0	0	0	0	0	0	0	0	0	146.520147	51.282051	300.3663	106.227106	120.879121	32.967033	168.498168	91.575092	36.630037	18.315018	7.326007	0	0	7.326007	10.989011	7.326007	3.663004	3.663004	40.29304	7.326007
39585.txt	maiores_notas	82.901554	7.772021	95.854922	12.953368	7.772021	0	2.590674	0	0	0	0	2.590674	15.544041	2.590674	0	0	7.772021	0	7.772021	5.181347	36.26943	0	20.725389	2.590674	0	5.181347	0	0	5.181347	10.362694	277.202073	98.445596	98.445596	12.953368	2.590674	7.772021	0	67.357513	7.772021	64.766839	41.450777	0	41.450777	5.181347	62.176166	10.362694	28.497409	25.906736	2.590674	2.590674	0	5.181347	10.362694	69.948187	2.590674	18.134715	31.088083	90.673575	41.450777	28.497409	2.590674	7.772021	2.590674	0	28.497409	7.772021	2.590674	5.181347	28.497409	0	5.181347	0	0	0	5.181347	0	2.590674	2.590674	0	0	0	85.492228	10.362694	2.590674	0	0	0	0	0	0	2.590674	0	0	0	5.181347	2.590674	0	0	0	7.772021	18.134715	0	18.134715	7.772021	98.445596	0	0	0	18.134715	0	7.772021	2.590674	2.590674	0	0	7.772021	2.590674	2.590674	0	0	0	0	0	0	0	0	0	0	0	88.082902	0	103.626943	0	23.316062	2.590674	2.590674	0	0	0	2.590674	2.590674	0	0	12.953368	2.590674	23.316062	0	0	0	36.26943	12.953368	0	5.181347	18.134715	2.590674	0	0	0	2.590674	0	0	0	0	0	20.725389	5.181347	2.590674	2.590674	0	0	7.772021	0	0	0	0	0	0	0	0	0	7.772021	2.590674	0	0	0	0	0	5.181347	0	0	0	0	0	2.590674	7.772021	0	0	12.953368	2.590674	0	0	0	0	0	5.181347	5.181347	0	0	0	0	0	0	0	0	0	0	0	0	0	0	0	0	0	0	0	0	0	0	0	0	0	0	0	186.528497	101.036269	287.564767	101.036269	137.305699	38.860104	191.709845	36.26943	0	36.26943	10.362694	0	0	12.953368	12.953368	7.772021	5.181347	5.181347	44.041451	0
39608.txt	maiores_notas	118.4573	8.264463	96.418733	8.264463	2.754821	0	5.509642	0	0	0	0	0	11.019284	0	0	0	5.509642	0	2.754821	0	30.30303	0	5.509642	2.754821	0	0	0	0	0	19.283747	297.520661	157.024793	107.438017	33.057851	5.509642	8.264463	2.754821	77.134986	2.754821	49.586777	38.567493	11.019284	41.322314	8.264463	38.567493	16.528926	55.096419	30.30303	2.754821	0	0	5.509642	11.019284	74.380165	0	41.322314	60.606061	101.928375	22.038567	13.774105	2.754821	5.509642	5.509642	2.754821	27.548209	8.264463	0	5.509642	30.30303	24.793388	0	0	0	0	0	0	2.754821	0	2.754821	0	0	60.606061	19.283747	0	0	2.754821	0	0	0	0	5.509642	0	0	0	0	0	0	2.754821	11.019284	2.754821	16.528926	0	13.774105	13.774105	82.644628	0	2.754821	0	2.754821	8.264463	5.509642	2.754821	0	0	0	5.509642	0	2.754821	0	0	0	0	0	0	0	0	2.754821	2.754821	11.019284	88.15427	19.283747	104.683196	2.754821	33.057851	0	2.754821	0	0	0	0	0	0	0	13.774105	8.264463	30.30303	2.754821	2.754821	0	30.30303	13.774105	0	16.528926	13.774105	0	0	0	0	11.019284	0	0	0	0	0	22.038567	0	2.754821	2.754821	0	0	2.754821	0	0	0	0	0	0	0	0	0	11.019284	0	0	0	0	0	0	5.509642	0	2.754821	2.754821	0	0	0	5.509642	0	0	16.528926	0	0	0	0	0	0	0	8.264463	0	0	0	0	0	0	0	0	0	0	0	0	0	0	0	0	0	0	0	0	0	0	0	0	0	0	0	126.721763	41.322314	319.559229	101.928375	118.4573	24.793388	198.347107	46.831956	13.774105	30.30303	8.264463	0	0	13.774105	19.283747	2.754821	5.509642	5.509642	44.077135	2.754821
39614.txt	maiores_notas	80	32.727273	87.272727	14.545455	3.636364	7.272727	7.272727	0	0	0	0	0	3.636364	0	0	3.636364	14.545455	0	3.636364	10.909091	14.545455	0	10.909091	0	14.545455	0	0	0	0	21.818182	272.727273	76.363636	112.727273	32.727273	0	7.272727	7.272727	32.727273	0	29.090909	58.181818	0	40	7.272727	43.636364	10.909091	29.090909	25.454545	25.454545	3.636364	0	7.272727	25.454545	50.909091	0	14.545455	54.545455	76.363636	25.454545	14.545455	18.181818	0	0	3.636364	3.636364	0	3.636364	7.272727	21.818182	7.272727	0	0	7.272727	0	0	0	7.272727	0	0	7.272727	0	47.272727	18.181818	3.636364	0	0	0	0	0	0	0	0	0	0	10.909091	0	0	7.272727	0	0	7.272727	0	21.818182	21.818182	69.090909	0	7.272727	0	10.909091	0	3.636364	7.272727	7.272727	3.636364	0	3.636364	7.272727	0	0	0	3.636364	0	0	0	0	0	0	3.636364	0	94.545455	25.454545	101.818182	0	21.818182	3.636364	0	14.545455	0	0	3.636364	0	0	14.545455	10.909091	0	18.181818	7.272727	0	0	14.545455	10.909091	0	7.272727	18.181818	14.545455	0	14.545455	0	0	0	0	0	0	0	10.909091	0	3.636364	14.545455	0	10.909091	0	0	0	0	0	0	0	0	0	0	10.909091	0	0	0	0	0	0	7.272727	0	0	0	0	0	0	0	0	0	18.181818	0	0	0	0	0	0	0	0	0	0	0	0	0	0	0	0	0	0	0	0	0	0	0	0	0	0	0	0	0	0	0	0	0	0	0	200	50.909091	294.545455	87.272727	116.363636	36.363636	221.818182	58.181818	7.272727	14.545455	0	0	0	10.909091	7.272727	10.909091	7.272727	7.272727	50.909091	14.545455
39635.txt	maiores_notas	101.265823	25.316456	88.607595	10.126582	10.126582	2.531646	5.063291	2.531646	0	0	0	0	2.531646	0	2.531646	0	7.594937	0	10.126582	0	15.189873	0	10.126582	7.594937	2.531646	0	0	0	0	48.101266	258.227848	151.898734	134.177215	37.974684	7.594937	7.594937	20.253165	35.443038	0	30.379747	40.506329	0	65.822785	12.658228	53.164557	12.658228	17.721519	27.848101	0	2.531646	0	5.063291	2.531646	48.101266	0	0	25.316456	93.670886	37.974684	25.316456	5.063291	0	7.594937	5.063291	17.721519	5.063291	2.531646	12.658228	25.316456	2.531646	0	0	0	0	0	7.594937	12.658228	0	0	10.126582	0	60.759494	12.658228	2.531646	0	2.531646	0	5.063291	0	0	0	0	0	2.531646	0	0	0	12.658228	0	0	30.379747	0	2.531646	22.78481	83.544304	5.063291	7.594937	0	10.126582	0	5.063291	10.126582	2.531646	12.658228	0	0	7.594937	2.531646	0	0	12.658228	0	0	0	0	2.531646	0	7.594937	7.594937	101.265823	0	96.202532	0	32.911392	0	2.531646	2.531646	0	2.531646	0	0	0	7.594937	15.189873	10.126582	17.721519	12.658228	5.063291	0	15.189873	15.189873	2.531646	20.253165	2.531646	7.594937	0	2.531646	0	5.063291	0	0	0	0	0	5.063291	0	0	7.594937	0	0	0	0	2.531646	0	5.063291	0	2.531646	5.063291	0	0	15.189873	0	0	0	0	0	0	10.126582	0	0	0	0	0	5.063291	12.658228	0	0	5.063291	5.063291	0	0	0	0	2.531646	0	20.253165	0	0	0	0	0	0	0	0	0	0	0	0	0	0	0	0	0	0	0	0	0	0	0	0	0	0	0	126.582278	27.848101	306.329114	65.822785	129.113924	53.164557	197.468354	63.291139	12.658228	15.189873	22.78481	0	0	15.189873	25.316456	15.189873	12.658228	12.658228	50.632911	2.531646
39650.txt	maiores_notas	94.405594	13.986014	52.447552	6.993007	17.482517	17.482517	13.986014	6.993007	0	0	0	6.993007	10.48951	3.496503	6.993007	6.993007	10.48951	0	3.496503	31.468531	3.496503	0	13.986014	6.993007	34.965035	20.979021	0	0	13.986014	73.426573	220.27972	87.412587	129.370629	69.93007	3.496503	6.993007	3.496503	27.972028	0	17.482517	10.48951	6.993007	122.377622	0	41.958042	20.979021	6.993007	31.468531	3.496503	0	0	3.496503	27.972028	20.979021	0	0	6.993007	132.867133	45.454545	20.979021	17.482517	6.993007	3.496503	10.48951	13.986014	3.496503	13.986014	6.993007	45.454545	20.979021	3.496503	10.48951	6.993007	3.496503	3.496503	0	0	6.993007	0	0	0	41.958042	45.454545	27.972028	0	3.496503	0	3.496503	0	0	0	0	3.496503	0	3.496503	6.993007	3.496503	27.972028	0	0	31.468531	3.496503	6.993007	17.482517	122.377622	0	27.972028	0	6.993007	0	17.482517	0	0	0	0	3.496503	0	0	0	0	0	0	0	0	0	0	0	0	3.496503	90.909091	10.48951	55.944056	0	45.454545	0	3.496503	3.496503	6.993007	0	6.993007	0	0	0	3.496503	3.496503	34.965035	10.48951	0	0	6.993007	3.496503	3.496503	34.965035	3.496503	0	0	10.48951	0	0	0	0	0	0	0	0	0	0	3.496503	0	3.496503	0	0	0	0	0	0	0	0	0	0	3.496503	0	0	0	6.993007	0	6.993007	13.986014	0	0	0	0	0	0	34.965035	0	0	3.496503	17.482517	0	0	0	0	0	0	6.993007	0	0	0	0	0	0	0	0	0	0	0	0	0	0	0	0	0	0	0	0	0	0	0	0	0	0	0	160.839161	69.93007	293.706294	69.93007	178.321678	27.972028	150.34965	73.426573	27.972028	6.993007	6.993007	0	0	3.496503	34.965035	3.496503	6.993007	0	59.440559	10.48951
39663.txt	maiores_notas	129.032258	9.677419	93.548387	9.677419	3.225806	6.451613	3.225806	0	0	0	0	0	12.903226	0	0	0	9.677419	0	9.677419	3.225806	9.677419	3.225806	12.903226	3.225806	9.677419	3.225806	0	0	3.225806	35.483871	280.645161	145.16129	122.580645	32.258065	16.129032	0	22.580645	32.258065	19.354839	35.483871	41.935484	0	48.387097	0	35.483871	16.129032	25.806452	25.806452	0	6.451613	0	6.451613	0	64.516129	0	9.677419	51.612903	67.741935	19.354839	19.354839	16.129032	19.354839	3.225806	0	16.129032	9.677419	3.225806	3.225806	32.258065	9.677419	0	3.225806	16.129032	0	0	3.225806	0	0	9.677419	0	0	51.612903	16.129032	0	0	0	0	0	0	0	0	0	0	0	0	0	0	6.451613	3.225806	9.677419	16.129032	0	3.225806	12.903226	67.741935	6.451613	0	0	16.129032	0	9.677419	3.225806	6.451613	3.225806	0	9.677419	3.225806	0	0	0	3.225806	0	0	0	0	0	0	0	9.677419	90.322581	35.483871	103.225806	0	19.354839	0	3.225806	22.580645	0	0	0	0	0	6.451613	0	9.677419	12.903226	3.225806	0	0	9.677419	0	3.225806	16.129032	3.225806	0	0	0	0	12.903226	0	0	0	0	0	3.225806	0	6.451613	6.451613	0	0	0	0	0	0	0	0	0	0	0	0	0	0	0	0	0	0	0	3.225806	0	6.451613	0	0	0	0	6.451613	0	0	6.451613	6.451613	0	0	0	0	6.451613	0	16.129032	0	0	0	0	0	0	0	0	0	0	0	0	0	0	0	0	0	0	0	0	0	0	0	0	0	0	0	138.709677	35.483871	316.129032	80.645161	96.774194	48.387097	229.032258	61.290323	9.677419	12.903226	22.580645	0	0	0	19.354839	0	9.677419	3.225806	32.258065	0
39684.txt	maiores_notas	122.905028	8.379888	64.24581	5.586592	13.96648	13.96648	16.759777	0	0	0	0	0	11.173184	0	5.586592	0	2.793296	0	5.586592	0	36.312849	0	5.586592	2.793296	8.379888	0	0	0	0	25.139665	245.810056	64.24581	72.625698	39.106145	5.586592	11.173184	5.586592	16.759777	2.793296	27.932961	36.312849	11.173184	41.899441	0	41.899441	22.346369	27.932961	53.072626	0	5.586592	0	22.346369	0	69.832402	0	2.793296	33.519553	111.731844	25.139665	19.553073	11.173184	5.586592	0	5.586592	19.553073	0	2.793296	13.96648	53.072626	13.96648	0	0	2.793296	0	0	0	5.586592	2.793296	2.793296	5.586592	0	61.452514	13.96648	5.586592	0	2.793296	0	2.793296	0	0	5.586592	0	0	5.586592	5.586592	0	0	33.519553	2.793296	0	36.312849	5.586592	16.759777	25.139665	92.178771	5.586592	11.173184	0	5.586592	2.793296	8.379888	11.173184	0	5.586592	0	2.793296	11.173184	0	0	0	5.586592	0	0	0	0	0	0	8.379888	13.96648	69.832402	19.553073	67.039106	0	33.519553	0	2.793296	0	0	0	0	0	0	5.586592	16.759777	2.793296	27.932961	0	0	0	36.312849	16.759777	0	39.106145	16.759777	0	0	8.379888	0	5.586592	0	0	0	0	0	22.346369	0	2.793296	0	0	2.793296	0	0	0	11.173184	16.759777	0	0	0	0	0	11.173184	5.586592	0	0	0	0	0	19.553073	0	5.586592	0	0	0	0	22.346369	0	0	2.793296	5.586592	0	0	0	0	0	0	8.379888	0	0	0	0	0	0	0	0	0	0	0	0	0	0	0	0	0	0	0	0	0	0	0	0	0	0	0	195.530726	41.899441	270.949721	89.385475	164.804469	44.692737	156.424581	44.692737	36.312849	36.312849	8.379888	0	0	16.759777	39.106145	16.759777	13.96648	11.173184	78.212291	2.793296
39715.txt	maiores_notas	106.837607	8.547009	85.470085	12.820513	4.273504	4.273504	8.547009	0	0	0	0	0	4.273504	0	0	0	4.273504	0	0	4.273504	4.273504	0	0	0	8.547009	0	0	0	0	21.367521	316.239316	123.931624	85.470085	38.461538	17.094017	0	4.273504	42.735043	0	51.282051	64.102564	17.094017	51.282051	12.820513	25.641026	29.91453	21.367521	42.735043	0	0	0	4.273504	8.547009	42.735043	8.547009	4.273504	38.461538	72.649573	29.91453	25.641026	4.273504	12.820513	0	0	42.735043	4.273504	0	4.273504	59.82906	4.273504	4.273504	4.273504	4.273504	0	0	0	0	0	4.273504	0	0	47.008547	25.641026	4.273504	0	0	0	8.547009	0	0	8.547009	0	0	8.547009	0	0	0	0	12.820513	12.820513	17.094017	0	0	12.820513	85.470085	0	0	0	0	0	0	4.273504	0	0	0	0	4.273504	0	0	0	0	0	0	0	0	0	0	4.273504	0	81.196581	59.82906	94.017094	0	55.555556	0	4.273504	4.273504	0	0	0	0	0	4.273504	17.094017	4.273504	34.188034	21.367521	0	0	4.273504	17.094017	0	17.094017	0	4.273504	4.273504	8.547009	0	12.820513	0	0	0	0	0	4.273504	0	0	8.547009	0	0	4.273504	0	0	8.547009	4.273504	0	0	0	0	0	8.547009	8.547009	0	0	0	0	0	8.547009	0	0	4.273504	0	0	0	8.547009	0	0	4.273504	8.547009	4.273504	0	0	0	0	0	4.273504	0	0	0	0	0	0	0	0	0	0	0	0	0	0	0	0	0	0	0	0	0	0	0	12.820513	0	0	0	200.854701	12.820513	337.606838	81.196581	115.384615	4.273504	213.675214	89.74359	12.820513	4.273504	4.273504	0	0	17.094017	17.094017	21.367521	12.820513	4.273504	29.91453	8.547009
39716.txt	maiores_notas	83.623693	17.421603	55.749129	17.421603	10.452962	17.421603	0	0	0	0	0	0	20.905923	0	0	3.484321	17.421603	10.452962	6.968641	17.421603	31.358885	6.968641	6.968641	0	27.874564	0	0	0	0	0	254.355401	118.466899	111.498258	13.937282	6.968641	13.937282	0	34.843206	6.968641	31.358885	24.390244	0	52.264808	0	31.358885	10.452962	13.937282	10.452962	10.452962	3.484321	0	0	17.421603	20.905923	0	3.484321	34.843206	69.686411	101.045296	59.233449	10.452962	3.484321	3.484321	3.484321	34.843206	10.452962	3.484321	6.968641	59.233449	3.484321	3.484321	6.968641	0	3.484321	0	0	0	3.484321	3.484321	0	0	135.888502	0	0	0	3.484321	0	0	0	0	3.484321	0	0	0	24.390244	0	0	52.264808	6.968641	17.421603	20.905923	0	24.390244	24.390244	139.372822	6.968641	45.296167	0	6.968641	3.484321	6.968641	3.484321	6.968641	10.452962	0	6.968641	3.484321	0	0	0	10.452962	0	0	0	0	0	3.484321	3.484321	6.968641	55.749129	6.968641	55.749129	0	38.327526	0	6.968641	0	3.484321	3.484321	3.484321	0	0	0	6.968641	0	27.874564	13.937282	0	0	31.358885	6.968641	3.484321	20.905923	17.421603	0	0	6.968641	0	10.452962	0	0	0	0	3.484321	24.390244	3.484321	0	0	0	0	3.484321	0	0	0	0	0	0	0	0	0	6.968641	0	0	0	0	0	0	6.968641	0	3.484321	0	0	0	0	3.484321	0	0	20.905923	0	0	0	0	0	0	0	0	0	0	0	0	0	0	0	0	0	0	0	0	0	0	0	0	0	0	0	0	0	0	0	3.484321	0	0	0	101.045296	90.592334	261.324042	48.780488	212.543554	52.264808	118.466899	55.749129	59.233449	31.358885	0	0	0	6.968641	24.390244	6.968641	6.968641	3.484321	69.686411	10.452962
39810.txt	maiores_notas	103.603604	27.027027	63.063063	18.018018	13.513514	4.504505	0	0	0	0	0	0	9.009009	4.504505	4.504505	9.009009	0	0	0	9.009009	4.504505	0	0	0	13.513514	0	0	0	0	0	297.297297	171.171171	81.081081	18.018018	9.009009	9.009009	4.504505	81.081081	0	85.585586	13.513514	4.504505	45.045045	4.504505	103.603604	18.018018	40.540541	40.540541	22.522523	0	0	4.504505	18.018018	85.585586	0	22.522523	72.072072	85.585586	36.036036	31.531532	0	4.504505	4.504505	0	13.513514	4.504505	13.513514	0	67.567568	4.504505	0	0	0	0	0	0	0	0	0	0	0	58.558559	9.009009	0	0	0	0	4.504505	0	0	0	0	0	9.009009	9.009009	0	4.504505	4.504505	0	0	22.522523	0	18.018018	22.522523	72.072072	0	4.504505	0	4.504505	0	4.504505	4.504505	4.504505	0	0	0	4.504505	0	0	0	0	0	0	0	0	0	0	4.504505	0	81.081081	13.513514	72.072072	0	36.036036	0	4.504505	0	0	0	0	0	0	18.018018	4.504505	4.504505	31.531532	4.504505	0	0	4.504505	4.504505	0	22.522523	13.513514	0	0	13.513514	4.504505	0	0	0	4.504505	0	0	0	4.504505	0	9.009009	0	0	0	0	0	0	4.504505	0	0	0	0	0	4.504505	0	0	0	0	0	4.504505	0	0	0	0	0	0	9.009009	18.018018	0	0	4.504505	4.504505	0	0	0	0	0	0	9.009009	0	0	0	0	0	0	0	0	0	0	0	0	0	4.504505	0	0	0	0	0	0	0	0	0	9.009009	0	0	0	130.630631	27.027027	297.297297	121.621622	135.135135	18.018018	166.666667	63.063063	4.504505	4.504505	9.009009	0	4.504505	4.504505	22.522523	4.504505	0	4.504505	63.063063	22.522523
39896.txt	maiores_notas	89.709763	2.638522	68.601583	0	7.915567	2.638522	10.55409	7.915567	0	0	0	0	7.915567	0	0	0	5.277045	0	13.192612	5.277045	13.192612	5.277045	10.55409	5.277045	7.915567	7.915567	0	0	7.915567	31.662269	250.659631	124.010554	100.263852	29.023747	5.277045	2.638522	7.915567	42.216359	26.385224	18.469657	47.493404	5.277045	68.601583	0	31.662269	23.746702	55.408971	34.300792	15.831135	13.192612	0	2.638522	23.746702	68.601583	7.915567	42.216359	68.601583	105.540897	50.131926	26.385224	10.55409	10.55409	5.277045	7.915567	0	7.915567	5.277045	13.192612	31.662269	2.638522	2.638522	2.638522	2.638522	0	5.277045	0	5.277045	2.638522	5.277045	5.277045	0	36.939314	13.192612	10.55409	0	2.638522	2.638522	5.277045	0	0	10.55409	5.277045	10.55409	0	5.277045	2.638522	0	15.831135	5.277045	10.55409	31.662269	0	15.831135	23.746702	73.878628	0	15.831135	0	5.277045	0	10.55409	7.915567	0	10.55409	0	7.915567	10.55409	2.638522	0	0	10.55409	0	0	0	0	0	0	2.638522	2.638522	71.240106	2.638522	68.601583	0	47.493404	2.638522	5.277045	0	2.638522	2.638522	7.915567	0	10.55409	7.915567	13.192612	2.638522	34.300792	13.192612	7.915567	0	13.192612	13.192612	5.277045	31.662269	15.831135	5.277045	0	5.277045	0	7.915567	0	0	0	0	0	7.915567	2.638522	5.277045	2.638522	0	2.638522	5.277045	0	0	0	2.638522	0	0	0	0	0	10.55409	2.638522	0	0	5.277045	2.638522	0	23.746702	0	2.638522	0	0	0	0	7.915567	0	0	5.277045	2.638522	0	0	0	0	0	2.638522	2.638522	0	0	0	0	0	0	0	0	0	2.638522	0	0	0	0	0	0	0	0	0	0	0	0	0	2.638522	0	0	0	92.348285	44.854881	274.406332	118.733509	155.672823	42.216359	142.480211	113.456464	21.108179	13.192612	5.277045	2.638522	0	13.192612	34.300792	10.55409	13.192612	13.192612	71.240106	7.915567
39989.txt	maiores_notas	97.264438	9.118541	82.066869	9.118541	6.079027	9.118541	3.039514	3.039514	0	0	0	0	6.079027	0	3.039514	0	3.039514	0	3.039514	6.079027	18.237082	0	6.079027	6.079027	6.079027	0	0	0	0	48.632219	243.161094	109.422492	94.224924	36.474164	6.079027	3.039514	3.039514	48.632219	12.158055	42.553191	33.43465	3.039514	45.592705	15.197568	48.632219	21.276596	21.276596	33.43465	3.039514	3.039514	0	0	12.158055	54.711246	3.039514	12.158055	21.276596	57.75076	54.711246	45.592705	9.118541	0	0	3.039514	3.039514	3.039514	0	9.118541	15.197568	3.039514	6.079027	0	6.079027	3.039514	3.039514	0	0	6.079027	9.118541	0	0	82.066869	0	0	0	0	0	0	0	0	0	0	0	6.079027	0	0	0	6.079027	0	6.079027	27.355623	3.039514	3.039514	12.158055	82.066869	0	6.079027	0	12.158055	3.039514	12.158055	6.079027	3.039514	3.039514	0	9.118541	6.079027	0	0	0	3.039514	0	0	0	0	0	3.039514	3.039514	6.079027	82.066869	48.632219	88.145897	0	21.276596	3.039514	6.079027	24.316109	0	0	0	0	0	9.118541	0	3.039514	18.237082	6.079027	0	0	18.237082	0	0	27.355623	3.039514	0	0	9.118541	0	3.039514	0	0	0	0	0	12.158055	0	6.079027	6.079027	0	0	0	0	0	0	0	0	0	0	0	0	0	0	0	0	0	0	0	15.197568	0	6.079027	0	0	0	0	27.355623	0	0	0	6.079027	0	0	0	0	0	6.079027	3.039514	0	0	0	0	0	0	0	0	0	6.079027	0	0	0	0	0	0	0	0	0	0	0	0	0	0	0	0	0	188.449848	33.43465	313.069909	88.145897	121.580547	45.592705	209.726444	63.829787	6.079027	21.276596	9.118541	6.079027	0	0	27.355623	0	12.158055	9.118541	18.237082	9.118541
40004.txt	maiores_notas	72.164948	17.182131	75.601375	3.436426	0	17.182131	10.309278	0	0	0	0	13.745704	10.309278	3.436426	0	0	10.309278	0	6.872852	0	24.054983	0	6.872852	13.745704	17.182131	13.745704	0	0	13.745704	41.237113	223.367698	61.85567	151.202749	10.309278	0	6.872852	3.436426	48.109966	13.745704	37.800687	44.67354	6.872852	34.364261	0	58.419244	20.618557	27.491409	20.618557	10.309278	6.872852	0	0	13.745704	44.67354	3.436426	6.872852	48.109966	89.347079	75.601375	24.054983	6.872852	0	3.436426	6.872852	3.436426	3.436426	13.745704	10.309278	51.546392	3.436426	3.436426	3.436426	6.872852	0	0	0	10.309278	0	0	10.309278	0	89.347079	0	0	0	3.436426	0	0	0	0	0	0	0	0	20.618557	0	0	41.237113	0	10.309278	10.309278	0	27.491409	30.927835	99.656357	6.872852	37.800687	0	13.745704	0	13.745704	20.618557	6.872852	3.436426	0	13.745704	13.745704	3.436426	0	0	3.436426	0	0	0	0	0	3.436426	20.618557	20.618557	65.292096	20.618557	75.601375	0	44.67354	0	3.436426	10.309278	0	0	0	3.436426	0	13.745704	13.745704	0	24.054983	24.054983	0	0	27.491409	13.745704	0	10.309278	17.182131	0	3.436426	10.309278	0	17.182131	3.436426	0	0	0	0	13.745704	0	13.745704	0	0	6.872852	3.436426	0	0	0	0	0	0	0	0	0	13.745704	0	0	0	0	0	0	10.309278	0	0	0	0	0	0	3.436426	0	0	10.309278	0	0	0	0	0	0	0	3.436426	0	0	0	0	0	0	0	0	0	0	0	0	0	0	0	0	0	0	0	0	0	0	0	0	0	0	0	164.948454	72.164948	268.041237	79.037801	164.948454	82.474227	154.639175	75.601375	41.237113	27.491409	3.436426	0	0	13.745704	13.745704	13.745704	10.309278	17.182131	54.982818	13.745704
40013.txt	maiores_notas	76.190476	12.698413	88.888889	15.873016	9.52381	6.349206	6.349206	3.174603	0	0	0	0	15.873016	0	0	0	6.349206	0	6.349206	3.174603	15.873016	0	15.873016	0	9.52381	3.174603	0	0	3.174603	19.047619	295.238095	187.301587	98.412698	9.52381	12.698413	3.174603	19.047619	60.31746	3.174603	63.492063	57.142857	0	47.619048	0	60.31746	9.52381	50.793651	44.444444	3.174603	9.52381	0	3.174603	25.396825	79.365079	0	34.920635	66.666667	66.666667	34.920635	15.873016	0	3.174603	12.698413	3.174603	9.52381	3.174603	3.174603	9.52381	19.047619	15.873016	0	0	0	0	0	0	3.174603	3.174603	3.174603	0	0	41.269841	9.52381	6.349206	0	6.349206	0	0	0	0	0	0	3.174603	0	0	3.174603	0	15.873016	9.52381	3.174603	25.396825	0	0	25.396825	63.492063	19.047619	9.52381	0	6.349206	0	12.698413	6.349206	0	3.174603	0	0	6.349206	0	0	0	3.174603	0	0	0	0	0	0	0	9.52381	107.936508	19.047619	107.936508	3.174603	25.396825	0	6.349206	0	3.174603	0	0	0	0	6.349206	0	0	25.396825	6.349206	0	0	15.873016	0	0	25.396825	0	0	0	3.174603	0	12.698413	0	0	0	0	0	9.52381	0	3.174603	3.174603	0	0	0	0	0	0	0	0	0	0	0	0	0	0	0	0	0	0	0	9.52381	0	0	0	0	0	3.174603	15.873016	0	0	15.873016	0	0	0	0	0	0	0	6.349206	0	0	0	0	0	0	0	0	0	0	0	0	0	0	0	0	0	0	0	0	0	0	0	0	3.174603	0	0	180.952381	50.793651	314.285714	114.285714	114.285714	34.920635	228.571429	41.269841	38.095238	15.873016	6.349206	0	0	0	25.396825	0	9.52381	6.349206	50.793651	6.349206
40021.txt	maiores_notas	79.470199	3.311258	92.715232	9.933775	3.311258	16.556291	16.556291	0	0	0	0	3.311258	16.556291	0	0	0	6.622517	0	0	13.245033	13.245033	0	3.311258	3.311258	23.178808	3.311258	0	0	3.311258	0	291.390728	155.629139	96.02649	23.178808	19.86755	3.311258	9.933775	39.735099	0	52.980132	3.311258	0	43.046358	6.622517	43.046358	13.245033	29.801325	26.490066	16.556291	6.622517	0	0	13.245033	66.225166	6.622517	3.311258	36.423841	56.291391	43.046358	26.490066	3.311258	9.933775	9.933775	0	9.933775	9.933775	0	0	6.622517	0	0	0	0	0	0	0	0	0	0	0	0	76.15894	3.311258	0	0	0	0	0	0	0	6.622517	0	0	0	0	0	0	13.245033	13.245033	13.245033	9.933775	0	3.311258	9.933775	79.470199	0	13.245033	0	3.311258	0	19.86755	9.933775	19.86755	13.245033	3.311258	6.622517	6.622517	3.311258	0	0	13.245033	0	3.311258	0	0	0	3.311258	6.622517	16.556291	69.536424	6.622517	96.02649	0	46.357616	6.622517	6.622517	9.933775	0	0	0	0	0	3.311258	6.622517	6.622517	49.668874	9.933775	0	9.933775	13.245033	6.622517	0	9.933775	3.311258	0	0	6.622517	0	19.86755	0	0	0	0	0	6.622517	0	3.311258	3.311258	0	0	3.311258	0	0	0	0	0	0	0	0	0	6.622517	0	0	0	0	0	3.311258	0	0	0	0	0	0	3.311258	3.311258	0	0	6.622517	9.933775	0	0	0	0	0	0	6.622517	0	0	0	0	0	0	0	0	0	0	0	0	0	0	0	0	0	0	0	0	0	0	0	0	0	0	0	82.781457	46.357616	291.390728	92.715232	99.337748	82.781457	168.874172	89.403974	19.86755	13.245033	6.622517	0	0	6.622517	9.933775	6.622517	0	16.556291	23.178808	6.622517
40024.txt	maiores_notas	69.620253	3.164557	85.443038	22.151899	3.164557	15.822785	0	6.329114	0	0	0	0	12.658228	0	0	0	6.329114	0	3.164557	3.164557	25.316456	0	6.329114	3.164557	15.822785	0	0	0	0	18.987342	262.658228	117.088608	63.291139	28.481013	9.493671	9.493671	3.164557	63.291139	6.329114	44.303797	31.64557	6.329114	31.64557	3.164557	47.468354	15.822785	44.303797	12.658228	6.329114	6.329114	0	6.329114	15.822785	91.772152	0	31.64557	63.291139	82.278481	31.64557	25.316456	12.658228	3.164557	0	6.329114	12.658228	6.329114	9.493671	9.493671	31.64557	9.493671	0	6.329114	9.493671	3.164557	3.164557	0	9.493671	0	3.164557	6.329114	0	37.974684	31.64557	3.164557	0	0	0	0	0	0	6.329114	0	0	6.329114	6.329114	0	0	12.658228	0	3.164557	25.316456	0	22.151899	28.481013	72.78481	0	12.658228	0	12.658228	3.164557	3.164557	0	3.164557	9.493671	0	3.164557	0	0	0	0	9.493671	0	0	0	0	0	0	3.164557	0	79.113924	25.316456	98.101266	3.164557	18.987342	0	0	9.493671	0	0	0	3.164557	6.329114	12.658228	12.658228	6.329114	15.822785	3.164557	0	0	25.316456	12.658228	0	25.316456	18.987342	6.329114	0	3.164557	0	9.493671	0	0	0	0	0	22.151899	0	0	6.329114	0	3.164557	0	0	0	3.164557	3.164557	0	0	0	0	0	9.493671	0	0	9.493671	0	0	0	9.493671	0	3.164557	0	0	0	3.164557	6.329114	0	3.164557	3.164557	9.493671	0	0	0	0	0	0	6.329114	0	0	0	0	0	0	0	0	0	0	0	0	0	0	0	0	0	0	0	0	0	0	0	12.658228	0	0	0	72.78481	47.468354	281.64557	120.253165	145.56962	44.303797	196.202532	56.962025	12.658228	25.316456	6.329114	0	0	12.658228	25.316456	18.987342	12.658228	0	75.949367	3.164557
40060.txt	maiores_notas	80.882353	7.352941	51.470588	7.352941	11.029412	25.735294	0	7.352941	0	0	0	0	3.676471	0	0	0	3.676471	0	3.676471	3.676471	29.411765	0	0	7.352941	18.382353	3.676471	0	0	3.676471	11.029412	283.088235	132.352941	88.235294	40.441176	3.676471	7.352941	7.352941	69.852941	3.676471	77.205882	40.441176	11.029412	40.441176	0	40.441176	0	44.117647	11.029412	14.705882	3.676471	0	0	18.382353	66.176471	0	25.735294	73.529412	110.294118	29.411765	7.352941	0	0	0	0	29.411765	3.676471	11.029412	11.029412	25.735294	7.352941	3.676471	0	0	0	0	0	3.676471	7.352941	0	3.676471	0	51.470588	18.382353	3.676471	0	3.676471	7.352941	0	0	0	11.029412	0	3.676471	11.029412	0	7.352941	0	40.441176	3.676471	3.676471	22.058824	0	11.029412	29.411765	77.205882	7.352941	33.088235	0	0	0	11.029412	7.352941	3.676471	14.705882	0	3.676471	0	0	0	0	14.705882	0	0	0	0	0	0	7.352941	0	88.235294	11.029412	58.823529	0	58.823529	0	11.029412	0	0	0	3.676471	0	7.352941	7.352941	3.676471	0	44.117647	18.382353	3.676471	0	33.088235	3.676471	0	11.029412	11.029412	0	0	0	0	3.676471	0	0	0	0	0	25.735294	0	3.676471	0	0	0	0	0	0	0	0	0	0	0	0	0	0	0	0	0	0	0	0	7.352941	0	0	0	0	0	0	7.352941	0	0	3.676471	3.676471	0	0	0	0	0	0	3.676471	0	0	0	0	0	0	0	0	0	0	0	0	0	0	0	0	0	0	0	0	0	0	0	14.705882	0	0	0	139.705882	44.117647	294.117647	84.558824	154.411765	40.441176	158.088235	88.235294	44.117647	33.088235	3.676471	0	0	3.676471	14.705882	0	11.029412	7.352941	62.5	0
40127.txt	maiores_notas	73.643411	15.503876	62.015504	19.379845	7.751938	3.875969	23.255814	0	0	0	0	0	23.255814	0	0	0	7.751938	0	11.627907	0	23.255814	0	11.627907	3.875969	3.875969	0	0	0	0	15.503876	286.821705	116.27907	135.658915	11.627907	7.751938	3.875969	3.875969	50.387597	23.255814	34.883721	23.255814	0	38.75969	19.379845	77.51938	11.627907	69.767442	31.007752	7.751938	3.875969	0	0	27.131783	124.031008	3.875969	62.015504	112.403101	62.015504	11.627907	15.503876	11.627907	0	7.751938	0	15.503876	0	0	7.751938	23.255814	7.751938	0	0	3.875969	0	0	0	7.751938	0	0	7.751938	0	38.75969	15.503876	0	0	3.875969	0	3.875969	0	0	0	0	0	0	0	0	0	0	11.627907	0	11.627907	0	11.627907	19.379845	65.891473	0	0	0	7.751938	0	11.627907	19.379845	3.875969	0	0	0	7.751938	0	0	0	0	0	0	0	0	0	0	11.627907	19.379845	112.403101	11.627907	81.395349	0	38.75969	0	3.875969	0	0	0	3.875969	0	0	7.751938	0	0	42.635659	0	0	0	19.379845	0	0	11.627907	11.627907	0	3.875969	0	0	23.255814	0	0	0	0	0	11.627907	3.875969	0	11.627907	0	0	0	0	0	0	0	0	0	0	0	0	0	0	0	0	0	0	0	7.751938	0	0	0	0	0	0	7.751938	0	0	7.751938	11.627907	3.875969	0	0	0	0	0	3.875969	0	0	0	0	0	0	0	0	0	0	0	0	0	0	0	0	0	0	0	0	0	0	0	3.875969	0	0	0	151.162791	46.511628	294.573643	166.666667	85.271318	46.511628	193.79845	54.263566	11.627907	19.379845	3.875969	0	0	0	15.503876	0	7.751938	7.751938	42.635659	3.875969
40130.txt	maiores_notas	102.661597	3.802281	72.243346	15.209125	7.604563	3.802281	3.802281	0	0	0	0	7.604563	15.209125	0	0	0	3.802281	0	11.406844	0	22.813688	0	11.406844	0	0	7.604563	0	0	7.604563	57.034221	269.961977	125.475285	83.65019	22.813688	7.604563	7.604563	3.802281	57.034221	19.011407	57.034221	79.847909	15.209125	45.627376	7.604563	34.220532	15.209125	34.220532	26.61597	11.406844	7.604563	0	3.802281	15.209125	53.231939	3.802281	22.813688	53.231939	91.254753	38.022814	30.418251	19.011407	3.802281	0	0	30.418251	0	0	3.802281	22.813688	7.604563	7.604563	0	11.406844	0	3.802281	0	0	0	3.802281	0	0	49.429658	19.011407	0	0	7.604563	0	0	0	0	3.802281	0	0	0	11.406844	0	0	19.011407	15.209125	3.802281	15.209125	0	22.813688	15.209125	76.045627	0	19.011407	0	3.802281	0	7.604563	11.406844	7.604563	7.604563	0	3.802281	11.406844	0	0	0	7.604563	0	0	0	0	0	0	3.802281	7.604563	79.847909	7.604563	83.65019	7.604563	45.627376	3.802281	3.802281	11.406844	0	0	0	0	7.604563	11.406844	0	3.802281	30.418251	11.406844	0	0	22.813688	0	0	15.209125	19.011407	7.604563	0	3.802281	0	15.209125	0	0	0	0	0	15.209125	7.604563	0	7.604563	0	0	0	0	0	0	0	0	0	0	0	0	0	0	0	0	0	0	0	0	0	0	0	0	0	11.406844	7.604563	0	3.802281	7.604563	7.604563	0	0	0	0	3.802281	0	11.406844	0	0	0	0	0	0	0	0	0	0	0	0	0	0	0	0	0	0	0	0	0	0	0	7.604563	0	0	0	178.707224	41.825095	326.996198	83.65019	129.277567	45.627376	171.102662	87.452471	34.220532	22.813688	15.209125	0	0	0	15.209125	0	3.802281	11.406844	53.231939	19.011407
40134.txt	maiores_notas	54.298643	4.524887	63.348416	13.574661	9.049774	18.099548	9.049774	0	0	0	0	0	0	0	0	0	0	0	4.524887	0	18.099548	0	0	0	18.099548	0	0	0	0	9.049774	361.99095	162.895928	135.746606	36.199095	13.574661	9.049774	0	58.823529	13.574661	54.298643	45.248869	0	45.248869	0	27.149321	31.674208	54.298643	18.099548	0	4.524887	0	4.524887	4.524887	63.348416	0	40.723982	72.39819	72.39819	40.723982	22.624434	0	4.524887	0	4.524887	9.049774	4.524887	0	4.524887	45.248869	4.524887	0	0	0	0	0	0	0	4.524887	4.524887	0	0	36.199095	13.574661	0	0	0	0	0	0	0	9.049774	0	0	0	9.049774	0	0	18.099548	0	4.524887	13.574661	4.524887	22.624434	13.574661	58.823529	0	9.049774	0	18.099548	0	9.049774	0	0	0	0	4.524887	0	0	0	0	0	0	0	0	0	0	0	0	22.624434	122.171946	36.199095	72.39819	0	40.723982	0	0	9.049774	0	13.574661	0	13.574661	0	13.574661	0	0	31.674208	9.049774	0	0	18.099548	0	0	9.049774	18.099548	0	0	9.049774	0	0	0	0	0	0	0	18.099548	0	0	4.524887	0	0	0	0	0	0	0	0	0	0	0	0	0	0	0	0	0	0	0	4.524887	0	4.524887	0	0	0	0	0	0	0	0	0	0	0	0	0	0	0	4.524887	0	0	0	0	0	0	0	0	0	0	0	0	0	0	0	0	0	0	0	0	0	0	0	4.524887	0	0	0	122.171946	22.624434	371.040724	99.547511	81.447964	27.149321	212.669683	90.497738	13.574661	18.099548	4.524887	0	0	0	9.049774	0	4.524887	0	49.773756	13.574661
40140.txt	maiores_notas	105.555556	0	83.333333	8.333333	11.111111	8.333333	8.333333	5.555556	0	0	0	0	13.888889	0	0	0	5.555556	0	2.777778	0	19.444444	0	5.555556	2.777778	8.333333	0	0	0	0	41.666667	222.222222	100	75	55.555556	13.888889	2.777778	5.555556	27.777778	22.222222	27.777778	22.222222	0	36.111111	5.555556	47.222222	16.666667	16.666667	11.111111	0	11.111111	0	8.333333	8.333333	55.555556	0	2.777778	44.444444	47.222222	44.444444	25	0	8.333333	0	0	13.888889	0	0	19.444444	19.444444	2.777778	0	5.555556	2.777778	0	0	0	11.111111	2.777778	2.777778	2.777778	0	55.555556	11.111111	0	0	2.777778	11.111111	0	0	0	8.333333	0	0	0	2.777778	0	0	11.111111	13.888889	11.111111	27.777778	0	11.111111	25	69.444444	11.111111	11.111111	0	0	0	13.888889	2.777778	5.555556	2.777778	0	5.555556	0	0	0	0	2.777778	0	0	0	0	0	0	2.777778	5.555556	100	27.777778	83.333333	0	22.222222	0	2.777778	8.333333	0	0	2.777778	0	2.777778	11.111111	19.444444	0	22.222222	0	5.555556	0	19.444444	19.444444	0	52.777778	11.111111	0	0	0	0	16.666667	0	0	0	0	0	11.111111	5.555556	0	5.555556	0	2.777778	5.555556	0	0	5.555556	0	0	2.777778	0	0	0	13.888889	2.777778	0	0	0	0	2.777778	38.888889	0	2.777778	0	0	0	0	0	0	0	2.777778	11.111111	0	0	0	0	0	0	8.333333	0	0	0	0	0	0	0	0	0	0	0	0	0	0	0	0	0	0	0	0	0	0	0	0	0	0	0	105.555556	41.666667	294.444444	80.555556	116.666667	33.333333	208.333333	75	11.111111	19.444444	8.333333	0	0	19.444444	30.555556	16.666667	16.666667	0	63.888889	0
40173.txt	maiores_notas	90.686275	22.058824	26.960784	9.803922	39.215686	7.352941	12.254902	2.45098	0	2.45098	0	14.705882	36.764706	7.352941	14.705882	4.901961	19.607843	2.45098	2.45098	9.803922	19.607843	4.901961	4.901961	0	9.803922	14.705882	4.901961	7.352941	2.45098	14.705882	200.980392	73.529412	117.647059	53.921569	0	2.45098	4.901961	34.313725	0	22.058824	17.156863	4.901961	51.470588	0	2.45098	14.705882	12.254902	14.705882	2.45098	0	0	0	0	14.705882	0	4.901961	14.705882	166.666667	34.313725	24.509804	41.666667	9.803922	12.254902	4.901961	12.254902	2.45098	12.254902	7.352941	68.627451	7.352941	0	9.803922	4.901961	4.901961	2.45098	0	2.45098	2.45098	0	4.901961	0	68.627451	36.764706	7.352941	0	2.45098	4.901961	0	2.45098	2.45098	7.352941	0	0	0	4.901961	4.901961	0	2.45098	0	2.45098	51.470588	4.901961	17.156863	17.156863	115.196078	0	2.45098	0	12.254902	4.901961	0	9.803922	0	17.156863	0	4.901961	4.901961	0	0	0	17.156863	0	0	0	0	0	0	7.352941	4.901961	100.490196	14.705882	34.313725	2.45098	39.215686	2.45098	0	9.803922	0	0	2.45098	0	0	2.45098	7.352941	2.45098	14.705882	26.960784	2.45098	0	19.607843	7.352941	4.901961	53.921569	17.156863	4.901961	0	24.509804	0	2.45098	0	0	0	0	0	7.352941	4.901961	4.901961	4.901961	0	2.45098	4.901961	0	0	0	0	0	0	0	0	0	4.901961	2.45098	0	0	2.45098	2.45098	2.45098	4.901961	0	0	0	0	0	0	36.764706	0	0	29.411765	12.254902	0	0	0	0	0	0	2.45098	0	0	2.45098	0	4.901961	0	0	0	0	0	0	0	0	2.45098	0	0	0	0	0	0	0	0	0	0	0	0	0	139.705882	100.490196	218.137255	29.411765	200.980392	49.019608	149.509804	61.27451	2.45098	19.607843	4.901961	4.901961	2.45098	7.352941	53.921569	7.352941	7.352941	2.45098	90.686275	4.901961
40286.txt	maiores_notas	167.330677	3.984064	71.713147	0	15.936255	7.968127	3.984064	0	0	0	0	0	15.936255	0	3.984064	3.984064	7.968127	0	0	0	27.888446	0	0	0	7.968127	0	0	0	0	35.856574	183.266932	131.474104	91.633466	19.920319	7.968127	0	19.920319	59.760956	3.984064	59.760956	35.856574	3.984064	55.776892	19.920319	55.776892	7.968127	43.824701	23.904382	3.984064	7.968127	0	3.984064	15.936255	79.681275	3.984064	27.888446	63.74502	79.681275	27.888446	15.936255	15.936255	0	0	0	15.936255	11.952191	0	3.984064	31.87251	11.952191	3.984064	0	11.952191	3.984064	0	0	0	0	3.984064	0	0	47.808765	23.904382	7.968127	0	0	0	0	0	0	3.984064	0	0	0	7.968127	0	0	0	0	11.952191	15.936255	0	7.968127	7.968127	79.681275	0	0	0	7.968127	0	0	7.968127	7.968127	7.968127	0	3.984064	7.968127	0	0	0	7.968127	0	0	0	0	0	0	7.968127	3.984064	75.697211	7.968127	71.713147	0	35.856574	0	0	0	0	0	0	0	0	3.984064	15.936255	7.968127	39.840637	0	0	0	15.936255	11.952191	0	15.936255	7.968127	7.968127	0	3.984064	0	7.968127	0	0	0	0	0	11.952191	3.984064	0	7.968127	0	3.984064	0	0	0	3.984064	0	0	3.984064	0	0	0	7.968127	3.984064	0	0	0	0	0	3.984064	0	0	0	0	0	3.984064	15.936255	0	0	7.968127	7.968127	0	0	0	0	0	3.984064	7.968127	0	0	3.984064	0	0	0	0	0	0	3.984064	0	0	0	0	0	0	0	0	0	0	0	0	0	3.984064	0	0	0	171.314741	43.824701	290.836653	103.585657	115.537849	47.808765	155.378486	71.713147	0	15.936255	11.952191	3.984064	0	11.952191	23.904382	11.952191	3.984064	7.968127	15.936255	3.984064
40289.txt	maiores_notas	128.342246	13.368984	26.737968	5.347594	8.02139	24.064171	16.042781	0	0	0	0	10.695187	5.347594	0	0	0	5.347594	0	0	0	8.02139	0	2.673797	0	24.064171	10.695187	0	0	10.695187	2.673797	256.684492	69.518717	122.994652	26.737968	8.02139	0	10.695187	21.390374	2.673797	24.064171	13.368984	5.347594	82.887701	2.673797	32.085561	21.390374	21.390374	21.390374	2.673797	8.02139	0	5.347594	13.368984	40.106952	2.673797	13.368984	32.085561	139.037433	45.454545	18.716578	5.347594	5.347594	2.673797	10.695187	16.042781	8.02139	21.390374	2.673797	66.84492	21.390374	2.673797	10.695187	2.673797	0	8.02139	0	0	2.673797	0	2.673797	0	8.02139	48.128342	26.737968	0	0	0	24.064171	0	0	0	13.368984	0	0	13.368984	10.695187	2.673797	13.368984	0	8.02139	40.106952	0	24.064171	29.411765	106.951872	0	13.368984	0	10.695187	0	5.347594	10.695187	0	13.368984	0	5.347594	10.695187	0	0	0	10.695187	2.673797	0	0	0	0	0	8.02139	16.042781	98.930481	8.02139	29.411765	0	40.106952	0	8.02139	2.673797	0	0	8.02139	2.673797	10.695187	2.673797	8.02139	2.673797	18.716578	29.411765	0	0	8.02139	8.02139	0	40.106952	21.390374	10.695187	0	13.368984	0	2.673797	0	0	0	0	0	8.02139	0	0	8.02139	0	2.673797	2.673797	0	0	0	0	0	0	0	0	0	5.347594	0	0	0	2.673797	2.673797	5.347594	2.673797	0	0	0	0	0	0	16.042781	0	0	5.347594	0	0	0	0	0	0	0	5.347594	0	0	2.673797	0	0	0	0	0	2.673797	0	0	0	0	0	0	0	0	0	0	0	0	0	0	0	0	0	0	168.449198	26.737968	259.358289	74.86631	184.491979	53.475936	136.363636	74.86631	13.368984	8.02139	5.347594	2.673797	0	8.02139	40.106952	5.347594	5.347594	10.695187	93.582888	13.368984
40297.txt	maiores_notas	91.397849	5.376344	91.397849	0	5.376344	10.752688	10.752688	0	0	0	0	5.376344	21.505376	0	10.752688	5.376344	5.376344	0	26.88172	0	10.752688	0	0	0	5.376344	5.376344	0	0	5.376344	64.516129	215.053763	112.903226	96.774194	32.258065	0	0	5.376344	32.258065	0	21.505376	69.892473	5.376344	53.763441	16.129032	107.526882	5.376344	16.129032	32.258065	21.505376	5.376344	0	5.376344	32.258065	80.645161	5.376344	16.129032	64.516129	96.774194	37.634409	10.752688	10.752688	5.376344	10.752688	0	5.376344	0	0	5.376344	48.387097	5.376344	0	5.376344	10.752688	0	0	0	5.376344	0	0	5.376344	0	75.268817	0	0	0	0	0	0	0	0	0	0	0	0	10.752688	0	0	48.387097	0	0	10.752688	0	21.505376	37.634409	75.268817	26.88172	21.505376	0	5.376344	0	5.376344	5.376344	5.376344	0	0	0	5.376344	0	0	0	0	0	0	0	0	0	0	5.376344	10.752688	102.150538	10.752688	91.397849	0	21.505376	0	21.505376	0	0	10.752688	0	0	0	10.752688	5.376344	0	21.505376	5.376344	0	0	10.752688	5.376344	5.376344	10.752688	10.752688	0	0	0	0	0	0	0	0	0	0	10.752688	0	0	16.129032	0	5.376344	0	0	0	0	0	0	0	0	0	0	5.376344	0	0	0	0	0	0	5.376344	0	0	0	0	0	0	5.376344	0	0	10.752688	10.752688	0	0	0	0	0	0	0	0	0	10.752688	0	0	0	0	0	0	0	0	0	0	0	0	0	0	0	0	0	0	0	0	0	0	0	0	96.774194	64.516129	279.569892	123.655914	134.408602	21.505376	204.301075	69.892473	48.387097	10.752688	10.752688	0	0	5.376344	10.752688	5.376344	5.376344	5.376344	69.892473	0
40429.txt	maiores_notas	91.346154	9.615385	43.269231	9.615385	14.423077	4.807692	4.807692	0	0	0	0	9.615385	24.038462	9.615385	0	9.615385	24.038462	0	4.807692	14.423077	19.230769	0	9.615385	0	14.423077	9.615385	0	0	9.615385	0	250	129.807692	76.923077	28.846154	19.230769	9.615385	14.423077	48.076923	4.807692	38.461538	9.615385	0	72.115385	0	43.269231	24.038462	28.846154	19.230769	9.615385	0	0	0	4.807692	57.692308	0	24.038462	38.461538	125	48.076923	38.461538	0	14.423077	4.807692	0	4.807692	0	9.615385	4.807692	43.269231	4.807692	0	9.615385	0	0	4.807692	4.807692	4.807692	0	0	0	0	72.115385	14.423077	0	0	14.423077	0	4.807692	0	0	0	4.807692	9.615385	0	9.615385	0	0	14.423077	0	0	28.846154	0	9.615385	24.038462	105.769231	4.807692	9.615385	0	4.807692	0	9.615385	4.807692	0	19.230769	0	0	0	0	0	0	19.230769	0	0	0	0	0	0	4.807692	0	115.384615	0	48.076923	4.807692	33.653846	9.615385	4.807692	0	4.807692	0	4.807692	0	0	9.615385	14.423077	0	14.423077	33.653846	4.807692	0	19.230769	14.423077	0	24.038462	4.807692	0	0	0	0	24.038462	0	0	0	0	0	19.230769	0	0	9.615385	0	0	9.615385	0	0	0	0	0	0	0	0	0	9.615385	4.807692	0	0	4.807692	0	0	4.807692	0	0	0	0	0	0	14.423077	0	0	24.038462	0	0	0	0	0	0	0	4.807692	0	0	0	0	0	0	0	0	0	0	0	0	0	0	0	0	0	0	0	0	0	0	0	0	0	0	0	100.961538	86.538462	250	86.538462	173.076923	33.653846	163.461538	72.115385	14.423077	19.230769	4.807692	0	0	14.423077	28.846154	14.423077	4.807692	0	62.5	0
40449.txt	maiores_notas	102.040816	11.661808	52.478134	17.492711	17.492711	5.830904	5.830904	5.830904	0	0	0	0	20.408163	0	5.830904	0	17.492711	0	0	11.661808	20.408163	0	5.830904	8.746356	11.661808	5.830904	0	0	5.830904	5.830904	177.842566	87.463557	78.717201	14.577259	11.661808	5.830904	5.830904	40.816327	2.915452	40.816327	11.661808	0	61.22449	8.746356	52.478134	17.492711	26.239067	49.562682	0	8.746356	0	2.915452	23.323615	52.478134	0	14.577259	34.985423	93.294461	43.731778	26.239067	2.915452	17.492711	20.408163	0	17.492711	2.915452	5.830904	5.830904	34.985423	11.661808	0	17.492711	0	0	0	0	0	2.915452	2.915452	0	0	81.632653	5.830904	0	0	2.915452	0	0	0	0	2.915452	0	0	5.830904	2.915452	5.830904	0	14.577259	5.830904	11.661808	40.816327	0	2.915452	23.323615	90.379009	0	14.577259	0	11.661808	0	14.577259	14.577259	2.915452	5.830904	2.915452	5.830904	8.746356	2.915452	0	0	5.830904	0	2.915452	0	0	0	0	5.830904	0	90.379009	11.661808	61.22449	0	29.154519	5.830904	5.830904	0	2.915452	0	2.915452	0	0	2.915452	0	2.915452	26.239067	14.577259	14.577259	0	23.323615	0	0	40.816327	0	5.830904	0	0	0	11.661808	0	0	0	0	0	5.830904	0	0	8.746356	0	0	0	0	0	0	0	0	0	0	0	0	0	0	0	0	0	0	0	8.746356	0	2.915452	0	0	0	5.830904	23.323615	0	0	14.577259	11.661808	0	0	0	0	2.915452	0	2.915452	2.915452	0	0	0	0	0	0	0	0	0	0	0	0	0	0	0	0	0	0	0	0	0	0	0	0	0	0	113.702624	61.22449	253.644315	96.209913	139.941691	55.393586	163.265306	67.055394	20.408163	23.323615	8.746356	0	0	0	40.816327	0	5.830904	17.492711	67.055394	0
40548.txt	maiores_notas	43.103448	12.931034	25.862069	21.551724	56.034483	17.241379	0	0	0	0	0	38.793103	25.862069	0	12.931034	0	8.62069	0	8.62069	8.62069	21.551724	0	12.931034	4.310345	21.551724	38.793103	30.172414	0	8.62069	34.482759	163.793103	73.275862	73.275862	38.793103	4.310345	4.310345	4.310345	17.241379	0	12.931034	12.931034	0	51.724138	0	43.103448	21.551724	17.241379	30.172414	4.310345	0	4.310345	0	4.310345	47.413793	0	8.62069	17.241379	120.689655	56.034483	47.413793	12.931034	21.551724	0	0	25.862069	4.310345	12.931034	17.241379	34.482759	8.62069	0	43.103448	0	0	4.310345	0	8.62069	8.62069	0	8.62069	0	38.793103	4.310345	81.896552	0	0	0	4.310345	4.310345	0	0	8.62069	0	0	8.62069	0	0	8.62069	0	0	38.793103	0	8.62069	8.62069	125	0	8.62069	0	12.931034	0	8.62069	12.931034	0	21.551724	0	4.310345	8.62069	0	0	0	21.551724	0	0	0	0	4.310345	4.310345	12.931034	0	99.137931	17.241379	30.172414	8.62069	47.413793	0	8.62069	0	4.310345	0	4.310345	0	0	12.931034	21.551724	0	21.551724	30.172414	0	0	21.551724	17.241379	0	25.862069	8.62069	0	0	34.482759	0	4.310345	0	0	0	0	0	12.931034	4.310345	4.310345	0	0	0	17.241379	0	0	0	0	0	0	0	0	0	17.241379	0	0	0	4.310345	0	17.241379	8.62069	0	0	0	0	0	8.62069	21.551724	0	0	12.931034	12.931034	0	0	0	0	0	0	0	0	0	0	0	0	4.310345	0	0	0	0	0	0	0	0	0	0	0	0	0	0	0	0	0	4.310345	8.62069	0	0	56.034483	103.448276	198.275862	73.275862	185.344828	47.413793	137.931034	99.137931	8.62069	21.551724	0	4.310345	0	21.551724	38.793103	17.241379	17.241379	17.241379	56.034483	51.724138
40580.txt	maiores_notas	80	15.384615	80	12.307692	12.307692	9.230769	6.153846	0	0	0	0	0	9.230769	0	0	0	9.230769	0	3.076923	9.230769	24.615385	0	9.230769	6.153846	15.384615	0	0	0	0	21.538462	261.538462	163.076923	89.230769	15.384615	6.153846	6.153846	9.230769	33.846154	3.076923	24.615385	15.384615	3.076923	46.153846	3.076923	36.923077	18.461538	36.923077	21.538462	15.384615	6.153846	0	0	18.461538	52.307692	6.153846	27.692308	55.384615	76.923077	55.384615	30.769231	3.076923	3.076923	0	9.230769	6.153846	3.076923	6.153846	6.153846	49.230769	6.153846	3.076923	0	0	3.076923	0	0	3.076923	3.076923	0	3.076923	0	55.384615	3.076923	0	0	6.153846	6.153846	3.076923	0	0	9.230769	3.076923	0	18.461538	0	6.153846	0	12.307692	3.076923	9.230769	30.769231	0	6.153846	27.692308	64.615385	0	12.307692	0	15.384615	0	6.153846	9.230769	0	6.153846	0	6.153846	3.076923	0	0	0	6.153846	0	0	0	0	6.153846	0	6.153846	3.076923	95.384615	15.384615	86.153846	0	33.846154	6.153846	3.076923	9.230769	3.076923	0	6.153846	0	0	6.153846	3.076923	3.076923	33.846154	3.076923	0	0	24.615385	3.076923	0	24.615385	6.153846	6.153846	0	3.076923	0	3.076923	0	0	0	0	0	15.384615	3.076923	0	9.230769	0	0	3.076923	0	0	0	0	0	0	0	0	0	3.076923	0	0	0	0	0	0	6.153846	0	6.153846	0	0	0	6.153846	9.230769	0	6.153846	9.230769	0	0	0	0	0	0	0	6.153846	0	0	0	0	0	0	0	0	0	0	0	0	0	0	0	0	0	0	0	0	0	0	0	9.230769	0	0	0	95.384615	46.153846	283.076923	92.307692	135.384615	46.153846	196.923077	73.846154	15.384615	27.692308	6.153846	0	0	3.076923	40	3.076923	6.153846	9.230769	64.615385	9.230769
40615.txt	maiores_notas	75.301205	3.012048	114.457831	18.072289	6.024096	6.024096	6.024096	0	0	0	0	0	12.048193	3.012048	6.024096	3.012048	3.012048	0	3.012048	9.036145	3.012048	0	12.048193	0	12.048193	6.024096	0	0	6.024096	21.084337	298.192771	162.650602	60.240964	36.144578	18.072289	3.012048	12.048193	36.144578	9.036145	48.192771	12.048193	12.048193	54.216867	6.024096	81.325301	12.048193	27.108434	33.13253	3.012048	9.036145	0	15.060241	33.13253	63.253012	6.024096	3.012048	72.289157	81.325301	36.144578	18.072289	3.012048	3.012048	0	0	21.084337	0	0	3.012048	21.084337	12.048193	0	0	3.012048	0	0	3.012048	6.024096	0	0	3.012048	0	45.180723	6.024096	0	0	0	0	0	0	0	0	0	0	0	12.048193	0	0	21.084337	6.024096	0	18.072289	0	18.072289	39.156627	51.204819	6.024096	15.060241	0	3.012048	3.012048	9.036145	6.024096	6.024096	0	0	6.024096	6.024096	3.012048	0	0	0	0	0	0	0	0	3.012048	6.024096	3.012048	75.301205	15.060241	129.518072	9.036145	42.168675	0	3.012048	9.036145	0	0	0	0	0	9.036145	6.024096	0	42.168675	0	3.012048	6.024096	3.012048	6.024096	0	18.072289	12.048193	6.024096	0	0	0	6.024096	0	0	0	0	0	3.012048	0	0	15.060241	0	3.012048	3.012048	0	0	0	0	0	0	0	0	0	6.024096	0	0	0	0	0	0	3.012048	0	0	0	3.012048	0	6.024096	6.024096	0	0	0	12.048193	0	0	0	0	0	0	0	0	0	0	0	0	0	0	0	0	0	0	0	0	0	0	0	0	0	0	0	0	0	0	0	0	0	0	78.313253	24.096386	325.301205	111.445783	117.46988	36.144578	219.879518	72.289157	27.108434	3.012048	0	0	0	6.024096	18.072289	6.024096	6.024096	9.036145	75.301205	9.036145
40621.txt	maiores_notas	63.360882	16.528926	44.077135	2.754821	11.019284	13.774105	11.019284	0	0	0	0	19.283747	22.038567	2.754821	5.509642	2.754821	13.774105	0	16.528926	13.774105	16.528926	11.019284	33.057851	5.509642	22.038567	24.793388	0	5.509642	13.774105	52.341598	165.289256	60.606061	104.683196	27.548209	0	13.774105	5.509642	8.264463	0	19.283747	22.038567	0	55.096419	2.754821	30.30303	22.038567	0	24.793388	8.264463	0	0	0	11.019284	19.283747	0	0	8.264463	157.024793	52.341598	30.30303	33.057851	16.528926	16.528926	13.774105	24.793388	8.264463	11.019284	11.019284	41.322314	0	2.754821	16.528926	11.019284	0	2.754821	0	8.264463	2.754821	0	8.264463	0	52.341598	74.380165	30.30303	2.754821	2.754821	0	0	8.264463	0	5.509642	0	0	2.754821	2.754821	0	0	2.754821	2.754821	11.019284	30.30303	2.754821	8.264463	16.528926	159.779614	0	2.754821	0	19.283747	13.774105	13.774105	13.774105	5.509642	19.283747	0	11.019284	8.264463	0	0	2.754821	16.528926	2.754821	0	0	0	0	2.754821	5.509642	19.283747	71.625344	0	52.341598	0	24.793388	0	11.019284	2.754821	0	0	8.264463	0	0	8.264463	8.264463	0	13.774105	22.038567	0	0	16.528926	8.264463	0	30.30303	8.264463	5.509642	0	38.567493	0	11.019284	0	0	8.264463	11.019284	0	8.264463	2.754821	2.754821	5.509642	0	0	5.509642	0	0	0	0	0	0	0	0	0	5.509642	2.754821	0	0	0	2.754821	2.754821	11.019284	0	0	0	0	0	2.754821	2.754821	0	0	8.264463	13.774105	0	0	0	0	2.754821	0	2.754821	2.754821	0	0	2.754821	2.754821	5.509642	0	0	0	0	0	0	2.754821	0	0	0	0	0	0	0	0	0	0	5.509642	0	0	0	123.966942	96.418733	217.630854	52.341598	223.140496	96.418733	123.966942	63.360882	5.509642	22.038567	11.019284	11.019284	0	8.264463	30.30303	8.264463	11.019284	8.264463	55.096419	52.341598
40663.txt	maiores_notas	111.731844	0	83.798883	16.759777	5.586592	11.173184	8.379888	5.586592	0	0	0	2.793296	5.586592	0	2.793296	0	2.793296	0	2.793296	2.793296	8.379888	0	5.586592	0	11.173184	2.793296	0	0	2.793296	2.793296	268.156425	142.458101	106.145251	16.759777	8.379888	5.586592	13.96648	41.899441	0	47.486034	39.106145	5.586592	61.452514	0	55.865922	8.379888	27.932961	19.553073	5.586592	0	0	8.379888	16.759777	64.24581	0	16.759777	47.486034	81.005587	53.072626	36.312849	2.793296	11.173184	2.793296	0	8.379888	2.793296	5.586592	2.793296	47.486034	2.793296	0	5.586592	0	0	2.793296	0	2.793296	0	0	2.793296	0	55.865922	11.173184	0	0	0	0	2.793296	0	0	2.793296	0	0	0	22.346369	2.793296	0	47.486034	5.586592	2.793296	25.139665	0	16.759777	39.106145	69.832402	0	47.486034	0	22.346369	2.793296	16.759777	5.586592	2.793296	0	0	11.173184	2.793296	0	0	0	0	0	0	0	0	5.586592	0	2.793296	8.379888	94.972067	27.932961	83.798883	11.173184	36.312849	0	5.586592	5.586592	0	0	0	0	0	0	8.379888	2.793296	33.519553	2.793296	0	0	8.379888	8.379888	0	2.793296	8.379888	0	0	0	0	5.586592	0	0	0	0	0	2.793296	2.793296	2.793296	8.379888	0	0	5.586592	0	0	0	0	0	0	0	0	0	8.379888	0	0	0	0	0	0	5.586592	0	0	0	0	0	13.96648	8.379888	0	0	5.586592	0	0	0	0	0	5.586592	0	5.586592	0	0	0	0	0	0	0	0	0	0	0	0	0	0	0	0	0	0	0	0	0	0	0	2.793296	8.379888	0	0	111.731844	22.346369	273.743017	89.385475	134.078212	53.072626	209.497207	58.659218	53.072626	16.759777	11.173184	0	0	8.379888	22.346369	8.379888	2.793296	8.379888	81.005587	11.173184
40676.txt	maiores_notas	118.721461	22.83105	31.96347	0	0	4.56621	4.56621	0	0	0	0	9.13242	18.26484	0	13.69863	0	9.13242	0	9.13242	0	4.56621	4.56621	9.13242	0	0	9.13242	9.13242	0	0	86.757991	196.347032	82.191781	36.52968	27.39726	18.26484	4.56621	4.56621	41.09589	0	45.6621	54.794521	0	86.757991	9.13242	50.228311	0	4.56621	22.83105	0	4.56621	0	0	22.83105	31.96347	9.13242	4.56621	13.69863	164.383562	27.39726	9.13242	50.228311	18.26484	9.13242	18.26484	22.83105	0	4.56621	22.83105	59.360731	9.13242	0	9.13242	22.83105	13.69863	18.26484	0	4.56621	9.13242	9.13242	4.56621	0	54.794521	68.493151	4.56621	0	9.13242	4.56621	0	0	4.56621	0	0	0	0	9.13242	0	0	4.56621	0	9.13242	45.6621	4.56621	18.26484	4.56621	136.986301	0	4.56621	0	18.26484	4.56621	9.13242	9.13242	0	13.69863	0	0	4.56621	0	0	0	9.13242	4.56621	0	0	0	0	0	9.13242	9.13242	77.625571	31.96347	31.96347	0	27.39726	4.56621	0	0	0	0	4.56621	0	0	0	13.69863	0	18.26484	13.69863	0	0	4.56621	0	13.69863	41.09589	18.26484	0	9.13242	36.52968	0	0	0	0	0	0	0	0	4.56621	0	0	0	0	0	0	0	0	0	0	0	0	0	0	0	0	0	0	4.56621	0	4.56621	13.69863	0	0	0	0	0	4.56621	13.69863	0	0	4.56621	13.69863	0	0	0	0	0	0	0	0	0	0	0	0	0	0	0	0	0	0	0	0	0	0	0	0	0	0	0	0	0	0	4.56621	0	0	0	173.515982	45.6621	292.237443	54.794521	210.045662	54.794521	141.552511	50.228311	4.56621	4.56621	0	0	0	0	45.6621	0	22.83105	4.56621	68.493151	41.09589
40697.txt	maiores_notas	98.404255	2.659574	151.595745	23.93617	2.659574	13.297872	7.978723	0	0	0	0	0	5.319149	0	2.659574	0	2.659574	0	5.319149	0	5.319149	0	5.319149	0	13.297872	0	0	0	0	15.957447	332.446809	242.021277	69.148936	15.957447	2.659574	2.659574	2.659574	74.468085	2.659574	63.829787	18.617021	13.297872	47.87234	0	39.893617	7.978723	34.574468	39.893617	0	0	0	2.659574	7.978723	63.829787	2.659574	26.595745	39.893617	55.851064	18.617021	13.297872	0	7.978723	5.319149	0	23.93617	5.319149	0	7.978723	13.297872	0	2.659574	2.659574	0	0	0	2.659574	0	0	5.319149	0	2.659574	53.191489	2.659574	0	0	0	0	0	0	0	2.659574	0	0	0	0	0	0	7.978723	2.659574	5.319149	15.957447	0	7.978723	15.957447	55.851064	2.659574	5.319149	0	0	5.319149	7.978723	7.978723	10.638298	5.319149	0	7.978723	0	2.659574	0	0	5.319149	0	0	0	0	0	0	5.319149	31.914894	63.829787	10.638298	151.595745	0	50.531915	2.659574	0	0	0	2.659574	0	0	0	10.638298	2.659574	2.659574	39.893617	5.319149	0	0	5.319149	2.659574	0	15.957447	7.978723	0	0	0	0	2.659574	0	0	0	0	0	5.319149	0	0	7.978723	0	0	2.659574	0	0	0	0	0	0	0	0	0	2.659574	0	0	0	0	0	0	13.297872	5.319149	0	0	0	0	0	5.319149	0	0	0	5.319149	0	0	0	0	7.978723	0	10.638298	2.659574	0	0	0	0	0	0	0	0	0	0	0	0	0	0	0	0	0	0	0	0	0	0	5.319149	0	0	0	101.06383	10.638298	343.085106	82.446809	82.446809	42.553191	226.06383	66.489362	10.638298	5.319149	18.617021	0	0	2.659574	18.617021	2.659574	7.978723	7.978723	34.574468	5.319149
40710.txt	maiores_notas	116.465863	12.048193	92.369478	16.064257	0	8.032129	4.016064	0	0	0	0	0	0	0	0	0	0	0	4.016064	0	12.048193	0	4.016064	4.016064	8.032129	0	0	0	0	20.080321	301.204819	144.578313	96.385542	40.160643	8.032129	4.016064	12.048193	84.337349	20.080321	64.257028	20.080321	4.016064	60.240964	20.080321	52.208835	12.048193	32.128514	40.160643	0	4.016064	0	4.016064	16.064257	68.273092	0	8.032129	52.208835	96.385542	56.2249	16.064257	8.032129	8.032129	4.016064	0	12.048193	8.032129	0	12.048193	32.128514	20.080321	0	0	8.032129	0	0	0	4.016064	0	8.032129	0	0	56.2249	8.032129	0	4.016064	8.032129	0	4.016064	0	0	0	0	0	0	0	0	0	28.11245	0	8.032129	32.128514	4.016064	0	40.160643	80.321285	8.032129	20.080321	0	12.048193	0	4.016064	0	4.016064	4.016064	0	4.016064	0	0	0	0	4.016064	0	0	0	0	4.016064	0	4.016064	12.048193	84.337349	0	92.369478	0	12.048193	0	4.016064	8.032129	4.016064	0	0	0	0	8.032129	0	8.032129	8.032129	4.016064	0	0	12.048193	0	4.016064	32.128514	0	8.032129	0	0	0	0	0	0	0	0	0	0	0	0	4.016064	0	0	0	0	0	0	0	0	0	0	0	0	0	0	0	0	0	0	0	12.048193	0	8.032129	0	0	0	8.032129	16.064257	0	0	0	0	0	0	0	0	0	0	8.032129	0	0	0	0	0	0	0	0	0	0	0	0	0	0	0	0	0	0	0	0	0	0	0	0	0	0	0	128.514056	16.064257	321.285141	96.385542	152.610442	44.176707	176.706827	44.176707	32.128514	12.048193	8.032129	0	0	0	36.144578	0	12.048193	0	72.289157	0
40713.txt	maiores_notas	65.217391	9.31677	105.590062	6.21118	9.31677	6.21118	3.10559	6.21118	0	0	0	3.10559	9.31677	0	0	0	6.21118	0	12.42236	0	12.42236	0	15.52795	0	6.21118	12.42236	0	0	12.42236	34.161491	273.291925	164.596273	65.217391	40.372671	18.63354	21.73913	6.21118	52.795031	3.10559	43.478261	46.583851	18.63354	37.267081	9.31677	37.267081	12.42236	40.372671	31.055901	3.10559	6.21118	0	3.10559	15.52795	62.111801	0	27.950311	55.900621	96.273292	31.055901	27.950311	3.10559	3.10559	0	0	12.42236	0	9.31677	9.31677	27.950311	18.63354	0	0	6.21118	0	0	0	3.10559	0	9.31677	3.10559	0	34.161491	9.31677	9.31677	0	3.10559	0	0	0	0	9.31677	0	0	0	3.10559	0	0	37.267081	3.10559	6.21118	18.63354	3.10559	15.52795	37.267081	52.795031	0	37.267081	0	9.31677	0	12.42236	6.21118	3.10559	3.10559	0	3.10559	6.21118	0	0	0	3.10559	0	0	0	0	0	0	6.21118	15.52795	102.484472	40.372671	111.801242	3.10559	46.583851	0	0	6.21118	0	6.21118	0	0	6.21118	3.10559	0	6.21118	24.84472	12.42236	3.10559	0	12.42236	0	0	18.63354	12.42236	3.10559	3.10559	0	3.10559	9.31677	0	0	0	0	0	12.42236	0	0	15.52795	0	0	0	0	0	0	0	0	0	0	0	0	0	0	0	0	0	0	0	6.21118	0	6.21118	0	0	0	3.10559	24.84472	0	0	3.10559	3.10559	0	0	0	0	0	0	15.52795	0	0	0	0	0	0	0	0	0	0	0	0	0	0	0	0	0	0	0	0	0	0	0	9.31677	3.10559	0	0	83.850932	46.583851	307.453416	93.167702	130.434783	43.478261	229.813665	77.639752	37.267081	12.42236	15.52795	0	0	0	18.63354	0	12.42236	0	71.428571	12.42236
40772.txt	maiores_notas	58.394161	7.29927	87.591241	3.649635	7.29927	18.248175	0	0	0	0	0	3.649635	14.59854	3.649635	0	3.649635	10.948905	0	0	10.948905	10.948905	3.649635	10.948905	0	21.89781	3.649635	0	0	3.649635	7.29927	215.328467	120.437956	76.642336	25.547445	7.29927	18.248175	7.29927	80.291971	7.29927	65.693431	14.59854	0	72.992701	14.59854	47.445255	18.248175	36.49635	47.445255	7.29927	10.948905	0	0	21.89781	72.992701	10.948905	3.649635	54.744526	69.343066	43.79562	40.145985	10.948905	7.29927	7.29927	3.649635	7.29927	3.649635	0	0	14.59854	7.29927	0	0	3.649635	0	0	0	0	0	0	7.29927	0	65.693431	21.89781	0	0	0	0	0	0	0	3.649635	0	0	14.59854	0	0	0	0	14.59854	3.649635	10.948905	0	0	25.547445	87.591241	0	0	3.649635	18.248175	0	14.59854	14.59854	3.649635	3.649635	7.29927	18.248175	14.59854	0	0	0	3.649635	0	7.29927	0	3.649635	0	3.649635	7.29927	0	65.693431	25.547445	87.591241	0	40.145985	0	7.29927	0	3.649635	0	0	0	0	0	14.59854	7.29927	32.846715	7.29927	0	10.948905	10.948905	14.59854	3.649635	10.948905	0	7.29927	0	0	0	29.19708	0	0	0	0	0	3.649635	3.649635	0	7.29927	0	3.649635	3.649635	0	0	7.29927	7.29927	0	0	0	0	0	14.59854	0	0	0	0	0	0	0	0	3.649635	0	0	0	0	14.59854	0	0	14.59854	18.248175	0	0	0	0	0	0	7.29927	0	0	0	0	0	0	0	0	0	0	0	0	0	0	0	0	0	0	0	0	0	0	0	3.649635	0	0	0	153.284672	51.094891	277.372263	113.138686	127.737226	76.642336	178.832117	83.941606	0	10.948905	7.29927	0	0	14.59854	18.248175	14.59854	7.29927	25.547445	36.49635	3.649635
40943.txt	maiores_notas	60.693642	20.231214	31.791908	8.67052	20.231214	17.34104	8.67052	0	2.890173	0	0	26.011561	26.011561	14.450867	5.780347	11.560694	17.34104	0	8.67052	8.67052	26.011561	8.67052	20.231214	2.890173	26.011561	28.901734	8.67052	8.67052	11.560694	26.011561	167.630058	60.693642	66.473988	37.572254	0	5.780347	5.780347	8.67052	8.67052	2.890173	14.450867	0	52.023121	0	20.231214	31.791908	8.67052	14.450867	2.890173	5.780347	0	0	14.450867	14.450867	2.890173	2.890173	26.011561	161.849711	60.693642	31.791908	23.121387	14.450867	14.450867	31.791908	20.231214	0	17.34104	8.67052	57.803468	11.560694	0	20.231214	8.67052	0	0	0	8.67052	0	0	5.780347	0	121.387283	17.34104	11.560694	0	5.780347	26.011561	0	0	0	0	0	2.890173	0	5.780347	5.780347	0	26.011561	5.780347	0	43.352601	0	17.34104	20.231214	156.069364	14.450867	11.560694	0	2.890173	2.890173	2.890173	8.67052	8.67052	17.34104	0	5.780347	5.780347	0	0	0	17.34104	0	0	0	0	0	2.890173	5.780347	11.560694	78.034682	5.780347	31.791908	0	40.462428	2.890173	5.780347	2.890173	2.890173	0	5.780347	0	0	5.780347	8.67052	0	8.67052	37.572254	0	0	23.121387	8.67052	14.450867	43.352601	14.450867	0	2.890173	26.011561	2.890173	5.780347	2.890173	0	2.890173	8.67052	2.890173	14.450867	8.67052	0	0	0	0	5.780347	0	0	0	0	0	0	2.890173	0	0	8.67052	0	0	0	0	0	0	23.121387	0	0	0	0	0	0	23.121387	0	0	20.231214	2.890173	0	11.560694	0	0	0	0	2.890173	2.890173	0	0	0	0	8.67052	0	0	0	0	0	0	0	0	0	0	0	0	0	0	2.890173	0	0	2.890173	0	0	0	112.716763	130.057803	196.531792	63.583815	231.213873	54.913295	115.606936	75.144509	31.791908	23.121387	5.780347	8.67052	2.890173	8.67052	54.913295	8.67052	8.67052	11.560694	80.924855	43.352601
40975.txt	maiores_notas	80.291971	18.248175	76.642336	10.948905	10.948905	14.59854	0	0	0	0	0	0	21.89781	0	7.29927	0	10.948905	0	0	10.948905	21.89781	0	0	7.29927	25.547445	0	0	0	0	10.948905	281.021898	175.182482	83.941606	29.19708	3.649635	0	3.649635	47.445255	0	47.445255	25.547445	10.948905	58.394161	0	58.394161	10.948905	29.19708	25.547445	7.29927	0	0	3.649635	29.19708	58.394161	3.649635	21.89781	76.642336	83.941606	36.49635	29.19708	3.649635	3.649635	3.649635	7.29927	18.248175	3.649635	0	10.948905	25.547445	7.29927	0	3.649635	0	0	0	0	3.649635	3.649635	10.948905	3.649635	0	58.394161	10.948905	0	0	0	0	3.649635	0	0	7.29927	3.649635	3.649635	0	0	0	0	21.89781	3.649635	7.29927	18.248175	3.649635	7.29927	25.547445	72.992701	0	21.89781	0	0	0	10.948905	7.29927	7.29927	0	0	3.649635	3.649635	0	7.29927	0	0	0	0	7.29927	0	3.649635	0	7.29927	10.948905	98.540146	21.89781	80.291971	3.649635	43.79562	3.649635	0	0	3.649635	0	3.649635	0	0	0	3.649635	0	32.846715	7.29927	0	0	21.89781	3.649635	0	18.248175	7.29927	3.649635	0	3.649635	3.649635	14.59854	0	0	0	0	0	10.948905	0	7.29927	14.59854	0	0	0	0	0	10.948905	0	0	0	0	0	0	0	3.649635	0	0	0	0	0	14.59854	0	0	0	0	0	0	18.248175	0	0	14.59854	7.29927	0	0	0	0	0	0	0	0	0	0	0	0	0	0	0	0	0	0	0	0	0	0	0	0	0	0	0	0	0	0	7.29927	3.649635	0	0	98.540146	54.744526	291.970803	98.540146	135.036496	32.846715	200.729927	58.394161	21.89781	21.89781	0	0	0	3.649635	25.547445	3.649635	18.248175	14.59854	51.094891	14.59854
41022.txt	maiores_notas	79.754601	9.202454	64.417178	6.134969	3.067485	0	18.404908	0	0	0	0	0	12.269939	6.134969	3.067485	3.067485	6.134969	0	9.202454	12.269939	18.404908	0	21.472393	0	12.269939	0	0	0	0	18.404908	263.803681	119.631902	76.687117	36.809816	6.134969	6.134969	0	46.01227	6.134969	33.742331	36.809816	3.067485	39.877301	9.202454	67.484663	24.539877	27.607362	27.607362	3.067485	0	0	0	18.404908	58.282209	0	0	33.742331	70.552147	39.877301	30.674847	3.067485	0	0	0	6.134969	12.269939	0	15.337423	27.607362	6.134969	3.067485	0	3.067485	0	0	3.067485	3.067485	3.067485	6.134969	3.067485	3.067485	36.809816	18.404908	9.202454	0	3.067485	0	6.134969	0	0	12.269939	0	0	0	0	0	0	15.337423	0	15.337423	30.674847	0	0	18.404908	73.619632	3.067485	6.134969	0	9.202454	0	12.269939	9.202454	0	9.202454	0	9.202454	3.067485	3.067485	0	0	9.202454	0	0	0	0	0	3.067485	6.134969	18.404908	95.092025	33.742331	64.417178	0	33.742331	0	0	3.067485	0	0	0	6.134969	0	3.067485	15.337423	0	27.607362	6.134969	0	0	18.404908	9.202454	0	30.674847	0	0	0	0	3.067485	0	0	0	0	0	0	18.404908	0	0	9.202454	0	3.067485	0	0	0	6.134969	0	0	0	0	0	0	3.067485	6.134969	0	3.067485	0	0	0	9.202454	3.067485	3.067485	3.067485	0	0	3.067485	9.202454	0	0	9.202454	3.067485	0	0	0	0	0	0	0	0	0	6.134969	0	0	0	0	0	0	0	0	0	0	0	0	0	0	0	0	0	0	0	0	6.134969	0	0	0	153.374233	49.079755	285.276074	104.294479	122.699387	58.282209	193.251534	61.349693	15.337423	18.404908	6.134969	0	0	12.269939	30.674847	12.269939	15.337423	9.202454	49.079755	6.134969
41023.txt	maiores_notas	68.452381	14.880952	77.380952	11.904762	5.952381	5.952381	0	0	0	0	0	0	17.857143	2.97619	5.952381	2.97619	8.928571	2.97619	11.904762	5.952381	8.928571	5.952381	14.880952	0	8.928571	5.952381	0	0	5.952381	29.761905	261.904762	119.047619	65.47619	29.761905	11.904762	11.904762	5.952381	35.714286	5.952381	26.785714	53.571429	14.880952	59.52381	0	8.928571	23.809524	44.642857	32.738095	5.952381	0	0	11.904762	5.952381	86.309524	0	11.904762	53.571429	95.238095	20.833333	17.857143	2.97619	2.97619	2.97619	2.97619	17.857143	2.97619	0	5.952381	53.571429	2.97619	0	0	0	0	0	0	2.97619	0	0	2.97619	0	80.357143	23.809524	0	0	0	0	0	0	0	0	0	0	0	0	0	0	0	11.904762	8.928571	8.928571	0	2.97619	20.833333	104.166667	0	0	0	11.904762	0	11.904762	11.904762	0	11.904762	0	2.97619	8.928571	5.952381	0	0	11.904762	0	0	0	0	2.97619	0	8.928571	32.738095	95.238095	8.928571	83.333333	0	56.547619	0	0	2.97619	0	0	0	0	0	2.97619	5.952381	8.928571	41.666667	11.904762	2.97619	0	8.928571	2.97619	2.97619	8.928571	2.97619	0	0	11.904762	0	14.880952	0	0	0	2.97619	0	8.928571	0	0	20.833333	0	0	2.97619	0	0	0	0	0	0	0	0	0	2.97619	0	0	0	0	2.97619	0	2.97619	0	0	0	0	0	0	2.97619	0	0	17.857143	5.952381	0	0	0	0	2.97619	8.928571	8.928571	0	0	2.97619	0	0	0	0	0	0	0	0	0	0	0	0	0	0	0	0	0	0	0	0	0	0	0	0	175.595238	62.5	288.690476	116.071429	116.071429	92.261905	184.52381	80.357143	11.904762	8.928571	20.833333	0	0	2.97619	8.928571	2.97619	5.952381	17.857143	26.785714	11.904762
41088.txt	maiores_notas	72.727273	3.636364	76.363636	3.636364	29.090909	10.909091	3.636364	0	0	0	0	0	10.909091	14.545455	7.272727	3.636364	7.272727	0	0	3.636364	14.545455	0	3.636364	0	10.909091	0	0	0	0	29.090909	272.727273	145.454545	94.545455	40	7.272727	0	18.181818	21.818182	0	29.090909	50.909091	0	36.363636	0	50.909091	10.909091	14.545455	36.363636	3.636364	10.909091	0	0	3.636364	58.181818	0	3.636364	29.090909	101.818182	32.727273	21.818182	3.636364	14.545455	0	0	3.636364	3.636364	3.636364	7.272727	25.454545	7.272727	0	0	0	0	0	0	3.636364	3.636364	0	3.636364	0	43.636364	18.181818	0	0	0	0	0	0	0	7.272727	3.636364	0	0	0	3.636364	0	10.909091	0	0	36.363636	0	0	25.454545	61.818182	0	10.909091	0	10.909091	7.272727	10.909091	3.636364	7.272727	3.636364	0	0	0	3.636364	0	0	3.636364	0	0	0	0	0	0	3.636364	10.909091	138.181818	7.272727	80	0	40	7.272727	3.636364	0	7.272727	0	0	0	0	7.272727	3.636364	0	40	7.272727	0	0	14.545455	3.636364	0	36.363636	0	3.636364	0	3.636364	0	0	0	0	7.272727	0	0	7.272727	7.272727	0	14.545455	0	0	0	0	0	0	0	0	0	3.636364	0	0	3.636364	0	0	0	0	0	0	14.545455	0	0	0	0	0	10.909091	21.818182	0	0	10.909091	3.636364	0	0	0	0	0	0	0	0	0	0	0	0	0	0	0	0	0	0	0	0	0	0	0	0	0	0	0	0	0	0	7.272727	0	0	0	76.363636	83.636364	301.818182	76.363636	134.545455	40	218.181818	69.090909	10.909091	14.545455	0	0	0	3.636364	36.363636	3.636364	7.272727	0	50.909091	0
45015.txt	maiores_notas	83.333333	15.873016	43.650794	3.968254	7.936508	7.936508	3.968254	0	0	0	0	31.746032	35.714286	23.809524	23.809524	23.809524	15.873016	0	0	19.84127	11.904762	7.936508	11.904762	0	19.84127	35.714286	11.904762	0	23.809524	15.873016	182.539683	75.396825	83.333333	31.746032	0	0	7.936508	15.873016	0	15.873016	3.968254	0	63.492063	3.968254	35.714286	15.873016	0	23.809524	0	0	7.936508	0	0	31.746032	0	0	11.904762	166.666667	35.714286	23.809524	19.84127	27.777778	15.873016	7.936508	7.936508	3.968254	7.936508	19.84127	51.587302	15.873016	7.936508	11.904762	7.936508	3.968254	11.904762	3.968254	15.873016	0	3.968254	15.873016	3.968254	75.396825	43.650794	19.84127	0	0	0	7.936508	7.936508	0	7.936508	11.904762	0	0	15.873016	3.968254	0	7.936508	0	0	51.587302	0	11.904762	19.84127	146.825397	3.968254	3.968254	0	23.809524	3.968254	11.904762	7.936508	3.968254	15.873016	0	7.936508	7.936508	0	0	0	15.873016	0	0	0	0	3.968254	0	11.904762	3.968254	87.301587	0	43.650794	3.968254	27.777778	0	3.968254	7.936508	0	0	7.936508	0	0	0	19.84127	7.936508	3.968254	23.809524	0	0	11.904762	19.84127	7.936508	39.68254	11.904762	3.968254	3.968254	7.936508	0	0	0	0	7.936508	3.968254	0	3.968254	7.936508	0	0	0	3.968254	7.936508	3.968254	3.968254	0	0	0	0	0	0	0	15.873016	3.968254	0	0	3.968254	3.968254	3.968254	15.873016	0	0	0	0	0	0	23.809524	0	0	23.809524	11.904762	0	0	0	0	0	0	7.936508	0	0	0	0	0	7.936508	0	0	7.936508	0	0	0	0	0	0	0	0	0	0	0	0	0	0	0	3.968254	0	0	99.206349	138.888889	198.412698	47.619048	242.063492	83.333333	130.952381	75.396825	7.936508	11.904762	7.936508	15.873016	0	19.84127	51.587302	15.873016	23.809524	11.904762	83.333333	11.904762
45059.txt	maiores_notas	75.757576	3.787879	94.69697	7.575758	0	15.151515	11.363636	3.787879	0	0	0	0	3.787879	0	3.787879	0	0	0	11.363636	0	11.363636	3.787879	22.727273	0	15.151515	7.575758	0	0	7.575758	15.151515	295.454545	162.878788	87.121212	18.939394	7.575758	26.515152	3.787879	71.969697	26.515152	64.393939	37.878788	7.575758	56.818182	22.727273	53.030303	26.515152	41.666667	49.242424	7.575758	11.363636	0	0	30.30303	68.181818	0	34.090909	49.242424	83.333333	15.151515	11.363636	0	0	0	3.787879	37.878788	0	0	18.939394	26.515152	34.090909	7.575758	0	0	0	0	0	11.363636	3.787879	3.787879	11.363636	0	60.606061	15.151515	0	0	0	0	0	0	0	0	3.787879	0	0	0	0	0	15.151515	3.787879	0	22.727273	0	3.787879	18.939394	75.757576	0	15.151515	0	3.787879	0	3.787879	7.575758	3.787879	0	0	3.787879	3.787879	0	0	0	0	0	0	0	0	3.787879	0	0	7.575758	106.060606	34.090909	94.69697	0	26.515152	0	3.787879	0	0	0	0	0	0	11.363636	3.787879	7.575758	15.151515	7.575758	3.787879	0	11.363636	3.787879	3.787879	22.727273	3.787879	3.787879	0	3.787879	0	3.787879	0	0	0	0	0	11.363636	0	0	7.575758	0	0	0	0	0	0	0	0	0	0	0	0	0	3.787879	0	0	0	0	0	18.939394	0	0	0	0	0	3.787879	3.787879	0	0	0	3.787879	0	0	0	0	0	0	7.575758	0	0	0	0	0	0	0	0	0	0	0	0	0	0	0	0	0	0	0	0	0	0	0	0	0	0	0	79.545455	41.666667	310.606061	121.212121	121.212121	26.515152	223.484848	53.030303	18.939394	11.363636	7.575758	0	0	3.787879	22.727273	0	18.939394	7.575758	45.454545	3.787879
45081.txt	maiores_notas	77.844311	5.988024	29.94012	5.988024	53.892216	11.976048	5.988024	2.994012	0	0	0	20.958084	5.988024	14.97006	5.988024	14.97006	0	0	11.976048	26.946108	17.964072	0	8.982036	0	23.952096	26.946108	8.982036	0	17.964072	59.88024	173.652695	83.832335	131.736527	56.886228	0	2.994012	8.982036	20.958084	0	23.952096	5.988024	2.994012	29.94012	5.988024	14.97006	14.97006	11.976048	8.982036	5.988024	2.994012	2.994012	0	5.988024	20.958084	0	5.988024	26.946108	155.688623	23.952096	20.958084	8.982036	14.97006	0	5.988024	11.976048	2.994012	5.988024	11.976048	68.862275	2.994012	5.988024	2.994012	2.994012	0	11.976048	0	5.988024	2.994012	2.994012	5.988024	0	11.976048	59.88024	32.934132	5.988024	0	0	14.97006	0	0	2.994012	5.988024	0	5.988024	0	5.988024	0	0	0	0	44.91018	8.982036	2.994012	5.988024	122.754491	0	0	0	11.976048	0	2.994012	5.988024	0	5.988024	0	2.994012	5.988024	0	0	0	5.988024	0	0	0	0	0	2.994012	0	14.97006	101.796407	2.994012	50.898204	0	50.898204	2.994012	8.982036	0	0	0	0	0	5.988024	0	26.946108	8.982036	32.934132	29.94012	0	0	17.964072	26.946108	0	53.892216	2.994012	0	0	17.964072	0	0	0	0	2.994012	0	0	17.964072	0	0	0	0	8.982036	8.982036	0	0	0	0	0	5.988024	0	0	0	20.958084	5.988024	0	0	2.994012	5.988024	2.994012	14.97006	0	0	0	0	0	8.982036	23.952096	0	0	0	2.994012	0	0	0	0	2.994012	0	8.982036	0	0	0	2.994012	0	0	0	0	0	0	0	0	0	0	0	0	0	0	0	0	0	0	0	0	0	0	0	113.772455	98.802395	233.532934	41.916168	191.616766	41.916168	155.688623	77.844311	0	17.964072	11.976048	0	0	26.946108	53.892216	26.946108	11.976048	5.988024	62.874251	20.958084
45141.txt	maiores_notas	93.333333	10	90	6.666667	3.333333	6.666667	16.666667	0	0	0	0	0	6.666667	3.333333	3.333333	0	3.333333	0	3.333333	0	10	0	3.333333	3.333333	6.666667	3.333333	0	0	3.333333	30	270	133.333333	106.666667	33.333333	10	3.333333	3.333333	60	3.333333	66.666667	43.333333	0	40	0	63.333333	10	60	43.333333	16.666667	3.333333	0	6.666667	30	93.333333	6.666667	30	76.666667	56.666667	43.333333	30	3.333333	0	6.666667	0	3.333333	3.333333	10	3.333333	30	0	0	0	3.333333	0	0	0	3.333333	0	0	3.333333	0	40	13.333333	0	0	0	0	0	0	0	3.333333	0	0	0	13.333333	3.333333	0	33.333333	0	3.333333	10	0	16.666667	26.666667	53.333333	3.333333	20	0	6.666667	0	6.666667	6.666667	3.333333	13.333333	0	13.333333	6.666667	3.333333	0	0	13.333333	0	0	0	0	0	6.666667	10	6.666667	96.666667	3.333333	90	0	43.333333	0	3.333333	3.333333	0	3.333333	0	0	0	10	0	0	33.333333	10	0	0	10	0	0	0	13.333333	6.666667	0	0	0	0	0	0	0	0	0	3.333333	0	6.666667	10	0	0	0	0	0	0	0	0	0	0	0	0	0	0	0	0	0	0	0	3.333333	0	0	0	0	0	3.333333	3.333333	0	0	0	6.666667	0	0	0	0	0	0	10	0	0	0	0	0	0	0	0	0	0	0	0	0	0	0	0	0	0	0	0	0	0	0	0	0	0	0	103.333333	30	300	133.333333	106.666667	56.666667	193.333333	63.333333	33.333333	10	10	0	0	0	10	0	3.333333	13.333333	53.333333	0
45169.txt	maiores_notas	82.089552	26.119403	82.089552	7.462687	0	11.19403	0	3.731343	0	0	0	0	7.462687	0	0	0	0	0	7.462687	0	18.656716	0	11.19403	0	11.19403	0	0	0	0	14.925373	257.462687	175.373134	52.238806	14.925373	14.925373	3.731343	18.656716	44.776119	0	74.626866	26.119403	18.656716	37.313433	14.925373	70.895522	14.925373	115.671642	29.850746	29.850746	11.19403	0	14.925373	26.119403	145.522388	3.731343	67.164179	152.985075	55.970149	48.507463	41.044776	3.731343	3.731343	3.731343	0	11.19403	0	7.462687	7.462687	37.313433	7.462687	0	0	3.731343	0	0	3.731343	3.731343	3.731343	0	0	0	59.701493	0	0	0	7.462687	0	0	0	0	0	0	3.731343	0	0	0	0	7.462687	7.462687	3.731343	33.58209	0	7.462687	7.462687	67.164179	0	7.462687	0	0	0	14.925373	14.925373	0	3.731343	0	0	11.19403	0	0	0	3.731343	0	0	0	0	3.731343	0	11.19403	3.731343	82.089552	14.925373	93.283582	0	44.776119	0	3.731343	0	3.731343	0	0	0	0	0	0	7.462687	33.58209	7.462687	0	0	18.656716	0	0	33.58209	3.731343	0	0	0	0	7.462687	0	0	0	0	0	18.656716	0	0	0	0	0	0	0	0	0	0	0	0	0	0	0	0	0	0	0	0	0	0	7.462687	0	3.731343	0	0	0	3.731343	11.19403	0	0	0	7.462687	0	0	0	0	0	0	11.19403	0	0	0	0	0	0	0	0	0	0	0	0	0	0	0	0	0	0	0	0	0	0	0	0	0	0	0	190.298507	11.19403	268.656716	186.567164	115.671642	33.58209	186.567164	59.701493	14.925373	18.656716	11.19403	0	0	0	33.58209	0	7.462687	14.925373	48.507463	0
45186.txt	maiores_notas	68.441065	7.604563	95.057034	11.406844	26.61597	11.406844	0	0	0	0	0	0	19.011407	3.802281	0	3.802281	19.011407	0	11.406844	3.802281	15.209125	0	11.406844	0	15.209125	0	0	0	0	11.406844	273.764259	144.486692	95.057034	26.61597	3.802281	15.209125	0	53.231939	0	57.034221	41.825095	7.604563	38.022814	7.604563	45.627376	11.406844	45.627376	30.418251	11.406844	3.802281	0	3.802281	22.813688	68.441065	3.802281	38.022814	0	76.045627	22.813688	19.011407	7.604563	3.802281	11.406844	0	11.406844	0	0	3.802281	49.429658	3.802281	0	0	7.604563	0	0	0	3.802281	0	0	3.802281	0	45.627376	3.802281	3.802281	0	0	0	0	0	0	3.802281	0	0	0	0	0	0	15.209125	7.604563	7.604563	15.209125	0	26.61597	7.604563	53.231939	0	15.209125	0	3.802281	0	7.604563	11.406844	3.802281	3.802281	0	0	11.406844	0	0	0	3.802281	0	0	0	0	0	0	3.802281	0	76.045627	68.441065	95.057034	0	53.231939	3.802281	3.802281	0	0	0	0	0	0	19.011407	7.604563	0	49.429658	11.406844	0	0	15.209125	7.604563	0	15.209125	26.61597	0	0	0	0	7.604563	0	0	0	0	0	11.406844	3.802281	0	0	0	7.604563	0	0	0	0	0	0	0	0	0	0	7.604563	0	0	0	0	0	0	3.802281	0	0	0	0	0	3.802281	11.406844	0	0	7.604563	11.406844	0	0	0	0	0	0	3.802281	0	0	0	0	0	0	0	0	0	0	0	0	0	0	0	0	0	0	0	0	0	0	0	0	0	0	0	76.045627	57.034221	285.171103	102.661597	106.463878	30.418251	216.730038	79.847909	22.813688	15.209125	3.802281	0	0	7.604563	15.209125	7.604563	3.802281	11.406844	41.825095	0
45279.txt	maiores_notas	143.730887	9.174312	64.220183	3.058104	0	15.29052	15.29052	0	0	0	0	3.058104	15.29052	3.058104	12.232416	0	3.058104	0	6.116208	6.116208	39.755352	0	3.058104	6.116208	21.406728	9.174312	0	0	9.174312	9.174312	308.868502	131.498471	122.324159	21.406728	0	3.058104	18.348624	58.103976	21.406728	48.929664	24.464832	6.116208	76.452599	0	48.929664	15.29052	21.406728	24.464832	3.058104	6.116208	0	3.058104	12.232416	55.045872	3.058104	9.174312	21.406728	94.801223	30.58104	24.464832	9.174312	3.058104	0	0	6.116208	6.116208	0	6.116208	27.522936	6.116208	0	0	9.174312	0	3.058104	0	3.058104	3.058104	0	3.058104	0	103.975535	6.116208	0	0	0	0	0	0	0	0	0	0	0	6.116208	0	0	18.348624	0	0	9.174312	0	3.058104	21.406728	110.091743	3.058104	15.29052	0	0	0	6.116208	6.116208	0	0	0	6.116208	3.058104	3.058104	0	0	0	0	0	0	0	0	3.058104	0	15.29052	58.103976	15.29052	70.336391	0	39.755352	3.058104	3.058104	9.174312	0	0	0	0	0	0	6.116208	3.058104	36.697248	6.116208	0	0	39.755352	6.116208	0	9.174312	3.058104	6.116208	0	12.232416	0	3.058104	0	0	0	0	0	18.348624	3.058104	15.29052	12.232416	0	6.116208	0	0	0	0	0	0	0	0	0	0	6.116208	0	0	0	6.116208	0	3.058104	15.29052	0	0	0	0	0	0	0	0	0	12.232416	3.058104	0	0	0	0	0	0	6.116208	0	0	0	0	0	0	0	0	0	0	0	0	0	0	0	0	0	0	0	0	0	0	0	6.116208	0	0	0	217.125382	42.813456	318.042813	73.394495	131.498471	33.639144	143.730887	58.103976	18.348624	39.755352	6.116208	0	0	6.116208	9.174312	6.116208	6.116208	9.174312	33.639144	0
45355.txt	maiores_notas	85.9375	5.208333	106.770833	18.229167	5.208333	2.604167	0	0	0	0	0	5.208333	10.416667	0	5.208333	0	5.208333	0	7.8125	2.604167	15.625	0	7.8125	5.208333	7.8125	5.208333	0	0	5.208333	18.229167	213.541667	135.416667	111.979167	31.25	13.020833	0	5.208333	41.666667	13.020833	39.0625	23.4375	0	44.270833	0	52.083333	18.229167	57.291667	23.4375	5.208333	5.208333	0	5.208333	13.020833	96.354167	0	41.666667	96.354167	65.104167	57.291667	28.645833	7.8125	0	5.208333	0	10.416667	0	0	13.020833	39.0625	2.604167	0	2.604167	7.8125	0	0	0	5.208333	5.208333	5.208333	5.208333	0	65.104167	5.208333	0	0	2.604167	0	0	0	0	0	0	0	5.208333	7.8125	0	0	23.4375	5.208333	0	28.645833	2.604167	5.208333	33.854167	72.916667	0	23.4375	0	2.604167	0	2.604167	5.208333	2.604167	0	2.604167	0	2.604167	0	2.604167	0	0	0	0	2.604167	0	2.604167	2.604167	5.208333	23.4375	52.083333	65.104167	106.770833	0	44.270833	0	0	23.4375	0	0	0	0	0	2.604167	7.8125	7.8125	31.25	7.8125	0	0	13.020833	7.8125	0	28.645833	0	5.208333	0	2.604167	0	5.208333	0	0	0	0	0	10.416667	0	2.604167	5.208333	0	2.604167	0	0	0	0	7.8125	0	0	0	0	0	7.8125	0	0	0	0	0	2.604167	26.041667	0	7.8125	0	0	0	0	13.020833	0	0	2.604167	7.8125	0	0	0	0	0	0	15.625	0	0	0	0	0	0	0	0	0	0	0	0	0	0	0	0	0	0	0	0	0	0	0	10.416667	0	0	0	197.916667	41.666667	294.270833	127.604167	132.8125	31.25	203.125	85.9375	28.645833	13.020833	15.625	0	0	7.8125	36.458333	15.625	15.625	7.8125	67.708333	13.020833
45576.txt	maiores_notas	84.033613	14.005602	64.42577	8.403361	8.403361	14.005602	8.403361	2.80112	0	0	0	0	11.204482	2.80112	2.80112	2.80112	11.204482	0	0	0	25.210084	0	5.602241	0	11.204482	2.80112	0	0	2.80112	22.408964	277.310924	112.044818	84.033613	36.414566	16.806723	8.403361	19.607843	30.812325	0	30.812325	44.817927	16.806723	33.613445	0	61.62465	5.602241	53.221289	28.011204	2.80112	5.602241	0	11.204482	11.204482	100.840336	0	22.408964	67.226891	70.028011	36.414566	22.408964	2.80112	8.403361	2.80112	2.80112	5.602241	0	0	14.005602	25.210084	2.80112	0	5.602241	2.80112	0	2.80112	2.80112	5.602241	2.80112	2.80112	5.602241	2.80112	53.221289	5.602241	0	0	0	2.80112	0	0	0	5.602241	0	0	0	0	0	0	16.806723	0	2.80112	30.812325	0	8.403361	36.414566	58.823529	14.005602	11.204482	0	8.403361	0	5.602241	5.602241	11.204482	5.602241	0	2.80112	2.80112	0	2.80112	0	2.80112	2.80112	0	2.80112	0	0	0	5.602241	5.602241	92.436975	22.408964	64.42577	0	50.420168	5.602241	2.80112	0	0	0	0	2.80112	0	8.403361	2.80112	0	56.022409	0	0	0	25.210084	2.80112	0	25.210084	8.403361	0	0	0	0	2.80112	0	0	0	0	0	16.806723	8.403361	0	14.005602	0	0	0	0	0	2.80112	0	0	0	0	0	0	0	2.80112	0	0	0	0	0	14.005602	2.80112	0	0	0	0	0	8.403361	0	0	2.80112	8.403361	0	0	0	0	0	0	5.602241	0	0	0	0	0	0	0	0	0	0	0	0	0	0	0	0	0	0	0	0	0	0	0	0	0	0	0	98.039216	44.817927	299.719888	120.448179	117.647059	36.414566	179.271709	72.829132	25.210084	39.215686	5.602241	0	0	2.80112	25.210084	2.80112	16.806723	5.602241	75.630252	0
46003.txt	maiores_notas	64.417178	3.067485	58.282209	6.134969	6.134969	15.337423	0	0	0	0	0	0	18.404908	3.067485	0	0	12.269939	0	9.202454	6.134969	27.607362	0	6.134969	0	15.337423	3.067485	0	0	3.067485	21.472393	312.883436	79.754601	168.711656	15.337423	15.337423	15.337423	3.067485	58.282209	27.607362	55.214724	88.957055	15.337423	15.337423	6.134969	30.674847	6.134969	36.809816	12.269939	18.404908	3.067485	3.067485	3.067485	12.269939	64.417178	3.067485	18.404908	61.349693	88.957055	24.539877	15.337423	9.202454	9.202454	3.067485	0	9.202454	0	0	3.067485	61.349693	6.134969	0	0	3.067485	6.134969	0	0	0	0	3.067485	0	0	46.01227	3.067485	0	0	0	0	0	0	0	9.202454	0	0	21.472393	3.067485	0	0	0	6.134969	3.067485	30.674847	0	21.472393	21.472393	46.01227	0	0	0	3.067485	3.067485	0	9.202454	9.202454	6.134969	0	0	0	0	0	0	6.134969	0	0	0	0	0	3.067485	9.202454	6.134969	122.699387	15.337423	61.349693	3.067485	52.147239	9.202454	0	3.067485	0	0	0	0	0	3.067485	0	0	42.944785	18.404908	0	0	27.607362	0	0	30.674847	21.472393	6.134969	0	6.134969	0	18.404908	0	0	0	0	0	24.539877	0	0	6.134969	0	0	0	0	0	0	0	0	0	0	0	0	0	0	0	0	0	3.067485	0	6.134969	0	3.067485	0	0	0	6.134969	33.742331	0	0	12.269939	6.134969	0	0	0	0	0	0	0	0	0	0	0	0	0	0	0	0	0	0	0	0	0	0	0	0	0	0	0	0	0	0	3.067485	3.067485	0	0	67.484663	55.214724	334.355828	82.822086	122.699387	36.809816	199.386503	67.484663	6.134969	27.607362	0	0	0	0	46.01227	0	3.067485	0	73.619632	12.269939
46260.txt	maiores_notas	86.792453	7.54717	22.641509	7.54717	15.09434	18.867925	3.773585	0	0	0	0	0	18.867925	0	0	0	15.09434	0	0	18.867925	15.09434	0	11.320755	0	37.735849	7.54717	0	0	7.54717	0	290.566038	132.075472	86.792453	30.188679	18.867925	7.54717	11.320755	79.245283	3.773585	52.830189	7.54717	0	41.509434	0	49.056604	3.773585	30.188679	18.867925	3.773585	11.320755	0	7.54717	26.415094	52.830189	0	11.320755	45.283019	105.660377	30.188679	15.09434	3.773585	15.09434	3.773585	0	11.320755	3.773585	3.773585	18.867925	49.056604	7.54717	0	0	0	0	0	0	7.54717	7.54717	3.773585	3.773585	0	60.377358	11.320755	0	0	0	0	0	0	0	3.773585	0	3.773585	7.54717	7.54717	0	0	11.320755	0	7.54717	33.962264	3.773585	15.09434	15.09434	71.698113	0	11.320755	0	0	3.773585	3.773585	3.773585	3.773585	3.773585	0	22.641509	3.773585	3.773585	0	0	3.773585	0	0	0	0	0	15.09434	0	11.320755	132.075472	7.54717	22.641509	0	33.962264	0	7.54717	0	0	3.773585	7.54717	0	0	15.09434	7.54717	0	30.188679	7.54717	0	0	15.09434	7.54717	0	30.188679	15.09434	3.773585	0	0	0	15.09434	0	0	0	0	0	11.320755	3.773585	0	3.773585	0	0	7.54717	0	0	0	0	0	0	0	0	0	7.54717	0	0	0	0	0	0	18.867925	0	0	0	0	0	3.773585	15.09434	0	0	18.867925	0	0	0	0	0	0	0	0	0	0	0	0	0	0	0	0	0	0	0	0	0	0	0	0	0	0	0	0	0	0	0	0	3.773585	0	0	116.981132	41.509434	290.566038	83.018868	135.849057	56.603774	162.264151	67.924528	11.320755	15.09434	0	0	0	7.54717	33.962264	7.54717	18.867925	22.641509	64.150943	3.773585
46321.txt	maiores_notas	66.929134	7.874016	55.11811	3.937008	7.874016	47.244094	0	0	0	0	0	7.874016	15.748031	3.937008	3.937008	3.937008	0	0	3.937008	19.685039	31.496063	0	23.622047	3.937008	55.11811	11.811024	0	0	11.811024	23.622047	228.346457	125.984252	23.622047	43.307087	7.874016	3.937008	3.937008	31.496063	0	15.748031	19.685039	11.811024	47.244094	0	43.307087	7.874016	23.622047	23.622047	7.874016	7.874016	0	0	11.811024	55.11811	0	11.811024	27.559055	90.551181	62.992126	43.307087	11.811024	3.937008	7.874016	19.685039	7.874016	11.811024	3.937008	15.748031	39.370079	3.937008	0	3.937008	3.937008	0	3.937008	0	7.874016	3.937008	7.874016	0	0	59.055118	23.622047	19.685039	0	7.874016	0	0	0	0	7.874016	0	7.874016	0	0	0	0	7.874016	7.874016	7.874016	27.559055	0	7.874016	19.685039	110.23622	0	7.874016	0	19.685039	0	11.811024	7.874016	3.937008	7.874016	3.937008	0	0	0	3.937008	0	3.937008	3.937008	3.937008	3.937008	0	0	7.874016	7.874016	59.055118	102.362205	31.496063	55.11811	7.874016	23.622047	0	7.874016	3.937008	0	0	3.937008	3.937008	0	11.811024	3.937008	3.937008	23.622047	7.874016	3.937008	0	31.496063	3.937008	0	27.559055	7.874016	7.874016	0	3.937008	0	11.811024	0	0	0	0	0	19.685039	11.811024	3.937008	11.811024	0	0	3.937008	0	0	0	0	0	0	0	0	0	3.937008	0	0	0	7.874016	0	0	11.811024	0	0	0	0	0	0	0	0	0	3.937008	3.937008	0	0	0	0	0	0	3.937008	0	0	0	0	0	0	0	0	0	0	0	0	0	0	0	0	0	0	0	0	0	0	0	0	0	0	0	129.92126	90.551181	251.968504	74.80315	169.291339	59.055118	161.417323	66.929134	23.622047	31.496063	3.937008	0	0	3.937008	35.433071	3.937008	15.748031	11.811024	55.11811	11.811024
46479.txt	maiores_notas	108.695652	4.347826	52.173913	8.695652	4.347826	13.043478	0	0	0	0	4.347826	8.695652	21.73913	4.347826	13.043478	0	13.043478	0	4.347826	26.086957	21.73913	4.347826	13.043478	4.347826	21.73913	8.695652	0	0	8.695652	0	252.173913	39.130435	91.304348	82.608696	0	0	0	8.695652	0	0	26.086957	0	65.217391	0	26.086957	21.73913	0	17.391304	0	4.347826	0	0	4.347826	21.73913	0	0	30.434783	147.826087	47.826087	30.434783	30.434783	8.695652	4.347826	8.695652	13.043478	8.695652	21.73913	0	39.130435	17.391304	0	4.347826	13.043478	8.695652	4.347826	4.347826	0	0	0	0	4.347826	13.043478	82.608696	43.478261	4.347826	0	0	8.695652	0	0	0	8.695652	0	4.347826	0	4.347826	0	0	0	13.043478	34.782609	4.347826	8.695652	4.347826	147.826087	0	0	0	8.695652	0	8.695652	8.695652	0	26.086957	0	8.695652	8.695652	0	0	0	21.73913	4.347826	0	0	0	0	4.347826	4.347826	4.347826	73.913043	0	56.521739	0	34.782609	0	8.695652	0	0	4.347826	8.695652	0	0	0	13.043478	4.347826	17.391304	26.086957	0	0	17.391304	13.043478	4.347826	30.434783	8.695652	0	0	17.391304	0	0	0	0	0	0	4.347826	17.391304	0	0	0	0	4.347826	0	0	0	0	0	0	0	0	0	0	8.695652	4.347826	0	0	0	4.347826	0	0	0	0	0	0	0	0	21.73913	0	0	13.043478	8.695652	0	0	0	0	0	0	8.695652	0	0	0	0	0	0	0	0	0	0	0	0	0	0	0	0	0	0	0	0	0	0	0	0	0	0	0	165.217391	117.391304	252.173913	47.826087	204.347826	65.217391	130.434783	73.913043	0	21.73913	8.695652	0	0	13.043478	34.782609	13.043478	0	8.695652	47.826087	0
46597.txt	maiores_notas	107.023411	10.033445	60.200669	13.377926	3.344482	16.722408	6.688963	0	0	0	0	0	0	0	0	0	0	0	10.033445	0	3.344482	0	10.033445	0	10.033445	0	0	0	0	6.688963	301.003344	173.913043	127.090301	20.06689	10.033445	3.344482	3.344482	53.511706	0	63.545151	6.688963	16.722408	40.133779	6.688963	107.023411	20.06689	76.923077	33.444816	10.033445	3.344482	0	6.688963	13.377926	93.645485	0	46.822742	83.61204	73.578595	36.789298	26.755853	0	3.344482	0	3.344482	16.722408	0	0	3.344482	63.545151	0	0	0	0	0	0	0	0	3.344482	0	0	0	53.511706	0	0	0	0	0	0	0	0	3.344482	0	0	0	0	0	0	6.688963	0	0	40.133779	0	10.033445	16.722408	50.167224	0	6.688963	0	0	0	16.722408	3.344482	3.344482	6.688963	0	3.344482	3.344482	0	0	0	6.688963	0	0	0	0	0	0	3.344482	0	120.401338	0	60.200669	0	50.167224	0	0	3.344482	0	0	0	3.344482	0	6.688963	3.344482	3.344482	36.789298	3.344482	0	0	3.344482	0	0	40.133779	10.033445	0	0	0	0	0	0	0	0	0	0	3.344482	0	0	6.688963	0	0	0	0	0	3.344482	0	0	0	0	0	0	0	3.344482	0	0	0	0	0	6.688963	0	3.344482	0	0	0	0	20.06689	0	0	0	0	0	0	0	0	0	0	10.033445	0	0	0	0	0	0	0	0	0	0	0	0	0	0	0	0	0	0	0	0	0	0	0	0	0	0	0	177.257525	16.722408	307.692308	127.090301	110.367893	33.444816	180.602007	70.234114	6.688963	3.344482	10.033445	0	0	3.344482	40.133779	6.688963	3.344482	3.344482	66.889632	0
46656.txt	maiores_notas	57.926829	18.292683	94.512195	15.243902	3.04878	21.341463	9.146341	0	0	0	0	0	0	3.04878	0	3.04878	6.097561	0	3.04878	0	30.487805	0	15.243902	3.04878	21.341463	0	0	0	0	21.341463	304.878049	97.560976	115.853659	12.195122	0	12.195122	9.146341	60.97561	6.097561	76.219512	51.829268	24.390244	24.390244	0	45.731707	12.195122	36.585366	30.487805	15.243902	0	0	3.04878	18.292683	54.878049	6.097561	21.341463	36.585366	85.365854	6.097561	15.243902	3.04878	0	0	3.04878	42.682927	0	6.097561	0	24.390244	18.292683	6.097561	0	0	0	0	0	0	0	0	0	0	30.487805	12.195122	0	0	6.097561	0	0	0	0	3.04878	0	0	0	0	0	0	15.243902	0	0	9.146341	0	24.390244	15.243902	48.780488	12.195122	3.04878	0	9.146341	0	6.097561	12.195122	6.097561	6.097561	0	12.195122	12.195122	3.04878	0	0	6.097561	0	0	0	0	3.04878	0	12.195122	18.292683	94.512195	15.243902	106.707317	0	51.829268	0	0	0	0	0	0	0	0	3.04878	0	3.04878	45.731707	6.097561	0	3.04878	30.487805	0	0	9.146341	24.390244	0	0	0	0	6.097561	0	0	0	0	0	24.390244	0	3.04878	15.243902	0	0	0	0	0	0	0	0	0	0	0	0	0	0	0	0	0	0	0	0	0	3.04878	0	0	0	3.04878	3.04878	3.04878	0	0	6.097561	0	0	0	0	0	0	6.097561	0	0	0	0	0	0	0	0	0	0	0	0	0	0	0	0	0	0	0	0	0	0	0	0	0	0	0	76.219512	60.97561	329.268293	85.365854	100.609756	54.878049	216.463415	60.97561	15.243902	30.487805	6.097561	0	0	0	9.146341	0	0	18.292683	48.780488	0
46711.txt	maiores_notas	62.992126	18.372703	47.244094	5.249344	23.622047	20.997375	5.249344	0	0	0	0	10.498688	20.997375	10.498688	10.498688	13.12336	7.874016	0	0	18.372703	28.871391	2.624672	2.624672	0	39.370079	20.997375	10.498688	0	10.498688	47.244094	217.847769	94.488189	99.737533	47.244094	0	5.249344	2.624672	2.624672	0	13.12336	10.498688	0	55.11811	0	23.622047	41.994751	5.249344	15.748031	5.249344	0	0	5.249344	13.12336	15.748031	0	0	10.498688	146.981627	39.370079	26.246719	18.372703	2.624672	18.372703	2.624672	7.874016	2.624672	5.249344	10.498688	34.120735	2.624672	0	2.624672	5.249344	5.249344	0	0	2.624672	0	2.624672	7.874016	0	65.616798	60.367454	15.748031	0	2.624672	0	0	2.624672	0	2.624672	0	2.624672	0	7.874016	0	0	13.12336	0	5.249344	13.12336	2.624672	10.498688	13.12336	144.356955	0	13.12336	0	10.498688	0	5.249344	7.874016	0	7.874016	0	0	7.874016	0	0	2.624672	7.874016	0	0	0	0	0	0	5.249344	7.874016	83.989501	28.871391	47.244094	0	41.994751	0	7.874016	0	2.624672	0	2.624672	0	0	0	7.874016	0	28.871391	13.12336	0	0	28.871391	5.249344	0	15.748031	7.874016	0	0	36.745407	0	5.249344	0	0	0	0	0	15.748031	10.498688	2.624672	2.624672	0	0	0	0	0	2.624672	0	0	0	0	0	0	0	2.624672	0	0	0	0	2.624672	5.249344	0	0	0	0	0	2.624672	10.498688	0	0	20.997375	0	0	0	0	0	0	0	0	0	0	0	0	0	0	0	0	0	0	0	0	0	0	0	0	0	0	0	0	0	0	0	0	0	0	0	128.608924	94.488189	265.091864	68.24147	186.351706	34.120735	152.230971	60.367454	13.12336	28.871391	0	0	0	5.249344	15.748031	2.624672	10.498688	0	39.370079	0
46771.txt	maiores_notas	93.457944	4.672897	37.383178	23.364486	0	9.345794	0	0	0	0	0	0	37.383178	0	0	0	37.383178	0	4.672897	0	0	0	0	0	9.345794	0	0	0	0	9.345794	294.392523	186.915888	46.728972	18.691589	23.364486	9.345794	9.345794	116.82243	0	126.168224	37.383178	23.364486	65.420561	37.383178	65.420561	9.345794	51.401869	37.383178	9.345794	4.672897	0	0	28.037383	88.785047	0	42.056075	84.11215	126.168224	18.691589	9.345794	9.345794	9.345794	14.018692	9.345794	42.056075	0	4.672897	9.345794	60.747664	4.672897	0	4.672897	4.672897	4.672897	0	4.672897	4.672897	0	0	4.672897	0	51.401869	0	0	0	4.672897	0	0	0	0	14.018692	0	0	0	9.345794	0	0	18.691589	14.018692	9.345794	32.71028	4.672897	28.037383	28.037383	56.074766	4.672897	14.018692	0	4.672897	0	4.672897	0	4.672897	4.672897	0	0	0	0	0	0	4.672897	0	0	0	0	0	0	0	14.018692	121.495327	18.691589	60.747664	0	37.383178	4.672897	0	0	0	0	4.672897	9.345794	0	0	18.691589	4.672897	37.383178	4.672897	0	0	0	18.691589	0	28.037383	28.037383	18.691589	0	0	0	32.71028	0	0	0	0	0	0	0	0	14.018692	0	0	0	0	0	4.672897	0	0	0	0	0	0	4.672897	14.018692	0	0	0	0	0	4.672897	0	0	0	9.345794	0	4.672897	14.018692	0	0	9.345794	28.037383	0	0	0	0	0	0	9.345794	0	0	0	0	0	0	0	0	0	0	0	0	0	0	0	0	0	0	0	0	0	0	0	4.672897	0	0	0	98.130841	42.056075	303.738318	126.168224	149.53271	28.037383	200.934579	60.747664	32.71028	0	9.345794	0	0	18.691589	28.037383	4.672897	9.345794	0	88.785047	4.672897
46998.txt	maiores_notas	85.227273	14.204545	90.909091	5.681818	2.840909	17.045455	2.840909	0	0	0	0	2.840909	0	5.681818	0	5.681818	0	0	0	5.681818	34.090909	0	2.840909	5.681818	22.727273	2.840909	2.840909	0	0	17.045455	295.454545	107.954545	116.477273	25.568182	5.681818	8.522727	0	45.454545	17.045455	53.977273	34.090909	0	65.340909	8.522727	42.613636	11.363636	39.772727	34.090909	0	5.681818	0	2.840909	14.204545	68.181818	0	28.409091	56.818182	107.954545	36.931818	19.886364	0	2.840909	0	8.522727	11.363636	0	5.681818	8.522727	59.659091	8.522727	0	0	0	0	0	0	8.522727	0	2.840909	8.522727	0	68.181818	11.363636	0	0	0	5.681818	0	0	0	0	0	0	2.840909	5.681818	0	0	11.363636	0	0	25.568182	5.681818	17.045455	28.409091	79.545455	8.522727	11.363636	0	5.681818	0	11.363636	14.204545	5.681818	2.840909	0	2.840909	5.681818	0	0	0	2.840909	0	0	0	0	0	0	8.522727	2.840909	88.068182	5.681818	90.909091	2.840909	22.727273	2.840909	5.681818	5.681818	0	0	2.840909	0	0	11.363636	0	2.840909	22.727273	5.681818	0	0	34.090909	0	0	5.681818	17.045455	0	0	22.727273	0	0	0	0	0	0	0	22.727273	2.840909	5.681818	11.363636	0	0	0	0	0	0	0	0	0	0	0	0	0	0	0	0	0	0	0	5.681818	0	0	0	0	0	0	14.204545	0	0	0	0	0	0	0	0	0	0	2.840909	0	0	0	0	0	0	0	0	0	0	0	0	0	0	0	0	0	0	0	0	0	0	0	2.840909	0	0	0	99.431818	51.136364	312.5	93.75	144.886364	39.772727	184.659091	53.977273	19.886364	34.090909	2.840909	0	0	0	19.886364	0	11.363636	5.681818	71.022727	28.409091
47002.txt	maiores_notas	106.583072	25.07837	84.639498	12.539185	6.269592	6.269592	6.269592	0	0	0	0	3.134796	9.404389	3.134796	6.269592	0	6.269592	0	3.134796	0	25.07837	0	9.404389	0	6.269592	0	0	0	0	34.482759	278.996865	134.796238	97.178683	34.482759	9.404389	15.673981	6.269592	37.617555	3.134796	43.887147	40.752351	28.213166	43.887147	9.404389	28.213166	3.134796	25.07837	25.07837	6.269592	0	0	3.134796	15.673981	34.482759	6.269592	18.808777	25.07837	103.448276	43.887147	15.673981	6.269592	0	0	3.134796	12.539185	3.134796	0	15.673981	56.426332	3.134796	9.404389	0	0	3.134796	0	0	12.539185	3.134796	0	0	0	40.752351	12.539185	3.134796	0	3.134796	0	12.539185	0	0	0	9.404389	3.134796	0	18.808777	0	0	21.943574	0	3.134796	34.482759	0	18.808777	15.673981	68.965517	9.404389	12.539185	0	12.539185	0	15.673981	9.404389	6.269592	3.134796	0	3.134796	6.269592	0	0	0	3.134796	0	0	0	0	3.134796	0	6.269592	31.347962	90.909091	6.269592	94.043887	0	25.07837	0	0	0	3.134796	0	0	0	0	0	3.134796	6.269592	18.808777	6.269592	3.134796	0	25.07837	3.134796	3.134796	34.482759	18.808777	3.134796	0	0	0	9.404389	0	0	0	0	0	25.07837	0	0	6.269592	0	0	0	0	0	0	0	0	0	0	0	0	0	3.134796	0	0	0	0	0	18.808777	0	0	0	0	0	6.269592	28.213166	0	0	9.404389	0	3.134796	0	3.134796	0	3.134796	0	9.404389	0	0	0	0	0	0	0	0	0	0	0	0	0	0	0	0	0	0	0	0	0	12.539185	0	12.539185	0	0	0	216.30094	25.07837	313.479624	53.291536	150.470219	50.15674	191.222571	37.617555	21.943574	25.07837	9.404389	0	12.539185	3.134796	34.482759	3.134796	15.673981	9.404389	68.965517	15.673981
47099.txt	maiores_notas	71.770335	57.416268	71.770335	28.708134	0	4.784689	0	0	0	0	0	0	9.569378	0	0	0	9.569378	0	9.569378	4.784689	0	0	9.569378	0	0	0	0	0	0	19.138756	296.650718	162.679426	114.832536	38.277512	0	23.923445	0	76.555024	23.923445	52.631579	38.277512	14.354067	62.200957	4.784689	57.416268	14.354067	33.492823	28.708134	33.492823	9.569378	0	9.569378	33.492823	57.416268	0	14.354067	76.555024	62.200957	47.84689	33.492823	0	0	0	9.569378	33.492823	9.569378	9.569378	9.569378	43.062201	23.923445	0	0	0	0	0	0	4.784689	4.784689	0	0	0	28.708134	28.708134	0	0	4.784689	0	0	0	0	4.784689	0	0	0	19.138756	0	0	0	0	9.569378	23.923445	0	38.277512	4.784689	62.200957	0	0	0	4.784689	0	9.569378	4.784689	4.784689	4.784689	0	9.569378	4.784689	0	0	0	4.784689	0	0	0	0	0	0	4.784689	14.354067	86.124402	9.569378	86.124402	4.784689	14.354067	4.784689	4.784689	9.569378	4.784689	0	0	0	0	4.784689	0	9.569378	19.138756	0	0	0	0	0	0	19.138756	28.708134	0	0	9.569378	0	4.784689	0	0	0	0	0	0	0	0	4.784689	0	0	0	0	0	0	0	0	0	0	0	0	0	0	0	0	0	0	0	9.569378	0	0	0	0	0	0	4.784689	0	0	4.784689	0	0	0	0	0	4.784689	0	23.923445	0	0	0	0	0	0	0	0	0	0	0	0	0	0	0	0	0	0	0	0	0	0	0	0	0	0	0	200.956938	23.923445	320.574163	105.263158	133.971292	47.84689	177.033493	52.631579	0	0	28.708134	0	0	0	19.138756	0	9.569378	4.784689	66.985646	0
