filename	subcorpus	v001	v002	v003	v004	v005	v006	v007_1	v007_2	v007_3	v007_4	v008	v009	v010	v011	v012	v013	v014	v015	v016	v017	v018	v019	v020	v021	v022	v023	v024	v025	v026	v027	v028	v029	v030	v031	v032	v033	v034	v035	v036	v037	v038	v039	v040	v041	v042	v043	v044	v045	v046	v047	v048	v049	v050	v051	v052	v053	v054	v055	v056	v057	v058	v059	v060	v061	v062	v063	v064	v065	v066	v067	v068	v069	v070	v071	v072	v073	v074	v075	v076	v077	v078	v079	v080	v081	v082	v083	v084	v085	v086	v087	v088	v089	v090	v091	v092	v093	v094	v095	v096	v097	v098	v099	v100	v101	v102	v103	v104	v105	v106	v107	v108	v109	v110	v111	v112	v113	v114	v115	v116	v117	v118	v119	v120	v121	v122	v123	v124	v125	v126	v127	v128	v129	v130	v131	v132	v133	v134	v135	v136	v137	v138	v139	v140	v141	v142	v143	v144	v145	v146	v147	v148	v149	v150	v151	v152	v153	v154	v155	v156	v157	v158	v159	v160	v161	v162	v163	v164	v165	v166	v167	v168	v169	v170	v171	v172	v173	v174	v175	v176	v177	v178	v179	v180	v181	v182	v183	v184	v185	v186	v187	v188	v189	v190	v191	v192	v193	v194	v195	v196	v197	v198	v199	v200	v201	v202	v203	v204	v205	v206	v207	v208	v209	v210	v211	v212	v213	v214	v215	v216	v217	v218	v219	v220	v221	v222	v223	v224	v225	v226	v227	v228	v229	v230	v900	v901	v902	v903	v904	v905	v906	v907	v908	v909	v910	v911	v912	v913	v914	v915	v916	v917	v918	v919
32610_composicao_gpt-5.6-sol.txt	menores_notas_gpt	109.859155	22.535211	53.521127	8.450704	5.633803	14.084507	5.633803	0	0	0	0	0	5.633803	2.816901	2.816901	0	2.816901	0	2.816901	8.450704	5.633803	0	2.816901	0	22.535211	0	0	0	0	22.535211	281.690141	146.478873	95.774648	19.71831	16.901408	0	11.267606	70.422535	25.352113	70.422535	22.535211	5.633803	42.253521	19.71831	47.887324	28.169014	39.43662	45.070423	0	8.450704	0	0	11.267606	70.422535	2.816901	22.535211	36.619718	118.309859	39.43662	25.352113	2.816901	2.816901	2.816901	0	16.901408	2.816901	5.633803	2.816901	76.056338	5.633803	0	2.816901	5.633803	0	0	0	0	2.816901	0	0	0	87.323944	16.901408	0	0	2.816901	0	0	0	0	8.450704	0	0	0	0	2.816901	2.816901	8.450704	2.816901	2.816901	33.802817	0	0	22.535211	98.591549	2.816901	19.71831	0	8.450704	0	11.267606	2.816901	2.816901	5.633803	0	2.816901	8.450704	0	0	0	5.633803	0	0	0	0	0	0	5.633803	5.633803	64.788732	5.633803	59.15493	0	45.070423	8.450704	5.633803	2.816901	0	8.450704	2.816901	0	0	0	2.816901	8.450704	30.985915	25.352113	0	0	5.633803	2.816901	0	30.985915	0	0	2.816901	0	0	2.816901	0	0	0	0	2.816901	5.633803	0	0	5.633803	0	0	0	0	0	0	0	0	0	0	0	0	0	0	0	0	0	0	0	2.816901	0	5.633803	0	5.633803	0	0	8.450704	0	0	0	5.633803	0	0	0	0	0	0	11.267606	0	0	0	0	0	0	0	0	0	0	0	0	0	0	0	0	0	0	0	0	0	0	0	0	0	0	0	132.394366	25.352113	304.225352	109.859155	160.56338	36.619718	126.760563	81.690141	25.352113	5.633803	11.267606	0	0	2.816901	30.985915	2.816901	2.816901	8.450704	56.338028	0
32674_composicao_gpt-5.6-sol.txt	menores_notas_gpt	101.648352	5.494505	60.43956	13.736264	0	5.494505	2.747253	0	0	0	0	0	5.494505	2.747253	5.494505	0	5.494505	0	0	2.747253	0	0	0	0	2.747253	0	0	0	0	5.494505	326.923077	104.395604	156.593407	30.21978	24.725275	8.241758	0	74.175824	13.736264	63.186813	13.736264	13.736264	82.417582	8.241758	57.692308	5.494505	41.208791	10.989011	13.736264	2.747253	0	0	13.736264	82.417582	0	24.725275	87.912088	118.131868	35.714286	5.494505	8.241758	0	0	0	60.43956	0	2.747253	19.230769	101.648352	0	0	0	5.494505	2.747253	0	0	8.241758	5.494505	5.494505	8.241758	0	65.934066	8.241758	0	0	0	0	0	0	0	5.494505	0	2.747253	0	0	2.747253	0	13.736264	0	0	52.197802	2.747253	5.494505	19.230769	74.175824	5.494505	16.483516	0	5.494505	0	2.747253	8.241758	5.494505	2.747253	0	5.494505	2.747253	0	0	0	2.747253	0	0	0	0	5.494505	0	5.494505	10.989011	74.175824	8.241758	65.934066	0	63.186813	0	2.747253	2.747253	0	5.494505	5.494505	0	0	0	2.747253	2.747253	57.692308	5.494505	0	0	0	2.747253	0	54.945055	5.494505	2.747253	0	0	0	0	0	0	0	0	0	0	0	0	2.747253	0	2.747253	0	0	0	0	0	0	0	0	0	0	2.747253	0	0	0	0	0	2.747253	19.230769	0	2.747253	0	0	0	0	16.483516	0	0	0	0	0	0	0	0	2.747253	0	5.494505	0	0	0	0	0	0	0	0	0	0	0	0	0	0	0	0	0	0	0	0	0	0	0	0	0	0	0	107.142857	10.989011	332.417582	104.395604	153.846154	41.208791	148.351648	85.164835	21.978022	0	8.241758	0	0	2.747253	54.945055	2.747253	19.230769	8.241758	79.67033	0
32714_composicao_gpt-5.6-sol.txt	menores_notas_gpt	85.294118	5.882353	61.764706	5.882353	11.764706	5.882353	0	0	0	0	0	0	5.882353	0	0	0	2.941176	0	5.882353	0	2.941176	0	5.882353	0	2.941176	0	0	0	0	11.764706	320.588235	179.411765	108.823529	26.470588	20.588235	0	5.882353	76.470588	11.764706	61.764706	20.588235	11.764706	76.470588	0	44.117647	11.764706	38.235294	29.411765	0	11.764706	0	0	11.764706	82.352941	0	35.294118	76.470588	91.176471	32.352941	11.764706	2.941176	11.764706	0	0	5.882353	2.941176	5.882353	5.882353	55.882353	5.882353	2.941176	0	2.941176	0	0	2.941176	11.764706	0	5.882353	5.882353	0	61.764706	0	0	0	2.941176	0	2.941176	0	0	8.823529	0	0	0	11.764706	0	0	44.117647	0	2.941176	32.352941	0	8.823529	23.529412	67.647059	32.352941	17.647059	0	14.705882	0	2.941176	8.823529	2.941176	2.941176	0	14.705882	2.941176	0	0	0	2.941176	0	0	0	0	5.882353	2.941176	5.882353	26.470588	88.235294	14.705882	73.529412	0	61.764706	0	0	0	0	2.941176	2.941176	0	0	8.823529	11.764706	2.941176	58.823529	2.941176	0	0	2.941176	8.823529	0	32.352941	8.823529	2.941176	0	5.882353	0	8.823529	0	0	0	0	0	2.941176	0	0	2.941176	0	5.882353	2.941176	0	0	0	0	0	0	0	0	0	5.882353	2.941176	0	5.882353	0	2.941176	0	11.764706	0	14.705882	0	5.882353	0	2.941176	5.882353	0	0	2.941176	2.941176	0	0	0	0	0	0	2.941176	0	0	0	0	0	0	0	0	0	0	0	0	0	0	0	0	0	0	0	0	0	0	0	0	0	0	0	91.176471	14.705882	332.352941	105.882353	138.235294	64.705882	176.470588	91.176471	50	2.941176	2.941176	0	0	14.705882	35.294118	11.764706	17.647059	14.705882	64.705882	5.882353
32733_composicao_gpt-5.6-sol.txt	menores_notas_gpt	108.333333	8.333333	50	8.333333	0	8.333333	2.777778	0	0	0	0	0	2.777778	2.777778	0	0	2.777778	0	0	2.777778	2.777778	0	0	0	11.111111	0	0	0	0	2.777778	319.444444	163.888889	127.777778	22.222222	8.333333	5.555556	0	97.222222	2.777778	80.555556	13.888889	8.333333	77.777778	0	36.111111	13.888889	58.333333	33.333333	5.555556	5.555556	0	2.777778	5.555556	94.444444	0	33.333333	75	105.555556	30.555556	16.666667	5.555556	2.777778	2.777778	0	11.111111	0	5.555556	11.111111	58.333333	2.777778	8.333333	0	5.555556	0	0	0	2.777778	5.555556	2.777778	2.777778	0	86.111111	2.777778	0	0	2.777778	0	0	0	0	5.555556	2.777778	0	0	0	0	0	13.888889	0	0	41.666667	0	5.555556	19.444444	88.888889	0	13.888889	0	5.555556	0	0	2.777778	8.333333	2.777778	0	8.333333	2.777778	0	0	0	2.777778	0	0	0	0	0	0	2.777778	5.555556	66.666667	5.555556	55.555556	0	63.888889	0	0	2.777778	2.777778	2.777778	8.333333	0	0	8.333333	8.333333	2.777778	41.666667	22.222222	2.777778	0	2.777778	8.333333	0	38.888889	5.555556	2.777778	0	2.777778	0	2.777778	0	0	0	0	0	2.777778	0	0	2.777778	0	2.777778	2.777778	0	0	0	0	0	0	0	0	0	5.555556	2.777778	0	0	0	0	0	19.444444	0	0	0	5.555556	0	0	8.333333	0	0	2.777778	0	0	0	0	0	0	0	2.777778	0	0	0	0	0	0	0	0	0	0	0	0	0	0	0	0	0	0	0	0	0	0	0	0	0	0	0	166.666667	8.333333	322.222222	113.888889	144.444444	30.555556	127.777778	102.777778	13.888889	2.777778	2.777778	0	0	8.333333	38.888889	13.888889	11.111111	2.777778	66.666667	2.777778
32749_composicao_gpt-5.6-sol.txt	menores_notas_gpt	106.442577	2.80112	53.221289	5.602241	16.806723	11.204482	2.80112	0	0	0	0	0	5.602241	0	0	0	5.602241	0	8.403361	5.602241	0	0	5.602241	0	16.806723	2.80112	0	0	2.80112	2.80112	291.316527	162.464986	95.238095	30.812325	16.806723	2.80112	5.602241	70.028011	2.80112	47.619048	11.204482	19.607843	70.028011	0	39.215686	28.011204	36.414566	30.812325	2.80112	8.403361	0	0	14.005602	64.42577	0	19.607843	50.420168	114.845938	42.016807	28.011204	2.80112	0	0	0	11.204482	2.80112	0	11.204482	67.226891	5.602241	5.602241	0	2.80112	8.403361	0	2.80112	5.602241	2.80112	5.602241	2.80112	0	72.829132	0	0	0	2.80112	0	2.80112	0	0	8.403361	8.403361	0	0	0	0	0	14.005602	0	8.403361	44.817927	0	2.80112	28.011204	75.630252	0	14.005602	0	0	2.80112	5.602241	2.80112	5.602241	8.403361	0	11.204482	0	0	0	0	8.403361	0	0	0	0	0	2.80112	0	2.80112	72.829132	8.403361	56.022409	0	56.022409	2.80112	0	2.80112	5.602241	5.602241	5.602241	0	0	5.602241	8.403361	2.80112	44.817927	14.005602	0	0	0	8.403361	0	42.016807	0	2.80112	0	0	0	5.602241	0	0	0	0	0	0	0	0	8.403361	0	5.602241	0	0	0	2.80112	0	0	0	0	0	0	2.80112	5.602241	0	0	0	0	0	28.011204	0	5.602241	0	5.602241	0	0	5.602241	0	0	2.80112	2.80112	0	0	0	0	0	0	2.80112	0	0	0	0	0	0	0	0	0	0	0	0	0	0	0	0	0	0	0	0	0	0	0	0	0	0	0	109.243697	16.806723	294.117647	112.044818	168.067227	39.215686	137.254902	86.834734	14.005602	8.403361	2.80112	0	0	8.403361	47.619048	8.403361	14.005602	11.204482	75.630252	0
32755_composicao_gpt-5.6-sol.txt	menores_notas_gpt	118.243243	0	64.189189	6.756757	6.756757	13.513514	0	0	0	0	0	0	3.378378	0	0	0	3.378378	0	6.756757	3.378378	3.378378	0	6.756757	0	16.891892	0	0	0	0	33.783784	300.675676	165.540541	138.513514	33.783784	16.891892	0	6.756757	87.837838	3.378378	74.324324	23.648649	10.135135	57.432432	0	37.162162	13.513514	37.162162	37.162162	0	3.378378	0	0	3.378378	74.324324	0	16.891892	40.540541	125	16.891892	13.513514	10.135135	0	6.756757	0	30.405405	0	0	10.135135	84.459459	6.756757	6.756757	0	10.135135	0	0	10.135135	3.378378	3.378378	3.378378	0	0	67.567568	16.891892	0	0	3.378378	0	0	0	0	0	0	0	0	0	0	0	20.27027	0	0	37.162162	0	3.378378	20.27027	87.837838	16.891892	6.756757	0	3.378378	0	0	0	3.378378	0	0	6.756757	0	0	0	0	0	0	0	0	0	0	0	0	6.756757	94.594595	37.162162	64.189189	0	57.432432	0	3.378378	3.378378	0	0	3.378378	0	0	10.135135	6.756757	3.378378	40.540541	13.513514	3.378378	0	3.378378	6.756757	0	37.162162	3.378378	3.378378	0	10.135135	0	3.378378	0	0	0	0	0	3.378378	0	0	6.756757	0	6.756757	0	0	0	0	0	0	0	0	0	0	6.756757	0	0	0	0	0	0	23.648649	0	3.378378	0	3.378378	0	0	3.378378	0	0	0	3.378378	0	0	0	0	0	0	3.378378	0	0	0	0	0	0	0	0	0	0	0	0	0	0	0	0	0	0	0	0	0	0	0	0	0	0	0	182.432432	10.135135	334.459459	91.216216	138.513514	13.513514	182.432432	84.459459	23.648649	3.378378	3.378378	0	0	6.756757	37.162162	13.513514	10.135135	0	60.810811	10.135135
32782_composicao_gpt-5.6-sol.txt	menores_notas_gpt	97.493036	8.356546	66.852368	13.927577	5.571031	11.142061	5.571031	0	0	0	0	0	2.785515	0	0	0	2.785515	0	2.785515	2.785515	2.785515	0	2.785515	0	13.927577	0	0	0	0	25.069638	317.548747	194.986072	119.777159	13.927577	19.498607	2.785515	0	103.064067	22.284123	105.849582	22.284123	8.356546	64.066852	13.927577	27.855153	8.356546	36.211699	19.498607	0	2.785515	0	2.785515	8.356546	58.495822	0	25.069638	38.997214	116.991643	22.284123	5.571031	13.927577	0	0	0	0	0	0	8.356546	64.066852	0	5.571031	0	8.356546	0	0	0	2.785515	8.356546	0	0	0	77.994429	0	0	0	2.785515	0	0	0	0	0	0	0	0	0	0	0	22.284123	0	0	25.069638	0	5.571031	27.855153	80.779944	0	22.284123	0	8.356546	0	8.356546	5.571031	8.356546	5.571031	0	11.142061	0	0	0	0	5.571031	0	0	0	0	0	0	5.571031	8.356546	91.922006	2.785515	75.208914	0	64.066852	0	2.785515	0	0	0	2.785515	0	0	0	11.142061	5.571031	47.35376	16.713092	0	0	2.785515	11.142061	0	25.069638	5.571031	13.927577	0	0	0	2.785515	0	0	0	0	0	2.785515	0	0	13.927577	0	11.142061	0	0	0	0	0	0	0	0	0	0	11.142061	0	0	0	0	0	0	11.142061	0	0	0	2.785515	0	0	11.142061	0	0	2.785515	0	0	0	0	0	0	0	11.142061	0	0	0	0	0	0	0	0	0	0	0	0	0	0	0	0	0	0	0	0	0	0	0	0	0	0	0	172.70195	41.78273	342.618384	75.208914	139.275766	50.139276	169.916435	86.350975	22.284123	2.785515	11.142061	0	0	11.142061	25.069638	11.142061	11.142061	0	58.495822	0
32792_composicao_gpt-5.6-sol.txt	menores_notas_gpt	120.104439	0	49.608355	7.832898	0	13.05483	2.610966	0	0	0	0	0	7.832898	0	0	0	0	0	0	0	5.221932	0	0	0	7.832898	0	0	0	0	7.832898	326.370757	169.712794	117.493473	20.887728	15.665796	5.221932	7.832898	86.16188	7.832898	83.550914	23.498695	20.887728	52.219321	20.887728	49.608355	5.221932	52.219321	28.720627	5.221932	0	0	5.221932	7.832898	88.772846	2.610966	33.942559	60.052219	101.827676	26.109661	5.221932	5.221932	0	0	0	5.221932	0	2.610966	10.443864	80.939948	5.221932	2.610966	0	5.221932	2.610966	0	0	5.221932	5.221932	0	0	0	44.386423	7.832898	0	0	2.610966	0	10.443864	0	0	2.610966	0	0	0	0	2.610966	0	26.109661	2.610966	0	33.942559	0	10.443864	20.887728	67.885117	0	26.109661	0	5.221932	0	13.05483	5.221932	2.610966	2.610966	0	5.221932	2.610966	0	0	0	2.610966	0	0	0	0	0	0	5.221932	10.443864	112.27154	13.05483	49.608355	0	52.219321	0	2.610966	0	0	2.610966	2.610966	0	0	0	0	2.610966	44.386423	7.832898	5.221932	0	5.221932	0	0	13.05483	10.443864	2.610966	0	2.610966	0	7.832898	0	0	0	0	0	5.221932	0	0	5.221932	0	0	0	0	0	0	0	0	0	0	0	0	0	0	0	0	0	0	0	5.221932	0	0	0	5.221932	0	2.610966	10.443864	0	0	7.832898	0	0	0	0	0	2.610966	0	7.832898	0	0	0	2.610966	0	0	0	0	0	0	0	0	0	0	0	0	0	0	0	0	0	0	0	0	0	0	0	120.104439	5.221932	334.203655	101.827676	127.937337	41.775457	174.934726	67.885117	28.720627	5.221932	10.443864	0	0	0	28.720627	0	10.443864	2.610966	65.274151	2.610966
32860_composicao_gpt-5.6-sol.txt	menores_notas_gpt	87.078652	11.235955	47.752809	2.808989	25.280899	8.426966	8.426966	2.808989	0	0	0	8.426966	19.662921	2.808989	5.617978	11.235955	5.617978	0	5.617978	5.617978	16.853933	0	11.235955	0	8.426966	14.044944	0	0	14.044944	22.47191	244.382022	73.033708	168.539326	19.662921	2.808989	0	2.808989	11.235955	0	19.662921	5.617978	2.808989	73.033708	0	25.280899	30.898876	2.808989	11.235955	2.808989	5.617978	0	2.808989	14.044944	14.044944	0	0	30.898876	154.494382	39.325843	25.280899	11.235955	16.853933	8.426966	11.235955	5.617978	5.617978	5.617978	0	61.797753	14.044944	2.808989	5.617978	2.808989	5.617978	5.617978	0	0	0	5.617978	0	0	14.044944	64.606742	33.707865	5.617978	0	0	0	0	0	2.808989	2.808989	0	0	2.808989	0	2.808989	28.089888	0	2.808989	39.325843	5.617978	8.426966	39.325843	115.168539	0	28.089888	0	19.662921	5.617978	8.426966	2.808989	5.617978	8.426966	0	0	0	0	0	0	8.426966	0	0	0	0	5.617978	2.808989	2.808989	11.235955	70.224719	22.47191	50.561798	0	56.179775	0	5.617978	2.808989	0	0	11.235955	0	0	5.617978	5.617978	0	39.325843	22.47191	0	0	14.044944	5.617978	0	25.280899	8.426966	16.853933	0	16.853933	0	5.617978	0	0	2.808989	0	0	8.426966	5.617978	0	2.808989	0	0	5.617978	0	0	0	0	0	0	0	0	0	5.617978	0	0	0	2.808989	2.808989	2.808989	0	0	8.426966	0	0	0	0	16.853933	0	0	11.235955	8.426966	0	0	0	0	0	0	0	0	0	0	0	0	0	0	0	0	0	0	0	0	0	0	0	0	0	0	0	0	0	0	0	0	0	0	98.314607	53.370787	266.853933	58.988764	193.820225	56.179775	140.449438	87.078652	28.089888	19.662921	0	0	0	5.617978	39.325843	5.617978	5.617978	8.426966	87.078652	16.853933
33167_composicao_gpt-5.6-sol.txt	menores_notas_gpt	91.240876	7.29927	43.79562	3.649635	7.29927	7.29927	3.649635	0	0	0	0	3.649635	7.29927	3.649635	0	3.649635	7.29927	0	3.649635	0	10.948905	0	0	0	7.29927	3.649635	0	0	3.649635	0	310.218978	145.985401	124.087591	25.547445	10.948905	3.649635	10.948905	72.992701	14.59854	58.394161	3.649635	21.89781	58.394161	0	58.394161	18.248175	40.145985	36.49635	3.649635	3.649635	0	3.649635	14.59854	83.941606	0	32.846715	62.043796	116.788321	25.547445	14.59854	3.649635	3.649635	0	0	36.49635	3.649635	3.649635	14.59854	80.291971	0	7.29927	0	3.649635	3.649635	0	0	7.29927	7.29927	3.649635	3.649635	0	65.693431	0	0	0	3.649635	0	3.649635	0	0	3.649635	0	0	0	3.649635	0	0	10.948905	0	0	54.744526	0	10.948905	29.19708	72.992701	7.29927	14.59854	0	3.649635	3.649635	10.948905	7.29927	10.948905	3.649635	0	14.59854	0	0	0	0	3.649635	0	0	0	0	0	0	7.29927	7.29927	94.890511	18.248175	43.79562	0	51.094891	0	3.649635	0	0	3.649635	7.29927	0	0	7.29927	7.29927	3.649635	40.145985	10.948905	0	0	10.948905	7.29927	0	51.094891	10.948905	7.29927	0	3.649635	0	7.29927	0	0	0	0	0	10.948905	0	0	7.29927	0	3.649635	0	0	0	0	0	0	0	3.649635	0	0	7.29927	0	0	0	0	0	0	25.547445	0	3.649635	3.649635	7.29927	0	0	14.59854	0	0	0	7.29927	0	0	0	0	0	0	3.649635	0	0	0	0	0	0	0	0	0	0	0	0	0	0	0	0	0	0	0	0	0	0	0	0	0	0	0	142.335766	47.445255	310.218978	116.788321	156.934307	54.744526	149.635036	76.642336	21.89781	10.948905	3.649635	0	0	7.29927	51.094891	7.29927	14.59854	0	94.890511	3.649635
33310_composicao_gpt-5.6-sol.txt	menores_notas_gpt	90.032154	6.430868	57.877814	6.430868	16.07717	9.646302	3.215434	0	0	0	0	0	3.215434	3.215434	3.215434	0	0	0	3.215434	9.646302	3.215434	0	6.430868	0	12.861736	0	0	0	0	38.585209	237.942122	106.109325	157.55627	32.154341	9.646302	0	3.215434	57.877814	12.861736	38.585209	19.292605	12.861736	57.877814	0	45.016077	25.723473	25.723473	32.154341	0	6.430868	0	3.215434	9.646302	64.308682	0	16.07717	32.154341	128.617363	25.723473	22.508039	3.215434	9.646302	0	3.215434	16.07717	0	3.215434	9.646302	86.81672	0	3.215434	6.430868	3.215434	3.215434	0	0	3.215434	3.215434	3.215434	3.215434	0	77.170418	0	0	0	3.215434	0	0	0	0	3.215434	3.215434	3.215434	0	3.215434	0	0	19.292605	0	3.215434	51.446945	0	9.646302	22.508039	83.601286	6.430868	12.861736	0	6.430868	3.215434	3.215434	6.430868	3.215434	6.430868	0	6.430868	0	0	0	0	6.430868	0	0	0	0	0	3.215434	6.430868	12.861736	67.524116	0	57.877814	0	70.73955	0	6.430868	3.215434	6.430868	3.215434	3.215434	0	0	12.861736	3.215434	3.215434	57.877814	19.292605	0	0	3.215434	3.215434	0	51.446945	9.646302	6.430868	0	0	0	3.215434	0	0	0	0	0	3.215434	0	0	6.430868	0	3.215434	0	0	0	0	0	0	0	0	0	0	3.215434	0	0	0	0	0	0	28.938907	0	3.215434	0	0	0	0	3.215434	0	0	0	6.430868	0	0	0	0	0	0	6.430868	0	0	0	0	0	0	0	0	0	0	0	0	0	0	0	0	0	0	0	0	0	0	0	0	0	0	0	154.340836	41.800643	311.897106	99.678457	170.418006	41.800643	125.401929	112.540193	19.292605	3.215434	6.430868	0	0	3.215434	54.662379	6.430868	9.646302	0	83.601286	0
33360_composicao_gpt-5.6-sol.txt	menores_notas_gpt	99.431818	8.522727	59.659091	5.681818	2.840909	2.840909	0	0	0	0	0	5.681818	8.522727	0	5.681818	0	2.840909	0	8.522727	0	2.840909	0	8.522727	0	2.840909	5.681818	0	0	5.681818	0	335.227273	147.727273	127.840909	17.045455	14.204545	2.840909	0	59.659091	11.363636	65.340909	42.613636	14.204545	68.181818	0	90.909091	11.363636	53.977273	28.409091	11.363636	5.681818	0	0	14.204545	76.704545	0	31.25	71.022727	122.159091	22.727273	14.204545	5.681818	5.681818	0	0	59.659091	0	2.840909	14.204545	82.386364	5.681818	5.681818	0	5.681818	2.840909	0	2.840909	8.522727	8.522727	2.840909	5.681818	0	76.704545	0	0	0	2.840909	0	2.840909	0	0	0	0	0	0	2.840909	0	0	25.568182	0	0	36.931818	0	11.363636	28.409091	82.386364	8.522727	31.25	0	5.681818	0	8.522727	0	8.522727	2.840909	0	8.522727	0	0	0	0	2.840909	0	0	0	0	0	2.840909	0	8.522727	93.75	5.681818	68.181818	0	65.340909	0	0	0	0	0	2.840909	0	0	0	2.840909	5.681818	45.454545	19.886364	0	0	2.840909	2.840909	0	36.931818	8.522727	0	0	0	0	2.840909	0	0	0	0	0	2.840909	0	0	17.045455	0	2.840909	0	0	0	0	0	0	0	0	0	0	2.840909	0	0	0	0	0	0	25.568182	0	2.840909	0	2.840909	0	0	5.681818	0	0	0	8.522727	0	0	0	0	0	0	8.522727	0	0	0	0	0	0	0	0	0	0	0	0	0	0	0	0	0	0	0	0	0	0	0	0	0	0	0	107.954545	17.045455	335.227273	102.272727	156.25	39.772727	167.613636	73.863636	39.772727	2.840909	8.522727	0	0	2.840909	36.931818	2.840909	19.886364	0	76.704545	0
33436_composicao_gpt-5.6-sol.txt	menores_notas_gpt	99.125364	14.577259	52.478134	17.492711	0	5.830904	0	0	0	0	0	0	2.915452	5.830904	2.915452	0	0	0	0	2.915452	2.915452	0	0	0	8.746356	0	0	0	0	8.746356	309.037901	137.026239	134.110787	29.154519	5.830904	5.830904	5.830904	64.139942	2.915452	58.309038	23.323615	8.746356	78.717201	2.915452	55.393586	14.577259	34.985423	23.323615	2.915452	5.830904	0	0	11.661808	75.801749	0	23.323615	61.22449	110.787172	26.239067	17.492711	5.830904	2.915452	0	5.830904	17.492711	0	0	11.661808	90.379009	0	8.746356	0	5.830904	2.915452	0	0	8.746356	2.915452	5.830904	2.915452	0	67.055394	17.492711	0	0	2.915452	0	0	0	0	8.746356	2.915452	0	5.830904	0	0	0	14.577259	0	2.915452	26.239067	0	2.915452	26.239067	87.463557	0	8.746356	0	14.577259	0	2.915452	2.915452	5.830904	8.746356	2.915452	5.830904	2.915452	0	2.915452	0	8.746356	0	2.915452	2.915452	2.915452	0	2.915452	0	2.915452	96.209913	8.746356	55.393586	0	52.478134	0	2.915452	2.915452	0	2.915452	2.915452	0	0	2.915452	8.746356	5.830904	37.900875	14.577259	0	0	2.915452	8.746356	0	23.323615	2.915452	0	0	11.661808	0	0	0	0	0	0	0	2.915452	0	0	8.746356	0	2.915452	2.915452	0	0	2.915452	0	2.915452	0	0	0	0	5.830904	2.915452	0	0	0	0	0	17.492711	0	0	0	2.915452	0	2.915452	5.830904	0	0	2.915452	0	0	0	0	0	0	0	5.830904	0	0	0	0	0	0	0	0	0	0	0	0	0	0	0	0	0	0	0	0	0	0	0	0	0	0	0	166.180758	14.577259	317.784257	102.040816	151.603499	43.731778	160.349854	72.886297	14.577259	2.915452	5.830904	0	0	8.746356	26.239067	8.746356	17.492711	8.746356	55.393586	11.661808
33465_composicao_gpt-5.6-sol.txt	menores_notas_gpt	106.628242	8.645533	63.400576	0	2.881844	5.763689	14.409222	0	0	0	0	0	8.645533	2.881844	0	0	8.645533	0	2.881844	0	11.527378	0	2.881844	2.881844	5.763689	0	0	0	0	5.763689	288.184438	109.510086	97.982709	46.10951	8.645533	2.881844	5.763689	40.345821	0	43.227666	11.527378	5.763689	57.636888	0	60.518732	14.409222	28.818444	11.527378	2.881844	5.763689	0	5.763689	14.409222	63.400576	0	20.172911	43.227666	126.801153	28.818444	14.409222	0	0	0	2.881844	17.291066	2.881844	5.763689	8.645533	66.282421	8.645533	2.881844	0	2.881844	2.881844	2.881844	0	5.763689	2.881844	0	2.881844	0	17.291066	46.10951	8.645533	0	2.881844	0	2.881844	0	0	2.881844	2.881844	2.881844	0	0	2.881844	2.881844	14.409222	0	5.763689	43.227666	2.881844	5.763689	40.345821	77.809798	2.881844	11.527378	0	2.881844	0	8.645533	5.763689	5.763689	5.763689	0	11.527378	0	0	0	2.881844	5.763689	0	0	0	0	2.881844	5.763689	5.763689	11.527378	74.927954	8.645533	63.400576	0	48.991354	2.881844	2.881844	0	2.881844	2.881844	11.527378	0	0	5.763689	0	5.763689	40.345821	11.527378	2.881844	0	11.527378	0	2.881844	40.345821	5.763689	8.645533	0	0	0	5.763689	0	0	0	0	0	8.645533	0	0	11.527378	0	0	0	0	0	0	0	0	0	0	0	0	0	0	0	0	0	0	2.881844	2.881844	0	8.645533	0	5.763689	0	2.881844	20.172911	0	0	5.763689	2.881844	0	0	0	0	0	0	8.645533	0	0	0	0	0	0	0	0	0	0	0	0	0	0	0	0	0	0	0	0	0	0	0	0	0	0	0	115.273775	25.936599	296.829971	92.21902	164.26513	51.873199	146.974063	86.455331	14.409222	11.527378	8.645533	0	0	0	40.345821	0	8.645533	2.881844	92.21902	0
33497_composicao_gpt-5.6-sol.txt	menores_notas_gpt	105.769231	3.205128	57.692308	3.205128	6.410256	12.820513	0	0	0	0	0	0	6.410256	0	0	0	6.410256	0	6.410256	3.205128	9.615385	0	12.820513	6.410256	12.820513	6.410256	0	0	6.410256	0	253.205128	108.974359	121.794872	22.435897	6.410256	6.410256	0	70.512821	0	54.487179	28.846154	12.820513	92.948718	0	41.666667	12.820513	48.076923	6.410256	3.205128	6.410256	0	6.410256	9.615385	76.923077	0	25.641026	70.512821	131.410256	35.25641	19.230769	3.205128	6.410256	0	0	28.846154	0	0	12.820513	67.307692	9.615385	6.410256	0	3.205128	0	0	0	3.205128	6.410256	3.205128	3.205128	0	96.153846	0	0	0	0	0	0	0	0	0	3.205128	0	0	0	0	0	38.461538	0	0	41.666667	0	3.205128	38.461538	96.153846	6.410256	32.051282	0	3.205128	3.205128	9.615385	3.205128	6.410256	12.820513	0	6.410256	3.205128	6.410256	0	0	9.615385	3.205128	0	0	0	0	3.205128	3.205128	16.025641	70.512821	9.615385	57.692308	0	64.102564	0	0	3.205128	0	0	6.410256	0	6.410256	6.410256	3.205128	6.410256	51.282051	12.820513	3.205128	0	12.820513	3.205128	0	41.666667	3.205128	0	0	9.615385	0	6.410256	0	0	0	0	0	6.410256	0	6.410256	12.820513	0	0	3.205128	0	0	0	0	0	0	0	0	0	3.205128	0	0	0	0	0	0	28.846154	0	6.410256	0	0	0	0	22.435897	0	0	0	6.410256	0	0	0	0	0	0	9.615385	0	0	0	0	0	0	0	0	0	0	0	0	0	0	0	0	0	0	0	0	0	0	0	0	0	0	0	166.666667	48.076923	307.692308	96.153846	166.666667	44.871795	141.025641	99.358974	38.461538	12.820513	9.615385	0	0	3.205128	51.282051	6.410256	12.820513	9.615385	83.333333	9.615385
33645_composicao_gpt-5.6-sol.txt	menores_notas_gpt	103.975535	12.232416	85.626911	12.232416	6.116208	3.058104	3.058104	0	0	0	0	0	6.116208	0	3.058104	0	3.058104	0	6.116208	0	3.058104	0	6.116208	0	3.058104	0	0	0	0	0	324.159021	122.324159	134.556575	18.348624	12.232416	0	0	79.510703	24.464832	70.336391	42.813456	9.174312	61.16208	0	94.801223	9.174312	48.929664	24.464832	3.058104	6.116208	0	0	6.116208	91.743119	0	24.464832	33.639144	97.859327	21.406728	15.29052	0	6.116208	0	0	9.174312	0	3.058104	15.29052	70.336391	0	6.116208	0	0	0	0	3.058104	9.174312	6.116208	3.058104	0	0	64.220183	0	0	0	3.058104	0	3.058104	0	0	6.116208	0	0	0	6.116208	0	0	6.116208	0	6.116208	39.755352	0	6.116208	18.348624	70.336391	12.232416	3.058104	0	0	0	3.058104	3.058104	6.116208	3.058104	0	9.174312	0	0	0	0	3.058104	0	0	0	0	0	0	3.058104	6.116208	73.394495	15.29052	88.685015	0	76.452599	0	0	3.058104	0	0	6.116208	0	0	3.058104	6.116208	6.116208	48.929664	21.406728	0	0	3.058104	6.116208	0	39.755352	6.116208	3.058104	0	0	3.058104	3.058104	0	0	0	0	0	3.058104	0	0	9.174312	0	0	0	0	3.058104	3.058104	0	0	0	0	0	0	3.058104	3.058104	0	0	0	0	0	24.464832	0	0	0	6.116208	0	0	6.116208	0	0	0	6.116208	0	0	0	0	0	0	6.116208	0	0	0	0	0	0	0	0	0	0	0	0	0	0	0	0	0	0	0	0	0	0	0	0	0	0	0	201.834862	15.29052	324.159021	107.033639	137.614679	24.464832	168.195719	100.917431	12.232416	3.058104	6.116208	0	0	6.116208	42.813456	6.116208	18.348624	0	64.220183	0
33787_composicao_gpt-5.6-sol.txt	menores_notas_gpt	94.594595	5.405405	64.864865	5.405405	8.108108	8.108108	2.702703	0	0	0	0	2.702703	0	0	0	0	0	0	2.702703	0	5.405405	0	2.702703	0	5.405405	2.702703	0	0	2.702703	35.135135	313.513514	175.675676	137.837838	24.324324	18.918919	0	8.108108	86.486486	13.513514	70.27027	21.621622	13.513514	70.27027	18.918919	54.054054	5.405405	48.648649	40.540541	2.702703	2.702703	0	5.405405	8.108108	91.891892	0	40.540541	54.054054	121.621622	27.027027	10.810811	2.702703	0	5.405405	2.702703	56.756757	2.702703	5.405405	10.810811	83.783784	13.513514	2.702703	2.702703	2.702703	0	2.702703	0	5.405405	5.405405	5.405405	5.405405	0	62.162162	10.810811	2.702703	0	2.702703	0	0	0	0	0	0	0	8.108108	5.405405	2.702703	0	43.243243	0	2.702703	32.432432	0	10.810811	29.72973	78.378378	0	43.243243	0	5.405405	0	2.702703	2.702703	2.702703	0	0	8.108108	2.702703	0	0	0	0	0	0	0	0	0	2.702703	2.702703	8.108108	83.783784	16.216216	64.864865	0	67.567568	0	2.702703	0	0	0	0	0	2.702703	0	2.702703	5.405405	56.756757	10.810811	0	0	5.405405	2.702703	0	45.945946	8.108108	2.702703	0	2.702703	0	0	0	0	0	0	0	0	2.702703	0	2.702703	0	2.702703	0	0	0	0	0	0	0	0	0	0	2.702703	0	0	0	0	0	0	35.135135	0	5.405405	0	0	0	0	5.405405	0	0	0	0	0	0	0	0	0	0	10.810811	0	0	0	0	0	0	0	0	0	0	0	0	0	0	0	0	0	0	0	0	0	0	0	0	0	0	0	100	10.810811	351.351351	105.405405	148.648649	24.324324	162.162162	78.378378	43.243243	5.405405	10.810811	0	0	2.702703	48.648649	5.405405	13.513514	5.405405	72.972973	2.702703
33789_composicao_gpt-5.6-sol.txt	menores_notas_gpt	132.307692	3.076923	36.923077	9.230769	12.307692	18.461538	0	0	0	0	0	0	3.076923	0	0	0	3.076923	0	6.153846	9.230769	3.076923	0	6.153846	3.076923	21.538462	3.076923	0	0	3.076923	0	310.769231	156.923077	126.153846	30.769231	15.384615	3.076923	0	67.692308	0	67.692308	0	3.076923	83.076923	0	36.923077	15.384615	40	43.076923	0	0	0	6.153846	6.153846	67.692308	3.076923	27.692308	40	141.538462	30.769231	18.461538	6.153846	3.076923	3.076923	0	12.307692	3.076923	3.076923	9.230769	92.307692	6.153846	0	0	3.076923	3.076923	0	3.076923	3.076923	3.076923	0	3.076923	3.076923	86.153846	0	0	0	3.076923	0	0	0	0	12.307692	3.076923	0	6.153846	0	3.076923	0	21.538462	0	0	43.076923	0	3.076923	27.692308	89.230769	9.230769	6.153846	0	3.076923	3.076923	3.076923	3.076923	3.076923	3.076923	0	6.153846	3.076923	0	0	0	3.076923	0	0	0	0	0	3.076923	3.076923	12.307692	83.076923	6.153846	49.230769	0	55.384615	0	3.076923	3.076923	3.076923	6.153846	3.076923	0	0	3.076923	12.307692	6.153846	27.692308	24.615385	0	0	3.076923	9.230769	0	40	3.076923	3.076923	0	0	0	3.076923	0	0	0	0	0	0	0	3.076923	6.153846	0	6.153846	0	0	0	6.153846	0	0	0	0	0	0	6.153846	3.076923	0	0	0	0	0	12.307692	3.076923	0	0	0	0	0	9.230769	0	0	3.076923	0	0	0	0	0	0	0	9.230769	0	0	0	0	0	0	0	0	0	0	0	0	0	0	0	0	0	0	0	0	0	0	0	0	0	0	0	172.307692	55.384615	310.769231	89.230769	172.307692	36.923077	132.307692	83.076923	15.384615	3.076923	9.230769	0	0	9.230769	36.923077	12.307692	9.230769	3.076923	70.769231	0
33856_composicao_gpt-5.6-sol.txt	menores_notas_gpt	118.78453	13.812155	52.486188	2.762431	16.574586	8.287293	5.524862	5.524862	0	0	0	8.287293	13.812155	5.524862	5.524862	2.762431	8.287293	0	5.524862	8.287293	11.049724	2.762431	8.287293	2.762431	11.049724	8.287293	2.762431	0	5.524862	52.486188	218.232044	93.922652	149.171271	24.861878	8.287293	5.524862	5.524862	24.861878	0	35.911602	13.812155	0	63.535912	0	35.911602	19.337017	13.812155	5.524862	2.762431	0	0	0	11.049724	35.911602	0	2.762431	19.337017	168.508287	27.624309	19.337017	22.099448	22.099448	8.287293	8.287293	27.624309	0	8.287293	0	85.635359	5.524862	0	13.812155	11.049724	5.524862	8.287293	0	0	0	0	0	0	38.674033	41.436464	44.198895	0	2.762431	0	2.762431	0	0	0	8.287293	2.762431	0	5.524862	2.762431	0	2.762431	0	0	41.436464	2.762431	11.049724	22.099448	127.071823	2.762431	2.762431	2.762431	13.812155	0	0	5.524862	2.762431	11.049724	0	5.524862	5.524862	0	0	0	8.287293	2.762431	0	0	0	0	0	5.524862	0	69.060773	16.574586	52.486188	0	35.911602	0	19.337017	0	2.762431	0	0	0	0	11.049724	11.049724	0	27.624309	16.574586	0	8.287293	11.049724	11.049724	0	44.198895	11.049724	0	0	2.762431	0	0	0	0	0	0	0	5.524862	2.762431	2.762431	2.762431	0	2.762431	5.524862	2.762431	0	0	0	0	0	0	0	0	8.287293	2.762431	0	0	0	2.762431	0	0	0	0	0	0	0	2.762431	22.099448	0	0	8.287293	5.524862	0	0	0	0	2.762431	0	2.762431	0	0	0	0	0	0	0	0	0	0	0	0	0	0	0	0	0	0	0	0	0	0	0	0	0	0	0	185.082873	66.298343	270.718232	60.773481	193.370166	38.674033	135.359116	82.872928	5.524862	11.049724	2.762431	0	0	11.049724	44.198895	11.049724	0	5.524862	58.01105	2.762431
33862_composicao_gpt-5.6-sol.txt	menores_notas_gpt	91.778203	17.208413	59.273423	3.824092	15.296367	3.824092	5.736138	1.912046	0	0	0	11.472275	17.208413	3.824092	5.736138	0	9.560229	0	1.912046	1.912046	3.824092	1.912046	3.824092	0	1.912046	13.384321	5.736138	1.912046	3.824092	63.097514	252.390057	82.217973	101.338432	34.416826	5.736138	5.736138	3.824092	22.944551	7.648184	26.768642	24.856597	17.208413	84.130019	0	36.328872	11.472275	11.472275	21.032505	1.912046	7.648184	3.824092	0	5.736138	36.328872	0	5.736138	28.680688	156.787763	21.032505	13.384321	24.856597	22.944551	9.560229	13.384321	26.768642	7.648184	3.824092	7.648184	51.625239	5.736138	0	1.912046	9.560229	7.648184	3.824092	1.912046	5.736138	1.912046	1.912046	5.736138	0	43.977055	53.537285	22.944551	3.824092	1.912046	0	1.912046	0	0	0	3.824092	1.912046	3.824092	1.912046	3.824092	0	3.824092	0	3.824092	26.768642	1.912046	9.560229	19.120459	126.195029	0	3.824092	0	15.296367	7.648184	3.824092	7.648184	1.912046	13.384321	0	3.824092	1.912046	0	0	0	13.384321	1.912046	0	0	0	3.824092	0	3.824092	15.296367	93.690249	7.648184	59.273423	0	32.50478	0	9.560229	0	0	1.912046	1.912046	0	0	1.912046	11.472275	0	19.120459	19.120459	0	0	3.824092	11.472275	0	28.680688	9.560229	0	0	17.208413	0	0	0	0	0	1.912046	0	1.912046	1.912046	0	11.472275	0	3.824092	7.648184	0	0	0	0	0	0	0	0	0	9.560229	1.912046	0	0	0	1.912046	0	7.648184	0	0	0	0	0	1.912046	11.472275	0	0	7.648184	9.560229	0	0	0	0	0	0	0	0	0	0	0	0	0	0	0	0	0	0	0	0	0	0	0	0	0	0	0	0	0	0	0	0	0	0	108.986616	34.416826	317.399618	53.537285	173.996176	61.185468	158.699809	47.801147	3.824092	3.824092	0	0	0	11.472275	22.944551	11.472275	7.648184	0	57.361377	0
33871_composicao_gpt-5.6-sol.txt	menores_notas_gpt	117.318436	0	92.178771	8.379888	2.793296	13.96648	0	2.793296	0	0	0	2.793296	0	0	0	0	0	0	8.379888	0	5.586592	0	5.586592	0	11.173184	2.793296	0	0	2.793296	13.96648	321.22905	173.184358	108.938547	11.173184	11.173184	13.96648	2.793296	92.178771	16.759777	72.625698	25.139665	16.759777	50.27933	19.553073	36.312849	13.96648	41.899441	36.312849	2.793296	0	2.793296	8.379888	2.793296	75.418994	0	27.932961	44.692737	131.284916	22.346369	11.173184	8.379888	8.379888	5.586592	0	61.452514	2.793296	0	8.379888	103.351955	2.793296	2.793296	2.793296	8.379888	2.793296	0	0	0	5.586592	2.793296	0	0	61.452514	13.96648	0	0	0	0	2.793296	0	0	5.586592	0	0	0	2.793296	0	0	27.932961	0	0	47.486034	0	2.793296	27.932961	78.212291	16.759777	16.759777	0	11.173184	0	0	5.586592	2.793296	5.586592	0	8.379888	2.793296	0	0	0	5.586592	0	0	0	0	0	2.793296	5.586592	13.96648	64.24581	5.586592	92.178771	0	50.27933	0	2.793296	0	0	2.793296	0	0	5.586592	11.173184	5.586592	2.793296	30.726257	25.139665	0	0	5.586592	5.586592	0	47.486034	0	0	0	0	0	2.793296	0	0	0	0	0	5.586592	0	0	16.759777	0	0	0	0	0	0	0	0	0	2.793296	0	0	2.793296	2.793296	0	0	0	0	0	16.759777	0	5.586592	0	0	0	0	11.173184	0	0	0	2.793296	0	0	0	0	0	0	2.793296	0	0	0	0	0	0	0	0	0	0	0	0	0	0	0	0	0	0	0	0	0	0	0	0	0	0	0	206.703911	16.759777	335.195531	89.385475	150.837989	33.519553	162.011173	72.625698	33.519553	5.586592	2.793296	0	0	5.586592	55.865922	8.379888	8.379888	2.793296	75.418994	0
33948_composicao_gpt-5.6-sol.txt	menores_notas_gpt	100.917431	6.116208	73.394495	6.116208	0	12.232416	3.058104	0	0	0	0	0	3.058104	0	0	0	3.058104	0	6.116208	3.058104	6.116208	0	6.116208	0	9.174312	0	0	0	0	15.29052	293.577982	128.440367	91.743119	33.639144	15.29052	3.058104	9.174312	70.336391	0	79.510703	21.406728	15.29052	76.452599	27.522936	45.87156	24.464832	36.697248	30.58104	3.058104	6.116208	3.058104	6.116208	9.174312	73.394495	0	33.639144	42.813456	131.498471	36.697248	27.522936	9.174312	0	6.116208	9.174312	9.174312	0	6.116208	6.116208	94.801223	3.058104	3.058104	0	3.058104	0	0	0	3.058104	3.058104	0	3.058104	0	67.278287	18.348624	0	0	0	0	3.058104	0	0	3.058104	3.058104	0	0	6.116208	0	0	12.232416	0	9.174312	48.929664	0	15.29052	27.522936	88.685015	3.058104	9.174312	0	12.232416	3.058104	6.116208	0	12.232416	9.174312	0	3.058104	0	0	0	0	9.174312	0	0	0	0	0	0	0	9.174312	61.16208	9.174312	85.626911	0	51.987768	0	6.116208	0	0	3.058104	3.058104	0	0	6.116208	6.116208	3.058104	30.58104	27.522936	0	0	6.116208	6.116208	0	48.929664	15.29052	0	0	0	0	3.058104	0	0	0	0	0	6.116208	0	0	6.116208	0	6.116208	0	0	0	0	0	0	0	0	0	0	6.116208	0	0	0	0	0	0	12.232416	0	12.232416	0	0	0	0	9.174312	0	0	0	3.058104	0	0	0	0	0	0	3.058104	0	0	0	0	0	0	0	0	0	0	0	0	0	0	0	0	0	0	0	0	0	0	0	0	0	0	0	180.428135	15.29052	308.868502	107.033639	177.370031	42.813456	149.847095	73.394495	12.232416	6.116208	3.058104	0	0	6.116208	58.103976	6.116208	6.116208	0	91.743119	0
33964_composicao_gpt-5.6-sol.txt	menores_notas_gpt	95.081967	6.557377	55.737705	6.557377	13.114754	6.557377	3.278689	0	0	0	0	3.278689	0	0	0	0	0	0	6.557377	0	3.278689	0	6.557377	0	6.557377	3.278689	0	0	3.278689	42.622951	298.360656	104.918033	111.47541	32.786885	19.672131	13.114754	0	88.52459	6.557377	72.131148	36.065574	6.557377	65.57377	19.672131	29.508197	19.672131	26.229508	29.508197	0	9.836066	0	0	6.557377	52.459016	0	16.393443	36.065574	111.47541	22.95082	22.95082	9.836066	3.278689	0	0	16.393443	0	3.278689	13.114754	78.688525	0	3.278689	3.278689	9.836066	0	0	3.278689	9.836066	3.278689	6.557377	3.278689	0	75.409836	13.114754	0	0	3.278689	0	0	0	0	3.278689	3.278689	0	0	0	0	0	9.836066	0	0	32.786885	0	9.836066	16.393443	91.803279	3.278689	6.557377	0	3.278689	0	3.278689	6.557377	3.278689	9.836066	0	3.278689	3.278689	0	0	0	9.836066	0	0	0	0	0	0	3.278689	6.557377	81.967213	16.393443	65.57377	0	65.57377	0	3.278689	3.278689	3.278689	0	3.278689	0	0	9.836066	6.557377	0	39.344262	29.508197	0	0	3.278689	6.557377	0	32.786885	6.557377	9.836066	0	0	0	0	0	0	0	0	0	3.278689	0	0	9.836066	0	3.278689	0	0	0	0	0	0	0	0	0	0	3.278689	3.278689	0	0	0	0	0	22.95082	0	3.278689	0	6.557377	0	0	3.278689	0	0	0	0	0	0	0	0	0	0	3.278689	0	0	0	0	0	0	0	0	0	0	0	0	0	0	0	0	0	0	0	0	0	0	0	0	0	0	0	101.639344	13.114754	340.983607	78.688525	147.540984	36.065574	163.934426	91.803279	9.836066	3.278689	3.278689	0	0	6.557377	32.786885	6.557377	19.672131	3.278689	59.016393	0
34009_composicao_gpt-5.6-sol.txt	menores_notas_gpt	107.142857	2.747253	49.450549	8.241758	0	8.241758	2.747253	0	0	0	0	2.747253	5.494505	0	0	0	5.494505	0	0	5.494505	13.736264	0	2.747253	0	13.736264	2.747253	0	0	2.747253	5.494505	315.934066	184.065934	120.879121	16.483516	10.989011	0	5.494505	107.142857	5.494505	101.648352	13.736264	16.483516	49.450549	5.494505	41.208791	10.989011	49.450549	41.208791	0	5.494505	0	2.747253	2.747253	87.912088	0	41.208791	63.186813	123.626374	16.483516	10.989011	8.241758	8.241758	2.747253	0	24.725275	0	0	19.230769	43.956044	10.989011	10.989011	0	8.241758	0	0	0	8.241758	10.989011	2.747253	8.241758	0	63.186813	2.747253	0	0	2.747253	0	2.747253	0	0	5.494505	0	0	0	0	0	0	13.736264	0	2.747253	52.197802	0	5.494505	24.725275	71.428571	2.747253	10.989011	0	2.747253	0	2.747253	0	5.494505	5.494505	0	5.494505	0	0	0	0	5.494505	0	0	0	0	0	0	2.747253	13.736264	93.406593	10.989011	49.450549	0	54.945055	0	5.494505	0	0	0	2.747253	0	0	2.747253	8.241758	0	46.703297	10.989011	0	0	10.989011	8.241758	0	46.703297	5.494505	2.747253	0	0	0	0	0	0	0	0	0	10.989011	0	0	8.241758	0	8.241758	0	0	0	0	0	0	0	0	0	0	5.494505	2.747253	0	0	0	0	5.494505	16.483516	0	2.747253	0	0	0	0	10.989011	0	0	0	5.494505	0	0	0	0	0	0	2.747253	0	0	2.747253	0	0	0	0	0	0	0	0	0	0	0	0	0	0	0	0	0	0	0	0	0	0	0	0	159.340659	24.725275	321.428571	101.648352	159.340659	27.472527	153.846154	74.175824	13.736264	10.989011	5.494505	0	0	8.241758	52.197802	8.241758	19.230769	0	82.417582	0
34025_composicao_gpt-5.6-sol.txt	menores_notas_gpt	109.137056	5.076142	63.451777	10.152284	15.228426	7.614213	2.538071	2.538071	0	0	0	0	2.538071	2.538071	0	0	2.538071	0	5.076142	5.076142	10.152284	0	2.538071	0	7.614213	0	0	0	0	0	276.649746	142.13198	126.903553	38.071066	17.766497	5.076142	2.538071	58.375635	7.614213	50.761421	10.152284	2.538071	60.913706	20.304569	38.071066	7.614213	48.22335	10.152284	2.538071	5.076142	0	5.076142	7.614213	78.680203	0	30.456853	73.604061	124.365482	30.456853	7.614213	2.538071	7.614213	2.538071	2.538071	12.690355	5.076142	2.538071	7.614213	60.913706	2.538071	2.538071	5.076142	2.538071	0	0	0	0	5.076142	2.538071	0	0	81.218274	0	0	0	0	0	0	0	0	2.538071	0	0	5.076142	0	0	0	25.380711	0	2.538071	38.071066	0	5.076142	27.918782	81.218274	10.152284	15.228426	0	10.152284	0	15.228426	2.538071	5.076142	10.152284	0	7.614213	2.538071	0	0	0	10.152284	2.538071	0	0	0	0	2.538071	2.538071	22.84264	71.06599	5.076142	68.527919	0	55.837563	0	5.076142	0	0	0	2.538071	0	0	2.538071	7.614213	7.614213	55.837563	5.076142	2.538071	0	10.152284	7.614213	0	38.071066	5.076142	10.152284	0	5.076142	0	2.538071	0	0	0	0	0	10.152284	0	0	2.538071	0	0	5.076142	0	0	0	0	0	0	0	0	0	5.076142	2.538071	0	2.538071	0	2.538071	0	15.228426	0	2.538071	0	0	0	0	10.152284	0	0	2.538071	0	0	0	0	0	0	0	7.614213	0	0	0	0	0	0	0	0	0	0	0	0	0	0	0	0	0	0	0	0	0	0	0	0	0	0	0	177.664975	22.84264	322.335025	93.908629	154.822335	68.527919	144.670051	83.756345	25.380711	10.152284	7.614213	0	0	7.614213	35.532995	7.614213	7.614213	2.538071	71.06599	5.076142
34046_composicao_gpt-5.6-sol.txt	menores_notas_gpt	98.930481	18.716578	69.518717	10.695187	0	5.347594	0	0	0	0	0	0	0	2.673797	0	2.673797	0	0	0	0	16.042781	2.673797	0	5.347594	5.347594	0	0	0	0	26.737968	296.791444	160.427807	109.625668	37.433155	16.042781	10.695187	8.02139	72.192513	16.042781	66.84492	26.737968	8.02139	69.518717	18.716578	42.780749	5.347594	53.475936	26.737968	2.673797	8.02139	0	0	13.368984	77.540107	0	45.454545	66.84492	144.385027	32.085561	10.695187	10.695187	2.673797	5.347594	0	48.128342	2.673797	5.347594	8.02139	82.887701	5.347594	0	0	8.02139	0	0	0	5.347594	2.673797	2.673797	2.673797	0	53.475936	21.390374	0	0	5.347594	0	0	0	0	5.347594	0	2.673797	5.347594	2.673797	2.673797	0	13.368984	0	2.673797	29.411765	0	13.368984	42.780749	82.887701	0	13.368984	0	10.695187	0	2.673797	5.347594	2.673797	5.347594	0	5.347594	2.673797	0	0	0	5.347594	0	0	0	0	0	0	2.673797	0	64.171123	16.042781	77.540107	0	42.780749	2.673797	5.347594	0	0	2.673797	5.347594	0	0	10.695187	0	0	37.433155	13.368984	2.673797	0	13.368984	0	2.673797	29.411765	13.368984	2.673797	0	0	0	5.347594	0	0	0	0	0	10.695187	0	2.673797	18.716578	0	0	0	0	0	0	0	0	0	0	0	0	0	0	0	0	0	0	0	16.042781	0	0	0	0	0	0	16.042781	0	0	0	5.347594	0	0	0	0	0	0	0	0	0	0	0	0	0	0	0	0	0	0	0	0	0	0	0	0	0	0	0	0	0	0	0	0	0	0	187.165775	21.390374	323.529412	96.256684	173.796791	32.085561	157.754011	72.192513	13.368984	16.042781	0	0	0	0	29.411765	0	8.02139	2.673797	56.149733	0
34185_composicao_gpt-5.6-sol.txt	menores_notas_gpt	127.272727	6.060606	39.393939	21.212121	3.030303	12.121212	3.030303	0	0	0	0	3.030303	0	0	0	0	0	0	3.030303	3.030303	3.030303	0	3.030303	0	12.121212	3.030303	0	0	3.030303	24.242424	296.969697	72.727273	84.848485	33.333333	18.181818	6.060606	9.090909	81.818182	0	81.818182	18.181818	12.121212	66.666667	9.090909	57.575758	6.060606	36.363636	21.212121	0	9.090909	0	6.060606	6.060606	87.878788	0	30.30303	48.484848	109.090909	24.242424	15.151515	3.030303	6.060606	0	3.030303	30.30303	3.030303	6.060606	15.151515	66.666667	3.030303	6.060606	0	3.030303	0	0	0	6.060606	6.060606	3.030303	0	0	57.575758	0	0	0	6.060606	0	0	0	0	9.090909	0	3.030303	0	0	0	3.030303	12.121212	0	3.030303	54.545455	0	3.030303	15.151515	63.636364	3.030303	6.060606	0	0	0	0	3.030303	9.090909	3.030303	0	3.030303	0	0	0	0	3.030303	0	0	0	0	3.030303	0	3.030303	6.060606	81.818182	12.121212	39.393939	0	60.606061	0	6.060606	3.030303	3.030303	3.030303	0	0	0	6.060606	6.060606	3.030303	57.575758	6.060606	0	0	3.030303	6.060606	0	39.393939	3.030303	3.030303	0	0	0	0	0	0	0	0	0	3.030303	0	0	3.030303	0	3.030303	0	0	0	0	0	0	0	0	0	0	3.030303	3.030303	0	0	0	0	0	21.212121	0	0	0	0	0	3.030303	15.151515	0	0	0	0	0	0	0	0	0	0	3.030303	0	0	0	0	0	0	0	0	0	0	0	0	0	0	0	0	0	0	0	0	0	0	0	0	0	0	0	172.727273	12.121212	321.212121	100	75.757576	24.242424	133.333333	84.848485	12.121212	3.030303	3.030303	0	0	6.060606	57.575758	0	15.151515	3.030303	72.727273	0
34210_composicao_gpt-5.6-sol.txt	menores_notas_gpt	95.375723	11.560694	49.132948	11.560694	11.560694	5.780347	8.67052	0	0	0	0	2.890173	2.890173	2.890173	0	0	0	0	2.890173	5.780347	2.890173	0	2.890173	0	11.560694	5.780347	0	0	5.780347	2.890173	312.138728	132.947977	164.739884	23.121387	14.450867	8.67052	0	63.583815	2.890173	57.803468	40.462428	11.560694	63.583815	14.450867	57.803468	11.560694	54.913295	26.011561	2.890173	8.67052	0	0	2.890173	95.375723	0	20.231214	75.144509	118.49711	26.011561	17.34104	0	5.780347	2.890173	0	8.67052	2.890173	8.67052	14.450867	78.034682	5.780347	2.890173	0	0	2.890173	0	2.890173	8.67052	5.780347	0	2.890173	0	80.924855	0	0	0	2.890173	0	0	0	0	5.780347	0	2.890173	5.780347	0	2.890173	5.780347	20.231214	5.780347	0	40.462428	0	5.780347	28.901734	86.705202	11.560694	8.67052	0	2.890173	0	5.780347	8.67052	2.890173	2.890173	0	5.780347	5.780347	0	0	0	2.890173	0	0	0	0	0	0	2.890173	5.780347	83.815029	5.780347	60.693642	0	49.132948	2.890173	2.890173	2.890173	2.890173	2.890173	5.780347	0	0	5.780347	5.780347	5.780347	43.352601	11.560694	0	0	0	5.780347	0	40.462428	5.780347	2.890173	0	0	0	5.780347	0	0	0	0	0	2.890173	0	0	2.890173	0	0	2.890173	0	2.890173	0	0	0	0	0	0	0	5.780347	0	0	0	0	0	2.890173	28.901734	0	0	0	0	0	0	0	0	0	2.890173	0	0	0	0	0	0	0	11.560694	0	0	0	0	0	0	0	0	0	0	0	0	0	0	0	0	0	0	0	0	0	0	0	0	0	0	0	156.069364	20.231214	315.028902	109.82659	153.179191	31.791908	150.289017	83.815029	26.011561	5.780347	11.560694	0	0	5.780347	40.462428	5.780347	14.450867	5.780347	75.144509	0
34236_composicao_gpt-5.6-sol.txt	menores_notas_gpt	93.150685	8.219178	41.09589	5.479452	5.479452	2.739726	2.739726	0	0	0	0	2.739726	2.739726	0	0	0	2.739726	0	5.479452	0	13.69863	0	5.479452	0	2.739726	2.739726	0	0	2.739726	0	317.808219	161.643836	139.726027	24.657534	13.69863	5.479452	0	71.232877	2.739726	60.273973	19.178082	5.479452	71.232877	0	54.794521	13.69863	41.09589	46.575342	2.739726	2.739726	0	0	8.219178	84.931507	0	27.39726	54.794521	115.068493	35.616438	21.917808	5.479452	2.739726	0	0	10.958904	5.479452	8.219178	16.438356	71.232877	8.219178	2.739726	0	5.479452	0	0	8.219178	5.479452	5.479452	5.479452	2.739726	0	87.671233	0	0	0	2.739726	0	2.739726	0	0	2.739726	2.739726	2.739726	0	2.739726	2.739726	2.739726	32.876712	0	0	41.09589	0	5.479452	24.657534	93.150685	5.479452	27.39726	0	8.219178	0	0	5.479452	5.479452	8.219178	0	5.479452	5.479452	0	0	0	8.219178	0	0	0	0	0	0	5.479452	5.479452	98.630137	8.219178	41.09589	0	52.054795	0	0	0	2.739726	2.739726	5.479452	0	0	13.69863	2.739726	2.739726	32.876712	16.438356	0	0	13.69863	2.739726	0	32.876712	5.479452	8.219178	0	0	0	2.739726	0	0	0	0	0	10.958904	0	0	8.219178	0	2.739726	0	0	0	0	0	2.739726	0	0	0	0	2.739726	0	0	0	0	0	0	30.136986	0	0	0	5.479452	0	0	13.69863	0	0	0	2.739726	0	0	0	0	0	0	2.739726	0	0	0	0	0	0	0	0	0	0	0	0	0	0	0	0	0	0	0	0	0	0	0	0	0	0	0	101.369863	24.657534	317.808219	106.849315	172.60274	30.136986	147.945205	82.191781	32.876712	13.69863	2.739726	0	0	2.739726	38.356164	5.479452	16.438356	5.479452	71.232877	0
34251_composicao_gpt-5.6-sol.txt	menores_notas_gpt	122.615804	2.724796	89.918256	8.174387	2.724796	8.174387	2.724796	0	0	0	0	0	0	0	0	0	0	0	2.724796	0	5.449591	0	2.724796	0	8.174387	0	0	0	0	32.697548	228.882834	130.790191	114.441417	35.422343	19.073569	0	2.724796	84.468665	0	81.743869	19.073569	13.623978	57.220708	2.724796	46.321526	10.899183	35.422343	32.697548	0	5.449591	0	0	8.174387	70.844687	0	27.247956	46.321526	103.542234	24.523161	13.623978	8.174387	0	0	0	16.348774	0	2.724796	16.348774	57.220708	5.449591	0	0	8.174387	2.724796	0	5.449591	8.174387	5.449591	2.724796	0	0	73.569482	0	0	0	5.449591	0	0	0	0	5.449591	0	0	0	0	0	0	10.899183	0	0	29.972752	0	10.899183	21.798365	79.019074	13.623978	8.174387	0	2.724796	0	5.449591	2.724796	5.449591	8.174387	0	13.623978	2.724796	0	0	0	8.174387	0	0	0	0	0	2.724796	2.724796	8.174387	59.945504	13.623978	92.643052	0	54.495913	0	2.724796	2.724796	2.724796	0	5.449591	0	0	10.899183	5.449591	5.449591	40.871935	13.623978	0	0	5.449591	5.449591	0	29.972752	8.174387	5.449591	0	5.449591	0	0	0	0	0	0	0	5.449591	0	0	8.174387	0	5.449591	0	0	0	0	0	0	0	0	0	0	5.449591	0	0	0	0	0	0	16.348774	0	0	0	5.449591	0	0	8.174387	0	0	0	2.724796	0	0	0	0	0	0	5.449591	0	0	0	0	0	0	0	0	0	0	0	0	0	0	0	0	0	0	0	0	0	0	0	0	0	0	0	125.340599	27.247956	318.80109	89.918256	144.414169	43.59673	166.212534	89.918256	19.073569	5.449591	5.449591	0	0	5.449591	29.972752	5.449591	16.348774	2.724796	62.6703	5.449591
34273_composicao_gpt-5.6-sol.txt	menores_notas_gpt	93.841642	11.730205	52.785924	8.797654	2.932551	11.730205	2.932551	0	0	0	0	0	5.865103	0	2.932551	0	2.932551	0	2.932551	0	8.797654	0	0	0	11.730205	0	0	0	2.932551	2.932551	302.052786	131.964809	129.032258	32.258065	8.797654	2.932551	2.932551	58.651026	5.865103	52.785924	5.865103	11.730205	49.853372	0	64.516129	5.865103	49.853372	35.190616	5.865103	14.662757	0	0	14.662757	96.774194	0	38.123167	64.516129	120.234604	17.595308	14.662757	5.865103	5.865103	5.865103	0	41.055718	2.932551	5.865103	14.662757	82.111437	2.932551	5.865103	0	2.932551	0	0	0	8.797654	8.797654	2.932551	2.932551	0	67.44868	0	0	0	0	0	2.932551	0	0	2.932551	2.932551	0	5.865103	5.865103	0	0	17.595308	0	0	61.583578	0	14.662757	26.392962	67.44868	0	11.730205	0	5.865103	0	14.662757	2.932551	8.797654	0	0	2.932551	0	0	0	0	0	0	0	0	0	0	0	2.932551	5.865103	87.97654	0	55.718475	0	64.516129	0	2.932551	0	2.932551	0	2.932551	0	0	8.797654	2.932551	5.865103	52.785924	14.662757	0	0	8.797654	2.932551	0	55.718475	11.730205	2.932551	0	0	0	2.932551	0	0	0	0	0	8.797654	0	0	11.730205	0	2.932551	0	0	0	0	0	0	0	0	0	0	2.932551	0	0	0	0	0	0	17.595308	0	0	0	0	0	2.932551	17.595308	0	0	0	5.865103	0	0	0	0	0	0	8.797654	0	0	0	0	0	0	0	0	0	0	0	0	0	0	0	0	0	0	0	0	0	0	0	0	0	0	0	158.357771	17.595308	304.985337	117.302053	158.357771	38.123167	143.695015	87.97654	17.595308	8.797654	8.797654	0	0	2.932551	55.718475	2.932551	17.595308	0	102.639296	0
34308_composicao_gpt-5.6-sol.txt	menores_notas_gpt	100.31348	15.673981	50.15674	6.269592	3.134796	9.404389	0	0	0	0	0	6.269592	12.539185	6.269592	9.404389	6.269592	3.134796	0	6.269592	0	6.269592	0	3.134796	12.539185	9.404389	6.269592	0	0	6.269592	9.404389	291.53605	159.874608	87.774295	18.808777	9.404389	0	3.134796	65.830721	0	62.695925	21.943574	15.673981	72.100313	0	28.213166	15.673981	40.752351	37.617555	0	6.269592	3.134796	6.269592	6.269592	87.774295	0	21.943574	50.15674	122.257053	34.482759	18.808777	9.404389	3.134796	0	6.269592	34.482759	3.134796	3.134796	15.673981	75.23511	3.134796	0	3.134796	3.134796	3.134796	3.134796	3.134796	9.404389	6.269592	3.134796	3.134796	0	81.504702	12.539185	0	0	6.269592	0	0	0	0	0	0	0	0	0	0	0	6.269592	0	3.134796	50.15674	0	9.404389	18.808777	100.31348	9.404389	12.539185	0	12.539185	0	3.134796	0	6.269592	12.539185	0	6.269592	0	0	0	0	12.539185	0	0	0	0	0	0	0	9.404389	68.965517	6.269592	59.561129	0	59.561129	3.134796	3.134796	0	0	0	6.269592	0	0	3.134796	6.269592	6.269592	43.887147	18.808777	0	0	6.269592	6.269592	0	50.15674	9.404389	3.134796	0	9.404389	0	3.134796	0	0	0	0	0	0	0	9.404389	6.269592	0	3.134796	3.134796	0	0	0	0	0	0	0	0	0	6.269592	0	0	0	0	0	0	18.808777	0	3.134796	0	3.134796	0	12.539185	9.404389	0	0	6.269592	6.269592	0	0	0	0	0	0	6.269592	0	0	0	0	0	0	0	0	0	0	0	0	0	0	0	0	0	0	0	0	0	0	0	0	0	0	0	115.987461	37.617555	300.940439	109.717868	159.874608	43.887147	134.796238	87.774295	21.943574	12.539185	6.269592	0	0	6.269592	50.15674	6.269592	18.808777	0	78.369906	3.134796
34356_composicao_gpt-5.6-sol.txt	menores_notas_gpt	92.592593	5.291005	52.910053	7.936508	13.227513	10.582011	0	0	0	0	0	2.645503	7.936508	2.645503	2.645503	0	5.291005	0	2.645503	2.645503	7.936508	0	2.645503	0	10.582011	2.645503	0	0	2.645503	31.746032	269.84127	132.275132	132.275132	26.455026	13.227513	7.936508	5.291005	68.783069	2.645503	39.68254	21.164021	10.582011	60.846561	10.582011	39.68254	13.227513	26.455026	15.873016	2.645503	13.227513	0	2.645503	10.582011	50.26455	0	18.518519	42.328042	119.047619	31.746032	10.582011	0	15.873016	0	0	5.291005	2.645503	2.645503	7.936508	66.137566	0	0	7.936508	2.645503	0	2.645503	0	2.645503	2.645503	2.645503	0	0	87.301587	5.291005	5.291005	0	2.645503	0	0	0	0	5.291005	0	2.645503	0	0	0	2.645503	21.164021	0	0	42.328042	0	0	29.100529	100.529101	0	21.164021	0	7.936508	0	2.645503	7.936508	5.291005	15.873016	0	10.582011	0	0	0	0	15.873016	0	0	0	0	0	2.645503	10.582011	7.936508	68.783069	7.936508	55.555556	0	55.555556	2.645503	2.645503	0	2.645503	5.291005	7.936508	0	0	13.227513	13.227513	2.645503	37.037037	23.809524	0	0	7.936508	13.227513	0	39.68254	0	2.645503	0	0	0	5.291005	0	0	0	0	0	5.291005	2.645503	0	5.291005	0	2.645503	7.936508	0	0	0	0	0	0	2.645503	0	0	13.227513	0	0	0	0	0	0	15.873016	0	0	0	0	0	2.645503	15.873016	0	2.645503	5.291005	2.645503	0	0	0	0	0	0	5.291005	0	0	0	0	0	0	0	0	0	0	0	0	0	0	0	0	0	0	0	0	0	0	0	0	0	0	0	150.793651	44.973545	301.587302	74.074074	150.793651	60.846561	132.275132	92.592593	21.164021	7.936508	5.291005	0	0	13.227513	39.68254	13.227513	7.936508	0	71.428571	0
34362_composicao_gpt-5.6-sol.txt	menores_notas_gpt	120.734908	5.249344	36.745407	13.12336	7.874016	7.874016	0	0	0	0	0	0	5.249344	0	0	0	2.624672	0	5.249344	0	5.249344	0	5.249344	0	7.874016	0	0	0	0	0	328.08399	165.354331	133.858268	36.745407	13.12336	5.249344	5.249344	65.616798	2.624672	65.616798	15.748031	18.372703	99.737533	5.249344	57.742782	15.748031	39.370079	20.997375	5.249344	0	0	10.498688	10.498688	86.614173	2.624672	26.246719	47.244094	118.110236	20.997375	15.748031	10.498688	10.498688	0	2.624672	44.619423	0	0	10.498688	73.490814	2.624672	5.249344	2.624672	5.249344	7.874016	0	2.624672	5.249344	2.624672	2.624672	0	0	91.863517	0	0	0	0	0	0	0	0	2.624672	0	2.624672	5.249344	0	0	0	10.498688	2.624672	0	34.120735	0	2.624672	18.372703	91.863517	0	10.498688	0	13.12336	0	7.874016	5.249344	7.874016	5.249344	0	2.624672	5.249344	0	0	0	5.249344	0	0	0	0	0	2.624672	5.249344	7.874016	78.740157	7.874016	41.994751	0	57.742782	5.249344	2.624672	0	2.624672	2.624672	5.249344	0	0	5.249344	7.874016	2.624672	49.868766	15.748031	0	0	5.249344	7.874016	0	34.120735	2.624672	0	0	0	0	5.249344	0	0	0	0	0	5.249344	0	0	7.874016	0	2.624672	2.624672	0	0	0	0	0	0	2.624672	0	0	7.874016	0	0	0	0	0	5.249344	13.12336	0	2.624672	0	2.624672	0	0	10.498688	0	0	0	5.249344	0	0	0	0	0	0	2.624672	0	0	0	0	0	0	0	0	0	0	0	0	0	0	0	0	0	0	0	0	0	0	0	0	0	0	0	162.729659	23.622047	328.08399	110.23622	152.230971	41.994751	128.608924	83.989501	13.12336	5.249344	2.624672	0	0	7.874016	34.120735	7.874016	13.12336	7.874016	55.11811	0
34537_composicao_gpt-5.6-sol.txt	menores_notas_gpt	110.803324	5.540166	52.631579	8.310249	2.770083	5.540166	5.540166	0	0	0	0	0	2.770083	0	0	0	2.770083	0	0	0	2.770083	0	0	0	2.770083	0	0	0	0	27.700831	249.307479	138.504155	113.573407	27.700831	16.620499	2.770083	2.770083	66.481994	11.080332	47.091413	44.32133	16.620499	69.252078	2.770083	44.32133	16.620499	24.930748	30.470914	0	8.310249	0	5.540166	2.770083	72.022161	0	19.390582	58.171745	102.493075	33.240997	19.390582	2.770083	2.770083	0	2.770083	5.540166	5.540166	8.310249	8.310249	60.941828	0	0	0	2.770083	0	0	0	5.540166	2.770083	0	2.770083	0	55.401662	19.390582	0	0	5.540166	0	0	0	0	2.770083	2.770083	0	0	0	5.540166	0	27.700831	0	2.770083	52.631579	0	0	16.620499	80.33241	0	27.700831	0	2.770083	0	2.770083	2.770083	5.540166	16.620499	2.770083	8.310249	2.770083	0	0	0	13.850416	2.770083	2.770083	0	0	0	0	0	0	88.642659	0	55.401662	0	63.711911	2.770083	5.540166	2.770083	2.770083	0	13.850416	0	0	2.770083	5.540166	5.540166	60.941828	5.540166	5.540166	0	2.770083	5.540166	0	49.861496	0	2.770083	0	0	0	2.770083	0	0	0	0	0	2.770083	0	0	0	0	2.770083	0	0	0	0	0	0	0	2.770083	0	0	5.540166	0	0	0	0	0	0	5.540166	0	2.770083	0	0	0	0	11.080332	0	0	2.770083	0	0	0	0	0	0	0	5.540166	0	0	0	0	0	0	0	0	0	0	0	0	0	0	0	0	0	0	0	0	0	0	0	0	0	0	0	168.975069	5.540166	324.099723	88.642659	155.124654	41.551247	144.044321	110.803324	27.700831	2.770083	5.540166	0	0	5.540166	60.941828	5.540166	8.310249	5.540166	69.252078	0
34613_composicao_gpt-5.6-sol.txt	menores_notas_gpt	63.72549	17.156863	36.764706	2.45098	26.960784	14.705882	2.45098	0	0	0	0	14.705882	4.901961	12.254902	2.45098	7.352941	4.901961	0	4.901961	7.352941	7.352941	2.45098	4.901961	2.45098	19.607843	14.705882	7.352941	0	7.352941	29.411765	218.137255	63.72549	137.254902	41.666667	2.45098	2.45098	4.901961	7.352941	2.45098	19.607843	14.705882	4.901961	61.27451	0	51.470588	19.607843	14.705882	2.45098	7.352941	7.352941	2.45098	7.352941	14.705882	39.215686	0	2.45098	51.470588	205.882353	44.117647	22.058824	24.509804	9.803922	4.901961	14.705882	26.960784	14.705882	2.45098	17.156863	88.235294	12.254902	4.901961	7.352941	12.254902	4.901961	2.45098	2.45098	4.901961	2.45098	0	7.352941	2.45098	36.764706	68.627451	34.313725	14.705882	4.901961	0	2.45098	4.901961	0	0	7.352941	2.45098	19.607843	7.352941	2.45098	0	9.803922	0	4.901961	44.117647	0	19.607843	29.411765	154.411765	0	9.803922	0	14.705882	4.901961	4.901961	2.45098	7.352941	14.705882	2.45098	2.45098	0	2.45098	0	0	14.705882	2.45098	2.45098	0	0	2.45098	0	2.45098	7.352941	68.627451	0	36.764706	0	44.117647	0	4.901961	2.45098	2.45098	4.901961	4.901961	0	0	2.45098	19.607843	7.352941	29.411765	14.705882	0	0	7.352941	19.607843	0	44.117647	17.156863	2.45098	0	53.921569	0	4.901961	0	0	0	2.45098	0	4.901961	0	0	2.45098	0	17.156863	4.901961	0	4.901961	0	0	0	0	0	0	0	19.607843	0	0	0	4.901961	0	7.352941	31.862745	0	0	0	0	4.901961	0	12.254902	0	0	4.901961	4.901961	0	0	0	0	2.45098	0	7.352941	0	0	0	0	0	0	0	0	0	0	0	0	0	0	0	0	0	0	0	0	0	0	0	0	0	0	0	117.647059	88.235294	247.54902	71.078431	250	61.27451	105.392157	93.137255	9.803922	7.352941	7.352941	0	0	19.607843	49.019608	19.607843	19.607843	7.352941	93.137255	53.921569
34616_composicao_gpt-5.6-sol.txt	menores_notas_gpt	103.773585	6.289308	59.748428	9.433962	9.433962	3.144654	0	0	0	0	0	3.144654	0	0	0	0	0	0	3.144654	0	3.144654	0	3.144654	0	3.144654	3.144654	0	0	3.144654	3.144654	330.188679	182.389937	113.207547	34.591195	18.867925	6.289308	6.289308	62.893082	3.144654	66.037736	18.867925	12.578616	78.616352	31.446541	94.339623	12.578616	47.169811	28.301887	3.144654	9.433962	0	0	9.433962	84.90566	0	25.157233	66.037736	106.918239	18.867925	12.578616	3.144654	9.433962	0	3.144654	18.867925	0	3.144654	18.867925	53.459119	9.433962	0	0	3.144654	0	0	0	12.578616	0	6.289308	12.578616	0	66.037736	12.578616	0	0	3.144654	0	0	0	0	9.433962	0	0	0	0	0	0	6.289308	0	3.144654	34.591195	0	6.289308	18.867925	81.761006	0	6.289308	0	0	0	15.72327	0	3.144654	9.433962	0	3.144654	0	0	0	0	6.289308	3.144654	3.144654	0	3.144654	0	0	0	6.289308	81.761006	3.144654	66.037736	0	66.037736	3.144654	6.289308	0	0	3.144654	3.144654	0	0	0	15.72327	6.289308	62.893082	12.578616	0	0	3.144654	15.72327	0	34.591195	3.144654	0	0	12.578616	0	0	0	0	0	0	0	3.144654	0	0	12.578616	0	3.144654	6.289308	0	0	0	3.144654	0	0	0	0	0	9.433962	6.289308	0	0	0	0	0	22.012579	0	0	0	0	0	0	3.144654	0	0	0	0	0	0	0	0	0	0	9.433962	0	0	0	0	0	0	0	0	0	0	0	0	0	0	0	0	0	0	0	0	0	0	0	0	0	0	0	169.811321	9.433962	330.188679	106.918239	144.654088	34.591195	150.943396	88.050314	6.289308	3.144654	9.433962	0	0	15.72327	34.591195	12.578616	18.867925	3.144654	59.748428	12.578616
34618_composicao_gpt-5.6-sol.txt	menores_notas_gpt	110.447761	0	56.716418	14.925373	2.985075	5.970149	11.940299	0	0	0	0	0	5.970149	2.985075	0	0	2.985075	0	5.970149	2.985075	2.985075	0	5.970149	0	8.955224	0	0	0	0	0	268.656716	95.522388	119.402985	23.880597	11.940299	0	2.985075	86.567164	2.985075	65.671642	26.865672	11.940299	77.61194	0	38.80597	11.940299	44.776119	32.835821	0	5.970149	0	0	2.985075	86.567164	0	23.880597	56.716418	86.567164	32.835821	14.925373	2.985075	2.985075	2.985075	2.985075	0	0	2.985075	8.955224	59.701493	5.970149	5.970149	0	2.985075	0	0	0	5.970149	2.985075	2.985075	2.985075	0	80.597015	0	0	0	2.985075	0	2.985075	0	0	0	0	0	0	0	0	0	17.910448	2.985075	2.985075	38.80597	0	5.970149	29.850746	86.567164	0	38.80597	0	5.970149	0	8.955224	2.985075	2.985075	0	0	11.940299	2.985075	0	0	0	0	0	0	0	0	0	2.985075	2.985075	14.925373	74.626866	8.955224	71.641791	0	71.641791	0	0	0	0	0	2.985075	0	0	5.970149	5.970149	2.985075	50.746269	23.880597	0	0	2.985075	5.970149	0	38.80597	2.985075	5.970149	0	2.985075	0	2.985075	0	0	0	0	0	2.985075	0	0	5.970149	0	2.985075	2.985075	0	0	0	0	0	0	0	0	0	5.970149	0	0	0	0	0	0	23.880597	0	5.970149	0	8.955224	0	0	5.970149	0	0	5.970149	0	0	0	0	0	0	0	11.940299	0	0	0	0	0	0	0	0	0	0	0	0	0	0	0	0	0	0	0	0	0	0	0	0	0	0	0	167.164179	20.895522	322.38806	101.492537	131.343284	41.791045	155.223881	89.552239	41.791045	2.985075	11.940299	0	0	5.970149	38.80597	11.940299	11.940299	2.985075	74.626866	2.985075
34637_composicao_gpt-5.6-sol.txt	menores_notas_gpt	107.033639	3.058104	67.278287	15.29052	6.116208	3.058104	12.232416	0	0	0	0	3.058104	6.116208	0	0	0	6.116208	0	3.058104	0	9.174312	0	3.058104	0	3.058104	3.058104	0	0	3.058104	15.29052	223.24159	149.847095	110.091743	21.406728	12.232416	3.058104	3.058104	76.452599	0	91.743119	18.348624	15.29052	64.220183	0	42.813456	3.058104	39.755352	33.639144	0	3.058104	0	0	6.116208	76.452599	0	27.522936	42.813456	119.266055	24.464832	6.116208	6.116208	3.058104	0	0	6.116208	0	3.058104	9.174312	48.929664	6.116208	3.058104	0	9.174312	0	0	0	0	6.116208	3.058104	0	0	70.336391	0	0	0	0	0	0	0	0	3.058104	0	0	0	0	3.058104	0	27.522936	0	0	42.813456	0	0	27.522936	70.336391	12.232416	15.29052	0	3.058104	0	3.058104	0	0	3.058104	0	3.058104	0	0	0	0	3.058104	0	0	0	0	0	0	0	6.116208	110.091743	21.406728	67.278287	0	58.103976	0	9.174312	0	0	0	6.116208	0	0	6.116208	3.058104	3.058104	55.045872	6.116208	0	0	9.174312	3.058104	0	39.755352	0	0	0	3.058104	0	3.058104	0	0	0	0	0	6.116208	3.058104	0	12.232416	0	6.116208	0	0	0	0	0	0	0	0	0	0	0	3.058104	0	0	0	0	0	21.406728	0	0	0	0	0	0	9.174312	0	0	0	6.116208	0	0	0	0	0	0	3.058104	0	0	0	0	0	0	0	0	0	0	0	0	0	0	0	0	0	0	0	0	0	0	0	0	0	0	0	177.370031	15.29052	327.217125	85.626911	143.730887	15.29052	186.544343	85.626911	27.522936	9.174312	3.058104	0	0	6.116208	39.755352	6.116208	9.174312	0	70.336391	3.058104
34638_composicao_gpt-5.6-sol.txt	menores_notas_gpt	122.95082	10.928962	43.715847	10.928962	2.73224	5.464481	5.464481	0	0	0	0	5.464481	0	0	0	0	0	0	5.464481	5.464481	8.196721	0	5.464481	2.73224	10.928962	5.464481	0	0	5.464481	5.464481	308.743169	128.415301	150.273224	21.857923	8.196721	0	0	73.770492	5.464481	68.306011	35.519126	19.125683	68.306011	16.393443	51.912568	8.196721	24.590164	19.125683	2.73224	8.196721	0	0	5.464481	68.306011	0	19.125683	35.519126	117.486339	24.590164	21.857923	8.196721	5.464481	0	0	13.661202	0	5.464481	10.928962	76.502732	5.464481	10.928962	0	5.464481	0	0	0	8.196721	5.464481	0	5.464481	0	71.038251	5.464481	0	0	2.73224	0	0	0	0	5.464481	0	2.73224	0	2.73224	0	0	19.125683	0	0	43.715847	0	10.928962	16.393443	79.234973	5.464481	13.661202	0	5.464481	0	8.196721	2.73224	2.73224	8.196721	0	8.196721	0	2.73224	0	0	8.196721	0	0	0	0	0	2.73224	2.73224	5.464481	101.092896	8.196721	43.715847	0	40.983607	2.73224	8.196721	2.73224	0	0	5.464481	0	0	13.661202	2.73224	2.73224	35.519126	13.661202	2.73224	0	8.196721	2.73224	0	43.715847	8.196721	0	0	0	0	0	0	0	0	0	0	8.196721	0	0	2.73224	0	2.73224	0	0	0	0	0	0	0	0	0	0	0	2.73224	0	0	0	2.73224	8.196721	16.393443	0	0	0	2.73224	0	0	8.196721	0	0	0	0	0	0	0	0	0	0	5.464481	0	0	0	0	0	0	0	0	0	0	0	0	0	0	0	0	0	0	0	0	0	0	0	0	0	0	0	133.879781	27.322404	314.20765	81.967213	153.005464	40.983607	153.005464	81.967213	19.125683	8.196721	5.464481	0	0	2.73224	43.715847	2.73224	13.661202	2.73224	71.038251	0
34642_composicao_gpt-5.6-sol.txt	menores_notas_gpt	105.555556	5.555556	61.111111	8.333333	5.555556	2.777778	2.777778	0	0	0	0	0	5.555556	2.777778	0	0	5.555556	0	2.777778	5.555556	2.777778	0	2.777778	0	8.333333	0	0	0	0	5.555556	316.666667	130.555556	147.222222	27.777778	13.888889	2.777778	0	63.888889	2.777778	47.222222	13.888889	16.666667	61.111111	2.777778	77.777778	11.111111	33.333333	27.777778	0	0	2.777778	0	2.777778	72.222222	0	13.888889	52.777778	97.222222	30.555556	13.888889	2.777778	2.777778	0	0	38.888889	0	5.555556	8.333333	50	2.777778	2.777778	5.555556	2.777778	0	0	0	2.777778	5.555556	0	2.777778	0	66.666667	0	0	0	2.777778	0	0	0	0	8.333333	0	0	0	2.777778	0	0	33.333333	0	0	38.888889	0	5.555556	22.222222	69.444444	0	33.333333	0	8.333333	0	2.777778	0	5.555556	8.333333	2.777778	5.555556	0	0	0	0	8.333333	0	2.777778	0	0	0	0	0	25	77.777778	22.222222	61.111111	0	61.111111	0	5.555556	0	0	0	5.555556	0	0	11.111111	8.333333	0	50	11.111111	0	0	2.777778	8.333333	0	33.333333	5.555556	2.777778	0	2.777778	0	0	0	0	0	0	0	2.777778	0	0	2.777778	0	2.777778	0	0	0	2.777778	0	0	0	0	0	0	2.777778	5.555556	0	0	0	0	0	13.888889	0	0	0	2.777778	0	0	11.111111	0	0	5.555556	0	0	0	0	0	0	0	5.555556	0	0	0	0	0	0	0	0	0	0	0	0	0	0	0	0	0	0	0	0	0	0	0	0	0	0	0	111.111111	19.444444	322.222222	86.111111	141.666667	50	172.222222	91.666667	33.333333	2.777778	5.555556	0	0	8.333333	38.888889	8.333333	8.333333	2.777778	66.666667	2.777778
34714_composicao_gpt-5.6-sol.txt	menores_notas_gpt	90.909091	11.730205	73.313783	5.865103	8.797654	8.797654	2.932551	0	0	0	0	0	0	0	0	0	0	0	5.865103	0	2.932551	0	5.865103	0	2.932551	0	0	0	0	5.865103	340.175953	102.639296	129.032258	26.392962	11.730205	8.797654	0	76.246334	2.932551	67.44868	29.325513	14.662757	85.043988	2.932551	90.909091	14.662757	32.258065	35.190616	5.865103	5.865103	0	0	14.662757	76.246334	0	17.595308	67.44868	90.909091	26.392962	17.595308	8.797654	0	0	0	26.392962	0	0	8.797654	70.381232	2.932551	2.932551	0	8.797654	0	0	0	2.932551	5.865103	0	0	0	55.718475	11.730205	0	0	2.932551	0	0	0	0	5.865103	0	0	5.865103	0	0	0	17.595308	0	0	32.258065	0	2.932551	17.595308	70.381232	0	17.595308	0	2.932551	0	8.797654	2.932551	5.865103	2.932551	0	5.865103	2.932551	0	0	0	2.932551	0	0	0	0	2.932551	0	0	20.527859	87.97654	2.932551	82.111437	0	64.516129	0	0	5.865103	0	5.865103	0	0	0	5.865103	2.932551	0	49.853372	14.662757	0	0	2.932551	2.932551	2.932551	32.258065	2.932551	2.932551	0	0	0	0	0	0	0	0	0	2.932551	0	0	2.932551	0	2.932551	0	0	0	0	0	0	0	0	0	0	2.932551	0	0	0	0	0	0	17.595308	0	2.932551	0	5.865103	0	0	5.865103	0	0	0	0	0	0	0	0	0	0	0	0	0	0	0	0	0	0	0	0	0	0	0	0	0	0	0	0	0	0	0	0	0	0	0	0	0	0	102.639296	8.797654	346.041056	105.571848	129.032258	35.190616	173.020528	85.043988	17.595308	2.932551	0	0	0	2.932551	32.258065	2.932551	8.797654	5.865103	52.785924	0
34743_composicao_gpt-5.6-sol.txt	menores_notas_gpt	101.587302	6.349206	50.793651	6.349206	6.349206	3.174603	6.349206	0	0	0	0	0	3.174603	0	0	0	3.174603	0	0	0	6.349206	0	3.174603	0	3.174603	0	0	0	0	3.174603	266.666667	139.68254	133.333333	25.396825	19.047619	6.349206	3.174603	63.492063	9.52381	79.365079	31.746032	9.52381	63.492063	15.873016	44.444444	6.349206	47.619048	38.095238	0	3.174603	0	0	3.174603	76.190476	0	31.746032	57.142857	161.904762	25.396825	22.222222	6.349206	15.873016	0	3.174603	19.047619	0	0	12.698413	82.539683	0	6.349206	6.349206	3.174603	0	0	0	6.349206	6.349206	0	3.174603	0	82.539683	6.349206	0	0	3.174603	0	0	0	0	6.349206	0	0	3.174603	0	0	0	19.047619	0	3.174603	47.619048	0	0	41.269841	92.063492	3.174603	15.873016	0	6.349206	0	9.52381	6.349206	6.349206	6.349206	0	6.349206	3.174603	0	0	0	6.349206	0	0	0	0	0	0	3.174603	6.349206	79.365079	3.174603	53.968254	0	69.84127	3.174603	0	0	0	3.174603	6.349206	0	0	6.349206	3.174603	3.174603	53.968254	15.873016	0	0	6.349206	3.174603	0	47.619048	0	0	0	6.349206	0	0	0	0	0	0	0	6.349206	0	0	19.047619	0	3.174603	0	0	0	0	0	0	0	0	0	0	3.174603	0	0	0	0	3.174603	3.174603	12.698413	0	6.349206	0	3.174603	0	0	15.873016	0	0	0	3.174603	0	0	0	0	0	0	3.174603	0	0	0	0	0	0	0	0	0	0	0	0	0	0	0	0	0	0	0	0	0	0	0	0	0	0	0	107.936508	9.52381	314.285714	95.238095	187.301587	34.920635	136.507937	95.238095	19.047619	6.349206	3.174603	0	0	3.174603	47.619048	3.174603	12.698413	3.174603	88.888889	6.349206
34807_composicao_gpt-5.6-sol.txt	menores_notas_gpt	100	20.454545	34.090909	6.818182	6.818182	11.363636	2.272727	0	0	0	0	11.363636	20.454545	6.818182	9.090909	2.272727	9.090909	0	2.272727	6.818182	2.272727	2.272727	2.272727	0	15.909091	11.363636	0	0	11.363636	59.090909	222.727273	86.363636	159.090909	25	9.090909	4.545455	6.818182	36.363636	0	31.818182	20.454545	9.090909	84.090909	0	47.727273	20.454545	9.090909	13.636364	4.545455	0	2.272727	2.272727	13.636364	40.909091	0	6.818182	50	154.545455	38.636364	18.181818	22.727273	9.090909	0	18.181818	13.636364	18.181818	2.272727	13.636364	95.454545	13.636364	2.272727	4.545455	15.909091	4.545455	0	0	6.818182	0	2.272727	6.818182	0	52.272727	36.363636	45.454545	0	2.272727	0	2.272727	0	0	2.272727	4.545455	0	0	6.818182	0	0	0	0	15.909091	47.727273	0	11.363636	13.636364	138.636364	0	0	0	15.909091	2.272727	4.545455	4.545455	6.818182	15.909091	0	6.818182	0	0	0	0	15.909091	0	0	0	0	2.272727	2.272727	4.545455	2.272727	68.181818	4.545455	34.090909	0	40.909091	0	4.545455	0	4.545455	0	6.818182	0	0	4.545455	13.636364	0	29.545455	15.909091	0	0	2.272727	13.636364	0	50	11.363636	0	2.272727	25	0	6.818182	0	0	0	2.272727	0	2.272727	0	0	4.545455	0	4.545455	6.818182	0	0	0	0	0	0	0	0	0	11.363636	2.272727	0	0	0	0	2.272727	11.363636	0	11.363636	0	0	2.272727	0	20.454545	0	0	11.363636	9.090909	0	0	0	0	0	0	0	0	0	0	0	0	0	0	0	0	0	0	0	0	0	0	0	0	0	0	0	0	0	0	0	0	0	0	120.454545	52.272727	281.818182	75	204.545455	59.090909	111.363636	75	0	2.272727	0	0	0	13.636364	50	13.636364	13.636364	0	72.727273	25
34823_composicao_gpt-5.6-sol.txt	menores_notas_gpt	91.922006	8.356546	50.139276	8.356546	2.785515	2.785515	5.571031	0	0	0	0	0	0	0	0	0	0	0	8.356546	0	5.571031	0	5.571031	0	2.785515	0	0	0	0	11.142061	309.192201	153.203343	116.991643	19.498607	13.927577	5.571031	2.785515	66.852368	5.571031	52.924791	38.997214	13.927577	77.994429	8.356546	52.924791	11.142061	38.997214	47.35376	5.571031	2.785515	0	2.785515	11.142061	77.994429	0	25.069638	50.139276	150.417827	30.640669	19.498607	13.927577	2.785515	8.356546	0	41.78273	0	0	22.284123	66.852368	8.356546	0	0	13.927577	0	0	0	11.142061	8.356546	2.785515	8.356546	0	58.495822	11.142061	0	0	2.785515	0	2.785515	0	0	2.785515	8.356546	0	5.571031	2.785515	0	0	41.78273	0	2.785515	44.568245	0	11.142061	38.997214	75.208914	2.785515	38.997214	0	2.785515	0	5.571031	0	5.571031	5.571031	0	2.785515	0	0	0	0	5.571031	0	0	0	0	0	0	2.785515	8.356546	86.350975	11.142061	55.710306	0	69.637883	0	0	0	0	2.785515	5.571031	0	0	0	8.356546	2.785515	41.78273	27.855153	0	0	2.785515	8.356546	0	44.568245	8.356546	5.571031	0	0	0	2.785515	0	0	0	0	0	0	2.785515	0	5.571031	0	2.785515	0	0	0	0	0	0	0	0	0	0	2.785515	5.571031	0	0	0	0	0	22.284123	0	0	2.785515	0	0	0	8.356546	0	0	0	2.785515	0	0	0	0	0	0	2.785515	0	0	0	0	0	0	0	0	0	0	0	0	0	0	0	0	0	0	0	0	0	0	0	0	0	0	0	150.417827	22.284123	320.334262	100.278552	181.058496	27.855153	155.988858	89.13649	41.78273	5.571031	2.785515	0	0	8.356546	44.568245	2.785515	27.855153	0	50.139276	0
34895_composicao_gpt-5.6-sol.txt	menores_notas_gpt	107.954545	8.522727	39.772727	8.522727	14.204545	0	2.840909	0	0	0	0	2.840909	2.840909	0	0	0	2.840909	0	0	0	0	0	0	0	0	2.840909	0	0	2.840909	11.363636	323.863636	170.454545	125	34.090909	22.727273	0	0	85.227273	2.840909	102.272727	28.409091	11.363636	62.5	0	45.454545	14.204545	45.454545	25.568182	0	5.681818	0	0	5.681818	85.227273	0	28.409091	51.136364	125	25.568182	19.886364	5.681818	8.522727	0	0	17.045455	0	2.840909	5.681818	90.909091	2.840909	2.840909	0	5.681818	2.840909	0	0	0	5.681818	0	0	0	59.659091	8.522727	0	0	2.840909	0	0	0	0	5.681818	0	0	0	0	0	0	19.886364	0	5.681818	48.295455	0	17.045455	19.886364	71.022727	0	19.886364	0	2.840909	0	8.522727	0	5.681818	5.681818	0	2.840909	0	0	0	0	5.681818	2.840909	0	0	0	0	0	0	8.522727	85.227273	2.840909	39.772727	0	68.181818	2.840909	5.681818	0	0	2.840909	2.840909	0	0	0	5.681818	8.522727	51.136364	22.727273	2.840909	0	0	5.681818	0	48.295455	17.045455	0	0	0	0	2.840909	0	0	0	0	0	0	0	0	5.681818	0	0	0	0	0	0	0	0	0	0	0	0	0	2.840909	0	0	0	0	0	19.886364	0	2.840909	0	2.840909	0	0	5.681818	0	0	0	0	0	0	0	0	0	0	11.363636	0	0	2.840909	0	0	0	0	0	0	0	0	0	0	0	0	0	0	0	0	0	0	0	0	0	0	0	0	116.477273	28.409091	335.227273	105.113636	156.25	36.931818	127.840909	99.431818	19.886364	0	14.204545	0	0	5.681818	48.295455	0	5.681818	0	85.227273	0
34971_composicao_gpt-5.6-sol.txt	menores_notas_gpt	118.309859	0	70.422535	11.267606	5.633803	5.633803	5.633803	0	0	0	0	2.816901	8.450704	2.816901	0	0	5.633803	0	0	2.816901	2.816901	0	0	0	8.450704	2.816901	0	0	2.816901	5.633803	312.676056	169.014085	104.225352	16.901408	19.71831	5.633803	0	90.140845	8.450704	78.873239	19.71831	14.084507	56.338028	8.450704	56.338028	5.633803	45.070423	30.985915	5.633803	0	0	5.633803	8.450704	92.957746	0	33.802817	64.788732	112.676056	28.169014	2.816901	5.633803	11.267606	0	0	42.253521	2.816901	0	16.901408	84.507042	2.816901	2.816901	0	2.816901	2.816901	0	0	8.450704	2.816901	5.633803	8.450704	0	73.239437	0	0	0	0	0	2.816901	0	0	2.816901	0	0	5.633803	0	0	0	28.169014	2.816901	2.816901	39.43662	0	5.633803	28.169014	76.056338	2.816901	28.169014	0	8.450704	0	5.633803	0	2.816901	8.450704	0	0	0	0	0	0	8.450704	0	0	0	0	0	2.816901	2.816901	14.084507	67.605634	16.901408	67.605634	0	42.253521	0	5.633803	0	0	2.816901	8.450704	0	0	5.633803	8.450704	8.450704	30.985915	14.084507	0	0	2.816901	8.450704	0	36.619718	5.633803	2.816901	0	0	0	8.450704	0	0	0	0	0	2.816901	0	0	5.633803	0	2.816901	2.816901	0	0	0	0	0	0	0	0	0	5.633803	2.816901	0	0	0	0	0	28.169014	0	0	0	0	0	0	5.633803	0	0	8.450704	0	0	0	0	0	0	0	14.084507	0	0	0	0	0	0	0	0	0	0	0	0	0	0	0	0	0	0	0	0	0	0	0	0	0	0	0	185.915493	14.084507	318.309859	107.042254	146.478873	42.253521	154.929577	73.239437	33.802817	2.816901	14.084507	0	0	8.450704	36.619718	8.450704	16.901408	0	73.239437	0
35019_composicao_gpt-5.6-sol.txt	menores_notas_gpt	114.114114	6.006006	36.036036	9.009009	3.003003	3.003003	0	3.003003	0	0	0	0	9.009009	0	0	0	9.009009	0	0	3.003003	9.009009	0	0	0	3.003003	0	0	0	0	0	327.327327	156.156156	147.147147	12.012012	18.018018	0	0	81.081081	27.027027	57.057057	18.018018	15.015015	63.063063	15.015015	54.054054	9.009009	33.033033	15.015015	3.003003	6.006006	0	0	15.015015	72.072072	0	21.021021	42.042042	141.141141	15.015015	12.012012	9.009009	6.006006	6.006006	0	15.015015	0	3.003003	15.015015	81.081081	3.003003	6.006006	0	6.006006	0	0	0	6.006006	6.006006	3.003003	6.006006	0	60.06006	21.021021	3.003003	0	0	0	0	0	0	9.009009	3.003003	0	0	0	3.003003	0	18.018018	0	0	48.048048	0	12.012012	30.03003	84.084084	3.003003	15.015015	0	12.012012	0	6.006006	3.003003	6.006006	3.003003	3.003003	3.003003	0	0	0	0	3.003003	0	3.003003	0	0	0	0	3.003003	12.012012	78.078078	0	36.036036	0	63.063063	0	9.009009	0	3.003003	0	3.003003	0	0	3.003003	6.006006	3.003003	57.057057	6.006006	3.003003	3.003003	9.009009	6.006006	0	45.045045	12.012012	6.006006	0	6.006006	0	6.006006	0	0	0	0	0	6.006006	3.003003	0	6.006006	0	3.003003	0	0	0	0	0	0	0	0	0	0	3.003003	3.003003	0	0	0	0	0	27.027027	0	0	0	0	0	0	3.003003	0	0	9.009009	0	0	0	0	0	0	0	3.003003	0	0	0	0	0	0	0	0	0	0	0	0	0	0	0	0	0	0	0	0	0	0	0	0	0	0	0	120.12012	15.015015	327.327327	96.096096	156.156156	36.036036	114.114114	90.09009	18.018018	9.009009	3.003003	0	0	6.006006	48.048048	3.003003	15.015015	3.003003	90.09009	0
35028_composicao_gpt-5.6-sol.txt	menores_notas_gpt	100.271003	8.130081	97.560976	2.710027	10.840108	5.420054	2.710027	0	0	0	0	0	5.420054	2.710027	2.710027	0	2.710027	0	5.420054	5.420054	5.420054	0	8.130081	5.420054	13.550136	0	0	0	0	0	322.493225	138.211382	140.921409	29.810298	10.840108	2.710027	5.420054	78.590786	0	67.750678	21.680217	10.840108	59.620596	0	29.810298	8.130081	40.650407	16.260163	0	5.420054	0	5.420054	5.420054	70.460705	0	24.390244	67.750678	105.691057	21.680217	10.840108	2.710027	8.130081	0	0	18.97019	0	2.710027	16.260163	56.910569	0	2.710027	0	2.710027	0	0	0	5.420054	5.420054	5.420054	5.420054	0	73.170732	2.710027	2.710027	0	2.710027	0	0	0	0	0	0	0	0	0	0	0	10.840108	0	2.710027	40.650407	0	8.130081	21.680217	81.300813	5.420054	13.550136	0	5.420054	0	8.130081	0	5.420054	8.130081	0	2.710027	0	0	0	0	8.130081	0	0	0	0	0	0	2.710027	13.550136	75.880759	2.710027	97.560976	0	48.780488	0	5.420054	2.710027	0	0	2.710027	0	0	5.420054	5.420054	0	35.230352	16.260163	0	0	8.130081	5.420054	0	40.650407	8.130081	0	0	8.130081	0	2.710027	0	0	0	0	0	2.710027	0	5.420054	10.840108	0	2.710027	2.710027	0	0	0	0	0	0	0	0	0	5.420054	0	0	0	0	5.420054	0	24.390244	0	2.710027	0	0	0	0	10.840108	0	0	0	5.420054	0	0	0	0	0	0	2.710027	0	0	2.710027	0	0	0	0	0	0	0	0	0	0	0	0	0	0	0	0	0	0	0	0	0	0	0	0	108.401084	21.680217	322.493225	84.01084	140.921409	43.360434	176.151762	65.04065	18.97019	8.130081	5.420054	0	0	5.420054	46.070461	5.420054	16.260163	0	70.460705	8.130081
35056_composicao_gpt-5.6-sol.txt	menores_notas_gpt	89.244851	18.306636	52.631579	6.864989	16.018307	18.306636	2.28833	2.28833	0	0	0	13.729977	9.153318	11.441648	6.864989	4.576659	6.864989	0	6.864989	9.153318	6.864989	2.28833	6.864989	0	25.171625	13.729977	11.441648	0	2.28833	48.05492	201.372998	91.533181	146.453089	20.594966	4.576659	0	0	11.441648	0	22.883295	29.748284	2.28833	54.919908	0	22.883295	13.729977	9.153318	13.729977	0	2.28833	0	0	9.153318	22.883295	0	2.28833	11.441648	162.471396	38.901602	22.883295	20.594966	11.441648	6.864989	4.576659	11.441648	4.576659	11.441648	0	75.514874	6.864989	4.576659	16.018307	9.153318	4.576659	6.864989	0	0	0	0	0	0	20.594966	77.803204	41.189931	0	0	0	2.28833	9.153318	2.28833	2.28833	6.864989	0	0	9.153318	2.28833	0	16.018307	0	2.28833	45.76659	6.864989	9.153318	29.748284	144.16476	13.729977	16.018307	0	6.864989	2.28833	2.28833	2.28833	2.28833	22.883295	2.28833	6.864989	2.28833	0	0	0	22.883295	0	2.28833	0	0	2.28833	0	0	2.28833	68.649886	6.864989	57.208238	0	36.613272	2.28833	9.153318	0	6.864989	0	0	2.28833	0	4.576659	11.441648	0	22.883295	25.171625	0	0	6.864989	11.441648	2.28833	45.76659	9.153318	2.28833	0	75.514874	0	2.28833	0	0	0	0	0	4.576659	2.28833	0	13.729977	0	4.576659	6.864989	0	0	0	0	0	0	0	0	0	11.441648	0	0	0	6.864989	2.28833	0	0	0	0	0	0	0	2.28833	48.05492	0	0	9.153318	0	0	0	0	0	2.28833	0	2.28833	0	0	0	0	0	0	0	0	0	0	0	0	0	0	0	0	0	0	0	0	0	0	0	0	0	0	0	160.183066	52.631579	249.427918	45.76659	217.391304	52.631579	132.723112	61.784897	29.748284	6.864989	2.28833	0	0	11.441648	45.76659	11.441648	0	6.864989	84.668192	75.514874
35071_composicao_gpt-5.6-sol.txt	menores_notas_gpt	100.558659	8.379888	69.832402	8.379888	5.586592	8.379888	2.793296	0	0	0	0	0	5.586592	0	0	0	5.586592	0	5.586592	2.793296	0	0	2.793296	0	11.173184	0	0	0	0	19.553073	315.642458	145.251397	114.52514	16.759777	13.96648	0	5.586592	89.385475	0	64.24581	36.312849	11.173184	78.212291	0	36.312849	13.96648	39.106145	33.519553	0	0	0	0	5.586592	69.832402	0	30.726257	39.106145	100.558659	19.553073	16.759777	11.173184	0	2.793296	0	16.759777	0	2.793296	16.759777	53.072626	11.173184	5.586592	0	5.586592	5.586592	0	0	8.379888	2.793296	5.586592	5.586592	0	58.659218	13.96648	0	0	2.793296	0	0	0	0	5.586592	0	0	2.793296	0	0	2.793296	2.793296	0	0	44.692737	0	2.793296	27.932961	75.418994	0	5.586592	0	5.586592	0	13.96648	0	5.586592	5.586592	0	2.793296	0	0	0	0	5.586592	0	0	0	0	0	2.793296	0	16.759777	78.212291	8.379888	78.212291	0	67.039106	0	2.793296	2.793296	0	2.793296	0	0	5.586592	5.586592	2.793296	5.586592	47.486034	19.553073	0	0	0	2.793296	0	44.692737	2.793296	2.793296	0	0	0	0	0	0	0	0	0	0	0	0	19.553073	0	2.793296	0	0	0	0	0	0	0	0	0	0	2.793296	0	0	0	0	0	0	25.139665	0	0	0	0	0	0	11.173184	0	0	2.793296	2.793296	0	0	0	0	0	0	8.379888	0	0	0	0	0	0	0	0	0	0	0	0	0	0	0	0	0	0	0	0	0	0	0	0	0	0	0	108.938547	13.96648	335.195531	89.385475	134.078212	41.899441	162.011173	94.972067	5.586592	0	8.379888	0	0	2.793296	50.27933	0	16.759777	0	75.418994	0
35072_composicao_gpt-5.6-sol.txt	menores_notas_gpt	118.78453	5.524862	44.198895	8.287293	8.287293	8.287293	2.762431	0	0	0	0	0	8.287293	0	0	0	5.524862	0	8.287293	0	8.287293	0	5.524862	0	8.287293	0	0	0	0	5.524862	295.58011	151.933702	102.209945	27.624309	13.812155	0	2.762431	55.248619	2.762431	46.961326	22.099448	5.524862	82.872928	2.762431	52.486188	11.049724	24.861878	33.149171	0	5.524862	0	0	8.287293	69.060773	0	27.624309	35.911602	127.071823	13.812155	11.049724	5.524862	0	2.762431	2.762431	30.38674	2.762431	5.524862	19.337017	85.635359	8.287293	2.762431	0	2.762431	2.762431	0	0	8.287293	5.524862	5.524862	2.762431	0	91.160221	2.762431	0	0	0	0	2.762431	0	0	8.287293	0	0	0	0	2.762431	0	11.049724	2.762431	0	52.486188	0	0	27.624309	96.685083	0	24.861878	0	5.524862	0	2.762431	5.524862	8.287293	8.287293	0	11.049724	2.762431	0	0	0	5.524862	0	0	0	0	2.762431	0	2.762431	13.812155	74.585635	16.574586	44.198895	0	58.01105	0	0	2.762431	0	0	13.812155	0	5.524862	11.049724	8.287293	0	44.198895	11.049724	0	0	8.287293	8.287293	0	49.723757	0	5.524862	0	0	0	5.524862	0	0	2.762431	0	0	8.287293	0	0	8.287293	0	2.762431	0	0	0	5.524862	0	0	0	0	0	0	5.524862	2.762431	0	0	0	0	0	16.574586	0	0	0	0	0	0	13.812155	0	0	2.762431	5.524862	0	0	0	0	0	0	0	0	0	0	0	0	0	0	0	0	0	0	0	0	0	0	0	0	0	0	0	0	0	0	0	0	0	0	168.508287	16.574586	301.104972	88.39779	171.270718	30.38674	135.359116	91.160221	27.624309	8.287293	0	0	0	8.287293	49.723757	11.049724	19.337017	0	80.110497	2.762431
35131_composicao_gpt-5.6-sol.txt	menores_notas_gpt	119.873817	3.154574	47.318612	12.618297	3.154574	9.463722	3.154574	0	0	0	0	3.154574	12.618297	0	3.154574	0	9.463722	0	0	3.154574	6.309148	0	3.154574	0	9.463722	3.154574	0	0	3.154574	0	302.839117	148.264984	100.946372	25.236593	22.082019	9.463722	6.309148	59.936909	0	59.936909	12.618297	3.154574	82.018927	12.618297	47.318612	12.618297	37.85489	34.700315	9.463722	3.154574	0	0	6.309148	75.709779	0	28.391167	59.936909	126.182965	25.236593	12.618297	6.309148	3.154574	3.154574	0	12.618297	3.154574	3.154574	12.618297	91.48265	12.618297	3.154574	0	6.309148	0	0	0	6.309148	6.309148	3.154574	6.309148	0	78.864353	0	0	0	3.154574	0	0	0	0	12.618297	3.154574	0	0	6.309148	0	0	28.391167	0	3.154574	47.318612	0	3.154574	18.927445	82.018927	0	28.391167	0	6.309148	0	6.309148	3.154574	3.154574	6.309148	0	0	3.154574	0	0	0	6.309148	0	0	0	0	0	0	3.154574	34.700315	72.555205	12.618297	47.318612	0	50.473186	0	6.309148	3.154574	6.309148	3.154574	0	0	0	6.309148	6.309148	6.309148	28.391167	25.236593	0	0	6.309148	6.309148	0	47.318612	3.154574	3.154574	0	0	0	6.309148	0	0	0	0	0	6.309148	0	0	3.154574	0	3.154574	0	0	0	0	0	0	0	0	0	0	3.154574	3.154574	0	0	0	0	0	22.082019	0	3.154574	0	0	0	0	12.618297	0	0	3.154574	9.463722	0	0	0	0	0	0	12.618297	0	0	0	0	0	0	0	0	0	0	0	0	0	0	0	0	0	0	0	0	0	0	0	0	0	0	0	123.028391	28.391167	302.839117	94.637224	167.192429	56.782334	138.801262	82.018927	28.391167	6.309148	12.618297	0	0	6.309148	47.318612	6.309148	12.618297	3.154574	69.400631	0
35136_composicao_gpt-5.6-sol.txt	menores_notas_gpt	57.471264	8.62069	40.229885	8.62069	43.103448	11.494253	0	0	0	0	2.873563	20.114943	11.494253	11.494253	5.747126	11.494253	5.747126	0	8.62069	5.747126	2.873563	2.873563	8.62069	0	22.988506	22.988506	8.62069	0	14.367816	43.103448	229.885057	103.448276	123.563218	25.862069	0	5.747126	2.873563	31.609195	8.62069	37.356322	17.241379	5.747126	48.850575	0	20.114943	25.862069	14.367816	2.873563	5.747126	0	0	0	8.62069	20.114943	0	5.747126	14.367816	158.045977	20.114943	22.988506	14.367816	17.241379	11.494253	8.62069	17.241379	17.241379	0	17.241379	66.091954	11.494253	8.62069	17.241379	5.747126	11.494253	2.873563	2.873563	5.747126	2.873563	5.747126	5.747126	2.873563	91.954023	31.609195	8.62069	0	0	0	2.873563	0	0	14.367816	5.747126	0	5.747126	0	0	0	11.494253	0	11.494253	37.356322	2.873563	2.873563	28.735632	135.057471	0	11.494253	0	22.988506	0	2.873563	8.62069	2.873563	17.241379	2.873563	5.747126	5.747126	0	0	0	17.241379	0	2.873563	0	0	2.873563	0	8.62069	11.494253	80.45977	17.241379	40.229885	0	51.724138	0	2.873563	0	0	2.873563	14.367816	0	0	2.873563	11.494253	2.873563	28.735632	25.862069	0	0	2.873563	11.494253	0	40.229885	2.873563	0	0	57.471264	0	2.873563	0	0	0	5.747126	0	2.873563	0	0	2.873563	0	2.873563	5.747126	2.873563	0	0	0	0	0	0	0	0	8.62069	2.873563	0	0	2.873563	2.873563	0	22.988506	5.747126	0	0	0	0	2.873563	20.114943	2.873563	0	5.747126	0	0	0	0	0	0	0	2.873563	0	0	0	0	0	0	0	0	0	0	0	0	0	0	0	0	0	0	0	0	0	0	0	0	0	0	0	106.321839	137.931034	272.988506	51.724138	209.770115	66.091954	135.057471	77.586207	11.494253	2.873563	2.873563	0	0	11.494253	51.724138	11.494253	17.241379	11.494253	71.83908	57.471264
35163_composicao_gpt-5.6-sol.txt	menores_notas_gpt	142.487047	25.906736	51.813472	5.181347	5.181347	5.181347	7.772021	15.544041	0	0	0	5.181347	15.544041	2.590674	7.772021	5.181347	10.362694	0	2.590674	5.181347	10.362694	5.181347	5.181347	0	20.725389	5.181347	0	2.590674	2.590674	46.632124	230.569948	64.766839	191.709845	33.678756	5.181347	5.181347	0	18.134715	0	18.134715	41.450777	0	82.901554	0	33.678756	18.134715	10.362694	7.772021	2.590674	7.772021	0	2.590674	7.772021	36.26943	0	0	33.678756	158.031088	10.362694	10.362694	23.316062	7.772021	18.134715	25.906736	7.772021	5.181347	0	5.181347	64.766839	23.316062	2.590674	10.362694	2.590674	7.772021	0	2.590674	2.590674	0	0	5.181347	2.590674	15.544041	75.129534	41.450777	0	5.181347	0	7.772021	2.590674	0	0	0	5.181347	0	5.181347	0	0	0	5.181347	0	18.134715	2.590674	5.181347	12.953368	145.07772	0	0	0	10.362694	5.181347	0	2.590674	0	7.772021	0	7.772021	0	0	0	0	7.772021	0	0	0	0	0	0	0	18.134715	59.585492	10.362694	56.994819	0	38.860104	0	7.772021	0	0	0	12.953368	0	0	7.772021	10.362694	2.590674	10.362694	31.088083	0	0	10.362694	10.362694	0	18.134715	5.181347	0	0	33.678756	0	10.362694	0	0	2.590674	10.362694	0	10.362694	0	0	12.953368	0	5.181347	5.181347	0	0	0	0	0	0	0	0	0	10.362694	0	0	0	0	0	2.590674	5.181347	0	0	0	0	0	0	10.362694	0	0	7.772021	12.953368	0	0	0	0	0	0	2.590674	0	0	5.181347	0	0	2.590674	0	0	0	0	0	0	0	0	0	0	0	0	0	0	0	0	0	0	0	0	0	220.207254	62.176166	277.202073	62.176166	176.165803	41.450777	129.533679	80.310881	5.181347	10.362694	7.772021	2.590674	0	10.362694	18.134715	10.362694	10.362694	2.590674	36.26943	33.678756
35173_composicao_gpt-5.6-sol.txt	menores_notas_gpt	109.717868	12.539185	56.426332	6.269592	3.134796	15.673981	3.134796	0	0	0	0	3.134796	3.134796	0	0	0	3.134796	0	0	0	6.269592	0	0	0	15.673981	3.134796	0	0	3.134796	0	310.344828	159.874608	122.257053	31.347962	21.943574	0	3.134796	87.774295	0	72.100313	9.404389	9.404389	65.830721	12.539185	34.482759	6.269592	50.15674	25.07837	0	6.269592	0	9.404389	6.269592	75.23511	3.134796	37.617555	56.426332	144.200627	34.482759	6.269592	3.134796	6.269592	6.269592	3.134796	43.887147	3.134796	6.269592	9.404389	53.291536	12.539185	3.134796	3.134796	6.269592	0	0	0	0	9.404389	0	0	0	84.639498	0	0	0	0	0	0	0	0	6.269592	0	0	6.269592	0	0	0	31.347962	0	3.134796	43.887147	0	6.269592	40.752351	84.639498	0	31.347962	0	0	0	3.134796	6.269592	3.134796	9.404389	0	3.134796	6.269592	0	0	0	9.404389	0	0	0	0	0	0	6.269592	3.134796	78.369906	3.134796	56.426332	0	72.100313	0	6.269592	3.134796	0	0	12.539185	0	0	0	9.404389	3.134796	62.695925	12.539185	0	0	6.269592	9.404389	0	43.887147	3.134796	0	0	6.269592	0	0	0	0	0	0	0	6.269592	0	0	9.404389	0	3.134796	0	0	0	0	0	0	0	0	0	0	3.134796	6.269592	0	0	0	0	0	6.269592	0	0	0	0	0	0	21.943574	0	0	0	3.134796	0	0	0	0	0	0	3.134796	0	0	0	0	0	0	0	0	0	0	0	0	0	0	0	0	0	0	0	0	0	0	0	0	0	0	0	122.257053	9.404389	310.344828	84.639498	178.683386	28.213166	137.931034	106.583072	31.347962	6.269592	3.134796	0	0	9.404389	43.887147	9.404389	9.404389	6.269592	90.909091	6.269592
35198_composicao_gpt-5.6-sol.txt	menores_notas_gpt	125.827815	0	56.291391	6.622517	3.311258	3.311258	3.311258	0	0	0	0	0	0	0	0	0	0	0	0	0	3.311258	0	0	0	3.311258	0	0	0	0	3.311258	334.437086	149.006623	119.205298	29.801325	9.933775	3.311258	0	115.89404	16.556291	76.15894	19.86755	23.178808	86.092715	26.490066	79.470199	16.556291	43.046358	36.423841	3.311258	3.311258	0	0	9.933775	66.225166	0	36.423841	46.357616	122.516556	19.86755	19.86755	0	6.622517	0	0	52.980132	0	3.311258	19.86755	86.092715	3.311258	9.933775	0	0	0	0	0	13.245033	3.311258	3.311258	9.933775	0	72.847682	6.622517	0	0	6.622517	0	3.311258	0	0	3.311258	0	9.933775	6.622517	0	0	0	9.933775	0	3.311258	52.980132	0	0	19.86755	89.403974	0	9.933775	0	0	0	3.311258	0	6.622517	3.311258	0	3.311258	0	0	0	0	3.311258	0	0	0	0	0	3.311258	3.311258	6.622517	72.847682	0	56.291391	0	62.913907	0	9.933775	0	6.622517	0	9.933775	0	0	6.622517	3.311258	6.622517	33.112583	29.801325	3.311258	0	3.311258	3.311258	0	52.980132	0	3.311258	0	3.311258	0	3.311258	0	0	0	0	0	3.311258	0	0	0	0	0	0	0	0	3.311258	0	0	0	0	0	0	0	3.311258	0	0	0	0	0	29.801325	0	6.622517	0	0	0	3.311258	19.86755	0	0	0	3.311258	0	0	0	0	0	0	6.622517	0	0	0	0	0	0	0	0	0	0	0	0	0	0	0	0	0	0	0	0	0	0	0	0	0	0	0	125.827815	3.311258	337.748344	92.715232	165.562914	29.801325	129.139073	105.960265	9.933775	3.311258	6.622517	0	0	3.311258	62.913907	6.622517	19.86755	3.311258	72.847682	3.311258
35214_composicao_gpt-5.6-sol.txt	menores_notas_gpt	105.555556	5.555556	44.444444	5.555556	11.111111	2.777778	2.777778	0	0	0	0	2.777778	5.555556	2.777778	0	0	5.555556	0	5.555556	0	2.777778	0	5.555556	0	2.777778	5.555556	0	0	2.777778	22.222222	316.666667	125	152.777778	27.777778	13.888889	5.555556	2.777778	72.222222	2.777778	75	30.555556	13.888889	75	25	69.444444	11.111111	50	41.666667	8.333333	8.333333	0	11.111111	13.888889	102.777778	2.777778	27.777778	69.444444	108.333333	22.222222	5.555556	2.777778	11.111111	2.777778	0	41.666667	0	2.777778	11.111111	58.333333	22.222222	8.333333	2.777778	0	0	2.777778	2.777778	0	11.111111	2.777778	0	0	72.222222	2.777778	0	0	0	0	2.777778	0	0	2.777778	0	0	0	5.555556	0	0	11.111111	0	0	25	0	16.666667	16.666667	77.777778	5.555556	5.555556	0	13.888889	0	5.555556	5.555556	2.777778	8.333333	0	0	5.555556	0	0	0	8.333333	0	0	0	0	0	2.777778	5.555556	27.777778	83.333333	22.222222	44.444444	0	61.111111	0	5.555556	2.777778	0	0	2.777778	0	0	5.555556	5.555556	8.333333	44.444444	19.444444	0	0	2.777778	5.555556	0	25	16.666667	5.555556	0	0	0	5.555556	0	0	0	0	0	2.777778	0	0	5.555556	0	0	0	0	0	0	0	0	0	0	0	0	2.777778	2.777778	0	0	0	0	0	8.333333	0	2.777778	0	0	0	0	19.444444	0	0	2.777778	2.777778	0	0	0	0	0	0	13.888889	0	0	2.777778	0	0	0	0	0	0	0	0	0	0	0	0	0	0	0	0	0	0	0	0	0	0	0	0	111.111111	19.444444	338.888889	127.777778	130.555556	52.777778	144.444444	86.111111	11.111111	2.777778	13.888889	0	0	5.555556	36.111111	5.555556	13.888889	5.555556	55.555556	0
35217_composicao_gpt-5.6-sol.txt	menores_notas_gpt	98.550725	5.797101	60.869565	8.695652	8.695652	2.898551	5.797101	0	0	0	0	0	2.898551	0	0	0	2.898551	0	0	0	5.797101	0	0	0	2.898551	0	0	0	0	11.594203	339.130435	162.318841	139.130435	34.782609	26.086957	2.898551	5.797101	81.15942	0	69.565217	23.188406	8.695652	81.15942	0	43.478261	8.695652	37.681159	28.985507	2.898551	2.898551	0	5.797101	14.492754	60.869565	0	20.289855	34.782609	110.144928	20.289855	5.797101	2.898551	2.898551	2.898551	0	28.985507	8.695652	0	14.492754	78.26087	5.797101	2.898551	0	2.898551	2.898551	0	0	5.797101	8.695652	2.898551	5.797101	0	49.275362	17.391304	2.898551	0	5.797101	0	0	0	0	5.797101	0	0	0	0	0	0	28.985507	0	2.898551	40.57971	0	2.898551	20.289855	75.362319	0	28.985507	0	11.594203	0	8.695652	5.797101	8.695652	8.695652	0	5.797101	5.797101	0	0	0	8.695652	0	0	0	0	0	0	2.898551	8.695652	78.26087	8.695652	60.869565	0	66.666667	0	0	0	0	2.898551	5.797101	0	0	5.797101	5.797101	5.797101	60.869565	5.797101	2.898551	0	5.797101	5.797101	0	40.57971	2.898551	0	0	0	0	0	0	0	0	0	0	5.797101	0	0	2.898551	0	2.898551	0	0	0	0	0	0	2.898551	0	0	0	5.797101	0	0	0	0	0	0	28.985507	0	5.797101	0	0	0	0	2.898551	0	0	0	2.898551	0	0	0	0	0	0	5.797101	0	0	0	0	0	0	0	0	0	0	0	0	0	0	0	0	0	0	0	0	0	0	0	0	0	0	0	104.347826	8.695652	350.724638	84.057971	144.927536	43.478261	144.927536	89.855072	28.985507	5.797101	5.797101	0	0	5.797101	43.478261	8.695652	14.492754	5.797101	63.768116	0
35220_composicao_gpt-5.6-sol.txt	menores_notas_gpt	110.526316	0	65.789474	5.263158	5.263158	7.894737	10.526316	0	0	0	0	0	2.631579	2.631579	0	0	2.631579	0	7.894737	7.894737	5.263158	0	7.894737	5.263158	10.526316	0	0	0	0	42.105263	271.052632	155.263158	118.421053	36.842105	7.894737	0	5.263158	60.526316	7.894737	47.368421	31.578947	21.052632	68.421053	15.789474	44.736842	15.789474	44.736842	28.947368	0	7.894737	0	2.631579	2.631579	86.842105	0	31.578947	60.526316	113.157895	21.052632	13.157895	2.631579	2.631579	0	2.631579	55.263158	0	2.631579	15.789474	65.789474	10.526316	2.631579	0	2.631579	2.631579	0	2.631579	7.894737	5.263158	2.631579	0	0	52.631579	15.789474	2.631579	0	2.631579	0	0	0	0	2.631579	0	0	0	5.263158	0	0	10.526316	0	0	28.947368	0	23.684211	31.578947	73.684211	5.263158	5.263158	0	7.894737	0	5.263158	2.631579	5.263158	7.894737	2.631579	7.894737	0	0	0	0	7.894737	0	2.631579	0	2.631579	5.263158	0	0	34.210526	73.684211	15.789474	73.684211	0	63.157895	0	5.263158	5.263158	0	2.631579	2.631579	0	0	2.631579	2.631579	2.631579	55.263158	7.894737	0	0	5.263158	2.631579	0	26.315789	23.684211	2.631579	0	10.526316	0	2.631579	0	0	0	0	0	2.631579	0	0	18.421053	0	2.631579	0	0	0	0	0	2.631579	0	0	0	0	2.631579	0	0	0	0	0	0	18.421053	0	5.263158	0	5.263158	0	0	5.263158	0	0	2.631579	0	0	0	0	0	0	0	2.631579	0	0	0	0	0	0	0	0	0	0	0	0	0	0	0	0	0	0	0	0	0	0	0	0	0	0	0	110.526316	26.315789	313.157895	105.263158	150	60.526316	152.631579	86.842105	10.526316	5.263158	2.631579	0	0	2.631579	31.578947	31.578947	18.421053	7.894737	84.210526	2.631579
35228_composicao_gpt-5.6-sol.txt	menores_notas_gpt	116.666667	5.555556	58.333333	5.555556	5.555556	11.111111	8.333333	0	0	0	0	0	5.555556	0	2.777778	0	2.777778	0	5.555556	0	5.555556	2.777778	8.333333	5.555556	5.555556	0	0	0	0	27.777778	297.222222	138.888889	141.666667	36.111111	19.444444	8.333333	0	77.777778	25	36.111111	33.333333	13.888889	80.555556	8.333333	61.111111	11.111111	47.222222	41.666667	2.777778	2.777778	0	2.777778	2.777778	102.777778	0	36.111111	69.444444	102.777778	19.444444	11.111111	13.888889	8.333333	0	8.333333	41.666667	0	0	13.888889	72.222222	11.111111	0	0	11.111111	2.777778	0	2.777778	2.777778	5.555556	5.555556	2.777778	0	61.111111	11.111111	2.777778	0	2.777778	0	0	0	0	2.777778	2.777778	0	5.555556	0	0	0	11.111111	2.777778	0	33.333333	0	2.777778	25	77.777778	0	11.111111	0	2.777778	0	2.777778	2.777778	5.555556	0	0	2.777778	2.777778	0	0	0	0	0	0	0	0	0	0	2.777778	8.333333	80.555556	27.777778	58.333333	0	47.222222	0	2.777778	0	2.777778	2.777778	5.555556	0	0	5.555556	0	2.777778	36.111111	11.111111	0	0	8.333333	0	2.777778	33.333333	2.777778	0	0	0	0	2.777778	0	0	0	0	0	2.777778	0	5.555556	11.111111	0	0	0	0	0	0	0	0	0	0	0	0	0	0	0	0	0	0	0	25	0	0	0	2.777778	0	2.777778	19.444444	0	0	0	5.555556	0	0	0	0	0	0	5.555556	0	0	0	0	0	0	0	0	0	0	0	0	0	0	0	0	0	0	0	0	0	0	0	0	0	0	0	180.555556	22.222222	325	116.666667	133.333333	19.444444	163.888889	69.444444	13.888889	8.333333	5.555556	0	0	0	41.666667	0	13.888889	2.777778	61.111111	0
35278_composicao_gpt-5.6-sol.txt	menores_notas_gpt	105.421687	6.024096	30.120482	6.024096	12.048193	9.036145	3.012048	0	0	0	0	3.012048	6.024096	0	0	0	6.024096	0	3.012048	3.012048	6.024096	0	3.012048	0	9.036145	6.024096	0	0	6.024096	6.024096	274.096386	150.60241	120.481928	24.096386	12.048193	3.012048	6.024096	57.228916	0	54.216867	21.084337	6.024096	72.289157	3.012048	39.156627	15.060241	39.156627	15.060241	0	3.012048	0	3.012048	6.024096	72.289157	3.012048	33.13253	48.192771	141.566265	36.144578	18.072289	0	3.012048	3.012048	0	15.060241	0	3.012048	15.060241	66.26506	6.024096	3.012048	0	6.024096	0	3.012048	6.024096	6.024096	9.036145	3.012048	3.012048	0	90.361446	0	0	0	3.012048	0	0	0	0	0	3.012048	0	0	0	0	0	30.120482	0	3.012048	63.253012	0	6.024096	24.096386	93.373494	21.084337	12.048193	0	3.012048	0	9.036145	3.012048	9.036145	3.012048	0	12.048193	3.012048	0	0	0	3.012048	0	0	0	0	0	0	3.012048	6.024096	87.349398	3.012048	33.13253	0	54.216867	3.012048	0	3.012048	3.012048	0	9.036145	0	0	6.024096	6.024096	3.012048	30.120482	27.108434	0	0	6.024096	6.024096	0	60.240964	3.012048	6.024096	0	0	0	6.024096	0	0	6.024096	0	0	6.024096	0	0	3.012048	0	0	0	0	6.024096	0	0	0	0	0	0	0	6.024096	0	0	0	0	0	0	30.120482	0	6.024096	0	9.036145	0	0	12.048193	0	0	0	6.024096	0	0	0	0	0	0	3.012048	0	0	0	0	0	0	0	0	0	0	0	0	0	0	0	0	0	0	0	0	0	0	0	0	0	0	0	141.566265	15.060241	319.277108	93.373494	189.759036	33.13253	123.493976	87.349398	33.13253	6.024096	3.012048	0	0	6.024096	60.240964	12.048193	15.060241	0	93.373494	0
35291_composicao_gpt-5.6-sol.txt	menores_notas_gpt	90.909091	8.797654	58.651026	8.797654	17.595308	11.730205	0	0	0	0	0	0	2.932551	2.932551	0	0	0	0	0	2.932551	2.932551	0	0	0	14.662757	0	0	0	0	14.662757	304.985337	134.897361	123.167155	26.392962	14.662757	5.865103	8.797654	87.97654	2.932551	70.381232	35.190616	5.865103	61.583578	8.797654	52.785924	5.865103	43.98827	23.460411	8.797654	0	0	5.865103	5.865103	82.111437	2.932551	29.325513	46.920821	105.571848	20.527859	8.797654	5.865103	0	8.797654	5.865103	20.527859	5.865103	0	20.527859	41.055718	2.932551	2.932551	0	5.865103	0	0	0	14.662757	2.932551	0	2.932551	0	64.516129	0	0	0	2.932551	0	2.932551	0	0	0	2.932551	0	5.865103	0	0	0	35.190616	0	2.932551	49.853372	0	5.865103	32.258065	67.44868	5.865103	29.325513	0	0	0	8.797654	2.932551	5.865103	14.662757	0	5.865103	0	0	0	0	14.662757	0	0	0	0	0	0	2.932551	2.932551	87.97654	14.662757	64.516129	0	52.785924	0	5.865103	0	2.932551	0	5.865103	0	0	14.662757	2.932551	5.865103	49.853372	5.865103	0	0	2.932551	2.932551	0	43.98827	5.865103	0	0	0	0	2.932551	0	0	0	0	0	2.932551	0	0	11.730205	0	2.932551	0	0	0	0	0	0	0	0	0	0	2.932551	0	0	0	0	0	0	23.460411	0	8.797654	0	0	0	0	11.730205	0	0	0	2.932551	0	0	0	0	0	0	5.865103	0	0	0	0	0	0	0	0	0	0	0	0	0	0	0	0	0	0	0	0	0	0	0	0	0	0	0	158.357771	23.460411	319.648094	96.774194	155.42522	38.123167	158.357771	87.97654	35.190616	2.932551	5.865103	0	0	2.932551	43.98827	11.730205	20.527859	0	17.595308	0
35457_composicao_gpt-5.6-sol.txt	menores_notas_gpt	90.507726	15.452539	17.660044	4.415011	26.490066	24.282561	4.415011	0	0	0	0	6.622517	4.415011	11.037528	0	11.037528	2.207506	0	0	11.037528	8.830022	0	6.622517	0	28.697572	6.622517	2.207506	0	4.415011	35.320088	236.203091	112.582781	123.620309	28.697572	4.415011	8.830022	13.245033	19.86755	0	15.452539	24.282561	6.622517	81.677704	2.207506	26.490066	19.86755	13.245033	22.075055	4.415011	0	2.207506	4.415011	6.622517	33.112583	0	8.830022	30.905077	176.600442	39.735099	19.86755	17.660044	22.075055	17.660044	6.622517	15.452539	2.207506	13.245033	8.830022	88.300221	8.830022	0	17.660044	4.415011	2.207506	6.622517	2.207506	2.207506	2.207506	0	4.415011	2.207506	26.490066	72.847682	24.282561	8.830022	0	0	11.037528	0	0	0	2.207506	2.207506	4.415011	13.245033	6.622517	2.207506	22.075055	0	2.207506	50.772627	2.207506	8.830022	19.86755	136.865342	0	22.075055	0	17.660044	0	2.207506	6.622517	4.415011	17.660044	0	4.415011	2.207506	0	2.207506	0	17.660044	0	0	2.207506	0	0	0	6.622517	8.830022	90.507726	2.207506	17.660044	0	44.15011	0	6.622517	0	0	0	8.830022	0	0	4.415011	11.037528	0	28.697572	22.075055	0	0	8.830022	11.037528	0	52.980132	8.830022	2.207506	0	26.490066	0	2.207506	0	0	0	0	0	2.207506	2.207506	0	4.415011	0	0	11.037528	0	0	0	2.207506	0	0	0	0	0	11.037528	0	0	0	4.415011	6.622517	0	13.245033	4.415011	0	0	0	2.207506	0	24.282561	0	0	4.415011	0	0	0	0	0	0	0	2.207506	2.207506	0	2.207506	2.207506	0	0	0	0	0	0	0	0	0	0	0	0	0	0	0	0	0	0	0	0	0	0	0	123.620309	37.527594	271.523179	59.602649	218.543046	55.187638	110.375276	64.01766	22.075055	8.830022	8.830022	0	0	11.037528	52.980132	11.037528	8.830022	8.830022	81.677704	26.490066
35465_composicao_gpt-5.6-sol.txt	menores_notas_gpt	96.256684	18.716578	42.780749	10.695187	8.02139	8.02139	0	2.673797	0	0	0	0	10.695187	0	2.673797	0	8.02139	0	2.673797	2.673797	10.695187	0	2.673797	0	10.695187	0	0	0	0	5.347594	323.529412	144.385027	125.668449	29.411765	24.064171	5.347594	2.673797	64.171123	5.347594	64.171123	18.716578	16.042781	77.540107	16.042781	53.475936	18.716578	45.454545	16.042781	2.673797	8.02139	0	2.673797	18.716578	74.86631	2.673797	32.085561	56.149733	131.016043	21.390374	10.695187	8.02139	8.02139	2.673797	0	24.064171	0	5.347594	13.368984	82.887701	5.347594	8.02139	0	8.02139	0	0	0	5.347594	5.347594	2.673797	0	0	58.823529	26.737968	5.347594	0	2.673797	0	0	0	0	0	0	2.673797	0	0	2.673797	2.673797	18.716578	0	0	40.106952	2.673797	2.673797	16.042781	93.582888	5.347594	13.368984	0	8.02139	0	16.042781	0	5.347594	2.673797	0	5.347594	2.673797	2.673797	2.673797	0	2.673797	0	0	0	0	0	5.347594	0	5.347594	93.582888	8.02139	48.128342	0	53.475936	2.673797	5.347594	0	0	0	2.673797	0	0	2.673797	2.673797	2.673797	37.433155	21.390374	0	5.347594	10.695187	2.673797	2.673797	40.106952	2.673797	10.695187	0	0	0	0	0	0	0	0	0	8.02139	2.673797	0	8.02139	0	0	2.673797	0	0	0	0	0	0	0	0	0	2.673797	0	0	0	0	0	0	21.390374	0	5.347594	0	0	0	0	16.042781	0	0	8.02139	8.02139	0	0	0	0	0	0	2.673797	0	0	0	0	0	0	0	0	0	0	0	0	0	0	0	0	0	0	0	0	0	0	0	0	0	0	0	157.754011	16.042781	328.877005	106.951872	152.406417	34.759358	149.73262	77.540107	18.716578	10.695187	2.673797	0	0	2.673797	40.106952	5.347594	13.368984	8.02139	58.823529	0
35485_composicao_gpt-5.6-sol.txt	menores_notas_gpt	121.037464	5.763689	43.227666	14.409222	8.645533	14.409222	8.645533	0	0	0	0	0	5.763689	0	0	0	5.763689	0	2.881844	2.881844	11.527378	0	2.881844	0	11.527378	5.763689	0	0	5.763689	11.527378	325.648415	170.028818	126.801153	28.818444	11.527378	0	2.881844	43.227666	11.527378	51.873199	25.936599	8.645533	69.164265	8.645533	23.054755	5.763689	34.582133	14.409222	2.881844	0	0	0	11.527378	46.10951	0	17.291066	48.991354	103.746398	14.409222	14.409222	20.172911	5.763689	2.881844	5.763689	17.291066	5.763689	8.645533	5.763689	60.518732	5.763689	0	2.881844	11.527378	5.763689	2.881844	5.763689	2.881844	0	2.881844	0	0	46.10951	28.818444	2.881844	0	2.881844	0	2.881844	0	0	17.291066	2.881844	0	0	0	0	2.881844	23.054755	0	2.881844	25.936599	0	5.763689	25.936599	83.573487	5.763689	17.291066	0	2.881844	0	14.409222	2.881844	2.881844	8.645533	0	2.881844	0	0	0	0	5.763689	2.881844	0	0	0	5.763689	0	0	14.409222	80.691643	5.763689	43.227666	0	46.10951	2.881844	8.645533	0	2.881844	0	5.763689	0	0	2.881844	8.645533	2.881844	34.582133	17.291066	0	0	11.527378	8.645533	0	14.409222	2.881844	8.645533	0	0	0	0	0	0	0	0	0	5.763689	2.881844	0	11.527378	0	0	0	0	0	8.645533	0	0	0	0	0	0	0	8.645533	0	0	0	0	0	2.881844	0	0	0	0	0	2.881844	8.645533	0	0	5.763689	0	0	0	0	0	0	0	2.881844	0	0	0	0	0	0	0	0	0	0	0	0	0	0	0	0	0	0	0	0	0	0	0	0	0	0	0	126.801153	23.054755	337.175793	63.400576	135.446686	37.463977	132.564841	72.04611	23.054755	11.527378	2.881844	0	0	8.645533	23.054755	8.645533	5.763689	5.763689	57.636888	0
35549_composicao_gpt-5.6-sol.txt	menores_notas_gpt	117.302053	11.730205	49.853372	11.730205	2.932551	5.865103	2.932551	0	0	0	0	0	2.932551	0	0	0	2.932551	0	2.932551	0	0	0	2.932551	0	5.865103	0	0	0	0	2.932551	193.548387	146.627566	93.841642	20.527859	14.662757	2.932551	0	64.516129	5.865103	64.516129	11.730205	17.595308	70.381232	23.460411	64.516129	11.730205	55.718475	52.785924	0	8.797654	0	5.865103	8.797654	111.43695	0	32.258065	67.44868	85.043988	11.730205	11.730205	5.865103	2.932551	5.865103	0	32.258065	0	0	8.797654	55.718475	8.797654	2.932551	2.932551	5.865103	2.932551	0	5.865103	5.865103	2.932551	0	0	0	70.381232	0	0	0	2.932551	0	0	0	0	2.932551	0	0	0	0	0	0	0	0	0	23.460411	0	5.865103	14.662757	73.313783	0	0	0	5.865103	0	11.730205	2.932551	8.797654	8.797654	0	8.797654	2.932551	0	0	0	8.797654	0	0	0	0	0	2.932551	2.932551	17.595308	79.178886	5.865103	61.583578	0	52.785924	0	2.932551	0	0	2.932551	2.932551	0	0	8.797654	5.865103	2.932551	43.98827	11.730205	0	0	0	5.865103	0	23.460411	5.865103	2.932551	0	0	0	0	0	0	0	0	0	0	0	0	11.730205	0	0	2.932551	0	2.932551	0	0	0	0	0	0	0	2.932551	2.932551	0	0	0	0	0	8.797654	0	0	0	8.797654	0	0	5.865103	0	0	2.932551	0	0	0	0	0	0	0	5.865103	0	0	5.865103	0	0	0	0	0	0	0	0	0	0	0	0	0	0	0	0	0	0	0	0	0	0	0	0	129.032258	2.932551	331.378299	129.032258	105.571848	49.853372	149.560117	73.313783	0	0	11.730205	0	0	5.865103	23.460411	5.865103	8.797654	2.932551	43.98827	0
35577_composicao_gpt-5.6-sol.txt	menores_notas_gpt	113.095238	0	80.357143	11.904762	0	5.952381	2.97619	0	0	0	0	2.97619	5.952381	0	2.97619	0	2.97619	0	0	0	0	0	0	0	5.952381	2.97619	0	0	2.97619	5.952381	312.5	127.97619	136.904762	29.761905	8.928571	0	5.952381	83.333333	0	59.52381	26.785714	17.857143	56.547619	0	38.690476	14.880952	47.619048	35.714286	2.97619	2.97619	0	11.904762	14.880952	74.404762	0	35.714286	50.595238	125	23.809524	11.904762	2.97619	0	0	2.97619	17.857143	0	0	11.904762	65.47619	5.952381	8.928571	0	5.952381	2.97619	0	0	8.928571	2.97619	2.97619	5.952381	0	77.380952	0	0	0	0	0	0	0	0	2.97619	0	0	11.904762	0	0	0	8.928571	0	0	47.619048	0	5.952381	29.761905	77.380952	0	8.928571	0	5.952381	0	2.97619	2.97619	0	5.952381	0	2.97619	0	0	0	0	5.952381	0	0	0	0	2.97619	2.97619	2.97619	2.97619	74.404762	5.952381	80.357143	0	62.5	0	8.928571	0	0	2.97619	8.928571	0	0	2.97619	2.97619	2.97619	50.595238	14.880952	0	0	0	2.97619	0	47.619048	5.952381	8.928571	0	0	0	2.97619	0	0	2.97619	0	0	0	0	0	5.952381	0	2.97619	0	0	0	0	0	0	0	0	0	0	2.97619	0	0	0	0	0	0	11.904762	0	0	0	0	0	0	8.928571	0	0	2.97619	2.97619	0	0	0	0	0	0	2.97619	0	0	0	0	0	0	0	0	0	0	0	0	0	0	0	0	0	0	0	0	0	0	0	0	0	0	0	190.47619	5.952381	318.452381	104.166667	163.690476	23.809524	160.714286	89.285714	8.928571	0	2.97619	0	0	2.97619	47.619048	2.97619	11.904762	5.952381	83.333333	2.97619
35633_composicao_gpt-5.6-sol.txt	menores_notas_gpt	90.680101	17.632242	32.745592	10.075567	17.632242	7.556675	5.037783	0	0	0	0	22.670025	7.556675	10.075567	7.556675	10.075567	0	0	5.037783	7.556675	22.670025	2.518892	5.037783	2.518892	15.11335	22.670025	15.11335	5.037783	2.518892	35.264484	229.219144	88.161209	138.539043	30.2267	2.518892	5.037783	5.037783	15.11335	0	12.594458	25.188917	0	50.377834	0	15.11335	20.151134	10.075567	10.075567	2.518892	0	0	2.518892	2.518892	22.670025	0	5.037783	15.11335	181.360202	27.707809	12.594458	25.188917	7.556675	15.11335	22.670025	15.11335	5.037783	7.556675	12.594458	55.415617	2.518892	0	17.632242	0	7.556675	5.037783	2.518892	7.556675	0	0	10.075567	2.518892	27.707809	55.415617	62.972292	15.11335	2.518892	0	5.037783	2.518892	0	0	5.037783	0	0	0	0	0	7.556675	2.518892	5.037783	32.745592	0	15.11335	40.302267	161.209068	0	7.556675	0	15.11335	10.075567	2.518892	10.075567	0	12.594458	0	0	0	0	0	0	12.594458	0	0	0	0	0	0	7.556675	2.518892	70.528967	2.518892	40.302267	0	47.858942	0	12.594458	0	2.518892	0	5.037783	0	0	5.037783	2.518892	2.518892	25.188917	35.264484	0	0	22.670025	2.518892	0	30.2267	15.11335	12.594458	0	55.415617	0	5.037783	0	0	0	2.518892	0	15.11335	5.037783	2.518892	5.037783	0	0	0	2.518892	0	0	0	0	0	0	0	0	0	2.518892	0	0	2.518892	0	2.518892	12.594458	0	0	0	0	0	0	5.037783	0	0	7.556675	7.556675	0	0	0	0	0	0	2.518892	0	0	0	0	0	5.037783	0	0	0	0	0	0	0	0	0	0	0	0	0	0	0	0	0	0	0	0	0	141.057935	78.085642	264.483627	45.34005	256.926952	50.377834	113.350126	75.566751	10.075567	22.670025	2.518892	5.037783	0	2.518892	32.745592	2.518892	15.11335	7.556675	88.161209	55.415617
35661_composicao_gpt-5.6-sol.txt	menores_notas_gpt	123.188406	14.492754	38.647343	9.661836	2.415459	16.908213	4.830918	0	0	0	0	14.492754	7.246377	2.415459	4.830918	0	4.830918	2.415459	2.415459	7.246377	7.246377	2.415459	4.830918	2.415459	24.154589	14.492754	2.415459	9.661836	2.415459	65.217391	207.729469	65.217391	173.913043	24.154589	2.415459	2.415459	2.415459	12.077295	0	19.323671	38.647343	2.415459	72.463768	0	21.73913	21.73913	9.661836	2.415459	4.830918	0	2.415459	9.661836	7.246377	24.154589	0	0	14.492754	164.251208	33.816425	28.985507	14.492754	14.492754	16.908213	12.077295	4.830918	4.830918	7.246377	7.246377	72.463768	7.246377	0	12.077295	9.661836	2.415459	2.415459	0	4.830918	2.415459	2.415459	4.830918	0	60.386473	55.555556	21.73913	2.415459	0	0	2.415459	4.830918	0	2.415459	9.661836	0	2.415459	4.830918	2.415459	0	9.661836	0	0	36.231884	0	9.661836	28.985507	142.512077	2.415459	7.246377	0	16.908213	0	7.246377	12.077295	7.246377	12.077295	2.415459	4.830918	4.830918	0	0	0	12.077295	0	2.415459	0	0	0	2.415459	7.246377	2.415459	57.971014	2.415459	41.062802	0	53.140097	0	4.830918	0	2.415459	0	7.246377	2.415459	0	0	9.661836	7.246377	24.154589	28.985507	0	0	7.246377	9.661836	2.415459	36.231884	4.830918	4.830918	0	31.400966	0	2.415459	0	0	0	0	0	2.415459	2.415459	2.415459	4.830918	0	0	9.661836	0	0	0	0	0	0	0	0	0	9.661836	0	0	0	0	0	0	14.492754	0	7.246377	0	0	0	0	14.492754	0	0	4.830918	2.415459	0	0	0	0	0	0	4.830918	0	0	2.415459	0	0	2.415459	0	0	0	0	0	0	0	0	0	0	0	0	0	0	0	0	0	0	0	0	0	176.328502	55.555556	272.94686	53.140097	214.975845	62.801932	101.449275	86.956522	9.661836	7.246377	7.246377	2.415459	0	9.661836	36.231884	9.661836	7.246377	9.661836	74.879227	31.400966
35820_composicao_gpt-5.6-sol.txt	menores_notas_gpt	73.239437	8.450704	73.239437	5.633803	5.633803	5.633803	2.816901	0	0	0	0	2.816901	8.450704	0	0	0	8.450704	0	0	0	5.633803	0	0	0	5.633803	2.816901	0	0	2.816901	33.802817	312.676056	177.464789	140.84507	19.71831	11.267606	2.816901	0	78.873239	2.816901	47.887324	5.633803	16.901408	73.239437	0	50.704225	14.084507	42.253521	22.535211	0	0	0	5.633803	0	92.957746	0	30.985915	64.788732	115.492958	33.802817	22.535211	2.816901	5.633803	0	2.816901	2.816901	2.816901	5.633803	11.267606	56.338028	0	0	5.633803	2.816901	2.816901	0	0	5.633803	11.267606	2.816901	0	0	78.873239	2.816901	0	0	2.816901	0	0	0	0	2.816901	0	0	0	2.816901	0	5.633803	22.535211	0	0	39.43662	0	5.633803	39.43662	87.323944	0	22.535211	0	2.816901	0	8.450704	0	5.633803	2.816901	0	5.633803	0	0	0	0	2.816901	0	0	0	0	0	0	0	2.816901	92.957746	8.450704	73.239437	0	64.788732	2.816901	2.816901	2.816901	0	2.816901	0	0	0	0	5.633803	2.816901	50.704225	16.901408	0	0	5.633803	5.633803	0	36.619718	5.633803	2.816901	0	0	0	8.450704	0	0	0	0	0	5.633803	0	0	22.535211	0	2.816901	2.816901	0	0	0	0	0	0	0	0	0	5.633803	0	0	0	0	0	2.816901	11.267606	0	0	0	5.633803	0	0	11.267606	0	0	5.633803	2.816901	0	0	0	0	0	0	5.633803	0	0	0	0	0	0	0	0	0	0	0	0	0	0	0	0	0	0	0	0	0	0	0	0	0	0	0	154.929577	16.901408	346.478873	107.042254	149.295775	28.169014	174.647887	84.507042	22.535211	5.633803	5.633803	0	0	5.633803	36.619718	5.633803	16.901408	0	84.507042	0
35852_composicao_gpt-5.6-sol.txt	menores_notas_gpt	91.358025	2.469136	41.975309	9.876543	19.753086	12.345679	2.469136	0	0	0	0	2.469136	4.938272	0	0	0	4.938272	0	2.469136	0	9.876543	0	4.938272	2.469136	12.345679	2.469136	0	0	2.469136	4.938272	246.91358	111.111111	93.82716	22.222222	22.222222	7.407407	4.938272	83.950617	4.938272	39.506173	24.691358	17.283951	71.604938	9.876543	39.506173	12.345679	44.444444	12.345679	4.938272	7.407407	0	2.469136	9.876543	71.604938	0	34.567901	83.950617	150.617284	34.567901	9.876543	2.469136	9.876543	0	2.469136	14.814815	4.938272	0	14.814815	69.135802	2.469136	4.938272	0	2.469136	2.469136	2.469136	0	7.407407	4.938272	4.938272	2.469136	0	81.481481	2.469136	0	0	0	0	0	0	0	4.938272	0	2.469136	0	0	0	0	17.283951	0	0	71.604938	0	7.407407	27.160494	83.950617	0	17.283951	0	7.407407	0	12.345679	4.938272	2.469136	12.345679	0	2.469136	4.938272	2.469136	0	0	12.345679	0	0	0	0	0	2.469136	7.407407	12.345679	74.074074	0	49.382716	0	56.790123	0	7.407407	0	0	4.938272	7.407407	0	0	7.407407	4.938272	4.938272	32.098765	29.62963	0	0	9.876543	4.938272	0	71.604938	7.407407	2.469136	2.469136	4.938272	0	4.938272	0	0	0	0	0	4.938272	2.469136	2.469136	7.407407	0	2.469136	2.469136	0	0	0	0	0	0	0	0	0	2.469136	2.469136	0	0	0	0	0	32.098765	0	4.938272	0	0	0	0	14.814815	0	0	0	4.938272	0	0	0	0	0	0	7.407407	0	0	0	0	0	0	0	0	0	0	0	0	0	0	0	0	0	0	0	0	0	0	0	0	0	0	0	135.802469	22.222222	301.234568	93.82716	195.061728	54.320988	123.45679	93.82716	17.283951	9.876543	7.407407	0	0	4.938272	71.604938	7.407407	19.753086	2.469136	106.17284	4.938272
35906_composicao_gpt-5.6-sol.txt	menores_notas_gpt	111.842105	0	55.921053	6.578947	0	9.868421	3.289474	0	0	0	0	0	3.289474	0	0	0	3.289474	0	0	0	0	0	0	0	9.868421	0	0	0	0	6.578947	322.368421	177.631579	121.710526	29.605263	16.447368	3.289474	0	98.684211	0	65.789474	9.868421	23.026316	55.921053	26.315789	55.921053	13.157895	49.342105	32.894737	3.289474	9.868421	0	0	6.578947	98.684211	0	52.631579	82.236842	115.131579	19.736842	9.868421	9.868421	3.289474	6.578947	0	6.578947	0	0	13.157895	62.5	0	9.868421	6.578947	6.578947	3.289474	0	6.578947	6.578947	0	6.578947	6.578947	0	59.210526	9.868421	0	0	3.289474	0	0	0	0	0	0	0	3.289474	0	0	0	9.868421	0	6.578947	39.473684	0	3.289474	26.315789	72.368421	3.289474	6.578947	0	9.868421	0	0	3.289474	3.289474	6.578947	0	9.868421	3.289474	0	0	0	6.578947	0	0	0	0	0	0	3.289474	0	78.947368	19.736842	55.921053	0	65.789474	0	3.289474	0	0	0	6.578947	0	0	13.157895	3.289474	3.289474	46.052632	19.736842	0	0	0	3.289474	0	36.184211	3.289474	13.157895	0	0	0	3.289474	0	0	0	0	0	0	0	0	6.578947	0	3.289474	0	0	0	0	0	0	0	0	0	0	3.289474	0	0	0	0	0	3.289474	6.578947	0	3.289474	0	3.289474	0	0	3.289474	0	0	3.289474	0	0	0	0	0	0	0	6.578947	0	0	0	0	0	0	0	0	0	0	0	0	0	0	0	0	0	0	0	0	0	0	0	0	0	0	0	111.842105	3.289474	328.947368	118.421053	141.447368	29.605263	151.315789	95.394737	9.868421	0	6.578947	0	0	3.289474	36.184211	3.289474	13.157895	3.289474	69.078947	0
35911_composicao_gpt-5.6-sol.txt	menores_notas_gpt	96	8	40	2.666667	16	10.666667	8	0	0	0	0	10.666667	2.666667	5.333333	0	5.333333	10.666667	0	2.666667	5.333333	8	0	5.333333	8	13.333333	10.666667	2.666667	0	8	72	210.666667	101.333333	154.666667	21.333333	2.666667	0	5.333333	21.333333	0	24	18.666667	2.666667	82.666667	2.666667	21.333333	21.333333	8	13.333333	0	2.666667	5.333333	2.666667	5.333333	24	0	2.666667	32	162.666667	18.666667	18.666667	10.666667	10.666667	10.666667	13.333333	18.666667	21.333333	8	13.333333	82.666667	10.666667	0	5.333333	8	2.666667	0	5.333333	2.666667	0	5.333333	8	5.333333	10.666667	61.333333	45.333333	0	2.666667	0	2.666667	0	0	5.333333	2.666667	2.666667	5.333333	0	2.666667	0	10.666667	0	8	69.333333	5.333333	2.666667	18.666667	122.666667	5.333333	8	0	24	0	0	2.666667	0	13.333333	0	2.666667	2.666667	0	0	0	13.333333	0	0	0	0	0	2.666667	0	5.333333	80	8	40	0	58.666667	0	13.333333	0	2.666667	5.333333	8	0	0	0	10.666667	0	42.666667	24	0	0	8	10.666667	0	74.666667	2.666667	5.333333	0	18.666667	0	13.333333	0	0	0	0	0	0	0	8	5.333333	0	2.666667	5.333333	0	0	0	0	0	0	0	2.666667	0	8	2.666667	0	0	0	10.666667	0	8	2.666667	0	0	0	0	5.333333	37.333333	0	0	2.666667	13.333333	0	0	0	0	0	0	0	0	0	0	0	0	0	0	0	0	0	0	0	0	0	0	0	0	0	0	0	0	0	0	0	0	0	0	104	34.666667	282.666667	50.666667	224	42.666667	128	98.666667	10.666667	8	0	0	0	10.666667	74.666667	10.666667	18.666667	5.333333	96	18.666667
35937_composicao_gpt-5.6-sol.txt	menores_notas_gpt	129.337539	9.463722	50.473186	9.463722	9.463722	15.772871	9.463722	0	0	0	0	0	3.154574	0	3.154574	0	0	0	0	0	12.618297	0	0	0	9.463722	0	0	0	0	3.154574	305.993691	113.564669	110.410095	37.85489	18.927445	6.309148	0	91.48265	9.463722	56.782334	18.927445	9.463722	69.400631	25.236593	78.864353	15.772871	44.164038	34.700315	3.154574	6.309148	0	0	6.309148	72.555205	0	18.927445	53.62776	119.873817	18.927445	15.772871	9.463722	3.154574	6.309148	3.154574	50.473186	0	0	12.618297	85.173502	3.154574	9.463722	0	6.309148	3.154574	0	0	3.154574	9.463722	0	0	0	63.091483	9.463722	6.309148	0	3.154574	0	3.154574	0	0	3.154574	0	0	3.154574	0	0	0	6.309148	0	3.154574	50.473186	0	6.309148	12.618297	85.173502	6.309148	0	0	0	0	6.309148	0	3.154574	6.309148	0	6.309148	0	0	0	0	6.309148	0	0	0	0	3.154574	0	0	12.618297	78.864353	3.154574	53.62776	0	53.62776	0	3.154574	0	0	3.154574	3.154574	0	0	3.154574	6.309148	6.309148	25.236593	28.391167	0	0	12.618297	6.309148	0	50.473186	6.309148	3.154574	0	0	0	0	0	0	0	0	0	12.618297	0	0	3.154574	0	3.154574	3.154574	0	0	0	0	0	0	0	0	0	6.309148	0	0	0	0	0	6.309148	25.236593	0	3.154574	0	6.309148	0	0	12.618297	0	0	0	3.154574	0	0	0	0	0	0	12.618297	0	0	0	0	0	0	0	0	0	0	0	0	0	0	0	0	0	0	0	0	0	0	0	0	0	0	0	138.801262	15.772871	309.148265	94.637224	151.419558	31.545741	135.646688	78.864353	6.309148	12.618297	12.618297	0	0	6.309148	50.473186	6.309148	12.618297	3.154574	69.400631	0
35979_composicao_gpt-5.6-sol.txt	menores_notas_gpt	86.567164	5.970149	71.641791	2.985075	5.970149	0	5.970149	0	0	0	0	5.970149	2.985075	2.985075	0	2.985075	2.985075	0	8.955224	2.985075	5.970149	0	8.955224	2.985075	2.985075	8.955224	0	0	8.955224	23.880597	283.58209	158.208955	107.462687	26.865672	14.925373	0	2.985075	83.58209	0	77.61194	5.970149	20.895522	68.656716	14.925373	44.776119	11.940299	29.850746	26.865672	0	2.985075	0	2.985075	5.970149	68.656716	0	26.865672	53.731343	107.462687	32.835821	20.895522	5.970149	5.970149	0	0	38.80597	0	0	14.925373	38.80597	8.955224	5.970149	5.970149	5.970149	0	2.985075	8.955224	2.985075	8.955224	5.970149	2.985075	0	71.641791	0	0	0	5.970149	0	2.985075	0	0	2.985075	2.985075	0	0	0	0	0	38.80597	0	2.985075	32.835821	0	8.955224	29.850746	80.597015	5.970149	32.835821	0	5.970149	2.985075	5.970149	2.985075	5.970149	8.955224	0	8.955224	2.985075	0	0	0	8.955224	0	0	0	0	0	0	0	23.880597	83.58209	17.910448	71.641791	0	71.641791	0	2.985075	0	5.970149	0	5.970149	0	0	8.955224	11.940299	2.985075	50.746269	11.940299	0	0	5.970149	11.940299	0	26.865672	8.955224	5.970149	0	2.985075	0	0	0	0	0	0	0	2.985075	0	2.985075	8.955224	0	5.970149	2.985075	0	0	0	0	0	0	0	0	0	8.955224	2.985075	0	0	2.985075	0	0	5.970149	0	0	0	2.985075	0	0	5.970149	0	0	0	2.985075	0	0	0	0	0	0	11.940299	0	0	0	0	0	0	0	0	0	0	0	0	0	0	0	0	0	0	0	0	0	0	0	0	0	0	0	92.537313	29.850746	307.462687	86.567164	155.223881	53.731343	173.134328	89.552239	38.80597	5.970149	11.940299	0	0	11.940299	26.865672	11.940299	14.925373	2.985075	71.641791	2.985075
35986_composicao_gpt-5.6-sol.txt	menores_notas_gpt	95.238095	0	87.301587	2.645503	2.645503	2.645503	5.291005	0	0	0	0	0	0	0	0	0	0	0	7.936508	0	7.936508	0	5.291005	2.645503	2.645503	0	0	0	0	42.328042	285.714286	137.566138	134.920635	29.100529	18.518519	10.582011	5.291005	50.26455	18.518519	50.26455	31.746032	13.227513	55.555556	0	47.619048	18.518519	34.391534	21.164021	10.582011	7.936508	0	0	13.227513	63.492063	0	13.227513	42.328042	103.174603	18.518519	15.873016	5.291005	2.645503	0	0	10.582011	0	2.645503	13.227513	58.201058	2.645503	0	0	5.291005	0	0	2.645503	5.291005	2.645503	5.291005	2.645503	2.645503	66.137566	7.936508	7.936508	0	2.645503	0	0	0	0	2.645503	0	0	0	0	2.645503	0	15.873016	2.645503	0	37.037037	0	2.645503	44.973545	84.656085	2.645503	15.873016	0	7.936508	0	15.873016	5.291005	2.645503	0	0	5.291005	2.645503	0	0	0	0	0	0	0	0	0	0	0	21.164021	84.656085	2.645503	87.301587	0	60.846561	0	5.291005	2.645503	0	2.645503	2.645503	0	0	7.936508	5.291005	7.936508	47.619048	13.227513	0	0	7.936508	5.291005	0	31.746032	2.645503	2.645503	0	0	0	5.291005	0	0	0	0	0	5.291005	0	2.645503	21.164021	0	5.291005	0	0	0	0	0	0	0	0	0	0	5.291005	0	0	0	0	0	0	10.582011	0	2.645503	0	5.291005	0	0	15.873016	0	0	0	0	0	0	0	0	0	0	7.936508	0	0	0	0	0	0	0	0	0	0	0	0	0	0	0	0	0	0	0	0	0	0	0	0	0	0	0	182.539683	15.873016	328.042328	89.94709	137.566138	34.391534	174.603175	95.238095	21.164021	7.936508	7.936508	0	0	5.291005	39.68254	5.291005	15.873016	2.645503	84.656085	0
36000_composicao_gpt-5.6-sol.txt	menores_notas_gpt	99.730458	5.390836	59.299191	10.781671	0	13.477089	5.390836	0	0	0	0	2.695418	5.390836	0	2.695418	0	2.695418	0	5.390836	0	8.086253	0	5.390836	0	10.781671	2.695418	0	0	2.695418	2.695418	304.58221	164.420485	110.512129	16.172507	10.781671	8.086253	2.695418	97.03504	0	70.080863	24.25876	8.086253	51.212938	0	56.603774	18.867925	43.126685	32.345013	2.695418	8.086253	0	8.086253	10.781671	86.253369	0	32.345013	72.77628	105.121294	35.040431	29.649596	2.695418	2.695418	5.390836	0	32.345013	2.695418	2.695418	10.781671	80.862534	5.390836	0	0	0	0	0	0	8.086253	5.390836	0	2.695418	0	80.862534	0	0	0	2.695418	0	0	0	0	0	0	0	0	5.390836	0	0	21.563342	0	2.695418	43.126685	0	5.390836	26.954178	86.253369	16.172507	5.390836	0	0	2.695418	2.695418	0	10.781671	10.781671	0	10.781671	0	0	0	0	10.781671	0	0	0	0	0	0	0	8.086253	97.03504	5.390836	59.299191	0	56.603774	2.695418	0	0	0	0	2.695418	0	0	2.695418	2.695418	2.695418	43.126685	16.172507	0	0	8.086253	2.695418	0	21.563342	2.695418	8.086253	0	21.563342	0	2.695418	0	0	0	0	0	8.086253	0	0	8.086253	0	0	0	0	0	0	0	0	0	0	0	0	2.695418	0	0	0	0	0	0	13.477089	0	2.695418	0	5.390836	0	8.086253	16.172507	0	0	0	5.390836	0	0	0	0	0	0	2.695418	0	0	0	0	0	0	0	0	0	0	0	0	0	0	0	0	0	0	0	0	0	0	0	0	0	0	0	105.121294	35.040431	307.277628	115.902965	150.943396	43.126685	161.725067	67.385445	21.563342	8.086253	2.695418	0	0	2.695418	43.126685	0	13.477089	0	75.471698	0
36079_composicao_gpt-5.6-sol.txt	menores_notas_gpt	122.666667	8	48	5.333333	2.666667	5.333333	5.333333	5.333333	0	0	0	0	2.666667	0	2.666667	0	0	0	2.666667	0	5.333333	0	2.666667	0	2.666667	0	0	0	0	16	309.333333	146.666667	117.333333	24	13.333333	0	2.666667	85.333333	8	80	24	16	42.666667	10.666667	45.333333	13.333333	45.333333	29.333333	2.666667	5.333333	0	2.666667	2.666667	77.333333	0	18.666667	53.333333	101.333333	18.666667	5.333333	5.333333	8	0	0	16	0	0	10.666667	56	8	0	0	2.666667	0	0	2.666667	8	2.666667	0	8	0	64	2.666667	0	0	2.666667	0	0	0	0	0	0	0	0	0	0	0	26.666667	0	0	37.333333	0	2.666667	26.666667	69.333333	8	21.333333	5.333333	5.333333	0	8	5.333333	5.333333	10.666667	0	0	8	0	0	0	10.666667	0	0	0	0	0	2.666667	2.666667	10.666667	106.666667	2.666667	53.333333	0	61.333333	2.666667	10.666667	0	0	0	5.333333	0	0	5.333333	5.333333	2.666667	61.333333	8	0	0	5.333333	5.333333	0	34.666667	2.666667	2.666667	0	2.666667	0	0	0	0	0	0	0	5.333333	0	0	13.333333	0	0	2.666667	0	2.666667	0	0	0	0	0	0	0	5.333333	0	0	0	0	0	0	26.666667	0	5.333333	0	0	0	0	24	0	0	0	2.666667	0	0	0	0	0	0	2.666667	0	0	0	0	0	0	0	0	0	0	0	0	0	0	0	0	0	0	0	0	0	0	0	0	0	0	0	130.666667	21.333333	325.333333	93.333333	133.333333	34.666667	162.666667	93.333333	26.666667	5.333333	2.666667	0	0	5.333333	37.333333	5.333333	10.666667	8	66.666667	2.666667
36085_composicao_gpt-5.6-sol.txt	menores_notas_gpt	93.023256	8.72093	81.395349	17.44186	5.813953	8.72093	2.906977	2.906977	0	0	0	0	2.906977	2.906977	0	0	2.906977	0	0	5.813953	0	0	2.906977	0	11.627907	0	0	0	0	0	340.116279	203.488372	119.186047	17.44186	17.44186	0	2.906977	98.837209	0	75.581395	14.534884	11.627907	81.395349	0	49.418605	14.534884	46.511628	37.790698	0	0	0	0	2.906977	93.023256	0	31.976744	46.511628	95.930233	26.162791	14.534884	2.906977	2.906977	0	2.906977	14.534884	2.906977	2.906977	8.72093	43.604651	11.627907	11.627907	0	2.906977	2.906977	0	0	2.906977	2.906977	2.906977	0	0	72.674419	2.906977	0	0	2.906977	0	0	0	0	0	2.906977	0	0	0	0	0	11.627907	0	0	29.069767	0	5.813953	26.162791	78.488372	5.813953	8.72093	0	5.813953	0	5.813953	5.813953	5.813953	2.906977	0	2.906977	5.813953	0	0	0	2.906977	0	0	0	0	0	0	5.813953	17.44186	66.860465	5.813953	87.209302	0	49.418605	2.906977	2.906977	0	2.906977	0	5.813953	0	0	2.906977	0	5.813953	37.790698	14.534884	2.906977	0	0	0	0	29.069767	2.906977	2.906977	0	0	0	0	0	0	0	0	0	0	0	0	8.72093	0	0	0	0	0	0	0	0	0	0	0	0	0	0	0	0	0	0	0	17.44186	0	2.906977	0	0	0	0	2.906977	0	0	0	2.906977	0	0	0	0	0	0	5.813953	0	0	0	0	0	0	0	0	0	0	0	0	0	0	0	0	0	0	0	0	0	0	0	0	0	0	0	101.744186	11.627907	340.116279	110.465116	116.27907	46.511628	159.883721	75.581395	14.534884	0	5.813953	0	0	0	29.069767	0	8.72093	5.813953	61.046512	0
36095_composicao_gpt-5.6-sol.txt	menores_notas_gpt	100.775194	10.335917	77.51938	12.919897	12.919897	10.335917	0	0	0	0	0	5.167959	2.583979	0	0	0	2.583979	0	5.167959	2.583979	0	0	5.167959	0	15.503876	5.167959	0	0	5.167959	36.175711	286.821705	175.710594	87.855297	33.591731	28.423773	2.583979	10.335917	56.847545	0	36.175711	23.255814	15.503876	67.183463	12.919897	56.847545	15.503876	43.927649	41.343669	5.167959	2.583979	0	5.167959	12.919897	74.935401	0	31.007752	51.679587	100.775194	33.591731	18.087855	15.503876	5.167959	7.751938	2.583979	12.919897	2.583979	2.583979	12.919897	49.095607	12.919897	2.583979	2.583979	12.919897	2.583979	0	10.335917	5.167959	7.751938	2.583979	5.167959	0	69.767442	10.335917	0	0	0	0	0	0	0	5.167959	2.583979	0	0	0	0	0	36.175711	0	5.167959	33.591731	0	7.751938	28.423773	80.103359	0	36.175711	0	7.751938	0	7.751938	5.167959	5.167959	7.751938	0	5.167959	5.167959	0	0	0	7.751938	0	0	0	0	0	0	5.167959	7.751938	72.351421	5.167959	85.271318	0	38.75969	0	2.583979	2.583979	2.583979	2.583979	7.751938	0	0	5.167959	7.751938	5.167959	31.007752	10.335917	0	0	0	7.751938	0	33.591731	5.167959	2.583979	0	0	0	0	0	0	0	0	0	0	0	0	2.583979	0	7.751938	0	0	0	0	0	0	0	0	0	0	5.167959	2.583979	0	0	0	0	0	20.671835	0	2.583979	0	0	0	0	0	0	0	0	2.583979	0	0	0	0	0	0	5.167959	0	0	0	0	0	0	0	0	0	0	0	0	0	0	0	0	0	0	0	0	0	0	0	0	0	0	0	188.630491	18.087855	320.413437	100.775194	149.870801	43.927649	162.790698	74.935401	36.175711	0	5.167959	0	0	7.751938	33.591731	7.751938	12.919897	5.167959	62.015504	0
36137_composicao_gpt-5.6-sol.txt	menores_notas_gpt	115.492958	8.450704	56.338028	8.450704	5.633803	5.633803	2.816901	0	0	0	0	0	2.816901	0	2.816901	0	0	0	8.450704	0	5.633803	0	8.450704	0	5.633803	0	0	0	0	0	326.760563	160.56338	129.577465	19.71831	5.633803	0	0	87.323944	0	73.239437	22.535211	2.816901	61.971831	8.450704	50.704225	16.901408	42.253521	14.084507	2.816901	2.816901	0	8.450704	19.71831	73.239437	0	28.169014	59.15493	92.957746	36.619718	25.352113	0	0	2.816901	0	5.633803	0	5.633803	11.267606	64.788732	0	5.633803	0	2.816901	0	0	0	5.633803	2.816901	2.816901	2.816901	0	73.239437	0	0	0	2.816901	0	2.816901	0	0	2.816901	0	0	0	5.633803	0	0	11.267606	0	0	39.43662	0	5.633803	19.71831	78.873239	0	11.267606	0	5.633803	0	5.633803	0	2.816901	8.450704	0	8.450704	0	0	0	0	8.450704	0	0	0	0	0	0	0	16.901408	81.690141	11.267606	56.338028	0	56.338028	2.816901	0	0	0	2.816901	2.816901	0	0	14.084507	2.816901	5.633803	39.43662	19.71831	0	0	5.633803	2.816901	0	33.802817	0	8.450704	0	0	0	2.816901	0	0	0	0	0	5.633803	0	0	8.450704	0	0	0	0	0	0	0	0	0	0	0	0	2.816901	0	0	0	0	0	0	22.535211	0	0	0	5.633803	0	0	5.633803	0	0	0	2.816901	0	0	0	0	0	0	5.633803	0	0	0	0	0	0	0	0	0	0	0	0	0	0	0	0	0	0	0	0	0	0	0	0	0	0	0	180.28169	16.901408	326.760563	107.042254	129.577465	39.43662	146.478873	84.507042	11.267606	5.633803	5.633803	0	0	2.816901	36.619718	0	11.267606	0	59.15493	0
36140_composicao_gpt-5.6-sol.txt	menores_notas_gpt	110.119048	0	29.761905	8.928571	5.952381	8.928571	5.952381	0	0	0	0	2.97619	8.928571	0	2.97619	0	5.952381	0	0	0	5.952381	0	0	0	5.952381	2.97619	0	0	2.97619	5.952381	312.5	136.904762	125	26.785714	14.880952	5.952381	2.97619	65.47619	17.857143	71.428571	20.833333	8.928571	62.5	17.857143	59.52381	17.857143	32.738095	35.714286	8.928571	5.952381	0	8.928571	11.904762	80.357143	0	20.833333	74.404762	127.97619	26.785714	14.880952	14.880952	8.928571	0	0	35.714286	0	2.97619	8.928571	65.47619	5.952381	2.97619	0	8.928571	2.97619	0	2.97619	0	5.952381	5.952381	0	0	74.404762	0	0	0	0	0	0	0	0	5.952381	0	0	0	0	0	0	5.952381	0	0	62.5	0	5.952381	8.928571	74.404762	0	11.904762	0	2.97619	0	8.928571	0	8.928571	5.952381	0	0	0	0	0	0	5.952381	0	0	0	0	0	0	0	5.952381	104.166667	2.97619	29.761905	0	59.52381	2.97619	2.97619	0	0	5.952381	5.952381	0	0	0	8.928571	2.97619	47.619048	17.857143	0	0	5.952381	8.928571	0	62.5	2.97619	2.97619	0	8.928571	0	0	0	0	0	0	0	5.952381	0	0	0	0	2.97619	5.952381	0	0	0	0	0	0	0	0	0	5.952381	2.97619	0	0	0	0	0	17.857143	0	2.97619	0	0	0	2.97619	20.833333	0	0	2.97619	5.952381	0	0	0	0	0	0	8.928571	0	0	0	0	0	0	0	0	0	0	0	0	0	0	0	0	0	0	0	0	0	0	0	0	0	0	0	139.880952	41.666667	321.428571	110.119048	157.738095	26.785714	136.904762	80.357143	11.904762	5.952381	8.928571	0	0	8.928571	74.404762	8.928571	11.904762	0	77.380952	8.928571
36172_composicao_gpt-5.6-sol.txt	menores_notas_gpt	138.728324	14.450867	46.242775	11.560694	5.780347	8.67052	2.890173	0	0	0	0	0	5.780347	0	0	0	2.890173	0	0	2.890173	5.780347	0	0	0	5.780347	0	0	0	0	2.890173	234.104046	164.739884	92.485549	23.121387	14.450867	0	2.890173	80.924855	8.67052	72.254335	14.450867	14.450867	72.254335	5.780347	34.682081	17.34104	31.791908	28.901734	2.890173	0	0	2.890173	8.67052	57.803468	0	17.34104	43.352601	130.057803	34.682081	20.231214	8.67052	0	2.890173	8.67052	43.352601	0	0	11.560694	52.023121	0	2.890173	5.780347	0	2.890173	0	5.780347	2.890173	5.780347	2.890173	2.890173	5.780347	75.144509	0	0	0	2.890173	0	0	0	0	8.67052	2.890173	0	2.890173	2.890173	0	0	23.121387	2.890173	2.890173	46.242775	0	8.67052	31.791908	80.924855	0	14.450867	0	5.780347	0	8.67052	0	8.67052	2.890173	0	2.890173	0	0	0	0	2.890173	0	0	0	0	0	0	0	5.780347	89.595376	0	52.023121	0	54.913295	0	2.890173	0	0	5.780347	0	0	0	8.67052	2.890173	5.780347	31.791908	26.011561	0	0	5.780347	2.890173	0	46.242775	5.780347	0	0	0	0	5.780347	0	0	0	0	0	5.780347	0	0	11.560694	0	0	2.890173	0	0	0	0	0	0	0	0	0	2.890173	0	0	0	0	0	0	17.34104	0	8.67052	0	5.780347	0	0	14.450867	0	0	0	5.780347	0	0	0	0	0	0	8.67052	0	0	0	0	0	0	0	0	0	0	0	0	0	0	0	0	0	0	0	0	0	0	0	0	0	0	0	213.872832	26.011561	309.248555	83.815029	173.410405	34.682081	141.618497	80.924855	26.011561	5.780347	8.67052	0	0	2.890173	46.242775	11.560694	17.34104	0	86.705202	0
36181_composicao_gpt-5.6-sol.txt	menores_notas_gpt	96.692112	10.178117	53.435115	0	27.989822	22.900763	5.089059	0	0	0	0	7.633588	10.178117	5.089059	2.544529	5.089059	10.178117	0	0	7.633588	15.267176	0	2.544529	0	27.989822	7.633588	7.633588	0	0	53.435115	223.918575	99.236641	114.503817	22.900763	5.089059	5.089059	5.089059	40.712468	0	38.167939	20.356234	2.544529	66.157761	0	27.989822	17.811705	12.722646	5.089059	7.633588	2.544529	0	0	12.722646	30.534351	0	2.544529	33.07888	167.938931	30.534351	17.811705	25.445293	15.267176	0	7.633588	10.178117	5.089059	12.722646	7.633588	68.70229	10.178117	5.089059	10.178117	7.633588	5.089059	10.178117	0	2.544529	2.544529	0	5.089059	0	33.07888	50.890585	30.534351	0	7.633588	0	2.544529	0	0	7.633588	2.544529	0	0	10.178117	7.633588	0	5.089059	0	2.544529	48.346056	2.544529	15.267176	15.267176	124.681934	0	5.089059	0	12.722646	0	2.544529	7.633588	7.633588	12.722646	0	7.633588	2.544529	0	0	0	12.722646	0	0	0	0	0	2.544529	7.633588	2.544529	55.979644	5.089059	53.435115	0	55.979644	0	10.178117	0	2.544529	0	2.544529	0	0	7.633588	12.722646	2.544529	43.256997	20.356234	0	0	15.267176	15.267176	0	48.346056	15.267176	0	0	43.256997	0	7.633588	0	0	0	0	0	12.722646	0	0	2.544529	0	5.089059	7.633588	2.544529	0	0	0	0	0	0	0	0	7.633588	7.633588	0	0	5.089059	2.544529	0	7.633588	0	0	0	0	0	2.544529	12.722646	0	0	2.544529	7.633588	0	0	0	0	0	0	5.089059	0	0	0	0	0	0	0	0	0	0	0	0	0	0	0	0	0	0	0	0	0	0	0	0	0	0	0	106.870229	43.256997	279.898219	61.068702	203.562341	50.890585	114.503817	91.603053	5.089059	15.267176	5.089059	0	0	20.356234	48.346056	15.267176	7.633588	10.178117	78.880407	43.256997
36188_composicao_gpt-5.6-sol.txt	menores_notas_gpt	74.666667	10.666667	56	10.666667	0	10.666667	0	0	0	0	0	0	2.666667	0	0	0	2.666667	0	5.333333	5.333333	5.333333	0	5.333333	0	13.333333	0	0	0	0	8	322.666667	157.333333	130.666667	26.666667	16	2.666667	2.666667	74.666667	2.666667	82.666667	26.666667	13.333333	64	2.666667	58.666667	10.666667	48	40	2.666667	5.333333	0	0	10.666667	88	0	21.333333	56	128	24	16	0	10.666667	0	0	21.333333	2.666667	8	13.333333	66.666667	2.666667	5.333333	0	2.666667	2.666667	0	2.666667	5.333333	2.666667	5.333333	2.666667	0	66.666667	13.333333	2.666667	0	2.666667	0	2.666667	0	0	0	0	0	0	0	5.333333	2.666667	16	0	8	48	0	5.333333	18.666667	85.333333	5.333333	10.666667	0	2.666667	2.666667	5.333333	8	8	8	0	8	0	0	0	0	8	0	0	0	0	2.666667	0	8	5.333333	90.666667	13.333333	61.333333	0	58.666667	2.666667	0	0	0	2.666667	8	0	0	5.333333	5.333333	2.666667	42.666667	18.666667	0	0	5.333333	5.333333	0	48	5.333333	2.666667	0	5.333333	0	2.666667	0	0	0	0	0	5.333333	0	0	8	0	0	5.333333	0	0	0	0	0	0	0	0	0	5.333333	0	0	0	0	2.666667	0	13.333333	0	2.666667	2.666667	2.666667	0	0	10.666667	0	0	0	2.666667	0	0	0	0	0	0	5.333333	0	0	0	0	0	0	0	0	0	0	0	0	0	0	0	0	0	0	0	0	0	0	0	0	0	0	0	85.333333	18.666667	336	109.333333	144	37.333333	162.666667	85.333333	16	5.333333	5.333333	0	0	5.333333	48	5.333333	13.333333	2.666667	72	5.333333
36225_composicao_gpt-5.6-sol.txt	menores_notas_gpt	93.294461	5.830904	69.970845	11.661808	2.915452	2.915452	2.915452	0	0	0	0	0	2.915452	0	0	0	2.915452	0	0	2.915452	5.830904	2.915452	2.915452	0	5.830904	0	0	0	0	5.830904	309.037901	61.22449	113.702624	23.323615	29.154519	5.830904	5.830904	99.125364	2.915452	78.717201	32.069971	14.577259	58.309038	23.323615	55.393586	8.746356	58.309038	34.985423	2.915452	5.830904	0	0	8.746356	104.956268	0	34.985423	67.055394	116.618076	23.323615	11.661808	2.915452	2.915452	2.915452	0	5.830904	2.915452	2.915452	5.830904	46.64723	2.915452	2.915452	0	5.830904	2.915452	0	2.915452	5.830904	2.915452	2.915452	2.915452	0	72.886297	0	0	0	2.915452	0	0	0	0	2.915452	0	0	5.830904	0	0	0	11.661808	0	5.830904	34.985423	2.915452	5.830904	29.154519	72.886297	5.830904	5.830904	0	5.830904	0	8.746356	0	5.830904	5.830904	0	8.746356	2.915452	0	0	0	5.830904	0	0	0	0	0	0	8.746356	14.577259	72.886297	5.830904	69.970845	0	58.309038	2.915452	5.830904	0	0	2.915452	2.915452	0	0	0	2.915452	0	49.562682	14.577259	0	0	5.830904	2.915452	2.915452	34.985423	5.830904	2.915452	0	0	0	2.915452	0	0	0	0	0	5.830904	0	0	11.661808	0	2.915452	0	0	0	0	0	2.915452	0	0	0	0	2.915452	0	0	0	0	0	0	17.492711	0	11.661808	0	8.746356	0	0	17.492711	0	0	2.915452	0	0	0	0	0	0	0	2.915452	0	0	0	0	0	0	0	0	0	0	0	0	0	0	0	0	0	0	0	0	0	0	0	0	0	0	0	99.125364	17.492711	314.868805	122.44898	151.603499	55.393586	148.688047	75.801749	11.661808	5.830904	2.915452	0	0	2.915452	34.985423	8.746356	11.661808	2.915452	72.886297	0
36238_composicao_gpt-5.6-sol.txt	menores_notas_gpt	84.90566	6.289308	37.735849	15.72327	15.72327	12.578616	3.144654	0	0	0	0	3.144654	3.144654	6.289308	3.144654	0	0	0	0	9.433962	3.144654	0	0	0	15.72327	3.144654	0	0	3.144654	0	314.465409	147.798742	147.798742	22.012579	9.433962	3.144654	3.144654	72.327044	12.578616	72.327044	22.012579	6.289308	66.037736	0	44.025157	12.578616	40.880503	22.012579	6.289308	9.433962	0	0	12.578616	69.18239	0	25.157233	66.037736	144.654088	31.446541	18.867925	3.144654	9.433962	6.289308	3.144654	50.314465	0	0	12.578616	66.037736	3.144654	9.433962	0	6.289308	0	0	0	9.433962	3.144654	3.144654	6.289308	0	94.339623	0	0	0	3.144654	0	3.144654	0	0	9.433962	0	0	0	6.289308	0	0	37.735849	3.144654	3.144654	47.169811	0	9.433962	25.157233	100.628931	3.144654	31.446541	0	9.433962	0	3.144654	0	6.289308	3.144654	0	6.289308	0	0	0	0	3.144654	0	0	0	0	0	3.144654	0	0	66.037736	6.289308	37.735849	0	62.893082	3.144654	3.144654	3.144654	0	3.144654	9.433962	0	0	3.144654	9.433962	3.144654	47.169811	22.012579	6.289308	0	3.144654	9.433962	0	47.169811	6.289308	0	0	0	0	6.289308	0	0	0	0	0	3.144654	0	0	6.289308	0	3.144654	3.144654	0	0	3.144654	0	0	0	0	0	0	6.289308	3.144654	0	0	0	0	0	12.578616	0	0	0	6.289308	0	0	6.289308	0	0	3.144654	6.289308	0	0	0	0	0	0	3.144654	0	0	0	0	0	0	0	0	0	0	0	0	0	0	0	0	0	0	0	0	0	0	0	0	0	0	0	91.194969	56.603774	314.465409	94.339623	188.679245	28.301887	110.062893	106.918239	37.735849	3.144654	3.144654	0	0	9.433962	47.169811	9.433962	15.72327	0	81.761006	0
36248_composicao_gpt-5.6-sol.txt	menores_notas_gpt	94.043887	0	53.291536	12.539185	12.539185	12.539185	6.269592	0	0	0	0	0	3.134796	0	0	0	3.134796	0	6.269592	0	6.269592	0	6.269592	0	12.539185	0	0	0	0	0	326.018809	175.548589	112.852665	28.213166	12.539185	18.808777	3.134796	90.909091	0	81.504702	9.404389	9.404389	72.100313	0	43.887147	15.673981	34.482759	37.617555	0	6.269592	0	0	6.269592	72.100313	0	28.213166	43.887147	112.852665	28.213166	12.539185	3.134796	6.269592	0	0	12.539185	0	6.269592	15.673981	84.639498	3.134796	6.269592	0	3.134796	0	0	0	12.539185	3.134796	0	0	0	62.695925	0	0	0	9.404389	0	3.134796	0	0	12.539185	0	0	6.269592	0	0	3.134796	25.07837	0	0	53.291536	0	0	18.808777	75.23511	12.539185	18.808777	0	3.134796	0	12.539185	6.269592	6.269592	0	0	6.269592	3.134796	0	0	0	0	0	0	0	0	0	0	6.269592	28.213166	97.178683	0	53.291536	0	59.561129	0	3.134796	0	3.134796	3.134796	3.134796	0	0	6.269592	9.404389	6.269592	28.213166	31.347962	0	0	6.269592	9.404389	0	47.021944	0	0	3.134796	0	0	3.134796	0	0	0	0	0	6.269592	0	0	3.134796	0	3.134796	3.134796	0	0	3.134796	0	0	0	0	0	0	3.134796	6.269592	0	0	0	0	0	18.808777	0	0	0	6.269592	0	0	12.539185	0	0	0	3.134796	0	0	0	0	0	0	9.404389	0	0	0	0	0	0	0	0	0	0	0	0	0	0	0	0	0	0	0	0	0	0	0	0	0	0	0	147.335423	12.539185	329.153605	94.043887	156.739812	50.15674	150.470219	84.639498	25.07837	6.269592	9.404389	0	0	9.404389	47.021944	9.404389	15.673981	3.134796	72.100313	0
36278_composicao_gpt-5.6-sol.txt	menores_notas_gpt	115.755627	6.430868	51.446945	9.646302	3.215434	0	0	0	0	0	0	6.430868	9.646302	3.215434	3.215434	3.215434	3.215434	0	3.215434	9.646302	3.215434	0	3.215434	0	9.646302	6.430868	0	0	6.430868	0	315.11254	141.4791	131.832797	9.646302	12.861736	3.215434	0	99.678457	3.215434	96.463023	19.292605	0	48.231511	12.861736	45.016077	9.646302	28.938907	25.723473	6.430868	0	0	0	9.646302	64.308682	0	22.508039	28.938907	122.186495	25.723473	16.07717	3.215434	6.430868	3.215434	0	16.07717	0	6.430868	3.215434	64.308682	3.215434	6.430868	3.215434	3.215434	0	0	0	0	3.215434	0	0	0	48.231511	12.861736	0	0	0	0	0	0	0	16.07717	0	0	0	0	3.215434	0	22.508039	3.215434	3.215434	32.154341	0	16.07717	28.938907	61.093248	3.215434	19.292605	0	3.215434	3.215434	9.646302	0	6.430868	6.430868	3.215434	3.215434	0	0	0	0	6.430868	0	3.215434	0	0	0	6.430868	0	9.646302	106.109325	12.861736	54.662379	0	54.662379	6.430868	6.430868	3.215434	0	0	3.215434	0	0	6.430868	12.861736	3.215434	41.800643	12.861736	0	0	3.215434	12.861736	0	32.154341	12.861736	3.215434	0	0	0	6.430868	0	0	0	0	0	3.215434	0	0	9.646302	0	3.215434	3.215434	0	0	3.215434	0	0	0	0	0	0	6.430868	6.430868	0	0	0	0	0	9.646302	0	0	0	0	0	0	19.292605	0	0	0	9.646302	0	0	0	0	0	0	3.215434	0	0	0	0	0	0	0	0	0	0	0	0	0	0	0	0	0	0	0	0	0	0	0	0	0	0	0	122.186495	35.369775	315.11254	83.601286	147.909968	45.016077	173.633441	83.601286	25.723473	3.215434	3.215434	0	0	12.861736	38.585209	12.861736	3.215434	6.430868	77.170418	0
36295_composicao_gpt-5.6-sol.txt	menores_notas_gpt	117.647059	2.941176	50	5.882353	2.941176	8.823529	0	0	0	0	0	2.941176	8.823529	2.941176	0	0	8.823529	0	5.882353	0	2.941176	0	5.882353	0	8.823529	2.941176	0	0	2.941176	2.941176	326.470588	132.352941	164.705882	32.352941	20.588235	2.941176	5.882353	61.764706	26.470588	61.764706	26.470588	8.823529	64.705882	11.764706	41.176471	14.705882	35.294118	17.647059	5.882353	2.941176	0	0	5.882353	67.647059	0	17.647059	38.235294	126.470588	17.647059	17.647059	2.941176	0	0	2.941176	17.647059	2.941176	2.941176	11.764706	67.647059	2.941176	2.941176	0	5.882353	0	0	0	2.941176	8.823529	0	2.941176	0	79.411765	2.941176	0	0	0	0	0	0	0	2.941176	2.941176	0	0	5.882353	0	0	11.764706	0	2.941176	32.352941	0	11.764706	20.588235	82.352941	0	11.764706	0	2.941176	0	8.823529	2.941176	14.705882	2.941176	0	5.882353	2.941176	0	0	0	2.941176	0	0	0	0	0	0	2.941176	8.823529	85.294118	5.882353	52.941176	0	61.764706	0	0	0	2.941176	0	8.823529	0	0	5.882353	5.882353	5.882353	38.235294	20.588235	2.941176	0	2.941176	5.882353	0	32.352941	11.764706	2.941176	0	17.647059	0	8.823529	0	0	2.941176	0	0	2.941176	0	0	8.823529	0	2.941176	0	0	0	0	0	0	0	2.941176	0	0	5.882353	0	0	0	0	0	0	23.529412	0	2.941176	0	0	0	2.941176	11.764706	0	0	2.941176	5.882353	0	0	0	0	0	0	5.882353	0	0	0	0	0	0	0	0	0	0	0	0	0	0	0	0	0	0	0	0	0	0	0	0	0	0	0	120.588235	29.411765	329.411765	88.235294	150	44.117647	144.117647	88.235294	11.764706	2.941176	5.882353	0	0	5.882353	32.352941	5.882353	11.764706	2.941176	64.705882	2.941176
36307_composicao_gpt-5.6-sol.txt	menores_notas_gpt	69.306931	6.60066	52.805281	16.50165	6.60066	3.30033	3.30033	0	0	0	0	0	0	0	0	0	6.60066	0	0	0	3.30033	0	0	0	3.30033	0	0	0	0	6.60066	277.227723	174.917492	115.511551	29.70297	13.20132	0	3.30033	66.006601	6.60066	62.706271	16.50165	6.60066	69.306931	0	59.405941	13.20132	33.0033	19.80198	0	9.90099	0	0	16.50165	85.808581	0	26.40264	42.90429	75.907591	26.40264	13.20132	3.30033	9.90099	0	3.30033	13.20132	0	0	13.20132	56.105611	13.20132	0	0	3.30033	0	3.30033	0	6.60066	6.60066	0	6.60066	0	62.706271	0	0	0	3.30033	0	3.30033	0	0	3.30033	3.30033	3.30033	0	6.60066	0	0	19.80198	0	0	36.30363	0	16.50165	19.80198	69.306931	0	19.80198	0	3.30033	0	0	3.30033	9.90099	3.30033	0	6.60066	3.30033	0	0	0	3.30033	0	0	0	0	0	0	3.30033	26.40264	72.607261	19.80198	56.105611	0	75.907591	0	6.60066	0	3.30033	0	3.30033	0	0	6.60066	3.30033	3.30033	52.805281	16.50165	3.30033	0	3.30033	3.30033	0	52.805281	16.50165	6.60066	0	9.90099	0	6.60066	0	0	0	0	0	3.30033	0	0	3.30033	0	0	0	0	0	0	0	0	0	0	0	0	0	3.30033	0	0	6.60066	0	0	23.10231	0	0	0	0	0	0	9.90099	0	0	0	6.60066	0	0	0	0	0	0	9.90099	0	0	0	0	0	0	0	0	0	0	0	0	0	0	0	0	0	0	0	0	0	0	0	0	0	0	0	75.907591	3.30033	343.234323	115.511551	132.013201	39.60396	151.815182	105.610561	19.80198	3.30033	9.90099	0	0	3.30033	56.105611	3.30033	13.20132	3.30033	72.607261	0
36341_composicao_gpt-5.6-sol.txt	menores_notas_gpt	100.628931	0	44.025157	9.433962	6.289308	3.144654	0	0	0	0	0	3.144654	3.144654	0	0	0	3.144654	0	0	0	6.289308	0	0	3.144654	3.144654	3.144654	0	0	3.144654	3.144654	314.465409	147.798742	113.207547	37.735849	15.72327	9.433962	15.72327	56.603774	9.433962	40.880503	31.446541	9.433962	53.459119	0	116.352201	3.144654	47.169811	22.012579	3.144654	6.289308	0	0	15.72327	100.628931	3.144654	28.301887	56.603774	125.786164	28.301887	6.289308	3.144654	6.289308	0	0	9.433962	0	9.433962	12.578616	94.339623	3.144654	0	0	3.144654	0	3.144654	3.144654	3.144654	6.289308	6.289308	0	0	81.761006	12.578616	0	0	3.144654	0	0	0	0	0	0	0	0	0	3.144654	6.289308	34.591195	0	3.144654	53.459119	0	3.144654	28.301887	97.484277	15.72327	18.867925	0	6.289308	0	3.144654	6.289308	3.144654	6.289308	0	12.578616	6.289308	3.144654	0	0	6.289308	0	0	0	0	0	0	6.289308	6.289308	88.050314	3.144654	50.314465	0	53.459119	3.144654	3.144654	0	0	0	6.289308	0	0	6.289308	6.289308	3.144654	44.025157	12.578616	3.144654	0	6.289308	6.289308	0	37.735849	3.144654	0	0	6.289308	0	3.144654	0	0	0	0	0	3.144654	0	3.144654	9.433962	0	3.144654	3.144654	0	0	0	0	0	0	0	0	0	6.289308	0	0	0	6.289308	0	0	22.012579	0	3.144654	0	0	0	0	12.578616	0	0	0	3.144654	0	0	0	0	0	0	3.144654	0	0	0	0	0	0	0	0	0	0	0	0	0	0	0	0	0	0	0	0	0	0	0	0	0	0	0	100.628931	12.578616	317.610063	119.496855	154.08805	40.880503	141.509434	84.90566	34.591195	6.289308	3.144654	0	0	6.289308	50.314465	6.289308	15.72327	9.433962	84.90566	6.289308
36430_composicao_gpt-5.6-sol.txt	menores_notas_gpt	129.113924	7.594937	53.164557	5.063291	2.531646	7.594937	7.594937	0	0	0	0	0	10.126582	5.063291	0	0	5.063291	0	5.063291	5.063291	5.063291	0	5.063291	0	10.126582	0	0	0	0	10.126582	311.392405	159.493671	131.64557	15.189873	5.063291	0	5.063291	75.949367	5.063291	68.35443	35.443038	7.594937	78.481013	0	48.101266	22.78481	35.443038	22.78481	5.063291	2.531646	0	2.531646	12.658228	68.35443	0	25.316456	63.291139	103.797468	12.658228	20.253165	2.531646	12.658228	2.531646	0	10.126582	0	2.531646	7.594937	63.291139	5.063291	7.594937	0	5.063291	0	0	0	2.531646	5.063291	0	2.531646	0	75.949367	2.531646	0	0	0	0	0	0	0	2.531646	0	0	0	5.063291	0	0	2.531646	2.531646	5.063291	37.974684	0	7.594937	10.126582	78.481013	0	2.531646	0	2.531646	0	7.594937	7.594937	5.063291	5.063291	0	7.594937	0	0	0	0	5.063291	0	0	0	0	0	0	7.594937	5.063291	73.417722	5.063291	53.164557	0	68.35443	0	2.531646	0	0	2.531646	0	0	0	15.189873	7.594937	5.063291	53.164557	15.189873	0	0	5.063291	7.594937	0	37.974684	7.594937	2.531646	0	5.063291	0	10.126582	0	0	0	0	0	5.063291	0	0	5.063291	0	2.531646	5.063291	0	0	0	0	0	0	0	0	0	7.594937	0	0	0	0	0	5.063291	12.658228	0	2.531646	2.531646	0	0	0	2.531646	0	0	5.063291	5.063291	0	0	0	0	0	0	5.063291	0	0	0	0	0	0	0	0	0	0	0	0	0	0	0	0	0	0	0	0	0	0	0	0	0	0	0	189.873418	30.379747	321.518987	103.797468	126.582278	35.443038	131.64557	93.670886	5.063291	5.063291	5.063291	0	0	7.594937	37.974684	7.594937	7.594937	7.594937	55.696203	5.063291
36522_composicao_gpt-5.6-sol.txt	menores_notas_gpt	75.709779	9.463722	59.936909	18.927445	3.154574	6.309148	3.154574	0	0	0	0	0	15.772871	0	6.309148	0	9.463722	0	0	0	3.154574	0	0	0	6.309148	0	0	0	0	0	340.694006	189.274448	113.564669	22.082019	15.772871	9.463722	9.463722	75.709779	3.154574	69.400631	18.927445	9.463722	66.246057	6.309148	78.864353	12.618297	41.009464	63.091483	3.154574	6.309148	0	6.309148	12.618297	107.255521	0	31.545741	72.555205	78.864353	15.772871	22.082019	0	0	3.154574	0	34.700315	0	6.309148	15.772871	50.473186	3.154574	9.463722	0	0	3.154574	0	0	9.463722	6.309148	3.154574	9.463722	0	59.936909	0	0	0	6.309148	0	0	0	0	0	0	3.154574	0	0	3.154574	0	6.309148	0	3.154574	44.164038	0	3.154574	6.309148	66.246057	0	6.309148	0	15.772871	0	6.309148	9.463722	3.154574	3.154574	0	6.309148	9.463722	0	0	0	3.154574	0	0	0	0	0	3.154574	9.463722	15.772871	97.791798	6.309148	59.936909	0	63.091483	0	6.309148	0	3.154574	0	3.154574	0	0	0	3.154574	9.463722	50.473186	12.618297	0	0	3.154574	3.154574	0	44.164038	3.154574	3.154574	0	3.154574	0	6.309148	0	0	0	0	0	3.154574	0	0	0	0	0	0	0	0	0	0	0	0	3.154574	0	0	3.154574	0	0	0	0	0	0	22.082019	0	6.309148	0	0	0	0	9.463722	0	0	3.154574	9.463722	0	0	0	0	0	0	9.463722	0	0	0	0	0	0	0	0	0	0	0	0	0	0	0	0	0	0	0	0	0	0	0	0	0	0	0	145.11041	18.927445	340.694006	132.492114	123.028391	47.318612	164.037855	85.173502	6.309148	3.154574	9.463722	0	0	3.154574	44.164038	3.154574	15.772871	12.618297	53.62776	3.154574
36524_composicao_gpt-5.6-sol.txt	menores_notas_gpt	101.694915	13.559322	44.067797	3.389831	16.949153	6.779661	3.389831	3.389831	0	0	0	23.728814	10.169492	6.779661	0	6.779661	10.169492	0	3.389831	6.779661	13.559322	0	10.169492	0	13.559322	27.118644	0	0	27.118644	54.237288	203.389831	37.288136	193.220339	40.677966	0	0	0	3.389831	0	3.389831	16.949153	0	84.745763	0	10.169492	13.559322	3.389831	13.559322	0	3.389831	0	0	3.389831	6.779661	0	0	6.779661	206.779661	30.508475	16.949153	27.118644	16.949153	10.169492	13.559322	3.389831	3.389831	13.559322	16.949153	91.525424	0	0	6.779661	13.559322	6.779661	6.779661	0	6.779661	3.389831	0	6.779661	0	30.508475	50.847458	61.016949	0	0	0	10.169492	3.389831	0	3.389831	13.559322	3.389831	0	3.389831	0	0	3.389831	0	3.389831	40.677966	3.389831	10.169492	6.779661	152.542373	0	3.389831	0	27.118644	0	3.389831	13.559322	3.389831	13.559322	3.389831	6.779661	10.169492	3.389831	0	0	10.169492	6.779661	3.389831	0	0	3.389831	0	6.779661	0	33.898305	10.169492	44.067797	0	47.457627	0	13.559322	6.779661	0	3.389831	13.559322	0	0	6.779661	20.338983	3.389831	23.728814	30.508475	0	0	13.559322	20.338983	0	40.677966	10.169492	0	0	37.288136	0	6.779661	0	0	0	0	0	10.169492	3.389831	0	3.389831	0	16.949153	3.389831	0	0	0	0	0	0	0	0	0	13.559322	6.779661	0	0	3.389831	3.389831	0	20.338983	0	0	0	0	0	0	3.389831	0	0	10.169492	6.779661	0	0	0	0	0	0	3.389831	0	0	0	0	0	3.389831	0	0	0	0	0	0	0	0	0	0	0	0	0	0	0	0	0	0	0	0	0	159.322034	67.79661	257.627119	23.728814	237.288136	71.186441	88.135593	115.254237	3.389831	13.559322	3.389831	3.389831	0	20.338983	40.677966	20.338983	16.949153	20.338983	61.016949	0
36547_composicao_gpt-5.6-sol.txt	menores_notas_gpt	75.581395	8.72093	61.046512	8.72093	2.906977	2.906977	0	0	0	0	0	2.906977	2.906977	0	0	0	2.906977	0	2.906977	5.813953	8.72093	0	5.813953	0	8.72093	2.906977	0	0	2.906977	5.813953	325.581395	156.976744	139.534884	17.44186	14.534884	0	8.72093	101.744186	5.813953	84.302326	17.44186	11.627907	69.767442	11.627907	52.325581	14.534884	52.325581	31.976744	0	2.906977	0	0	11.627907	93.023256	0	40.697674	61.046512	104.651163	31.976744	14.534884	8.72093	2.906977	0	0	37.790698	0	0	14.534884	61.046512	11.627907	2.906977	0	2.906977	2.906977	0	0	11.627907	5.813953	5.813953	2.906977	0	55.232558	14.534884	0	0	5.813953	0	2.906977	0	0	5.813953	0	0	0	0	0	0	17.44186	0	5.813953	31.976744	0	5.813953	43.604651	78.488372	0	17.44186	0	5.813953	2.906977	5.813953	0	5.813953	8.72093	0	8.72093	0	0	0	0	8.72093	0	0	0	0	0	0	0	5.813953	93.023256	5.813953	61.046512	0	55.232558	0	2.906977	0	0	2.906977	8.72093	0	0	2.906977	5.813953	2.906977	49.418605	5.813953	0	0	8.72093	5.813953	2.906977	31.976744	5.813953	5.813953	0	5.813953	0	2.906977	0	0	0	0	0	8.72093	0	0	11.627907	0	2.906977	0	0	0	0	0	0	0	0	0	0	2.906977	2.906977	0	0	0	0	0	20.348837	0	2.906977	0	2.906977	0	0	8.72093	0	0	2.906977	0	0	0	0	0	2.906977	0	2.906977	0	0	0	0	0	0	0	0	0	0	0	0	0	0	0	0	0	0	0	0	0	0	0	0	0	0	0	84.302326	26.162791	331.395349	119.186047	154.069767	34.883721	159.883721	81.395349	17.44186	8.72093	5.813953	0	0	5.813953	31.976744	5.813953	20.348837	0	81.395349	0
36578_composicao_gpt-5.6-sol.txt	menores_notas_gpt	109.859155	19.71831	64.788732	11.267606	11.267606	14.084507	0	0	0	0	0	0	2.816901	0	0	0	2.816901	0	0	5.633803	11.267606	0	0	2.816901	16.901408	2.816901	0	0	2.816901	8.450704	321.126761	163.380282	118.309859	19.71831	11.267606	8.450704	0	76.056338	0	70.422535	39.43662	2.816901	59.15493	28.169014	47.887324	2.816901	36.619718	22.535211	2.816901	8.450704	0	0	5.633803	81.690141	0	25.352113	59.15493	118.309859	22.535211	8.450704	0	8.450704	2.816901	2.816901	5.633803	2.816901	5.633803	8.450704	59.15493	16.901408	0	0	0	0	0	0	5.633803	2.816901	0	2.816901	0	45.070423	28.169014	2.816901	0	5.633803	0	5.633803	0	0	5.633803	0	0	0	2.816901	0	0	22.535211	0	2.816901	22.535211	0	16.901408	25.352113	87.323944	0	22.535211	0	0	0	5.633803	0	2.816901	2.816901	0	0	0	2.816901	0	0	2.816901	0	0	0	0	0	0	0	19.71831	81.690141	16.901408	64.788732	0	53.521127	2.816901	0	2.816901	0	2.816901	8.450704	0	0	2.816901	0	2.816901	42.253521	14.084507	0	0	11.267606	0	0	22.535211	14.084507	2.816901	0	0	0	2.816901	0	0	0	0	0	5.633803	0	2.816901	5.633803	0	0	0	0	0	0	0	0	0	0	0	0	0	0	0	0	0	0	0	8.450704	0	11.267606	5.633803	0	0	0	8.450704	0	0	2.816901	0	0	0	0	0	0	0	5.633803	0	0	2.816901	0	0	0	0	0	0	0	0	0	0	0	0	0	0	0	0	0	0	0	0	0	0	0	0	129.577465	16.901408	329.577465	90.140845	152.112676	30.985915	160.56338	76.056338	22.535211	11.267606	8.450704	0	0	0	25.352113	0	8.450704	2.816901	64.788732	0
36590_composicao_gpt-5.6-sol.txt	menores_notas_gpt	92.682927	7.317073	75.609756	19.512195	12.195122	2.439024	2.439024	0	0	0	0	0	0	0	0	0	0	0	0	2.439024	7.317073	2.439024	0	0	4.878049	0	0	0	0	21.95122	312.195122	114.634146	92.682927	34.146341	24.390244	2.439024	9.756098	70.731707	2.439024	65.853659	31.707317	19.512195	56.097561	0	36.585366	7.317073	43.902439	21.95122	17.073171	4.878049	0	4.878049	21.95122	60.97561	4.878049	26.829268	63.414634	109.756098	24.390244	17.073171	0	2.439024	2.439024	2.439024	7.317073	7.317073	4.878049	4.878049	70.731707	4.878049	4.878049	2.439024	2.439024	2.439024	0	0	2.439024	2.439024	0	2.439024	0	65.853659	9.756098	0	0	2.439024	0	2.439024	0	0	2.439024	0	0	0	2.439024	0	0	14.634146	2.439024	7.317073	36.585366	0	7.317073	24.390244	80.487805	0	14.634146	0	2.439024	0	4.878049	0	7.317073	2.439024	0	7.317073	2.439024	0	0	0	2.439024	0	0	0	0	0	0	0	4.878049	70.731707	14.634146	82.926829	0	60.97561	0	7.317073	0	0	0	4.878049	0	0	9.756098	2.439024	4.878049	51.219512	9.756098	0	0	7.317073	2.439024	0	36.585366	7.317073	2.439024	0	0	0	2.439024	0	0	0	2.439024	0	7.317073	0	0	9.756098	0	0	0	0	0	0	0	0	0	2.439024	0	0	2.439024	0	0	0	0	0	0	4.878049	0	7.317073	0	0	0	4.878049	17.073171	0	0	0	0	0	0	0	0	0	0	7.317073	0	0	0	0	0	0	0	0	0	0	0	0	0	0	0	0	0	0	0	0	0	0	0	0	0	0	0	175.609756	12.195122	334.146341	90.243902	102.439024	29.268293	168.292683	87.804878	17.073171	7.317073	7.317073	0	0	2.439024	36.585366	2.439024	4.878049	2.439024	68.292683	0
36616_composicao_gpt-5.6-sol.txt	menores_notas_gpt	79.646018	8.849558	67.846608	8.849558	2.949853	2.949853	5.899705	0	0	0	0	0	8.849558	0	2.949853	0	5.899705	0	5.899705	2.949853	5.899705	0	5.899705	0	8.849558	2.949853	0	0	2.949853	0	336.283186	147.492625	159.292035	11.79941	26.548673	5.899705	0	82.59587	5.899705	82.59587	32.448378	11.79941	58.99705	0	32.448378	23.59882	58.99705	32.448378	5.899705	0	0	2.949853	8.849558	76.696165	0	35.39823	58.99705	109.144543	23.59882	26.548673	2.949853	0	0	0	5.899705	0	0	2.949853	73.746313	2.949853	5.899705	0	2.949853	0	0	2.949853	5.899705	2.949853	5.899705	0	0	79.646018	0	0	0	2.949853	0	0	0	0	2.949853	2.949853	0	5.899705	0	0	0	17.699115	0	2.949853	29.498525	0	5.899705	17.699115	82.59587	5.899705	11.79941	5.899705	2.949853	0	11.79941	2.949853	8.849558	5.899705	0	2.949853	0	0	0	0	5.899705	0	0	0	0	0	0	2.949853	2.949853	67.846608	5.899705	76.696165	0	73.746313	2.949853	0	0	2.949853	2.949853	8.849558	0	0	2.949853	2.949853	5.899705	64.896755	11.79941	0	0	5.899705	2.949853	0	29.498525	5.899705	5.899705	0	0	0	11.79941	0	0	0	0	0	5.899705	0	0	2.949853	0	2.949853	0	0	0	0	0	0	0	0	0	0	2.949853	0	0	0	0	0	0	8.849558	0	5.899705	0	5.899705	0	0	17.699115	0	0	2.949853	5.899705	0	0	0	0	0	0	8.849558	0	0	0	0	0	0	0	0	0	0	0	0	0	0	0	0	0	0	0	0	0	0	0	0	0	0	0	88.495575	29.498525	336.283186	109.144543	141.59292	35.39823	150.442478	103.244838	17.699115	5.899705	8.849558	0	0	2.949853	35.39823	2.949853	14.749263	0	53.097345	0
36704_composicao_gpt-5.6-sol.txt	menores_notas_gpt	123.966942	5.509642	71.625344	13.774105	8.264463	11.019284	2.754821	2.754821	0	0	0	0	2.754821	0	0	0	0	0	2.754821	0	2.754821	0	2.754821	5.509642	8.264463	0	0	0	0	11.019284	311.294766	132.231405	110.192837	22.038567	11.019284	2.754821	0	82.644628	0	57.85124	16.528926	11.019284	55.096419	19.283747	41.322314	8.264463	49.586777	8.264463	5.509642	16.528926	0	2.754821	8.264463	82.644628	0	38.567493	60.606061	115.702479	13.774105	8.264463	0	5.509642	2.754821	2.754821	16.528926	2.754821	2.754821	8.264463	60.606061	2.754821	2.754821	2.754821	2.754821	0	0	0	2.754821	5.509642	2.754821	0	0	52.341598	19.283747	0	0	0	0	0	0	0	0	0	0	0	0	2.754821	0	16.528926	0	2.754821	35.812672	0	8.264463	13.774105	71.625344	11.019284	11.019284	0	2.754821	0	8.264463	8.264463	8.264463	2.754821	0	2.754821	5.509642	0	0	0	2.754821	0	0	0	0	0	0	8.264463	11.019284	82.644628	5.509642	82.644628	0	57.85124	0	8.264463	0	0	0	2.754821	0	0	8.264463	2.754821	5.509642	46.831956	11.019284	0	0	2.754821	2.754821	0	35.812672	8.264463	0	0	5.509642	0	2.754821	0	0	0	0	0	0	0	0	5.509642	0	0	2.754821	0	0	0	0	0	0	0	0	0	2.754821	0	0	0	0	0	0	27.548209	0	5.509642	0	0	0	0	5.509642	0	0	0	2.754821	0	0	0	0	0	0	5.509642	0	0	0	0	0	0	0	0	0	0	0	0	0	0	0	0	0	0	0	0	0	0	0	0	0	0	0	201.101928	13.774105	322.31405	99.173554	129.476584	44.077135	170.798898	85.399449	22.038567	2.754821	5.509642	0	0	2.754821	35.812672	2.754821	8.264463	5.509642	57.85124	0
36721_composicao_gpt-5.6-sol.txt	menores_notas_gpt	100	11.904762	52.380952	4.761905	2.380952	4.761905	0	0	0	0	0	0	9.52381	4.761905	4.761905	2.380952	4.761905	0	2.380952	2.380952	9.52381	0	2.380952	0	7.142857	0	0	0	0	40.47619	292.857143	154.761905	142.857143	14.285714	16.666667	2.380952	7.142857	73.809524	23.809524	73.809524	30.952381	23.809524	66.666667	16.666667	47.619048	7.142857	52.380952	19.047619	2.380952	2.380952	0	2.380952	7.142857	92.857143	0	38.095238	80.952381	119.047619	9.52381	4.761905	4.761905	7.142857	2.380952	4.761905	23.809524	0	2.380952	19.047619	83.333333	2.380952	0	0	0	2.380952	0	0	9.52381	9.52381	0	7.142857	0	71.428571	2.380952	0	0	2.380952	0	0	0	0	2.380952	0	2.380952	2.380952	0	0	0	7.142857	0	0	42.857143	2.380952	11.904762	19.047619	76.190476	4.761905	7.142857	0	0	2.380952	7.142857	0	4.761905	7.142857	0	4.761905	0	2.380952	0	0	7.142857	2.380952	0	0	0	0	0	0	11.904762	95.238095	9.52381	61.904762	0	50	0	0	2.380952	0	4.761905	2.380952	0	0	9.52381	0	4.761905	38.095238	11.904762	0	0	9.52381	0	0	42.857143	9.52381	0	0	0	0	2.380952	0	0	0	0	0	9.52381	0	0	7.142857	0	0	0	0	0	0	0	0	0	0	0	0	0	0	0	0	0	0	0	16.666667	0	0	0	0	0	0	33.333333	0	0	4.761905	4.761905	0	0	0	0	0	0	9.52381	0	0	2.380952	0	0	0	0	0	0	0	0	0	0	0	0	0	0	0	0	0	0	0	0	0	0	0	0	164.285714	26.190476	333.333333	107.142857	152.380952	38.095238	166.666667	73.809524	11.904762	9.52381	11.904762	0	0	0	52.380952	0	19.047619	2.380952	76.190476	0
36727_composicao_gpt-5.6-sol.txt	menores_notas_gpt	111.702128	5.319149	53.191489	7.978723	7.978723	2.659574	5.319149	0	0	0	0	0	5.319149	0	0	0	2.659574	0	5.319149	2.659574	2.659574	0	7.978723	0	5.319149	0	0	0	0	23.93617	316.489362	180.851064	111.702128	34.574468	10.638298	2.659574	0	90.425532	0	82.446809	34.574468	13.297872	69.148936	0	37.234043	5.319149	45.212766	5.319149	5.319149	2.659574	0	5.319149	10.638298	63.829787	0	23.93617	53.191489	111.702128	18.617021	7.978723	2.659574	0	2.659574	0	7.978723	0	2.659574	10.638298	66.489362	2.659574	5.319149	0	2.659574	0	2.659574	0	7.978723	2.659574	2.659574	2.659574	0	61.170213	5.319149	2.659574	0	2.659574	0	0	0	0	5.319149	0	0	5.319149	0	2.659574	0	10.638298	5.319149	0	31.914894	0	5.319149	18.617021	77.12766	0	21.276596	0	7.978723	0	10.638298	0	5.319149	2.659574	0	2.659574	0	0	0	0	2.659574	0	0	0	0	0	0	0	13.297872	111.702128	0	63.829787	0	77.12766	0	2.659574	0	0	2.659574	5.319149	0	0	7.978723	7.978723	5.319149	66.489362	7.978723	0	0	2.659574	7.978723	0	29.255319	5.319149	2.659574	0	0	0	7.978723	0	0	0	0	0	2.659574	0	0	5.319149	0	2.659574	0	0	0	0	0	0	0	0	0	0	5.319149	2.659574	0	0	0	0	0	18.617021	0	0	0	5.319149	0	0	0	0	0	0	5.319149	0	0	0	0	0	0	5.319149	0	0	0	0	0	0	0	0	0	0	0	0	0	0	0	0	0	0	0	0	0	0	0	0	0	0	0	170.212766	13.297872	340.425532	79.787234	132.978723	37.234043	167.553191	101.06383	23.93617	2.659574	5.319149	0	0	7.978723	31.914894	7.978723	13.297872	0	55.851064	0
36742_composicao_gpt-5.6-sol.txt	menores_notas_gpt	103.641457	2.80112	56.022409	11.204482	2.80112	2.80112	2.80112	0	0	0	0	2.80112	0	0	0	0	0	0	2.80112	0	5.602241	0	2.80112	0	2.80112	2.80112	0	0	2.80112	2.80112	366.946779	165.266106	173.669468	25.210084	16.806723	5.602241	11.204482	86.834734	0	39.215686	44.817927	5.602241	92.436975	0	47.619048	16.806723	33.613445	25.210084	0	5.602241	0	0	5.602241	72.829132	0	22.408964	39.215686	103.641457	28.011204	11.204482	2.80112	0	0	2.80112	22.408964	0	0	5.602241	56.022409	2.80112	0	0	2.80112	2.80112	0	0	0	2.80112	2.80112	0	0	89.635854	0	0	0	2.80112	0	0	0	0	0	0	0	0	0	0	0	25.210084	0	0	25.210084	0	2.80112	25.210084	92.436975	0	25.210084	0	5.602241	0	2.80112	2.80112	5.602241	2.80112	0	2.80112	2.80112	0	0	0	2.80112	0	0	0	0	0	0	2.80112	2.80112	70.028011	8.403361	56.022409	0	70.028011	2.80112	2.80112	0	0	2.80112	5.602241	0	0	11.204482	2.80112	0	58.823529	14.005602	0	0	5.602241	2.80112	0	25.210084	0	0	0	0	0	0	0	0	0	0	0	5.602241	0	0	8.403361	0	2.80112	0	0	0	0	0	0	0	0	0	0	2.80112	0	0	0	0	0	0	14.005602	0	2.80112	0	5.602241	0	0	5.602241	0	0	0	0	0	0	0	0	0	0	0	0	0	0	0	0	0	0	0	0	0	0	0	0	0	0	0	0	0	0	0	0	0	0	0	0	0	0	106.442577	11.204482	369.747899	95.238095	131.652661	25.210084	134.453782	95.238095	25.210084	5.602241	0	0	0	2.80112	28.011204	2.80112	5.602241	2.80112	53.221289	0
36797_composicao_gpt-5.6-sol.txt	menores_notas_gpt	95.823096	19.65602	41.769042	0	24.570025	9.82801	2.457002	4.914005	0	0	0	7.371007	7.371007	9.82801	0	12.285012	4.914005	0	4.914005	17.199017	7.371007	2.457002	4.914005	4.914005	19.65602	7.371007	4.914005	0	2.457002	41.769042	211.302211	81.081081	144.963145	54.054054	7.371007	0	4.914005	29.484029	0	29.484029	31.941032	0	61.425061	2.457002	39.312039	17.199017	2.457002	9.82801	0	7.371007	2.457002	0	7.371007	31.941032	2.457002	0	2.457002	159.70516	27.027027	19.65602	7.371007	17.199017	7.371007	4.914005	2.457002	9.82801	4.914005	14.742015	63.882064	12.285012	0	4.914005	0	4.914005	4.914005	0	7.371007	4.914005	4.914005	4.914005	0	49.140049	56.511057	22.113022	0	9.82801	0	2.457002	0	0	7.371007	0	4.914005	0	0	2.457002	0	0	0	4.914005	46.683047	4.914005	0	17.199017	140.04914	2.457002	2.457002	0	12.285012	0	2.457002	4.914005	7.371007	14.742015	4.914005	4.914005	4.914005	2.457002	0	0	9.82801	7.371007	4.914005	0	0	0	0	4.914005	2.457002	81.081081	2.457002	41.769042	0	44.226044	0	9.82801	0	7.371007	0	2.457002	0	0	0	7.371007	4.914005	24.570025	24.570025	0	0	7.371007	7.371007	2.457002	46.683047	0	0	0	24.570025	0	4.914005	0	0	0	0	0	2.457002	0	4.914005	9.82801	0	0	4.914005	0	0	0	0	2.457002	0	0	0	0	4.914005	2.457002	0	0	0	0	4.914005	12.285012	0	0	0	0	0	0	12.285012	0	0	7.371007	9.82801	0	0	0	0	2.457002	0	4.914005	0	0	2.457002	0	0	0	0	0	0	0	0	0	0	0	0	0	0	0	0	0	0	0	0	0	0	0	0	157.248157	61.425061	272.727273	58.968059	199.017199	56.511057	125.307125	68.796069	4.914005	7.371007	7.371007	0	0	7.371007	46.683047	7.371007	14.742015	9.82801	63.882064	2.457002
36827_composicao_gpt-5.6-sol.txt	menores_notas_gpt	94.850949	13.550136	65.04065	13.550136	0	2.710027	5.420054	0	0	0	0	0	0	0	0	0	0	0	2.710027	0	5.420054	0	5.420054	0	2.710027	0	0	0	0	8.130081	317.073171	149.051491	116.531165	18.97019	8.130081	8.130081	10.840108	84.01084	13.550136	86.720867	43.360434	13.550136	46.070461	21.680217	132.791328	8.130081	59.620596	40.650407	2.710027	8.130081	2.710027	5.420054	13.550136	116.531165	0	35.230352	84.01084	97.560976	27.100271	10.840108	5.420054	2.710027	0	8.130081	35.230352	0	0	21.680217	59.620596	0	5.420054	0	5.420054	2.710027	0	5.420054	10.840108	5.420054	5.420054	5.420054	0	54.200542	13.550136	0	0	2.710027	0	2.710027	0	0	0	0	0	0	2.710027	0	0	43.360434	0	0	40.650407	0	2.710027	32.520325	73.170732	0	43.360434	0	5.420054	0	2.710027	0	2.710027	5.420054	0	8.130081	0	0	0	0	5.420054	0	0	0	0	0	2.710027	0	8.130081	89.430894	10.840108	73.170732	0	62.330623	0	2.710027	2.710027	0	0	2.710027	0	0	0	2.710027	2.710027	48.780488	13.550136	0	0	5.420054	2.710027	0	35.230352	0	0	0	0	0	0	0	0	0	0	0	5.420054	0	0	13.550136	0	2.710027	0	0	0	0	0	0	0	0	0	0	2.710027	0	0	0	0	0	0	13.550136	0	0	0	2.710027	0	0	8.130081	0	0	0	0	0	0	0	0	0	0	5.420054	0	0	0	0	0	0	0	0	0	0	0	0	0	0	0	0	0	0	0	0	0	0	0	0	0	0	0	181.571816	21.680217	325.203252	138.211382	138.211382	32.520325	173.441734	75.880759	43.360434	5.420054	5.420054	0	0	2.710027	40.650407	2.710027	21.680217	2.710027	75.880759	0
36856_composicao_gpt-5.6-sol.txt	menores_notas_gpt	95.854922	7.772021	75.129534	15.544041	10.362694	5.181347	5.181347	0	0	0	0	0	5.181347	0	0	0	5.181347	0	5.181347	0	5.181347	0	5.181347	0	5.181347	0	0	0	0	18.134715	284.974093	124.352332	137.305699	18.134715	12.953368	5.181347	2.590674	56.994819	0	46.632124	33.678756	10.362694	82.901554	0	62.176166	7.772021	38.860104	41.450777	7.772021	2.590674	0	2.590674	18.134715	80.310881	5.181347	25.906736	44.041451	113.989637	41.450777	18.134715	5.181347	5.181347	0	2.590674	18.134715	0	2.590674	12.953368	67.357513	2.590674	0	0	5.181347	0	2.590674	2.590674	5.181347	2.590674	2.590674	0	2.590674	75.129534	5.181347	0	0	5.181347	0	2.590674	0	0	2.590674	2.590674	2.590674	0	2.590674	0	0	12.953368	0	0	36.26943	0	12.953368	25.906736	90.673575	0	12.953368	0	10.362694	0	2.590674	7.772021	5.181347	0	0	7.772021	5.181347	0	0	0	0	0	0	0	0	2.590674	2.590674	7.772021	7.772021	64.766839	5.181347	88.082902	0	38.860104	0	2.590674	7.772021	2.590674	2.590674	2.590674	0	0	5.181347	12.953368	5.181347	31.088083	7.772021	0	0	5.181347	12.953368	0	36.26943	7.772021	0	0	5.181347	0	5.181347	0	0	0	0	0	2.590674	2.590674	0	7.772021	0	5.181347	0	0	2.590674	0	0	0	0	2.590674	0	0	10.362694	0	0	0	2.590674	0	0	20.725389	0	2.590674	0	0	0	0	5.181347	0	0	2.590674	2.590674	0	0	0	0	0	0	7.772021	0	0	0	0	0	0	0	0	0	0	0	0	0	0	0	0	0	0	0	0	0	0	0	0	0	0	0	103.626943	15.544041	308.290155	106.217617	163.212435	41.450777	152.849741	80.310881	18.134715	5.181347	7.772021	0	0	12.953368	41.450777	12.953368	12.953368	10.362694	75.129534	5.181347
36867_composicao_gpt-5.6-sol.txt	menores_notas_gpt	106.382979	15.957447	50.531915	13.297872	5.319149	18.617021	7.978723	0	0	0	0	0	0	2.659574	0	2.659574	0	0	0	5.319149	10.638298	0	0	5.319149	23.93617	0	0	0	0	7.978723	300.531915	114.361702	117.021277	42.553191	18.617021	13.297872	5.319149	39.893617	2.659574	50.531915	21.276596	15.957447	66.489362	15.957447	45.212766	10.638298	39.893617	23.93617	5.319149	0	0	0	7.978723	69.148936	0	21.276596	50.531915	109.042553	18.617021	15.957447	13.297872	0	0	7.978723	5.319149	2.659574	7.978723	10.638298	77.12766	5.319149	0	0	10.638298	2.659574	0	0	7.978723	2.659574	0	7.978723	0	61.170213	31.914894	0	0	2.659574	0	2.659574	0	0	2.659574	0	0	0	2.659574	2.659574	2.659574	5.319149	2.659574	0	34.574468	0	13.297872	10.638298	98.404255	0	10.638298	0	7.978723	0	10.638298	2.659574	5.319149	5.319149	0	13.297872	0	5.319149	0	0	5.319149	0	0	0	0	0	2.659574	0	10.638298	82.446809	5.319149	50.531915	0	53.191489	0	2.659574	2.659574	0	0	7.978723	0	0	7.978723	7.978723	2.659574	34.574468	21.276596	2.659574	0	10.638298	7.978723	0	34.574468	13.297872	2.659574	0	0	0	2.659574	0	0	0	0	0	5.319149	0	2.659574	0	0	7.978723	0	0	0	0	0	0	0	0	0	0	7.978723	0	0	0	0	0	0	10.638298	0	2.659574	0	2.659574	0	0	7.978723	0	0	0	0	0	0	0	0	2.659574	0	2.659574	0	0	0	2.659574	0	0	0	0	0	0	0	0	0	0	0	0	2.659574	0	0	0	0	2.659574	0	0	0	0	0	172.87234	21.276596	308.510638	87.765957	148.93617	47.87234	138.297872	87.765957	13.297872	13.297872	5.319149	0	2.659574	7.978723	39.893617	7.978723	10.638298	7.978723	58.510638	0
36872_composicao_gpt-5.6-sol.txt	menores_notas_gpt	95.522388	0	53.731343	14.925373	5.970149	11.940299	2.985075	0	0	0	0	2.985075	2.985075	0	0	0	2.985075	0	2.985075	0	8.955224	0	2.985075	2.985075	11.940299	2.985075	0	0	2.985075	2.985075	325.373134	128.358209	143.283582	23.880597	17.910448	0	2.985075	77.61194	14.925373	68.656716	14.925373	8.955224	80.597015	11.940299	44.776119	17.910448	44.776119	26.865672	0	8.955224	0	8.955224	2.985075	83.58209	0	26.865672	50.746269	125.373134	29.850746	14.925373	8.955224	0	0	0	23.880597	2.985075	2.985075	11.940299	71.641791	0	0	0	8.955224	2.985075	0	0	8.955224	8.955224	2.985075	2.985075	0	80.597015	0	2.985075	0	2.985075	0	0	0	0	0	0	0	8.955224	0	0	5.970149	29.850746	0	2.985075	41.791045	2.985075	11.940299	29.850746	86.567164	0	29.850746	0	11.940299	2.985075	8.955224	0	5.970149	5.970149	0	8.955224	0	0	0	0	2.985075	2.985075	0	0	0	0	0	0	11.940299	86.567164	11.940299	62.686567	0	53.731343	0	2.985075	0	0	2.985075	5.970149	0	0	0	5.970149	5.970149	32.835821	20.895522	0	0	8.955224	5.970149	0	38.80597	11.940299	0	2.985075	11.940299	0	0	0	0	2.985075	0	0	2.985075	2.985075	2.985075	8.955224	0	5.970149	0	0	0	0	0	0	0	0	0	0	5.970149	0	0	0	0	0	0	20.895522	0	5.970149	0	8.955224	0	0	14.925373	0	0	2.985075	0	0	0	0	0	0	0	5.970149	0	0	0	0	0	0	0	0	0	0	0	0	0	0	0	0	0	0	0	0	0	0	0	0	0	0	0	149.253731	17.910448	328.358209	104.477612	170.149254	38.80597	155.223881	71.641791	29.850746	8.955224	5.970149	0	0	5.970149	47.761194	11.940299	17.910448	0	83.58209	5.970149
36973_composicao_gpt-5.6-sol.txt	menores_notas_gpt	125	5.681818	82.386364	8.522727	2.840909	8.522727	2.840909	0	0	0	0	0	2.840909	0	0	0	2.840909	0	2.840909	2.840909	2.840909	2.840909	2.840909	0	8.522727	0	0	0	0	11.363636	338.068182	178.977273	153.409091	34.090909	17.045455	2.840909	0	88.068182	2.840909	82.386364	22.727273	8.522727	76.704545	0	65.340909	14.204545	39.772727	28.409091	2.840909	2.840909	0	0	8.522727	56.818182	0	22.727273	45.454545	99.431818	19.886364	14.204545	8.522727	5.681818	2.840909	2.840909	42.613636	0	0	14.204545	65.340909	5.681818	5.681818	0	5.681818	0	0	2.840909	5.681818	2.840909	5.681818	0	0	45.454545	19.886364	2.840909	0	0	0	0	0	0	0	0	0	5.681818	0	0	0	11.363636	0	2.840909	36.931818	0	8.522727	17.045455	68.181818	5.681818	5.681818	0	0	0	2.840909	0	8.522727	5.681818	0	0	0	0	0	0	5.681818	0	0	0	0	0	0	0	5.681818	82.386364	5.681818	90.909091	0	62.5	0	8.522727	0	0	0	2.840909	0	0	2.840909	5.681818	0	48.295455	17.045455	0	0	2.840909	5.681818	2.840909	36.931818	8.522727	2.840909	0	0	0	2.840909	0	0	0	0	0	2.840909	0	0	5.681818	0	2.840909	2.840909	0	0	0	0	0	0	0	0	0	5.681818	0	0	0	0	5.681818	2.840909	28.409091	0	8.522727	0	0	0	0	2.840909	0	0	0	2.840909	0	0	0	0	0	0	2.840909	0	0	0	0	0	0	0	0	0	0	0	0	0	0	0	0	0	0	0	0	0	0	0	0	0	0	0	130.681818	14.204545	349.431818	79.545455	130.681818	22.727273	178.977273	76.704545	11.363636	2.840909	2.840909	0	0	5.681818	36.931818	5.681818	14.204545	0	62.5	0
37010_composicao_gpt-5.6-sol.txt	menores_notas_gpt	87.378641	9.708738	97.087379	9.708738	3.236246	3.236246	3.236246	0	0	0	0	0	3.236246	3.236246	3.236246	3.236246	0	0	6.472492	0	0	3.236246	6.472492	0	3.236246	0	0	0	0	16.18123	317.152104	171.521036	116.504854	16.18123	9.708738	22.653722	9.708738	87.378641	29.126214	74.433657	38.834951	9.708738	77.669903	29.126214	45.307443	12.944984	29.126214	29.126214	9.708738	6.472492	0	0	19.417476	55.016181	0	22.653722	48.543689	103.559871	19.417476	9.708738	0	6.472492	0	0	19.417476	0	0	16.18123	61.488673	0	12.944984	0	0	0	0	0	12.944984	3.236246	3.236246	0	0	74.433657	0	0	0	3.236246	0	0	0	0	9.708738	0	0	6.472492	0	0	0	12.944984	0	3.236246	32.36246	0	6.472492	29.126214	77.669903	0	12.944984	0	9.708738	0	9.708738	6.472492	9.708738	6.472492	0	6.472492	6.472492	0	0	0	6.472492	0	0	0	0	0	3.236246	3.236246	6.472492	67.961165	6.472492	97.087379	0	48.543689	0	0	0	0	0	3.236246	0	0	9.708738	9.708738	6.472492	32.36246	16.18123	0	0	0	9.708738	0	32.36246	6.472492	0	0	0	0	0	0	0	0	3.236246	0	0	0	0	12.944984	0	0	6.472492	0	0	3.236246	0	0	0	0	0	0	6.472492	3.236246	0	0	0	0	0	16.18123	0	0	0	0	0	0	9.708738	0	0	0	3.236246	0	0	0	0	0	0	9.708738	0	0	0	0	0	0	0	0	0	0	0	0	0	0	0	0	0	0	0	0	0	0	0	0	0	0	0	97.087379	16.18123	333.333333	87.378641	139.158576	55.016181	171.521036	67.961165	12.944984	0	9.708738	0	0	9.708738	38.834951	9.708738	19.417476	6.472492	67.961165	0
37034_composicao_gpt-5.6-sol.txt	menores_notas_gpt	105.263158	8.77193	49.707602	14.619883	5.847953	2.923977	2.923977	2.923977	0	0	0	2.923977	8.77193	2.923977	5.847953	2.923977	2.923977	0	0	0	11.695906	0	0	0	2.923977	2.923977	0	0	2.923977	8.77193	304.093567	166.666667	102.339181	26.315789	20.467836	5.847953	0	70.175439	2.923977	58.479532	17.54386	2.923977	81.871345	17.54386	49.707602	11.695906	40.935673	29.239766	0	8.77193	0	0	8.77193	81.871345	0	38.011696	67.251462	134.502924	20.467836	11.695906	11.695906	17.54386	2.923977	0	26.315789	5.847953	2.923977	11.695906	64.327485	8.77193	2.923977	5.847953	11.695906	2.923977	0	0	5.847953	2.923977	2.923977	5.847953	0	84.795322	0	0	0	2.923977	0	0	0	0	5.847953	0	2.923977	0	0	0	0	17.54386	0	2.923977	35.087719	0	11.695906	11.695906	87.719298	5.847953	11.695906	0	17.54386	0	2.923977	2.923977	2.923977	11.695906	0	2.923977	2.923977	0	0	0	11.695906	0	0	0	0	0	2.923977	2.923977	11.695906	76.023392	29.239766	58.479532	0	43.859649	0	14.619883	0	2.923977	2.923977	2.923977	0	0	0	8.77193	0	38.011696	17.54386	0	0	11.695906	8.77193	0	35.087719	11.695906	2.923977	0	2.923977	0	2.923977	0	0	0	0	0	11.695906	0	0	2.923977	0	5.847953	0	0	0	0	0	0	0	0	0	0	5.847953	2.923977	0	0	0	0	0	17.54386	0	5.847953	0	0	0	0	11.695906	0	0	2.923977	5.847953	0	0	0	0	0	0	0	0	0	0	0	0	0	0	0	0	0	0	0	0	0	0	0	0	0	0	0	0	0	0	0	0	0	0	163.74269	46.783626	312.865497	102.339181	143.274854	49.707602	160.818713	76.023392	17.54386	11.695906	0	0	0	8.77193	35.087719	8.77193	11.695906	5.847953	58.479532	2.923977
37043_composicao_gpt-5.6-sol.txt	menores_notas_gpt	111.332008	15.904573	31.809145	1.988072	15.904573	19.880716	3.976143	5.964215	0	0	0	5.964215	21.868787	5.964215	7.952286	5.964215	9.940358	0	1.988072	3.976143	7.952286	1.988072	3.976143	1.988072	19.880716	5.964215	1.988072	0	3.976143	49.701789	218.687873	91.451292	176.93837	31.809145	3.976143	0	1.988072	21.868787	1.988072	17.892644	41.749503	1.988072	71.570577	1.988072	41.749503	11.928429	7.952286	17.892644	7.952286	1.988072	0	0	9.940358	39.761431	1.988072	1.988072	11.928429	176.93837	19.880716	11.928429	25.84493	5.964215	7.952286	19.880716	7.952286	7.952286	11.928429	7.952286	87.475149	9.940358	1.988072	3.976143	5.964215	5.964215	1.988072	1.988072	3.976143	0	3.976143	3.976143	1.988072	11.928429	81.510934	35.785288	0	7.952286	0	0	1.988072	0	1.988072	3.976143	3.976143	0	1.988072	5.964215	0	5.964215	0	3.976143	41.749503	0	7.952286	33.797217	139.16501	0	3.976143	0	11.928429	0	3.976143	0	1.988072	11.928429	0	3.976143	0	0	0	0	9.940358	1.988072	0	0	0	0	0	0	21.868787	83.499006	19.880716	31.809145	0	43.737575	0	15.904573	0	5.964215	0	5.964215	0	0	0	11.928429	1.988072	23.856859	29.821074	0	0	7.952286	11.928429	1.988072	41.749503	7.952286	5.964215	0	33.797217	0	5.964215	0	0	1.988072	1.988072	0	3.976143	0	1.988072	23.856859	0	1.988072	3.976143	0	0	0	0	0	0	0	0	0	5.964215	5.964215	0	0	1.988072	0	0	9.940358	0	0	0	0	0	3.976143	7.952286	0	0	9.940358	11.928429	0	0	0	0	0	0	3.976143	0	0	0	0	0	0	0	0	0	0	0	0	0	0	0	0	0	0	0	0	0	0	0	0	0	0	0	127.236581	49.701789	268.389662	63.61829	198.807157	39.761431	123.260437	73.558648	5.964215	31.809145	3.976143	0	0	11.928429	41.749503	11.928429	9.940358	0	83.499006	35.785288
37063_composicao_gpt-5.6-sol.txt	menores_notas_gpt	97.643098	3.367003	67.340067	10.10101	3.367003	6.734007	0	0	0	0	0	3.367003	3.367003	0	0	0	3.367003	0	3.367003	0	3.367003	0	3.367003	0	6.734007	3.367003	0	0	3.367003	10.10101	336.700337	141.414141	151.515152	37.037037	16.835017	0	3.367003	94.276094	0	77.441077	40.40404	20.20202	84.175084	10.10101	40.40404	10.10101	40.40404	33.670034	3.367003	3.367003	0	0	6.734007	74.074074	0	33.670034	43.771044	127.946128	16.835017	13.468013	10.10101	6.734007	0	0	6.734007	0	6.734007	13.468013	87.542088	3.367003	3.367003	3.367003	6.734007	0	0	0	0	10.10101	3.367003	0	0	80.808081	3.367003	0	0	3.367003	0	3.367003	0	0	6.734007	0	0	0	0	0	0	0	0	3.367003	37.037037	0	13.468013	10.10101	90.909091	0	0	0	10.10101	0	16.835017	3.367003	6.734007	0	0	3.367003	0	0	3.367003	0	0	0	0	3.367003	0	3.367003	0	3.367003	3.367003	60.606061	10.10101	67.340067	0	70.707071	0	3.367003	0	0	3.367003	6.734007	0	0	0	6.734007	6.734007	60.606061	10.10101	3.367003	0	3.367003	6.734007	0	37.037037	13.468013	6.734007	0	3.367003	0	6.734007	0	0	0	0	0	3.367003	0	0	10.10101	0	3.367003	3.367003	0	0	0	0	3.367003	0	0	0	0	3.367003	3.367003	0	0	0	0	0	16.835017	0	6.734007	0	6.734007	0	0	13.468013	0	0	3.367003	6.734007	0	0	0	0	0	0	6.734007	0	0	0	0	0	0	0	0	0	0	0	0	0	0	0	0	0	0	0	0	0	0	0	0	0	0	0	101.010101	33.670034	346.801347	90.909091	148.148148	37.037037	138.047138	94.276094	0	3.367003	6.734007	0	0	6.734007	37.037037	13.468013	13.468013	6.734007	60.606061	3.367003
37078_composicao_gpt-5.6-sol.txt	menores_notas_gpt	82.051282	5.128205	66.666667	12.820513	5.128205	12.820513	2.564103	0	0	0	0	0	10.25641	0	2.564103	0	7.692308	0	5.128205	2.564103	12.820513	0	5.128205	0	10.25641	0	0	0	0	33.333333	307.692308	174.358974	105.128205	23.076923	17.948718	2.564103	0	74.358974	0	71.794872	30.769231	23.076923	56.410256	12.820513	56.410256	10.25641	48.717949	35.897436	2.564103	10.25641	0	10.25641	7.692308	97.435897	0	30.769231	74.358974	97.435897	17.948718	12.820513	5.128205	0	0	0	17.948718	2.564103	2.564103	7.692308	51.282051	2.564103	5.128205	0	5.128205	0	0	0	5.128205	2.564103	0	2.564103	0	64.102564	2.564103	0	0	2.564103	0	2.564103	0	0	7.692308	0	0	5.128205	0	0	5.128205	10.25641	0	2.564103	25.641026	0	10.25641	15.384615	71.794872	0	10.25641	0	12.820513	2.564103	7.692308	2.564103	5.128205	2.564103	0	5.128205	2.564103	0	0	0	2.564103	0	0	0	0	0	2.564103	2.564103	17.948718	94.871795	12.820513	74.358974	0	66.666667	0	2.564103	0	0	2.564103	2.564103	0	0	7.692308	5.128205	5.128205	48.717949	10.25641	0	0	12.820513	5.128205	0	23.076923	10.25641	2.564103	0	2.564103	0	0	0	0	0	0	0	12.820513	0	0	7.692308	0	2.564103	0	0	0	0	0	2.564103	0	0	0	0	2.564103	2.564103	0	0	0	0	0	2.564103	0	0	0	2.564103	0	0	15.384615	0	0	10.25641	0	0	0	0	0	0	5.128205	7.692308	0	0	0	0	0	0	0	0	0	5.128205	0	0	0	0	0	0	0	0	0	0	0	0	0	0	0	0	0	87.179487	25.641026	341.025641	115.384615	128.205128	38.461538	176.923077	92.307692	10.25641	12.820513	12.820513	5.128205	0	5.128205	30.769231	7.692308	7.692308	5.128205	51.282051	2.564103
37094_composicao_gpt-5.6-sol.txt	menores_notas_gpt	122.699387	0	39.877301	15.337423	12.269939	12.269939	3.067485	0	0	0	0	0	12.269939	0	0	0	12.269939	0	0	3.067485	9.202454	0	0	0	15.337423	0	0	0	0	0	331.288344	113.496933	134.969325	30.674847	15.337423	0	6.134969	85.889571	0	79.754601	21.472393	6.134969	61.349693	12.269939	61.349693	15.337423	21.472393	42.944785	3.067485	3.067485	0	6.134969	12.269939	70.552147	0	21.472393	39.877301	122.699387	12.269939	12.269939	0	15.337423	0	3.067485	3.067485	3.067485	3.067485	9.202454	67.484663	0	3.067485	0	3.067485	0	0	0	9.202454	0	3.067485	6.134969	0	79.754601	0	0	0	3.067485	0	3.067485	0	0	3.067485	0	0	0	0	0	0	3.067485	0	6.134969	36.809816	0	6.134969	15.337423	85.889571	0	3.067485	0	6.134969	0	6.134969	3.067485	6.134969	3.067485	0	9.202454	3.067485	0	0	0	3.067485	0	0	0	0	0	3.067485	3.067485	0	92.02454	6.134969	39.877301	0	49.079755	0	3.067485	0	0	0	0	0	3.067485	6.134969	9.202454	9.202454	39.877301	9.202454	0	0	9.202454	9.202454	0	27.607362	6.134969	0	0	3.067485	0	0	0	0	0	0	0	3.067485	0	0	9.202454	0	0	9.202454	0	0	0	0	0	0	0	0	0	9.202454	0	0	0	0	0	0	15.337423	0	6.134969	0	0	0	3.067485	12.269939	0	0	0	12.269939	0	0	0	0	0	0	9.202454	0	0	0	0	0	0	0	0	0	0	0	0	0	0	0	0	0	0	0	0	0	0	0	0	0	0	0	122.699387	24.539877	331.288344	98.159509	134.969325	27.607362	138.03681	79.754601	3.067485	9.202454	9.202454	0	0	9.202454	36.809816	9.202454	12.269939	0	58.282209	0
37099_composicao_gpt-5.6-sol.txt	menores_notas_gpt	112.531969	10.230179	76.726343	7.672634	7.672634	5.11509	10.230179	0	0	0	0	2.557545	2.557545	0	0	0	2.557545	0	7.672634	2.557545	10.230179	0	5.11509	0	7.672634	2.557545	0	0	2.557545	10.230179	299.232737	109.974425	117.647059	25.575448	7.672634	7.672634	10.230179	66.496164	0	51.150895	30.690537	5.11509	71.611253	7.672634	48.59335	15.345269	40.920716	17.902813	5.11509	0	0	0	7.672634	76.726343	0	30.690537	51.150895	94.629156	10.230179	17.902813	2.557545	2.557545	0	5.11509	23.017903	0	2.557545	7.672634	38.363171	2.557545	2.557545	0	5.11509	2.557545	0	0	5.11509	7.672634	5.11509	0	0	58.823529	10.230179	2.557545	0	2.557545	0	0	0	0	2.557545	2.557545	0	5.11509	0	0	0	17.902813	0	0	30.690537	0	5.11509	30.690537	74.168798	0	17.902813	0	5.11509	0	17.902813	2.557545	10.230179	5.11509	0	7.672634	7.672634	0	0	0	5.11509	0	0	0	0	0	0	0	5.11509	74.168798	17.902813	84.398977	0	56.265985	2.557545	0	0	0	0	10.230179	0	0	5.11509	5.11509	7.672634	46.035806	12.787724	0	0	10.230179	5.11509	0	30.690537	5.11509	2.557545	0	0	0	2.557545	0	0	0	0	0	7.672634	0	0	7.672634	0	2.557545	0	0	0	0	0	0	0	0	0	0	2.557545	2.557545	0	0	0	0	0	10.230179	0	5.11509	0	5.11509	0	0	10.230179	0	0	0	2.557545	0	0	0	0	0	0	7.672634	0	0	0	0	0	0	0	0	0	0	0	0	0	0	0	0	0	0	0	0	0	0	0	0	0	0	0	122.762148	25.575448	306.905371	99.744246	127.877238	48.59335	171.355499	86.956522	17.902813	10.230179	7.672634	0	0	5.11509	30.690537	5.11509	15.345269	7.672634	66.496164	0
37158_composicao_gpt-5.6-sol.txt	menores_notas_gpt	108.247423	10.309278	51.546392	7.731959	5.154639	5.154639	2.57732	0	0	0	0	5.154639	7.731959	0	0	0	7.731959	0	0	2.57732	5.154639	2.57732	0	0	7.731959	5.154639	0	0	5.154639	10.309278	286.082474	154.639175	144.329897	18.041237	15.463918	2.57732	0	95.360825	7.731959	56.701031	18.041237	7.731959	72.164948	5.154639	56.701031	10.309278	48.969072	43.814433	2.57732	5.154639	0	0	7.731959	85.051546	0	25.773196	46.391753	118.556701	18.041237	12.886598	10.309278	10.309278	2.57732	2.57732	38.659794	0	0	10.309278	85.051546	5.154639	7.731959	5.154639	10.309278	0	0	0	5.154639	5.154639	2.57732	0	0	64.43299	5.154639	0	0	0	0	0	0	0	5.154639	0	7.731959	5.154639	2.57732	0	0	10.309278	0	0	33.505155	7.731959	10.309278	23.195876	77.319588	0	10.309278	0	0	0	10.309278	0	5.154639	5.154639	0	0	0	0	0	0	5.154639	0	0	0	0	0	0	0	7.731959	90.206186	7.731959	51.546392	0	61.85567	0	5.154639	0	0	2.57732	5.154639	0	0	5.154639	7.731959	5.154639	59.278351	5.154639	0	0	5.154639	7.731959	2.57732	30.927835	10.309278	10.309278	0	2.57732	0	7.731959	0	0	0	0	0	5.154639	0	0	7.731959	0	5.154639	0	0	0	2.57732	0	0	0	0	0	0	7.731959	0	0	0	0	0	0	30.927835	0	5.154639	0	0	0	0	10.309278	0	0	2.57732	5.154639	0	0	0	0	0	0	5.154639	0	0	0	0	0	0	0	0	0	0	0	0	0	0	0	0	0	0	0	0	0	0	0	0	0	0	0	170.103093	23.195876	329.896907	100.515464	146.907216	28.350515	149.484536	90.206186	10.309278	5.154639	5.154639	0	0	7.731959	41.237113	7.731959	10.309278	0	72.164948	2.57732
37212_composicao_gpt-5.6-sol.txt	menores_notas_gpt	106.666667	18.666667	45.333333	2.666667	8	10.666667	5.333333	2.666667	0	0	2.666667	8	8	2.666667	2.666667	2.666667	5.333333	0	2.666667	13.333333	8	2.666667	2.666667	0	18.666667	8	0	0	8	58.666667	248	85.333333	168	40	2.666667	2.666667	0	26.666667	2.666667	26.666667	21.333333	2.666667	96	0	40	21.333333	10.666667	32	0	2.666667	2.666667	8	5.333333	48	0	2.666667	16	141.333333	37.333333	29.333333	34.666667	2.666667	8	5.333333	8	8	2.666667	8	50.666667	21.333333	5.333333	0	13.333333	5.333333	2.666667	0	2.666667	0	5.333333	0	0	48	50.666667	24	2.666667	2.666667	0	0	2.666667	0	0	0	5.333333	0	16	0	0	0	0	2.666667	29.333333	2.666667	13.333333	16	128	0	0	0	13.333333	2.666667	0	10.666667	0	5.333333	0	2.666667	10.666667	0	0	0	5.333333	0	0	0	0	0	0	10.666667	16	66.666667	5.333333	45.333333	0	50.666667	0	10.666667	8	2.666667	0	0	0	0	2.666667	13.333333	2.666667	40	21.333333	0	0	8	13.333333	2.666667	32	5.333333	2.666667	0	13.333333	0	5.333333	0	0	2.666667	2.666667	0	5.333333	2.666667	0	8	0	10.666667	2.666667	0	0	0	0	0	0	0	0	0	13.333333	0	0	0	0	0	0	5.333333	0	0	0	0	0	0	5.333333	0	0	8	0	0	0	0	0	0	0	8	0	0	2.666667	0	0	0	0	0	0	0	0	0	0	0	0	0	0	0	0	0	0	0	0	0	0	0	0	170.666667	45.333333	306.666667	74.666667	178.666667	40	114.666667	90.666667	0	8	8	0	0	13.333333	32	13.333333	8	10.666667	61.333333	13.333333
37224_composicao_gpt-5.6-sol.txt	menores_notas_gpt	100.278552	0	61.281337	8.356546	11.142061	2.785515	5.571031	0	0	0	0	2.785515	2.785515	0	0	0	0	0	0	0	0	0	0	0	2.785515	2.785515	0	0	2.785515	0	334.261838	167.130919	130.91922	22.284123	16.713092	5.571031	2.785515	108.635097	2.785515	77.994429	27.855153	11.142061	69.637883	16.713092	44.568245	11.142061	36.211699	30.640669	2.785515	5.571031	0	2.785515	2.785515	77.994429	0	27.855153	47.35376	97.493036	41.78273	13.927577	2.785515	5.571031	2.785515	2.785515	44.568245	2.785515	5.571031	11.142061	61.281337	5.571031	2.785515	0	0	0	0	2.785515	8.356546	2.785515	2.785515	2.785515	0	55.710306	0	0	0	2.785515	0	0	0	0	5.571031	2.785515	0	5.571031	0	0	0	16.713092	2.785515	8.356546	27.855153	0	22.284123	33.426184	58.495822	0	33.426184	0	5.571031	2.785515	8.356546	2.785515	11.142061	11.142061	0	8.356546	0	2.785515	0	0	8.356546	2.785515	0	0	0	0	2.785515	2.785515	0	94.707521	0	66.852368	0	72.423398	0	0	0	2.785515	2.785515	2.785515	0	0	13.927577	8.356546	5.571031	52.924791	13.927577	0	0	0	8.356546	0	27.855153	19.498607	0	0	0	0	2.785515	0	0	0	0	0	0	0	0	11.142061	0	0	2.785515	0	2.785515	0	0	0	0	0	0	0	5.571031	2.785515	0	0	0	0	5.571031	19.498607	0	2.785515	0	2.785515	0	0	0	0	0	2.785515	0	0	0	0	0	0	0	5.571031	0	0	0	0	0	0	0	0	0	0	0	0	0	0	0	0	0	0	0	0	0	0	0	0	0	0	0	100.278552	2.785515	334.261838	91.922006	142.061281	47.35376	161.559889	108.635097	36.211699	0	5.571031	0	0	8.356546	27.855153	8.356546	11.142061	5.571031	55.710306	0
37260_composicao_gpt-5.6-sol.txt	menores_notas_gpt	108.695652	6.21118	52.795031	12.42236	0	12.42236	3.10559	0	0	0	0	0	3.10559	0	3.10559	0	0	0	3.10559	0	0	0	3.10559	0	12.42236	0	0	0	0	0	329.192547	155.279503	145.962733	34.161491	9.31677	3.10559	6.21118	62.111801	0	55.900621	21.73913	12.42236	83.850932	15.52795	37.267081	21.73913	43.478261	31.055901	3.10559	3.10559	0	0	9.31677	71.428571	0	24.84472	71.428571	124.223602	18.63354	21.73913	3.10559	0	0	3.10559	12.42236	3.10559	6.21118	12.42236	86.956522	0	6.21118	0	3.10559	0	0	3.10559	6.21118	6.21118	6.21118	0	0	86.956522	0	0	0	6.21118	0	0	0	0	3.10559	3.10559	0	0	0	3.10559	3.10559	0	0	6.21118	46.583851	0	0	9.31677	93.167702	0	0	0	6.21118	3.10559	3.10559	3.10559	9.31677	3.10559	0	9.31677	3.10559	0	0	0	3.10559	0	0	0	0	0	3.10559	3.10559	9.31677	71.428571	9.31677	65.217391	0	62.111801	3.10559	0	3.10559	3.10559	3.10559	3.10559	0	0	3.10559	6.21118	6.21118	52.795031	15.52795	0	0	0	6.21118	0	46.583851	0	6.21118	0	3.10559	0	6.21118	0	0	0	0	0	0	0	0	6.21118	0	3.10559	0	0	0	0	0	0	0	3.10559	0	0	6.21118	0	0	0	0	0	0	21.73913	0	3.10559	0	3.10559	0	0	9.31677	0	0	3.10559	6.21118	0	0	0	0	0	0	6.21118	0	0	0	0	0	0	0	0	0	0	0	0	0	0	0	0	0	0	0	0	0	0	0	0	0	0	0	114.906832	6.21118	329.192547	102.484472	155.279503	46.583851	142.857143	86.956522	0	0	6.21118	0	0	6.21118	46.583851	6.21118	18.63354	3.10559	55.900621	3.10559
37345_composicao_gpt-5.6-sol.txt	menores_notas_gpt	97.701149	8.62069	63.218391	8.62069	5.747126	0	5.747126	0	0	0	0	2.873563	2.873563	2.873563	0	0	2.873563	0	8.62069	5.747126	11.494253	0	5.747126	0	5.747126	8.62069	0	0	8.62069	8.62069	307.471264	140.804598	135.057471	45.977011	14.367816	0	2.873563	63.218391	2.873563	60.344828	22.988506	17.241379	63.218391	2.873563	25.862069	8.62069	31.609195	20.114943	0	0	0	2.873563	2.873563	48.850575	0	20.114943	31.609195	117.816092	22.988506	8.62069	11.494253	2.873563	2.873563	0	22.988506	0	2.873563	14.367816	80.45977	0	5.747126	0	8.62069	2.873563	0	2.873563	2.873563	11.494253	2.873563	2.873563	0	74.712644	22.988506	0	0	0	0	2.873563	0	0	0	0	0	0	0	0	0	11.494253	0	0	43.103448	0	8.62069	28.735632	100.574713	0	11.494253	0	8.62069	0	5.747126	2.873563	11.494253	5.747126	0	11.494253	2.873563	0	0	0	5.747126	0	0	0	0	0	0	2.873563	5.747126	91.954023	8.62069	63.218391	0	57.471264	2.873563	0	2.873563	0	0	2.873563	0	0	2.873563	8.62069	5.747126	34.482759	25.862069	0	0	11.494253	8.62069	0	40.229885	5.747126	0	0	8.62069	0	2.873563	0	0	0	0	0	11.494253	0	0	11.494253	0	8.62069	0	0	0	0	0	0	0	0	0	0	8.62069	0	0	0	0	0	0	20.114943	0	0	0	0	0	0	11.494253	0	0	0	2.873563	0	0	0	0	0	0	5.747126	0	0	0	0	0	0	0	0	0	0	0	0	0	0	0	0	0	0	0	0	0	0	0	0	0	0	0	106.321839	34.482759	318.965517	60.344828	152.298851	51.724138	163.793103	83.333333	11.494253	11.494253	5.747126	0	0	8.62069	40.229885	8.62069	14.367816	2.873563	80.45977	0
37377_composicao_gpt-5.6-sol.txt	menores_notas_gpt	92.178771	2.793296	72.625698	13.96648	0	5.586592	2.793296	0	0	0	0	0	5.586592	2.793296	0	0	5.586592	0	5.586592	0	2.793296	0	8.379888	0	5.586592	0	0	0	0	5.586592	243.01676	164.804469	117.318436	22.346369	19.553073	2.793296	8.379888	81.005587	0	61.452514	22.346369	8.379888	67.039106	8.379888	106.145251	22.346369	55.865922	47.486034	0	5.586592	0	0	8.379888	97.765363	0	39.106145	75.418994	97.765363	25.139665	27.932961	5.586592	2.793296	0	2.793296	27.932961	0	5.586592	5.586592	41.899441	2.793296	8.379888	0	5.586592	0	0	0	5.586592	2.793296	0	0	0	75.418994	0	0	0	2.793296	0	0	0	0	5.586592	2.793296	0	0	0	0	5.586592	8.379888	0	2.793296	27.932961	0	5.586592	13.96648	78.212291	0	8.379888	0	8.379888	2.793296	2.793296	2.793296	5.586592	5.586592	0	8.379888	2.793296	0	0	0	5.586592	0	0	0	0	0	0	2.793296	2.793296	78.212291	13.96648	83.798883	0	64.24581	0	2.793296	0	2.793296	2.793296	2.793296	0	0	5.586592	5.586592	5.586592	47.486034	16.759777	2.793296	0	2.793296	5.586592	0	27.932961	2.793296	2.793296	0	0	0	11.173184	0	0	0	0	0	2.793296	0	0	5.586592	0	2.793296	0	0	0	0	0	0	0	0	0	0	2.793296	2.793296	0	0	0	0	0	8.379888	0	2.793296	0	8.379888	0	0	8.379888	0	0	0	11.173184	0	0	0	0	0	0	8.379888	0	0	0	0	0	0	0	0	0	0	0	0	0	0	0	0	0	0	0	0	0	0	0	0	0	0	0	94.972067	19.553073	326.815642	128.49162	128.49162	36.312849	173.184358	89.385475	8.379888	2.793296	8.379888	0	0	5.586592	27.932961	5.586592	8.379888	0	47.486034	0
37442_composicao_gpt-5.6-sol.txt	menores_notas_gpt	125.382263	3.058104	61.16208	9.174312	3.058104	6.116208	6.116208	0	0	0	0	0	12.232416	0	9.174312	0	3.058104	0	3.058104	0	3.058104	0	6.116208	0	6.116208	3.058104	0	0	3.058104	12.232416	293.577982	137.614679	131.498471	9.174312	15.29052	0	0	61.16208	3.058104	42.813456	24.464832	15.29052	64.220183	0	39.755352	15.29052	39.755352	36.697248	3.058104	6.116208	0	0	12.232416	67.278287	3.058104	30.58104	45.87156	119.266055	30.58104	15.29052	6.116208	6.116208	0	0	18.348624	0	0	15.29052	61.16208	3.058104	3.058104	0	3.058104	3.058104	0	0	6.116208	9.174312	3.058104	3.058104	0	76.452599	0	0	0	3.058104	0	0	0	0	6.116208	3.058104	0	0	0	0	0	0	0	0	42.813456	0	3.058104	15.29052	79.510703	0	0	0	6.116208	0	0	3.058104	6.116208	0	0	6.116208	0	0	0	0	0	0	0	0	0	3.058104	0	3.058104	9.174312	85.626911	6.116208	61.16208	0	61.16208	0	3.058104	3.058104	3.058104	0	9.174312	0	0	9.174312	3.058104	6.116208	48.929664	12.232416	0	0	3.058104	3.058104	0	42.813456	3.058104	6.116208	0	0	0	3.058104	0	0	0	0	0	3.058104	0	0	6.116208	0	0	0	0	0	3.058104	0	0	0	0	0	0	0	3.058104	0	0	0	3.058104	0	21.406728	0	0	0	3.058104	0	0	12.232416	0	0	0	9.174312	0	0	0	0	0	0	6.116208	0	0	0	0	0	0	0	0	0	0	0	0	0	0	0	0	0	0	0	0	0	0	0	0	0	0	0	128.440367	21.406728	305.810398	97.859327	146.788991	27.522936	152.905199	97.859327	0	3.058104	6.116208	0	0	3.058104	42.813456	3.058104	15.29052	3.058104	61.16208	0
37489_composicao_gpt-5.6-sol.txt	menores_notas_gpt	87.542088	6.734007	37.037037	3.367003	23.569024	26.936027	6.734007	0	0	0	0	6.734007	23.569024	13.468013	13.468013	13.468013	10.10101	0	6.734007	10.10101	10.10101	3.367003	3.367003	0	33.670034	6.734007	0	3.367003	3.367003	47.138047	198.653199	53.872054	131.313131	30.30303	0	3.367003	3.367003	6.734007	0	10.10101	37.037037	0	67.340067	0	37.037037	26.936027	13.468013	13.468013	6.734007	0	16.835017	10.10101	10.10101	26.936027	0	0	40.40404	181.818182	16.835017	13.468013	16.835017	16.835017	3.367003	20.20202	20.20202	3.367003	3.367003	6.734007	97.643098	6.734007	0	13.468013	0	3.367003	3.367003	0	3.367003	0	0	6.734007	0	23.569024	63.973064	47.138047	0	0	0	0	0	0	0	10.10101	0	0	13.468013	0	0	13.468013	0	0	43.771044	3.367003	13.468013	13.468013	134.680135	6.734007	6.734007	0	10.10101	3.367003	6.734007	3.367003	6.734007	16.835017	0	10.10101	0	0	0	0	16.835017	3.367003	0	0	0	0	0	3.367003	3.367003	74.074074	3.367003	37.037037	0	37.037037	3.367003	13.468013	0	0	0	6.734007	0	0	0	13.468013	3.367003	30.30303	20.20202	0	0	10.10101	13.468013	3.367003	40.40404	13.468013	0	0	6.734007	3.367003	3.367003	0	0	0	3.367003	0	10.10101	0	0	3.367003	0	0	3.367003	3.367003	0	0	0	0	0	0	3.367003	0	3.367003	10.10101	0	0	0	3.367003	0	3.367003	0	0	0	0	3.367003	0	23.569024	0	0	20.20202	3.367003	0	0	0	0	0	0	6.734007	0	0	0	0	0	3.367003	0	0	0	0	0	0	0	0	0	0	0	0	0	0	0	0	0	0	0	0	0	94.276094	74.074074	245.791246	63.973064	202.020202	60.606061	114.478114	77.441077	13.468013	10.10101	6.734007	3.367003	0	13.468013	43.771044	10.10101	6.734007	0	70.707071	0
37602_composicao_gpt-5.6-sol.txt	menores_notas_gpt	119.047619	5.952381	65.47619	5.952381	0	2.97619	5.952381	0	0	0	0	0	2.97619	0	0	0	2.97619	0	5.952381	0	5.952381	0	5.952381	0	2.97619	2.97619	0	0	2.97619	17.857143	312.5	160.714286	119.047619	20.833333	20.833333	2.97619	2.97619	83.333333	2.97619	71.428571	32.738095	23.809524	62.5	0	53.571429	8.928571	41.666667	29.761905	5.952381	2.97619	0	2.97619	11.904762	83.333333	0	32.738095	50.595238	104.166667	26.785714	23.809524	8.928571	0	2.97619	5.952381	11.904762	2.97619	0	20.833333	59.52381	8.928571	5.952381	0	8.928571	0	0	8.928571	11.904762	5.952381	2.97619	0	2.97619	86.309524	2.97619	0	0	2.97619	0	0	0	0	0	0	0	0	0	0	0	8.928571	0	2.97619	44.642857	2.97619	5.952381	11.904762	92.261905	5.952381	2.97619	0	5.952381	0	5.952381	0	8.928571	2.97619	0	8.928571	0	0	0	0	2.97619	0	0	0	0	0	2.97619	0	20.833333	65.47619	5.952381	68.452381	0	65.47619	0	2.97619	0	0	0	2.97619	0	0	2.97619	5.952381	5.952381	44.642857	23.809524	0	0	5.952381	5.952381	0	44.642857	2.97619	0	0	0	0	2.97619	0	0	0	0	0	5.952381	0	0	5.952381	0	5.952381	0	0	0	0	0	0	0	0	0	0	5.952381	0	0	0	0	0	0	26.785714	2.97619	2.97619	0	2.97619	0	0	14.880952	0	0	2.97619	0	0	0	0	0	0	0	8.928571	0	0	0	0	0	0	0	0	0	0	0	0	0	0	0	0	0	0	0	0	0	0	0	0	0	0	0	190.47619	14.880952	333.333333	101.190476	151.785714	41.666667	139.880952	86.309524	8.928571	5.952381	8.928571	0	0	5.952381	44.642857	5.952381	23.809524	0	62.5	0
37664_composicao_gpt-5.6-sol.txt	menores_notas_gpt	106.741573	5.617978	64.606742	14.044944	0	2.808989	0	0	0	0	0	2.808989	2.808989	2.808989	0	2.808989	2.808989	0	0	5.617978	5.617978	0	0	0	5.617978	2.808989	0	0	2.808989	0	328.651685	160.11236	137.640449	30.898876	14.044944	2.808989	0	89.88764	2.808989	87.078652	19.662921	14.044944	56.179775	0	42.134831	8.426966	42.134831	30.898876	5.617978	8.426966	0	5.617978	8.426966	78.651685	0	16.853933	61.797753	126.404494	25.280899	11.235955	11.235955	2.808989	0	0	42.134831	0	8.426966	11.235955	53.370787	0	5.617978	0	5.617978	0	0	0	8.426966	2.808989	0	0	0	64.606742	5.617978	0	0	0	0	2.808989	0	0	2.808989	0	0	5.617978	0	2.808989	2.808989	19.662921	0	0	50.561798	0	5.617978	28.089888	73.033708	2.808989	16.853933	0	2.808989	0	11.235955	0	8.426966	5.617978	0	5.617978	0	0	0	0	2.808989	0	0	0	0	0	0	0	11.235955	92.696629	2.808989	70.224719	0	61.797753	0	2.808989	0	0	2.808989	0	0	0	5.617978	5.617978	5.617978	50.561798	5.617978	0	0	5.617978	5.617978	0	50.561798	5.617978	0	0	2.808989	0	2.808989	0	0	0	0	0	5.617978	0	0	8.426966	0	5.617978	0	0	0	0	0	0	0	0	0	0	5.617978	0	0	0	0	0	0	11.235955	0	8.426966	0	0	0	0	16.853933	0	0	2.808989	2.808989	0	0	0	0	0	0	5.617978	0	0	0	0	0	0	0	0	0	0	0	0	0	0	0	0	0	0	0	0	0	0	0	0	0	0	0	176.966292	39.325843	328.651685	95.505618	154.494382	33.707865	165.730337	78.651685	19.662921	5.617978	5.617978	0	0	5.617978	50.561798	5.617978	11.235955	0	84.269663	2.808989
37677_composicao_gpt-5.6-sol.txt	menores_notas_gpt	119.760479	11.976048	62.874251	2.994012	11.976048	8.982036	5.988024	0	0	0	0	2.994012	5.988024	2.994012	0	2.994012	5.988024	0	2.994012	5.988024	17.964072	0	5.988024	2.994012	14.97006	2.994012	0	0	2.994012	5.988024	293.413174	83.832335	122.754491	41.916168	11.976048	0	0	47.904192	2.994012	26.946108	41.916168	8.982036	65.868263	0	50.898204	8.982036	23.952096	26.946108	2.994012	0	0	8.982036	8.982036	62.874251	0	11.976048	32.934132	140.718563	29.94012	20.958084	8.982036	0	5.988024	2.994012	38.922156	5.988024	0	11.976048	59.88024	5.988024	0	5.988024	5.988024	2.994012	0	0	2.994012	0	8.982036	2.994012	0	68.862275	20.958084	2.994012	0	0	0	0	0	0	2.994012	0	2.994012	0	5.988024	0	0	32.934132	0	5.988024	41.916168	0	14.97006	47.904192	89.820359	5.988024	26.946108	0	5.988024	0	5.988024	2.994012	5.988024	14.97006	0	5.988024	0	0	0	0	14.97006	0	0	0	0	0	0	2.994012	2.994012	74.850299	5.988024	68.862275	0	41.916168	0	2.994012	0	0	2.994012	8.982036	0	0	2.994012	0	5.988024	23.952096	11.976048	0	0	17.964072	0	0	41.916168	11.976048	0	0	0	0	5.988024	0	0	0	0	0	14.97006	0	2.994012	17.964072	0	0	0	0	0	0	0	0	0	0	0	0	0	0	0	0	0	0	0	8.982036	0	11.976048	0	0	0	0	35.928144	0	0	0	5.988024	0	0	0	0	0	0	5.988024	0	0	0	0	0	0	0	0	0	0	0	0	0	0	0	0	0	0	0	0	0	0	0	0	0	0	0	194.610778	23.952096	299.401198	80.838323	179.640719	41.916168	149.700599	65.868263	32.934132	17.964072	5.988024	0	0	0	59.88024	2.994012	11.976048	0	104.790419	0
37694_composicao_gpt-5.6-sol.txt	menores_notas_gpt	94.240838	5.235602	60.209424	7.853403	5.235602	5.235602	2.617801	0	0	0	0	0	2.617801	0	0	0	0	0	2.617801	2.617801	7.853403	0	5.235602	0	7.853403	0	0	0	0	0	329.842932	193.717277	104.712042	10.471204	20.942408	7.853403	2.617801	107.329843	5.235602	78.534031	15.706806	13.089005	70.680628	0	81.151832	10.471204	31.413613	20.942408	2.617801	5.235602	0	2.617801	5.235602	75.91623	0	15.706806	41.884817	107.329843	28.795812	7.853403	2.617801	0	2.617801	5.235602	5.235602	2.617801	5.235602	10.471204	52.356021	2.617801	5.235602	0	2.617801	0	0	0	5.235602	5.235602	2.617801	2.617801	0	54.973822	2.617801	2.617801	0	2.617801	0	0	0	0	7.853403	5.235602	0	0	0	2.617801	0	47.120419	0	2.617801	31.413613	0	13.089005	31.413613	62.827225	7.853403	39.267016	0	2.617801	0	7.853403	10.471204	5.235602	7.853403	0	7.853403	7.853403	2.617801	0	0	5.235602	2.617801	0	0	0	0	0	10.471204	5.235602	86.387435	7.853403	68.062827	0	62.827225	2.617801	2.617801	0	0	2.617801	5.235602	0	2.617801	13.089005	5.235602	2.617801	44.502618	20.942408	0	0	7.853403	2.617801	0	20.942408	13.089005	0	0	2.617801	0	2.617801	0	0	0	0	0	5.235602	2.617801	0	7.853403	0	2.617801	0	0	0	0	0	0	0	0	0	0	2.617801	2.617801	0	2.617801	0	0	0	15.706806	0	0	0	5.235602	0	0	5.235602	0	0	2.617801	0	0	0	0	0	0	0	5.235602	0	0	0	0	0	0	0	0	0	0	0	0	0	0	0	0	0	0	0	0	0	0	0	0	0	0	0	99.47644	26.17801	329.842932	91.623037	146.596859	44.502618	162.303665	94.240838	47.120419	7.853403	5.235602	0	0	5.235602	26.17801	5.235602	13.089005	13.089005	75.91623	2.617801
37734_composicao_gpt-5.6-sol.txt	menores_notas_gpt	105.121294	0	105.121294	13.477089	5.390836	5.390836	2.695418	0	0	0	0	5.390836	5.390836	0	0	0	5.390836	5.390836	0	2.695418	5.390836	0	0	0	5.390836	5.390836	0	0	5.390836	29.649596	307.277628	148.247978	132.075472	13.477089	16.172507	13.477089	0	91.644205	18.867925	48.51752	26.954178	0	56.603774	18.867925	37.735849	10.781671	29.649596	5.390836	5.390836	0	0	0	8.086253	61.994609	0	24.25876	35.040431	129.380054	13.477089	10.781671	0	5.390836	0	2.695418	10.781671	2.695418	8.086253	5.390836	78.167116	10.781671	5.390836	0	0	0	0	0	2.695418	0	2.695418	0	0	75.471698	5.390836	0	0	0	0	2.695418	0	0	2.695418	0	0	0	2.695418	2.695418	0	2.695418	0	0	37.735849	0	8.086253	21.563342	83.557951	0	2.695418	0	5.390836	0	0	10.781671	5.390836	8.086253	0	8.086253	8.086253	0	0	0	8.086253	0	0	0	0	0	0	5.390836	16.172507	75.471698	21.563342	105.121294	0	48.51752	0	5.390836	0	0	0	2.695418	0	0	8.086253	5.390836	2.695418	32.345013	18.867925	0	0	5.390836	5.390836	0	37.735849	8.086253	8.086253	0	0	0	5.390836	0	0	0	0	0	5.390836	0	0	2.695418	0	0	2.695418	0	0	0	0	0	0	0	0	0	2.695418	2.695418	0	0	0	0	0	5.390836	0	0	0	0	0	0	16.172507	0	0	0	5.390836	0	0	0	0	0	0	13.477089	0	0	0	0	0	0	0	0	0	0	0	0	0	0	0	0	0	0	0	0	0	0	0	0	0	0	0	105.121294	40.431267	336.927224	80.862534	153.638814	48.51752	194.070081	72.77628	2.695418	5.390836	13.477089	0	0	5.390836	37.735849	5.390836	5.390836	8.086253	67.385445	0
37858_composicao_gpt-5.6-sol.txt	menores_notas_gpt	101.648352	10.989011	57.692308	5.494505	8.241758	5.494505	2.747253	0	0	0	0	2.747253	5.494505	0	0	0	5.494505	0	2.747253	0	2.747253	0	2.747253	0	5.494505	2.747253	0	0	2.747253	2.747253	307.692308	156.593407	104.395604	32.967033	13.736264	8.241758	0	54.945055	0	65.934066	19.230769	8.241758	63.186813	0	60.43956	10.989011	35.714286	21.978022	0	10.989011	0	2.747253	10.989011	82.417582	0	27.472527	79.67033	156.593407	21.978022	13.736264	8.241758	2.747253	2.747253	0	24.725275	5.494505	2.747253	13.736264	65.934066	0	0	2.747253	2.747253	2.747253	0	0	10.989011	2.747253	0	5.494505	0	79.67033	0	0	0	2.747253	0	2.747253	0	0	8.241758	0	2.747253	0	0	0	0	8.241758	0	2.747253	43.956044	2.747253	5.494505	30.21978	85.164835	2.747253	8.241758	0	5.494505	2.747253	10.989011	0	8.241758	13.736264	0	0	0	0	0	0	10.989011	2.747253	0	0	0	0	0	0	8.241758	79.67033	2.747253	57.692308	0	52.197802	0	5.494505	0	2.747253	2.747253	2.747253	0	2.747253	8.241758	8.241758	8.241758	43.956044	10.989011	0	0	2.747253	8.241758	0	46.703297	5.494505	2.747253	0	5.494505	0	2.747253	0	0	0	0	0	2.747253	0	0	21.978022	0	2.747253	2.747253	0	0	0	0	0	0	0	0	0	5.494505	0	0	0	0	0	10.989011	13.736264	0	5.494505	0	0	0	0	16.483516	0	0	2.747253	2.747253	0	0	0	0	0	0	8.241758	2.747253	0	0	0	0	0	0	0	0	0	0	0	0	0	0	0	0	0	0	0	0	0	0	0	0	0	0	112.637363	8.241758	310.43956	104.395604	178.571429	41.208791	140.10989	82.417582	10.989011	2.747253	10.989011	0	0	8.241758	46.703297	8.241758	13.736264	0	79.67033	5.494505
37949_composicao_gpt-5.6-sol.txt	menores_notas_gpt	85.642317	7.556675	65.491184	10.075567	5.037783	10.075567	5.037783	2.518892	0	0	0	0	7.556675	0	0	0	7.556675	0	2.518892	0	5.037783	0	2.518892	0	7.556675	0	0	0	0	7.556675	299.748111	138.539043	161.209068	10.075567	27.707809	0	2.518892	80.604534	12.594458	50.377834	32.745592	5.037783	65.491184	0	62.972292	15.11335	45.34005	22.670025	0	2.518892	0	0	10.075567	95.717884	0	32.745592	47.858942	110.831234	40.302267	30.2267	2.518892	0	2.518892	0	27.707809	2.518892	2.518892	10.075567	32.745592	5.037783	5.037783	2.518892	2.518892	0	0	0	10.075567	2.518892	0	2.518892	0	65.491184	17.632242	0	0	2.518892	0	2.518892	0	0	2.518892	0	0	0	0	2.518892	0	25.188917	2.518892	5.037783	32.745592	0	10.075567	50.377834	88.161209	0	25.188917	0	7.556675	0	2.518892	2.518892	5.037783	7.556675	0	2.518892	2.518892	0	0	0	7.556675	0	0	0	0	2.518892	0	0	37.783375	73.047859	17.632242	65.491184	0	52.896725	0	2.518892	2.518892	0	2.518892	7.556675	0	2.518892	0	5.037783	5.037783	40.302267	12.594458	0	0	5.037783	5.037783	0	17.632242	10.075567	0	0	2.518892	0	5.037783	0	0	0	0	0	5.037783	0	0	7.556675	0	2.518892	2.518892	0	0	0	0	2.518892	0	0	0	0	5.037783	0	0	0	0	0	0	17.632242	0	10.075567	0	0	0	0	7.556675	0	0	0	7.556675	0	0	0	0	0	0	7.556675	0	0	0	0	0	0	0	0	0	0	0	0	0	0	0	0	0	0	0	0	0	0	0	0	0	0	0	93.198992	7.556675	307.304786	120.906801	166.246851	62.972292	156.171285	75.566751	27.707809	5.037783	7.556675	0	0	5.037783	30.2267	10.075567	12.594458	5.037783	93.198992	2.518892
37994_composicao_gpt-5.6-sol.txt	menores_notas_gpt	82.914573	27.638191	50.251256	7.537688	17.58794	7.537688	7.537688	0	0	0	0	2.512563	12.562814	2.512563	7.537688	0	7.537688	0	2.512563	5.025126	12.562814	0	10.050251	5.025126	12.562814	2.512563	0	0	2.512563	65.326633	248.743719	82.914573	201.005025	52.763819	5.025126	0	7.537688	7.537688	0	15.075377	32.663317	7.537688	110.552764	0	27.638191	15.075377	7.537688	17.58794	10.050251	0	0	5.025126	12.562814	22.613065	0	2.512563	15.075377	175.879397	22.613065	10.050251	15.075377	22.613065	15.075377	17.58794	27.638191	5.025126	2.512563	12.562814	77.889447	7.537688	0	17.58794	7.537688	2.512563	10.050251	2.512563	2.512563	2.512563	2.512563	2.512563	2.512563	10.050251	65.326633	32.663317	10.050251	2.512563	0	15.075377	0	0	0	7.537688	2.512563	5.025126	2.512563	0	0	15.075377	0	2.512563	42.713568	2.512563	12.562814	20.100503	135.678392	2.512563	12.562814	0	15.075377	7.537688	5.025126	0	0	7.537688	2.512563	0	2.512563	2.512563	0	0	7.537688	0	2.512563	0	0	0	2.512563	0	17.58794	70.351759	15.075377	52.763819	0	32.663317	0	10.050251	0	2.512563	2.512563	5.025126	0	0	0	15.075377	0	20.100503	17.58794	0	0	12.562814	15.075377	0	45.226131	12.562814	7.537688	0	10.050251	0	0	0	0	0	0	0	0	10.050251	2.512563	5.025126	0	2.512563	7.537688	2.512563	0	0	0	0	0	0	0	0	10.050251	2.512563	0	0	5.025126	2.512563	7.537688	7.537688	2.512563	0	0	0	0	2.512563	20.100503	0	0	5.025126	7.537688	0	0	0	0	0	0	2.512563	0	0	0	0	0	0	0	0	0	0	0	0	0	0	0	0	0	0	0	0	0	0	0	0	0	0	0	160.80402	42.713568	314.070352	47.738693	208.542714	47.738693	128.140704	52.763819	15.075377	15.075377	2.512563	0	0	15.075377	55.276382	15.075377	10.050251	5.025126	77.889447	10.050251
37999_composicao_gpt-5.6-sol.txt	menores_notas_gpt	120.879121	24.725275	57.692308	5.494505	10.989011	10.989011	5.494505	2.747253	0	0	2.747253	5.494505	19.230769	2.747253	2.747253	5.494505	13.736264	0	0	2.747253	8.241758	0	0	5.494505	10.989011	5.494505	5.494505	0	0	46.703297	236.263736	79.67033	162.087912	13.736264	0	0	2.747253	27.472527	2.747253	24.725275	32.967033	5.494505	87.912088	0	27.472527	19.230769	5.494505	19.230769	2.747253	5.494505	0	0	13.736264	19.230769	0	0	27.472527	175.824176	24.725275	24.725275	5.494505	16.483516	5.494505	21.978022	30.21978	0	8.241758	8.241758	63.186813	2.747253	2.747253	19.230769	2.747253	2.747253	5.494505	5.494505	5.494505	0	2.747253	5.494505	5.494505	8.241758	60.43956	60.43956	19.230769	5.494505	0	16.483516	0	0	0	0	2.747253	19.230769	0	2.747253	0	8.241758	0	0	30.21978	0	2.747253	21.978022	159.340659	0	8.241758	0	2.747253	0	5.494505	8.241758	2.747253	10.989011	0	0	8.241758	0	0	0	2.747253	8.241758	0	0	0	0	0	0	0	60.43956	0	60.43956	0	38.461538	0	5.494505	5.494505	2.747253	0	8.241758	0	0	5.494505	16.483516	0	10.989011	30.21978	0	0	8.241758	16.483516	2.747253	30.21978	2.747253	8.241758	2.747253	74.175824	0	8.241758	0	0	0	0	0	2.747253	2.747253	5.494505	5.494505	0	2.747253	10.989011	0	2.747253	0	0	0	0	0	0	0	16.483516	0	0	0	5.494505	0	0	8.241758	0	0	0	0	0	0	27.472527	0	0	13.736264	5.494505	0	0	0	0	0	0	0	0	0	0	0	2.747253	0	0	0	0	0	0	0	0	0	0	0	0	0	0	0	0	0	0	0	0	0	0	203.296703	38.461538	282.967033	52.197802	211.538462	30.21978	120.879121	65.934066	8.241758	10.989011	0	2.747253	0	16.483516	43.956044	16.483516	16.483516	8.241758	43.956044	0
38002_composicao_gpt-5.6-sol.txt	menores_notas_gpt	77.348066	8.287293	46.961326	2.762431	24.861878	19.337017	2.762431	0	0	0	0	2.762431	11.049724	5.524862	5.524862	5.524862	5.524862	0	0	16.574586	0	0	0	0	24.861878	8.287293	0	0	8.287293	66.298343	240.331492	58.01105	185.082873	33.149171	16.574586	2.762431	2.762431	19.337017	0	13.812155	55.248619	2.762431	74.585635	0	30.38674	22.099448	0	0	2.762431	2.762431	0	0	8.287293	22.099448	0	0	0	146.40884	11.049724	13.812155	27.624309	16.574586	5.524862	13.812155	13.812155	8.287293	13.812155	11.049724	74.585635	13.812155	0	16.574586	8.287293	11.049724	2.762431	2.762431	5.524862	0	2.762431	5.524862	0	19.337017	46.961326	58.01105	0	2.762431	0	2.762431	0	0	0	0	2.762431	0	0	8.287293	0	8.287293	0	5.524862	58.01105	0	5.524862	24.861878	129.834254	0	11.049724	0	8.287293	0	8.287293	5.524862	8.287293	5.524862	0	2.762431	5.524862	0	0	0	5.524862	0	0	0	0	0	0	5.524862	8.287293	74.585635	2.762431	49.723757	0	52.486188	0	13.812155	0	5.524862	0	2.762431	0	0	0	19.337017	2.762431	41.436464	22.099448	0	0	0	19.337017	0	52.486188	5.524862	0	0	35.911602	11.049724	5.524862	0	0	0	0	0	0	0	0	8.287293	0	11.049724	8.287293	0	0	0	0	0	0	0	0	0	19.337017	0	0	0	2.762431	2.762431	0	5.524862	0	0	0	0	0	0	11.049724	0	0	5.524862	5.524862	0	0	0	0	0	0	5.524862	0	0	0	0	0	0	0	0	0	0	0	0	0	0	0	0	0	0	0	0	0	0	0	0	0	0	0	132.596685	30.38674	306.629834	52.486188	196.132597	41.436464	127.071823	96.685083	11.049724	0	5.524862	0	0	19.337017	58.01105	22.099448	11.049724	5.524862	88.39779	35.911602
38036_composicao_gpt-5.6-sol.txt	menores_notas_gpt	107.142857	6.493506	55.194805	12.987013	9.74026	3.246753	0	9.74026	0	0	0	0	6.493506	0	0	0	6.493506	0	3.246753	0	9.74026	0	3.246753	0	3.246753	0	0	0	0	3.246753	314.935065	155.844156	120.12987	25.974026	25.974026	3.246753	19.480519	61.688312	0	64.935065	12.987013	9.74026	51.948052	0	51.948052	22.727273	29.220779	51.948052	3.246753	3.246753	0	9.74026	9.74026	71.428571	0	22.727273	32.467532	74.675325	38.961039	22.727273	0	9.74026	0	0	9.74026	0	0	25.974026	29.220779	0	9.74026	0	0	0	0	0	9.74026	9.74026	6.493506	3.246753	0	55.194805	9.74026	3.246753	0	3.246753	0	3.246753	0	0	3.246753	9.74026	0	3.246753	0	0	0	19.480519	0	6.493506	38.961039	0	3.246753	35.714286	74.675325	0	19.480519	0	3.246753	0	3.246753	0	3.246753	3.246753	0	12.987013	0	0	0	0	3.246753	0	0	0	0	0	3.246753	0	0	74.675325	6.493506	61.688312	0	58.441558	0	3.246753	0	0	3.246753	3.246753	0	0	0	6.493506	6.493506	45.454545	12.987013	0	0	9.74026	6.493506	0	35.714286	3.246753	9.74026	0	0	0	0	0	0	0	0	0	9.74026	0	0	6.493506	0	0	0	0	0	0	0	0	0	0	0	0	0	6.493506	0	0	0	0	0	16.233766	0	6.493506	0	3.246753	0	0	6.493506	0	0	3.246753	3.246753	0	0	0	0	0	0	9.74026	0	0	0	0	0	0	0	0	0	0	0	0	0	0	0	0	0	0	0	0	0	0	0	0	0	0	0	168.831169	19.480519	318.181818	103.896104	133.116883	25.974026	142.857143	81.168831	16.233766	9.74026	9.74026	0	0	6.493506	35.714286	6.493506	25.974026	0	77.922078	0
38158_composicao_gpt-5.6-sol.txt	menores_notas_gpt	91.954023	5.747126	51.724138	8.62069	0	5.747126	2.873563	0	0	0	0	0	5.747126	0	2.873563	0	2.873563	0	5.747126	5.747126	8.62069	0	5.747126	5.747126	11.494253	0	0	0	0	2.873563	290.229885	117.816092	158.045977	25.862069	14.367816	5.747126	0	94.827586	2.873563	68.965517	31.609195	2.873563	60.344828	11.494253	34.482759	14.367816	43.103448	31.609195	2.873563	0	0	5.747126	8.62069	68.965517	0	34.482759	45.977011	114.942529	31.609195	20.114943	8.62069	2.873563	0	2.873563	34.482759	5.747126	5.747126	2.873563	63.218391	5.747126	2.873563	0	5.747126	2.873563	0	0	0	0	2.873563	0	0	74.712644	2.873563	0	0	2.873563	0	0	0	0	2.873563	2.873563	0	0	2.873563	0	5.747126	22.988506	0	0	37.356322	0	11.494253	14.367816	80.45977	0	22.988506	0	5.747126	0	14.367816	0	11.494253	2.873563	0	5.747126	0	2.873563	0	0	2.873563	0	0	0	0	0	0	0	11.494253	80.45977	2.873563	51.724138	0	71.83908	0	0	0	2.873563	0	5.747126	0	0	5.747126	8.62069	5.747126	60.344828	11.494253	0	0	8.62069	8.62069	0	37.356322	5.747126	0	0	2.873563	0	2.873563	0	0	0	0	0	5.747126	0	0	2.873563	0	5.747126	0	0	0	0	0	0	0	0	0	0	5.747126	2.873563	0	0	0	0	0	8.62069	0	11.494253	2.873563	2.873563	0	0	14.367816	0	0	2.873563	2.873563	0	0	0	0	0	0	5.747126	0	0	0	0	0	0	0	0	0	0	0	0	0	0	0	0	0	0	0	0	0	0	0	0	0	0	0	149.425287	34.482759	344.827586	91.954023	146.551724	45.977011	135.057471	91.954023	22.988506	8.62069	5.747126	0	0	8.62069	37.356322	8.62069	11.494253	0	63.218391	2.873563
38172_composicao_gpt-5.6-sol.txt	menores_notas_gpt	87.971275	19.748654	41.292639	10.771993	23.339318	16.157989	5.385996	0	0	0	0	5.385996	19.748654	10.771993	10.771993	8.976661	10.771993	0	0	0	7.181329	1.795332	1.795332	0	12.567325	5.385996	1.795332	0	3.590664	34.111311	262.118492	84.38061	157.989228	39.497307	5.385996	1.795332	1.795332	41.292639	3.590664	23.339318	43.087971	3.590664	93.357271	1.795332	37.701975	8.976661	7.181329	0	7.181329	3.590664	0	0	8.976661	34.111311	0	3.590664	7.181329	172.351885	26.929982	10.771993	17.953321	16.157989	17.953321	17.953321	19.748654	5.385996	5.385996	12.567325	57.450628	14.362657	0	12.567325	7.181329	3.590664	1.795332	0	7.181329	3.590664	3.590664	7.181329	0	26.929982	66.427289	26.929982	5.385996	1.795332	0	8.976661	0	0	1.795332	3.590664	0	0	3.590664	3.590664	0	14.362657	0	0	46.678636	0	3.590664	34.111311	134.64991	3.590664	28.725314	0	7.181329	1.795332	7.181329	0	1.795332	5.385996	0	3.590664	1.795332	0	0	0	3.590664	1.795332	0	0	0	0	0	0	10.771993	82.585278	5.385996	50.2693	0	41.292639	3.590664	7.181329	0	0	1.795332	10.771993	0	0	0	8.976661	1.795332	21.543986	30.520646	1.795332	0	7.181329	8.976661	1.795332	25.13465	1.795332	1.795332	3.590664	30.520646	1.795332	7.181329	0	0	0	0	0	5.385996	1.795332	0	14.362657	0	0	10.771993	0	0	0	0	0	0	0	0	0	8.976661	0	0	0	1.795332	3.590664	1.795332	17.953321	0	0	0	0	0	0	14.362657	0	0	12.567325	7.181329	0	0	0	0	0	0	5.385996	0	0	3.590664	0	0	0	0	0	0	0	0	0	0	0	0	0	0	0	0	0	0	0	0	0	0	0	0	149.012567	46.678636	296.229803	52.064632	210.05386	30.520646	141.831239	73.608618	32.315978	7.181329	7.181329	0	0	8.976661	57.450628	10.771993	14.362657	1.795332	84.38061	0
38193_composicao_gpt-5.6-sol.txt	menores_notas_gpt	114.285714	6.349206	50.793651	12.698413	6.349206	3.174603	3.174603	0	0	0	0	0	0	0	0	0	0	0	0	0	0	0	0	0	3.174603	0	0	0	0	19.047619	314.285714	171.428571	111.111111	25.396825	19.047619	3.174603	3.174603	69.84127	0	69.84127	34.920635	15.873016	53.968254	12.698413	34.920635	6.349206	60.31746	25.396825	3.174603	0	0	9.52381	6.349206	85.714286	0	44.444444	69.84127	120.634921	22.222222	6.349206	9.52381	6.349206	3.174603	0	44.444444	0	0	9.52381	76.190476	9.52381	3.174603	0	6.349206	0	0	0	9.52381	6.349206	0	3.174603	0	47.619048	15.873016	0	0	3.174603	0	0	0	0	0	0	0	6.349206	0	0	0	34.920635	0	0	31.746032	0	15.873016	28.571429	66.666667	6.349206	28.571429	0	6.349206	0	15.873016	12.698413	0	3.174603	0	3.174603	15.873016	3.174603	0	0	3.174603	0	0	0	0	0	0	9.52381	19.047619	114.285714	15.873016	50.793651	0	47.619048	0	0	0	0	0	3.174603	0	0	12.698413	6.349206	6.349206	41.269841	6.349206	0	0	0	6.349206	0	31.746032	15.873016	3.174603	0	0	0	0	0	0	0	0	0	0	0	0	6.349206	0	3.174603	0	0	0	0	0	0	0	0	0	0	6.349206	0	0	0	0	0	0	25.396825	0	0	0	3.174603	0	0	6.349206	0	0	0	0	0	0	0	0	0	0	12.698413	0	0	0	0	0	0	0	0	0	0	0	0	0	0	0	0	0	0	0	0	0	0	0	0	0	0	0	171.428571	0	333.333333	98.412698	142.857143	50.793651	168.253968	76.190476	34.920635	0	12.698413	0	0	6.349206	31.746032	6.349206	15.873016	19.047619	76.190476	0
38196_composicao_gpt-5.6-sol.txt	menores_notas_gpt	85.106383	9.118541	45.592705	9.118541	15.197568	3.039514	3.039514	0	0	0	0	0	21.276596	0	0	0	21.276596	0	6.079027	0	15.197568	0	6.079027	3.039514	3.039514	0	0	0	0	6.079027	288.753799	109.422492	112.462006	33.43465	30.395137	3.039514	0	54.711246	0	36.474164	12.158055	12.158055	69.908815	6.079027	57.75076	15.197568	27.355623	24.316109	3.039514	9.118541	0	3.039514	6.079027	79.027356	0	18.237082	39.513678	161.094225	42.553191	12.158055	3.039514	6.079027	3.039514	6.079027	21.276596	0	15.197568	12.158055	100.303951	6.079027	6.079027	0	3.039514	0	0	0	6.079027	6.079027	0	0	0	69.908815	3.039514	3.039514	0	3.039514	0	6.079027	0	0	3.039514	0	3.039514	0	0	6.079027	6.079027	21.276596	12.158055	6.079027	75.987842	0	6.079027	48.632219	85.106383	0	48.632219	0	9.118541	0	6.079027	9.118541	6.079027	0	0	9.118541	3.039514	0	0	0	0	0	0	0	0	0	0	9.118541	9.118541	88.145897	0	54.711246	0	54.711246	3.039514	3.039514	3.039514	0	0	9.118541	0	0	9.118541	3.039514	3.039514	36.474164	21.276596	0	0	15.197568	3.039514	0	75.987842	6.079027	0	0	0	0	18.237082	0	0	0	0	0	12.158055	0	0	21.276596	0	0	0	0	0	0	0	0	0	0	0	0	0	3.039514	0	0	0	0	0	12.158055	0	9.118541	0	3.039514	0	0	24.316109	0	0	3.039514	18.237082	0	0	0	0	0	0	6.079027	0	0	0	0	0	0	0	0	0	0	0	0	0	0	0	0	0	0	0	0	0	0	0	0	0	0	0	145.896657	27.355623	294.832827	100.303951	203.647416	36.474164	142.857143	85.106383	60.790274	15.197568	6.079027	0	0	3.039514	100.303951	3.039514	12.158055	9.118541	130.699088	0
38204_composicao_gpt-5.6-sol.txt	menores_notas_gpt	122.857143	5.714286	45.714286	2.857143	8.571429	5.714286	2.857143	0	0	0	0	2.857143	2.857143	0	0	0	2.857143	0	0	0	8.571429	0	2.857143	0	5.714286	2.857143	0	0	2.857143	0	342.857143	162.857143	137.142857	37.142857	14.285714	0	5.714286	82.857143	2.857143	51.428571	8.571429	8.571429	77.142857	17.142857	54.285714	2.857143	48.571429	25.714286	0	8.571429	0	11.428571	8.571429	85.714286	0	25.714286	57.142857	114.285714	17.142857	14.285714	2.857143	2.857143	0	0	37.142857	0	2.857143	14.285714	80	5.714286	8.571429	2.857143	2.857143	2.857143	0	5.714286	5.714286	2.857143	5.714286	5.714286	0	62.857143	5.714286	0	0	2.857143	0	2.857143	0	0	5.714286	0	0	5.714286	5.714286	0	0	14.285714	0	2.857143	40	8.571429	14.285714	17.142857	71.428571	0	14.285714	0	2.857143	0	14.285714	5.714286	8.571429	2.857143	0	14.285714	5.714286	0	0	0	2.857143	0	0	0	0	0	0	2.857143	17.142857	68.571429	5.714286	45.714286	0	68.571429	0	2.857143	0	0	2.857143	2.857143	0	0	2.857143	5.714286	8.571429	45.714286	22.857143	0	0	8.571429	5.714286	0	40	11.428571	2.857143	0	14.285714	0	2.857143	0	0	0	0	0	8.571429	0	0	5.714286	0	2.857143	0	0	0	0	0	0	0	0	0	0	2.857143	2.857143	0	0	0	0	0	42.857143	0	0	0	2.857143	0	2.857143	8.571429	0	0	2.857143	0	0	0	0	0	0	0	8.571429	0	0	0	0	0	0	0	0	0	0	0	0	0	0	0	0	0	0	0	0	0	0	0	0	0	0	0	174.285714	17.142857	342.857143	97.142857	140	42.857143	120	88.571429	14.285714	8.571429	8.571429	0	0	5.714286	45.714286	8.571429	14.285714	5.714286	71.428571	14.285714
38226_composicao_gpt-5.6-sol.txt	menores_notas_gpt	98.870056	14.124294	45.19774	5.649718	8.474576	16.949153	2.824859	0	0	0	0	2.824859	5.649718	2.824859	0	0	8.474576	0	2.824859	5.649718	14.124294	0	0	2.824859	14.124294	5.649718	0	0	5.649718	0	313.559322	110.169492	115.819209	33.898305	5.649718	2.824859	2.824859	76.271186	5.649718	62.146893	14.124294	8.474576	62.146893	8.474576	28.248588	8.474576	33.898305	14.124294	2.824859	2.824859	0	11.299435	2.824859	50.847458	0	19.774011	36.723164	101.694915	16.949153	14.124294	2.824859	2.824859	5.649718	0	28.248588	2.824859	5.649718	16.949153	59.322034	5.649718	2.824859	2.824859	5.649718	2.824859	2.824859	2.824859	5.649718	5.649718	8.474576	5.649718	2.824859	76.271186	5.649718	2.824859	0	0	0	2.824859	0	0	8.474576	2.824859	0	0	0	2.824859	2.824859	19.774011	0	5.649718	48.022599	0	5.649718	22.59887	84.745763	0	19.774011	0	2.824859	0	16.949153	11.299435	5.649718	5.649718	0	2.824859	5.649718	2.824859	0	0	5.649718	0	0	0	0	2.824859	0	5.649718	11.299435	87.570621	5.649718	45.19774	0	50.847458	0	5.649718	0	2.824859	2.824859	5.649718	0	0	11.299435	8.474576	8.474576	45.19774	8.474576	2.824859	0	14.124294	8.474576	0	48.022599	5.649718	8.474576	0	5.649718	0	5.649718	0	0	0	0	0	8.474576	2.824859	2.824859	2.824859	0	5.649718	0	0	0	0	0	0	0	2.824859	0	0	8.474576	0	0	0	0	0	0	28.248588	0	2.824859	0	0	0	0	11.299435	0	0	0	5.649718	0	0	0	0	0	0	8.474576	0	0	0	0	0	0	0	0	0	0	0	0	0	0	0	0	0	0	0	0	0	0	0	0	0	0	0	112.99435	45.19774	313.559322	62.146893	149.717514	48.022599	138.418079	90.39548	19.774011	14.124294	8.474576	0	0	8.474576	45.19774	8.474576	19.774011	8.474576	76.271186	5.649718
38284_composicao_gpt-5.6-sol.txt	menores_notas_gpt	88.757396	2.95858	44.378698	8.87574	5.91716	2.95858	2.95858	0	0	0	0	0	5.91716	0	0	0	5.91716	0	2.95858	0	2.95858	0	2.95858	0	2.95858	0	0	0	0	23.668639	316.568047	159.763314	136.094675	23.668639	17.751479	2.95858	0	82.840237	5.91716	71.005917	23.668639	8.87574	71.005917	17.751479	65.088757	5.91716	62.130178	29.585799	2.95858	8.87574	0	0	14.792899	94.674556	0	29.585799	82.840237	124.260355	23.668639	11.83432	2.95858	2.95858	0	0	38.461538	2.95858	8.87574	11.83432	85.798817	11.83432	2.95858	2.95858	2.95858	2.95858	0	0	5.91716	2.95858	2.95858	5.91716	0	56.213018	5.91716	0	0	5.91716	0	0	0	0	11.83432	0	0	0	8.87574	0	5.91716	8.87574	0	2.95858	38.461538	2.95858	20.710059	14.792899	68.047337	0	8.87574	0	5.91716	0	2.95858	8.87574	2.95858	5.91716	2.95858	5.91716	5.91716	0	0	0	5.91716	0	2.95858	0	2.95858	2.95858	0	5.91716	17.751479	85.798817	14.792899	50.295858	0	59.171598	2.95858	5.91716	0	2.95858	0	8.87574	0	0	2.95858	5.91716	5.91716	50.295858	14.792899	0	0	2.95858	5.91716	0	38.461538	17.751479	5.91716	0	0	0	2.95858	0	0	0	0	0	2.95858	0	0	5.91716	0	2.95858	0	0	0	2.95858	0	0	0	0	0	0	2.95858	2.95858	0	0	0	0	0	20.710059	0	0	0	2.95858	0	0	11.83432	0	0	2.95858	2.95858	0	0	0	0	0	0	11.83432	0	0	0	0	0	0	0	0	0	0	0	0	0	0	0	0	0	0	0	0	0	0	0	0	0	0	0	136.094675	11.83432	340.236686	115.384615	150.887574	38.461538	150.887574	88.757396	8.87574	2.95858	11.83432	0	0	5.91716	44.378698	5.91716	11.83432	11.83432	73.964497	0
38310_composicao_gpt-5.6-sol.txt	menores_notas_gpt	124.645892	11.331445	65.155807	11.331445	2.832861	5.665722	5.665722	0	0	0	0	0	2.832861	0	0	0	2.832861	0	2.832861	2.832861	2.832861	0	2.832861	0	8.498584	0	0	0	0	8.498584	237.96034	150.141643	116.147309	28.328612	19.830028	0	2.832861	90.651558	0	79.320113	33.994334	5.665722	70.82153	16.997167	42.492918	14.164306	50.991501	22.66289	5.665722	2.832861	0	0	2.832861	79.320113	0	14.164306	65.155807	110.481586	19.830028	14.164306	5.665722	2.832861	5.665722	0	14.164306	0	5.665722	14.164306	31.161473	0	2.832861	0	5.665722	0	0	8.498584	5.665722	5.665722	2.832861	5.665722	0	70.82153	0	0	0	2.832861	0	0	0	0	0	2.832861	0	0	0	0	2.832861	8.498584	0	0	36.827195	0	5.665722	14.164306	73.654391	5.665722	2.832861	2.832861	5.665722	0	11.331445	0	5.665722	0	0	11.331445	0	2.832861	0	0	0	0	0	0	0	0	0	5.665722	8.498584	101.983003	0	70.82153	0	48.15864	0	2.832861	0	2.832861	0	2.832861	0	0	8.498584	2.832861	5.665722	28.328612	19.830028	0	0	2.832861	2.832861	2.832861	36.827195	2.832861	0	0	0	0	2.832861	0	0	0	0	0	2.832861	0	0	5.665722	0	0	0	0	2.832861	0	0	0	0	0	0	0	2.832861	0	0	0	0	0	0	22.66289	0	0	0	5.665722	0	0	5.665722	0	0	0	2.832861	0	0	0	0	0	0	8.498584	0	0	0	0	0	0	0	0	0	0	0	0	0	0	0	0	0	0	0	0	0	0	0	0	0	0	0	201.133144	11.331445	322.946176	96.31728	133.144476	45.325779	172.804533	73.654391	8.498584	2.832861	8.498584	0	0	2.832861	36.827195	2.832861	14.164306	0	56.657224	0
38340_composicao_gpt-5.6-sol.txt	menores_notas_gpt	116.094987	10.55409	29.023747	7.915567	5.277045	10.55409	2.638522	2.638522	0	0	0	2.638522	5.277045	2.638522	5.277045	0	0	0	2.638522	2.638522	5.277045	0	2.638522	0	13.192612	5.277045	0	0	5.277045	0	311.345646	147.757256	139.841689	23.746702	5.277045	2.638522	2.638522	52.770449	5.277045	44.854881	10.55409	2.638522	73.878628	10.55409	34.300792	15.831135	26.385224	18.469657	2.638522	2.638522	0	0	7.915567	52.770449	0	10.55409	34.300792	131.926121	31.662269	21.108179	0	5.277045	0	2.638522	52.770449	2.638522	5.277045	10.55409	89.709763	2.638522	13.192612	0	0	2.638522	0	2.638522	5.277045	2.638522	2.638522	2.638522	0	87.07124	0	0	0	2.638522	0	0	0	0	5.277045	2.638522	0	0	0	0	5.277045	18.469657	0	2.638522	68.601583	0	13.192612	21.108179	89.709763	0	18.469657	0	2.638522	2.638522	2.638522	2.638522	5.277045	7.915567	0	2.638522	2.638522	0	0	0	7.915567	0	0	0	0	0	0	0	2.638522	81.794195	7.915567	31.662269	0	55.408971	5.277045	5.277045	2.638522	0	0	5.277045	0	0	5.277045	5.277045	5.277045	44.854881	18.469657	0	0	5.277045	5.277045	2.638522	60.686016	13.192612	0	0	0	0	0	0	0	0	0	0	5.277045	0	0	2.638522	0	0	2.638522	0	0	0	0	0	0	0	0	0	2.638522	0	0	0	0	0	0	5.277045	0	10.55409	0	0	0	2.638522	31.662269	0	0	0	0	0	0	0	0	0	0	5.277045	0	0	0	0	0	0	0	0	0	0	0	0	0	0	0	0	0	0	0	0	0	0	0	0	0	0	0	155.672823	21.108179	311.345646	76.51715	179.419525	26.385224	121.372032	87.07124	18.469657	5.277045	5.277045	0	0	5.277045	63.324538	5.277045	10.55409	2.638522	102.902375	0
38395_composicao_gpt-5.6-sol.txt	menores_notas_gpt	107.266436	3.460208	51.903114	10.380623	0	10.380623	3.460208	0	0	0	0	0	6.920415	0	3.460208	0	3.460208	0	3.460208	0	13.84083	0	3.460208	0	10.380623	0	0	0	0	0	332.179931	176.470588	128.027682	20.761246	17.301038	3.460208	6.920415	89.965398	3.460208	83.044983	6.920415	6.920415	83.044983	0	31.141869	6.920415	44.982699	24.221453	3.460208	3.460208	0	6.920415	10.380623	65.743945	0	34.602076	55.363322	138.408304	44.982699	13.84083	3.460208	3.460208	0	0	10.380623	0	0	20.761246	110.726644	0	0	0	3.460208	0	0	0	6.920415	10.380623	3.460208	0	0	96.885813	0	0	0	3.460208	0	3.460208	0	0	0	0	0	0	0	0	0	34.602076	3.460208	0	48.442907	0	3.460208	27.681661	103.806228	6.920415	27.681661	0	3.460208	0	0	0	3.460208	0	0	0	0	0	0	0	0	0	0	0	0	0	0	0	17.301038	83.044983	6.920415	51.903114	0	55.363322	0	0	3.460208	0	3.460208	6.920415	0	0	0	6.920415	3.460208	41.522491	13.84083	0	0	10.380623	10.380623	0	48.442907	3.460208	3.460208	0	3.460208	0	6.920415	0	0	0	0	0	10.380623	0	0	6.920415	0	6.920415	0	0	0	0	0	0	3.460208	0	0	0	10.380623	0	0	0	0	0	0	44.982699	0	6.920415	0	0	0	0	6.920415	0	0	6.920415	0	0	0	0	0	0	3.460208	13.84083	0	0	0	0	0	0	0	0	0	0	0	0	0	0	0	0	0	0	0	0	0	0	0	0	0	0	0	173.010381	24.221453	332.179931	83.044983	183.391003	24.221453	141.868512	79.584775	38.062284	10.380623	17.301038	0	0	10.380623	51.903114	13.84083	20.761246	0	79.584775	3.460208
38439_composicao_gpt-5.6-sol.txt	menores_notas_gpt	95.477387	2.512563	52.763819	10.050251	5.025126	12.562814	2.512563	2.512563	0	0	0	5.025126	2.512563	2.512563	0	2.512563	2.512563	0	5.025126	0	2.512563	0	5.025126	0	10.050251	5.025126	0	0	5.025126	17.58794	304.020101	165.829146	108.040201	15.075377	12.562814	5.025126	5.025126	70.351759	10.050251	77.889447	25.125628	7.537688	77.889447	0	45.226131	10.050251	37.688442	22.613065	0	10.050251	0	2.512563	7.537688	75.376884	0	32.663317	55.276382	125.628141	25.125628	10.050251	10.050251	5.025126	2.512563	5.025126	30.150754	0	12.562814	5.025126	62.81407	7.537688	5.025126	0	7.537688	2.512563	0	5.025126	2.512563	2.512563	0	2.512563	0	45.226131	25.125628	5.025126	0	0	0	0	0	0	5.025126	0	0	0	0	7.537688	2.512563	35.175879	0	0	42.713568	0	5.025126	30.150754	75.376884	5.025126	30.150754	0	7.537688	2.512563	10.050251	0	10.050251	7.537688	2.512563	5.025126	0	0	0	0	7.537688	0	2.512563	0	0	0	0	0	32.663317	103.015075	0	57.788945	0	50.251256	0	10.050251	2.512563	0	2.512563	5.025126	0	5.025126	10.050251	7.537688	10.050251	45.226131	10.050251	0	0	2.512563	7.537688	0	42.713568	5.025126	2.512563	0	0	2.512563	2.512563	0	0	0	0	0	0	0	0	12.562814	0	7.537688	0	0	0	0	0	0	0	0	0	0	7.537688	0	0	0	0	5.025126	0	5.025126	0	7.537688	0	0	0	0	12.562814	0	0	0	2.512563	0	0	0	0	0	0	10.050251	0	0	0	0	0	0	0	0	0	0	0	0	0	0	0	0	0	0	0	0	0	0	0	0	0	0	0	150.753769	17.58794	321.60804	92.964824	150.753769	40.201005	160.80402	103.015075	35.175879	2.512563	10.050251	0	0	7.537688	45.226131	15.075377	5.025126	2.512563	75.376884	0
38445_composicao_gpt-5.6-sol.txt	menores_notas_gpt	79.787234	7.978723	63.829787	18.617021	5.319149	7.978723	0	0	0	0	0	0	5.319149	0	0	0	2.659574	0	2.659574	0	7.978723	0	5.319149	0	7.978723	0	0	0	0	0	329.787234	180.851064	125	23.93617	13.297872	0	2.659574	85.106383	5.319149	85.106383	2.659574	21.276596	69.148936	15.957447	66.489362	13.297872	34.574468	45.212766	2.659574	7.978723	0	2.659574	5.319149	95.744681	0	23.93617	61.170213	125	29.255319	15.957447	7.978723	2.659574	2.659574	0	42.553191	0	7.978723	13.297872	85.106383	0	10.638298	2.659574	2.659574	2.659574	2.659574	5.319149	2.659574	7.978723	2.659574	2.659574	0	74.468085	5.319149	0	0	2.659574	0	0	0	0	7.978723	0	0	0	5.319149	0	0	23.93617	2.659574	0	39.893617	5.319149	13.297872	21.276596	82.446809	2.659574	21.276596	0	0	0	7.978723	5.319149	5.319149	2.659574	0	7.978723	5.319149	0	0	0	2.659574	0	0	0	0	0	0	5.319149	0	66.489362	7.978723	69.148936	0	63.829787	0	2.659574	0	0	2.659574	2.659574	0	0	7.978723	10.638298	2.659574	39.893617	23.93617	0	0	7.978723	10.638298	0	45.212766	7.978723	0	0	0	0	5.319149	0	0	2.659574	0	0	7.978723	0	0	10.638298	0	2.659574	0	0	0	0	0	0	0	0	0	0	2.659574	7.978723	0	0	0	0	0	31.914894	0	0	0	2.659574	0	0	10.638298	0	0	2.659574	2.659574	0	0	0	0	0	0	2.659574	0	0	0	0	0	0	0	0	0	0	0	0	0	0	0	0	0	0	0	0	0	0	0	0	0	0	0	151.595745	50.531915	329.787234	114.361702	170.212766	29.255319	143.617021	82.446809	26.595745	7.978723	2.659574	0	0	10.638298	45.212766	10.638298	13.297872	5.319149	79.787234	2.659574
38451_composicao_gpt-5.6-sol.txt	menores_notas_gpt	95.394737	6.578947	75.657895	13.157895	0	3.289474	3.289474	0	0	0	0	0	0	0	0	0	0	0	0	6.578947	6.578947	0	0	0	9.868421	0	0	0	0	36.184211	328.947368	187.5	125	19.736842	19.736842	13.157895	0	105.263158	3.289474	85.526316	62.5	13.157895	55.921053	23.026316	78.947368	9.868421	46.052632	29.605263	3.289474	6.578947	0	0	13.157895	65.789474	0	16.447368	52.631579	95.394737	23.026316	16.447368	9.868421	0	3.289474	3.289474	46.052632	0	3.289474	6.578947	46.052632	9.868421	6.578947	0	9.868421	3.289474	0	6.578947	6.578947	3.289474	0	3.289474	0	69.078947	0	0	0	3.289474	0	0	0	0	6.578947	0	0	6.578947	3.289474	0	0	13.157895	0	6.578947	19.736842	0	9.868421	23.026316	72.368421	0	13.157895	0	3.289474	0	0	0	9.868421	3.289474	0	6.578947	0	0	0	0	3.289474	0	0	0	0	0	0	0	0	95.394737	3.289474	75.657895	0	69.078947	0	3.289474	3.289474	0	0	0	0	0	6.578947	3.289474	3.289474	52.631579	16.447368	0	0	6.578947	3.289474	0	19.736842	6.578947	0	0	0	0	0	0	0	0	0	0	6.578947	0	0	9.868421	0	3.289474	0	0	0	0	0	0	0	0	0	0	3.289474	0	0	0	0	0	0	6.578947	0	3.289474	0	6.578947	0	0	6.578947	0	0	0	0	0	0	0	0	0	0	3.289474	0	0	0	0	0	0	0	0	0	0	0	0	0	0	0	0	0	0	0	0	0	0	0	0	0	0	0	101.973684	13.157895	361.842105	88.815789	128.289474	23.026316	174.342105	85.526316	13.157895	6.578947	3.289474	0	0	3.289474	23.026316	3.289474	9.868421	0	52.631579	0
38469_composicao_gpt-5.6-sol.txt	menores_notas_gpt	84.375	3.125	68.75	6.25	6.25	9.375	3.125	3.125	0	0	0	3.125	3.125	3.125	3.125	0	0	0	6.25	0	3.125	0	6.25	0	9.375	3.125	0	0	3.125	9.375	318.75	196.875	93.75	18.75	18.75	0	6.25	115.625	0	84.375	18.75	15.625	46.875	18.75	37.5	12.5	46.875	28.125	0	3.125	0	0	3.125	78.125	0	31.25	50	112.5	34.375	12.5	3.125	3.125	0	0	18.75	3.125	6.25	12.5	68.75	3.125	0	0	3.125	0	0	0	6.25	6.25	0	3.125	0	59.375	6.25	0	0	3.125	0	3.125	0	0	9.375	3.125	0	6.25	0	3.125	3.125	28.125	0	0	28.125	0	6.25	28.125	71.875	12.5	15.625	0	6.25	0	12.5	0	3.125	9.375	0	9.375	0	0	3.125	0	3.125	6.25	0	3.125	0	0	6.25	0	9.375	100	6.25	75	0	43.75	6.25	0	0	0	3.125	6.25	0	0	15.625	9.375	3.125	43.75	6.25	0	0	3.125	9.375	0	28.125	6.25	3.125	0	0	0	0	0	0	0	0	0	3.125	0	0	6.25	0	0	3.125	0	0	0	0	0	0	0	0	0	3.125	6.25	0	0	0	0	0	9.375	0	3.125	0	3.125	0	0	15.625	0	0	0	3.125	0	0	0	0	3.125	0	3.125	0	0	0	3.125	0	0	0	0	0	0	0	0	0	0	0	0	0	0	0	0	0	0	0	0	0	0	0	156.25	18.75	328.125	93.75	146.875	43.75	181.25	78.125	28.125	3.125	6.25	0	0	9.375	28.125	0	12.5	3.125	62.5	0
38495_composicao_gpt-5.6-sol.txt	menores_notas_gpt	92.063492	6.349206	73.015873	6.349206	6.349206	6.349206	3.174603	0	0	0	0	3.174603	3.174603	3.174603	3.174603	0	0	0	0	0	9.52381	0	0	3.174603	6.349206	3.174603	0	0	3.174603	9.52381	304.761905	146.031746	123.809524	28.571429	15.873016	3.174603	3.174603	53.968254	3.174603	47.619048	28.571429	9.52381	57.142857	9.52381	41.269841	6.349206	41.269841	34.920635	0	6.349206	0	0	9.52381	73.015873	3.174603	34.920635	50.793651	117.460317	28.571429	6.349206	0	6.349206	0	3.174603	12.698413	0	3.174603	15.873016	82.539683	6.349206	0	0	6.349206	0	0	6.349206	6.349206	12.698413	3.174603	0	0	73.015873	6.349206	3.174603	0	3.174603	0	0	0	0	0	0	0	0	0	3.174603	0	22.222222	0	12.698413	41.269841	0	6.349206	34.920635	85.714286	0	22.222222	0	3.174603	0	6.349206	0	6.349206	3.174603	0	6.349206	0	0	0	0	3.174603	0	0	0	0	0	0	0	31.746032	88.888889	28.571429	73.015873	0	63.492063	0	0	0	0	0	3.174603	0	0	0	3.174603	3.174603	41.269841	22.222222	0	0	9.52381	3.174603	3.174603	41.269841	6.349206	3.174603	0	0	0	0	0	0	0	0	0	6.349206	0	3.174603	6.349206	0	0	3.174603	0	0	0	0	0	0	0	0	0	3.174603	0	0	0	0	0	0	31.746032	0	6.349206	0	9.52381	0	0	9.52381	0	0	0	3.174603	0	0	0	0	0	0	3.174603	0	0	0	0	0	0	0	0	0	0	0	0	0	0	0	0	0	0	0	0	0	0	0	0	0	0	0	98.412698	19.047619	314.285714	88.888889	158.730159	53.968254	184.126984	73.015873	22.222222	9.52381	3.174603	0	0	3.174603	41.269841	3.174603	22.222222	0	82.539683	0
38499_composicao_gpt-5.6-sol.txt	menores_notas_gpt	101.983003	11.331445	53.824363	11.331445	5.665722	5.665722	2.832861	0	0	0	0	0	0	2.832861	0	2.832861	0	0	0	0	8.498584	0	0	0	5.665722	0	0	0	0	11.331445	331.444759	104.815864	107.648725	19.830028	14.164306	0	5.665722	73.654391	5.665722	67.988669	33.994334	11.331445	79.320113	5.665722	36.827195	11.331445	50.991501	22.66289	2.832861	0	0	5.665722	5.665722	76.487252	0	28.328612	48.15864	110.481586	33.994334	25.495751	2.832861	0	0	2.832861	28.328612	0	5.665722	19.830028	62.322946	14.164306	2.832861	0	2.832861	0	0	0	2.832861	5.665722	11.331445	2.832861	0	73.654391	2.832861	0	0	2.832861	0	2.832861	0	0	2.832861	2.832861	0	2.832861	0	2.832861	2.832861	5.665722	0	0	36.827195	0	0	19.830028	82.152975	0	5.665722	0	0	0	5.665722	0	5.665722	2.832861	0	2.832861	0	0	0	0	2.832861	0	0	0	0	0	0	0	8.498584	101.983003	16.997167	56.657224	0	53.824363	0	2.832861	2.832861	2.832861	2.832861	0	0	0	2.832861	2.832861	5.665722	42.492918	14.164306	0	0	8.498584	2.832861	0	25.495751	0	0	0	0	0	2.832861	0	0	0	0	0	8.498584	0	0	11.331445	0	2.832861	0	0	0	0	0	0	0	0	0	0	2.832861	0	0	0	0	0	2.832861	14.164306	0	2.832861	0	0	0	0	11.331445	0	0	0	0	0	0	0	0	0	0	5.665722	0	0	0	0	0	0	0	0	0	0	0	0	0	0	0	0	0	0	0	0	0	0	0	0	0	0	0	167.13881	11.331445	342.776204	99.150142	144.475921	16.997167	181.303116	76.487252	5.665722	8.498584	5.665722	0	0	2.832861	36.827195	2.832861	19.830028	0	56.657224	0
38506_composicao_gpt-5.6-sol.txt	menores_notas_gpt	100.574713	5.747126	71.83908	8.62069	2.873563	5.747126	2.873563	0	0	0	0	0	2.873563	0	0	0	2.873563	0	0	0	5.747126	0	2.873563	0	5.747126	0	0	0	0	28.735632	316.091954	163.793103	117.816092	22.988506	11.494253	5.747126	2.873563	97.701149	8.62069	89.08046	22.988506	28.735632	68.965517	0	31.609195	11.494253	43.103448	14.367816	2.873563	2.873563	0	5.747126	2.873563	66.091954	0	22.988506	48.850575	120.689655	28.735632	11.494253	8.62069	2.873563	0	0	28.735632	0	0	14.367816	57.471264	5.747126	5.747126	0	5.747126	0	0	2.873563	8.62069	2.873563	2.873563	5.747126	0	71.83908	0	0	0	2.873563	0	2.873563	0	0	2.873563	0	0	2.873563	0	0	0	8.62069	0	5.747126	43.103448	0	11.494253	28.735632	77.586207	2.873563	11.494253	0	11.494253	0	5.747126	0	5.747126	0	0	5.747126	0	0	0	0	0	0	0	0	0	0	0	0	11.494253	71.83908	14.367816	71.83908	0	66.091954	0	2.873563	0	0	2.873563	0	0	0	5.747126	2.873563	2.873563	54.597701	11.494253	0	0	5.747126	2.873563	0	25.862069	11.494253	2.873563	0	0	0	2.873563	0	0	0	0	0	5.747126	0	0	8.62069	0	2.873563	0	0	0	0	0	0	0	0	0	0	2.873563	0	0	0	0	0	0	14.367816	0	5.747126	0	5.747126	0	0	17.241379	0	0	0	2.873563	0	0	0	0	0	0	5.747126	0	0	0	0	0	0	0	0	0	0	0	0	0	0	0	0	0	0	0	0	0	0	0	0	0	0	0	178.16092	11.494253	344.827586	80.45977	163.793103	37.356322	158.045977	83.333333	14.367816	14.367816	5.747126	0	0	2.873563	54.597701	2.873563	14.367816	0	83.333333	0
38536_composicao_gpt-5.6-sol.txt	menores_notas_gpt	128.133705	2.785515	69.637883	11.142061	2.785515	8.356546	2.785515	0	0	0	0	0	2.785515	0	0	0	2.785515	0	8.356546	0	5.571031	0	8.356546	0	8.356546	0	0	0	0	13.927577	300.835655	130.91922	130.91922	27.855153	11.142061	2.785515	0	64.066852	0	50.139276	36.211699	8.356546	80.779944	2.785515	30.640669	22.284123	22.284123	30.640669	2.785515	0	0	0	13.927577	41.78273	0	11.142061	27.855153	128.133705	47.35376	19.498607	8.356546	2.785515	0	5.571031	50.139276	0	2.785515	11.142061	55.710306	11.142061	5.571031	0	5.571031	2.785515	2.785515	2.785515	11.142061	2.785515	5.571031	8.356546	0	64.066852	25.069638	0	0	2.785515	0	0	0	0	11.142061	2.785515	0	2.785515	0	2.785515	0	13.927577	0	5.571031	33.426184	0	8.356546	36.211699	91.922006	0	13.927577	0	5.571031	0	8.356546	8.356546	5.571031	8.356546	0	8.356546	2.785515	2.785515	0	0	5.571031	2.785515	0	0	0	0	2.785515	5.571031	8.356546	72.423398	2.785515	75.208914	0	47.35376	2.785515	2.785515	0	2.785515	5.571031	0	0	0	13.927577	8.356546	8.356546	33.426184	16.713092	0	5.571031	5.571031	8.356546	0	33.426184	8.356546	0	0	16.713092	0	2.785515	0	0	0	0	0	2.785515	2.785515	0	13.927577	0	2.785515	2.785515	0	0	2.785515	0	2.785515	0	0	0	0	5.571031	2.785515	0	0	5.571031	0	0	11.142061	0	2.785515	0	8.356546	0	0	5.571031	0	0	2.785515	0	0	0	0	0	0	0	11.142061	0	0	0	0	0	0	0	0	0	0	0	0	0	0	0	0	0	0	0	0	0	0	0	0	0	0	0	130.91922	16.713092	314.763231	75.208914	175.487465	38.997214	150.417827	91.922006	13.927577	5.571031	11.142061	0	0	8.356546	36.211699	8.356546	19.498607	5.571031	77.994429	16.713092
38555_composicao_gpt-5.6-sol.txt	menores_notas_gpt	128.608924	10.498688	44.619423	13.12336	2.624672	5.249344	2.624672	0	0	0	0	2.624672	0	0	0	0	0	0	2.624672	2.624672	2.624672	0	2.624672	2.624672	7.874016	5.249344	2.624672	0	2.624672	0	312.335958	157.480315	112.860892	36.745407	18.372703	10.498688	0	76.115486	2.624672	73.490814	20.997375	13.12336	73.490814	7.874016	49.868766	7.874016	41.994751	28.871391	2.624672	5.249344	0	7.874016	10.498688	70.866142	0	18.372703	49.868766	136.48294	23.622047	18.372703	7.874016	5.249344	0	5.249344	52.493438	0	2.624672	15.748031	102.362205	5.249344	0	0	2.624672	2.624672	0	0	5.249344	7.874016	2.624672	0	0	89.238845	0	0	0	2.624672	0	0	0	0	7.874016	0	0	5.249344	0	0	2.624672	5.249344	2.624672	0	55.11811	0	5.249344	18.372703	91.863517	0	5.249344	0	7.874016	2.624672	2.624672	5.249344	5.249344	5.249344	0	7.874016	5.249344	0	0	0	5.249344	0	0	0	0	0	2.624672	2.624672	7.874016	68.24147	10.498688	52.493438	0	57.742782	2.624672	5.249344	2.624672	0	7.874016	2.624672	0	0	2.624672	7.874016	5.249344	44.619423	20.997375	0	0	2.624672	7.874016	0	55.11811	5.249344	0	0	0	0	2.624672	0	0	0	0	0	0	0	2.624672	10.498688	0	2.624672	2.624672	0	0	0	0	0	0	0	0	0	5.249344	2.624672	0	0	0	0	2.624672	28.871391	0	2.624672	0	5.249344	0	0	7.874016	0	0	2.624672	0	0	0	0	0	0	0	5.249344	0	0	0	0	0	0	0	0	0	0	0	0	0	0	0	0	0	0	0	0	0	0	0	0	0	0	0	183.727034	26.246719	312.335958	89.238845	175.853018	36.745407	131.233596	94.488189	7.874016	2.624672	5.249344	0	0	7.874016	55.11811	5.249344	15.748031	7.874016	78.740157	0
38632_composicao_gpt-5.6-sol.txt	menores_notas_gpt	118.598383	5.390836	64.690027	5.390836	16.172507	16.172507	10.781671	0	0	0	0	13.477089	10.781671	2.695418	2.695418	0	8.086253	0	0	8.086253	5.390836	0	2.695418	0	16.172507	13.477089	2.695418	0	10.781671	48.51752	226.415094	113.207547	161.725067	16.172507	2.695418	2.695418	0	32.345013	0	35.040431	43.126685	2.695418	72.77628	0	37.735849	16.172507	18.867925	10.781671	2.695418	5.390836	0	0	13.477089	37.735849	0	10.781671	43.126685	180.592992	18.867925	16.172507	21.563342	10.781671	10.781671	8.086253	16.172507	5.390836	8.086253	5.390836	78.167116	18.867925	0	13.477089	10.781671	13.477089	0	0	2.695418	0	0	5.390836	0	21.563342	70.080863	40.431267	5.390836	0	0	2.695418	0	0	0	0	0	0	2.695418	8.086253	0	10.781671	0	0	40.431267	0	16.172507	13.477089	137.466307	0	10.781671	0	13.477089	0	5.390836	2.695418	2.695418	8.086253	0	8.086253	2.695418	0	0	0	8.086253	0	0	0	0	2.695418	0	0	5.390836	61.994609	8.086253	70.080863	0	48.51752	0	5.390836	2.695418	0	2.695418	2.695418	0	0	0	8.086253	2.695418	16.172507	35.040431	0	0	5.390836	8.086253	0	40.431267	16.172507	5.390836	0	10.781671	0	0	0	0	0	0	0	2.695418	2.695418	0	0	0	0	8.086253	0	0	0	0	0	0	0	0	0	8.086253	0	0	0	0	0	2.695418	5.390836	0	0	2.695418	0	0	0	24.25876	0	0	2.695418	8.086253	0	0	0	0	2.695418	0	2.695418	0	0	0	0	0	0	0	0	0	0	0	0	0	0	0	0	0	0	0	0	0	0	0	0	0	0	0	123.989218	35.040431	274.932615	70.080863	164.420485	45.822102	137.466307	64.690027	10.781671	5.390836	5.390836	0	0	8.086253	40.431267	8.086253	5.390836	5.390836	70.080863	10.781671
38637_composicao_gpt-5.6-sol.txt	menores_notas_gpt	84.656085	13.227513	63.492063	10.582011	0	5.291005	0	0	0	0	0	2.645503	10.582011	0	0	0	10.582011	0	2.645503	2.645503	10.582011	0	2.645503	5.291005	7.936508	2.645503	0	0	2.645503	2.645503	314.814815	140.21164	113.756614	21.164021	13.227513	2.645503	0	50.26455	5.291005	50.26455	5.291005	10.582011	84.656085	15.873016	79.365079	10.582011	44.973545	26.455026	5.291005	2.645503	0	0	7.936508	71.428571	2.645503	21.164021	52.910053	119.047619	42.328042	18.518519	7.936508	2.645503	2.645503	0	23.809524	5.291005	15.873016	10.582011	74.074074	2.645503	2.645503	2.645503	5.291005	2.645503	0	2.645503	5.291005	2.645503	2.645503	0	0	42.328042	47.619048	7.936508	0	2.645503	0	0	0	0	2.645503	2.645503	0	0	5.291005	7.936508	2.645503	21.164021	0	2.645503	37.037037	0	7.936508	29.100529	100.529101	0	44.973545	0	7.936508	0	13.227513	2.645503	0	5.291005	0	5.291005	0	0	0	0	5.291005	0	0	0	0	0	2.645503	2.645503	0	89.94709	2.645503	71.428571	0	63.492063	0	2.645503	0	0	0	5.291005	0	0	5.291005	10.582011	2.645503	50.26455	15.873016	0	2.645503	10.582011	10.582011	0	34.391534	5.291005	0	0	0	0	7.936508	0	0	2.645503	0	0	2.645503	2.645503	2.645503	2.645503	0	2.645503	0	0	0	2.645503	2.645503	0	0	0	0	0	5.291005	5.291005	0	0	0	0	0	7.936508	0	0	0	2.645503	0	0	5.291005	0	0	2.645503	7.936508	0	0	0	0	0	0	2.645503	0	0	0	0	0	0	0	0	0	0	0	0	0	0	0	0	0	0	0	0	0	0	0	0	0	0	0	97.883598	21.164021	317.460317	89.94709	177.248677	34.391534	164.021164	92.592593	44.973545	10.582011	2.645503	0	0	10.582011	34.391534	10.582011	10.582011	0	74.074074	2.645503
38670_composicao_gpt-5.6-sol.txt	menores_notas_gpt	96.385542	12.048193	45.180723	9.036145	3.012048	3.012048	6.024096	0	0	0	0	0	6.024096	0	3.012048	0	0	0	0	3.012048	6.024096	0	0	0	6.024096	0	0	0	0	3.012048	307.228916	123.493976	159.638554	18.072289	6.024096	9.036145	12.048193	69.277108	24.096386	78.313253	30.120482	12.048193	60.240964	15.060241	87.349398	18.072289	45.180723	36.144578	9.036145	9.036145	3.012048	9.036145	12.048193	72.289157	0	27.108434	63.253012	132.53012	39.156627	15.060241	0	0	3.012048	3.012048	24.096386	0	0	12.048193	78.313253	3.012048	6.024096	3.012048	3.012048	3.012048	0	0	6.024096	6.024096	0	6.024096	0	87.349398	0	0	0	0	0	0	0	0	3.012048	3.012048	3.012048	0	0	0	0	12.048193	3.012048	3.012048	51.204819	3.012048	0	27.108434	87.349398	3.012048	21.084337	0	3.012048	0	18.072289	6.024096	3.012048	6.024096	0	3.012048	6.024096	0	0	0	6.024096	0	0	0	0	0	0	0	18.072289	78.313253	12.048193	45.180723	0	54.216867	0	6.024096	3.012048	0	6.024096	6.024096	0	0	12.048193	6.024096	3.012048	48.192771	9.036145	0	0	6.024096	6.024096	0	51.204819	0	6.024096	0	0	0	3.012048	0	0	0	0	0	6.024096	0	0	15.060241	0	3.012048	3.012048	0	0	0	0	0	0	0	0	0	6.024096	0	0	0	0	0	0	24.096386	0	3.012048	0	0	0	0	15.060241	0	0	0	3.012048	0	0	0	0	0	0	12.048193	0	0	0	0	0	0	0	0	0	0	0	0	0	0	0	0	0	0	0	0	0	0	0	0	0	0	0	108.433735	15.060241	310.240964	102.409639	174.698795	48.192771	135.542169	90.361446	27.108434	6.024096	12.048193	0	0	6.024096	54.216867	6.024096	12.048193	6.024096	81.325301	0
38674_composicao_gpt-5.6-sol.txt	menores_notas_gpt	85.365854	6.097561	60.97561	9.146341	3.04878	6.097561	3.04878	0	0	0	0	3.04878	12.195122	0	6.097561	0	6.097561	0	3.04878	0	3.04878	0	3.04878	6.097561	6.097561	3.04878	0	0	3.04878	12.195122	310.97561	143.292683	143.292683	21.341463	15.243902	9.146341	0	82.317073	33.536585	64.02439	15.243902	9.146341	70.121951	15.243902	100.609756	12.195122	54.878049	39.634146	3.04878	3.04878	0	9.146341	3.04878	97.560976	0	27.439024	64.02439	143.292683	24.390244	15.243902	0	6.097561	0	0	45.731707	6.097561	3.04878	15.243902	82.317073	12.195122	3.04878	0	0	0	0	3.04878	9.146341	3.04878	3.04878	6.097561	0	82.317073	0	0	0	6.097561	0	0	0	0	3.04878	3.04878	0	6.097561	0	0	0	24.390244	0	0	48.780488	3.04878	6.097561	21.341463	88.414634	0	24.390244	0	9.146341	0	9.146341	0	3.04878	12.195122	0	3.04878	0	0	3.04878	0	12.195122	0	0	3.04878	0	0	0	0	6.097561	82.317073	12.195122	67.073171	0	60.97561	0	3.04878	0	3.04878	3.04878	0	0	0	9.146341	3.04878	3.04878	45.731707	15.243902	3.04878	0	6.097561	3.04878	0	45.731707	3.04878	3.04878	0	36.585366	0	6.097561	0	0	3.04878	0	0	0	0	6.097561	6.097561	0	0	3.04878	0	0	0	0	0	0	0	0	0	3.04878	0	0	0	0	0	0	18.292683	0	3.04878	0	3.04878	0	3.04878	27.439024	0	0	6.097561	6.097561	0	0	0	0	0	0	9.146341	0	0	0	0	0	0	0	0	0	0	0	0	0	0	0	0	0	0	0	0	0	0	0	0	0	0	0	91.463415	21.341463	323.170732	112.804878	167.682927	36.585366	158.536585	88.414634	24.390244	6.097561	9.146341	0	0	3.04878	60.97561	3.04878	15.243902	3.04878	76.219512	39.634146
38677_composicao_gpt-5.6-sol.txt	menores_notas_gpt	130.311615	2.832861	50.991501	2.832861	5.665722	5.665722	2.832861	0	0	0	0	0	0	0	0	0	0	0	5.665722	2.832861	5.665722	2.832861	5.665722	0	8.498584	0	0	0	0	0	351.274788	169.971671	158.640227	25.495751	19.830028	2.832861	2.832861	87.818697	5.665722	73.654391	31.161473	16.997167	48.15864	11.331445	45.325779	11.331445	33.994334	39.660057	0	5.665722	0	5.665722	0	67.988669	0	16.997167	39.660057	118.98017	8.498584	5.665722	5.665722	0	0	0	48.15864	0	0	8.498584	39.660057	5.665722	5.665722	0	5.665722	5.665722	0	0	2.832861	8.498584	2.832861	2.832861	0	84.985836	0	0	0	2.832861	0	0	0	0	2.832861	0	0	0	0	0	0	0	2.832861	0	31.161473	0	8.498584	25.495751	84.985836	0	0	0	11.331445	0	8.498584	5.665722	2.832861	2.832861	0	2.832861	5.665722	0	0	0	0	2.832861	0	0	0	0	0	2.832861	8.498584	79.320113	11.331445	50.991501	0	76.487252	0	2.832861	0	0	0	5.665722	0	0	0	0	2.832861	53.824363	22.66289	0	0	5.665722	0	2.832861	31.161473	8.498584	19.830028	0	0	0	5.665722	0	0	0	0	0	5.665722	0	0	14.164306	0	0	0	0	0	0	0	0	0	0	0	0	0	0	0	0	0	0	0	14.164306	0	0	0	5.665722	0	0	2.832861	0	0	0	0	0	0	0	0	0	0	5.665722	0	0	0	0	0	0	0	0	0	0	0	0	0	0	0	0	0	0	0	0	0	0	0	0	0	0	0	184.135977	16.997167	351.274788	79.320113	127.478754	36.827195	141.643059	87.818697	2.832861	5.665722	5.665722	0	0	0	39.660057	0	11.331445	5.665722	65.155807	0
38764_composicao_gpt-5.6-sol.txt	menores_notas_gpt	123.563218	5.747126	74.712644	2.873563	8.62069	5.747126	5.747126	0	0	0	0	0	0	2.873563	0	0	0	0	0	2.873563	8.62069	0	0	0	8.62069	0	0	0	0	0	324.712644	143.678161	135.057471	28.735632	8.62069	5.747126	0	77.586207	0	71.83908	17.241379	8.62069	60.344828	11.494253	37.356322	14.367816	28.735632	22.988506	2.873563	0	0	0	17.241379	48.850575	0	25.862069	28.735632	112.068966	34.482759	17.241379	2.873563	0	8.62069	11.494253	34.482759	0	2.873563	8.62069	77.586207	17.241379	0	0	2.873563	0	0	2.873563	5.747126	2.873563	0	2.873563	0	77.586207	11.494253	2.873563	0	0	0	2.873563	0	0	2.873563	0	0	0	5.747126	0	0	28.735632	0	2.873563	25.862069	0	17.241379	22.988506	97.701149	11.494253	17.241379	0	11.494253	0	11.494253	0	5.747126	2.873563	0	5.747126	0	0	0	0	2.873563	0	0	0	0	0	0	0	20.114943	77.586207	11.494253	77.586207	0	63.218391	0	5.747126	0	0	0	5.747126	0	0	2.873563	8.62069	2.873563	43.103448	22.988506	0	0	8.62069	8.62069	0	14.367816	17.241379	0	0	0	0	8.62069	0	0	0	0	0	8.62069	0	0	0	0	2.873563	2.873563	0	0	2.873563	0	0	0	0	0	0	5.747126	2.873563	0	0	0	0	2.873563	2.873563	0	0	0	0	0	0	2.873563	0	0	0	8.62069	0	0	0	0	0	0	11.494253	0	0	0	0	0	0	0	0	0	0	0	0	0	0	0	0	0	0	0	0	0	0	0	0	0	0	0	129.310345	14.367816	324.712644	80.45977	158.045977	40.229885	160.91954	89.08046	28.735632	8.62069	11.494253	0	0	8.62069	20.114943	8.62069	8.62069	0	66.091954	0
38786_composicao_gpt-5.6-sol.txt	menores_notas_gpt	129.213483	5.617978	61.797753	14.044944	5.617978	2.808989	5.617978	0	0	0	0	0	2.808989	0	0	0	2.808989	0	2.808989	2.808989	0	0	2.808989	0	5.617978	0	0	0	0	8.426966	311.797753	148.876404	109.550562	22.47191	8.426966	0	2.808989	67.41573	2.808989	67.41573	19.662921	11.235955	64.606742	0	50.561798	8.426966	53.370787	30.898876	0	2.808989	0	5.617978	0	106.741573	0	36.516854	56.179775	117.977528	19.662921	11.235955	14.044944	0	0	0	47.752809	0	5.617978	14.044944	53.370787	0	5.617978	0	11.235955	2.808989	0	0	11.235955	5.617978	2.808989	5.617978	0	78.651685	5.617978	0	0	2.808989	0	0	0	0	0	2.808989	0	2.808989	0	2.808989	0	22.47191	0	2.808989	39.325843	0	5.617978	25.280899	87.078652	0	22.47191	0	5.617978	2.808989	8.426966	0	2.808989	2.808989	0	2.808989	0	0	2.808989	0	2.808989	0	0	2.808989	0	0	2.808989	2.808989	30.898876	73.033708	2.808989	73.033708	0	53.370787	0	0	0	2.808989	0	0	0	0	5.617978	5.617978	2.808989	33.707865	19.662921	0	0	0	5.617978	0	33.707865	5.617978	0	0	0	0	2.808989	0	0	0	0	0	0	0	0	2.808989	0	5.617978	0	0	0	0	0	0	0	0	0	0	5.617978	0	0	0	0	0	0	14.044944	0	2.808989	0	2.808989	0	0	8.426966	0	0	0	2.808989	0	0	0	0	0	0	16.853933	0	0	5.617978	0	0	0	0	0	0	0	0	0	0	0	0	0	0	0	0	0	0	0	0	0	0	0	0	134.831461	8.426966	320.224719	115.168539	146.067416	50.561798	148.876404	70.224719	22.47191	0	22.47191	0	0	5.617978	39.325843	5.617978	16.853933	2.808989	70.224719	0
38794_composicao_gpt-5.6-sol.txt	menores_notas_gpt	82.59587	17.699115	61.946903	8.849558	5.899705	8.849558	2.949853	0	0	0	0	0	2.949853	0	0	0	2.949853	0	0	0	0	0	2.949853	0	8.849558	0	0	0	0	2.949853	333.333333	162.241888	115.044248	41.297935	11.79941	2.949853	11.79941	67.846608	0	76.696165	20.648968	23.59882	73.746313	26.548673	47.19764	14.749263	44.247788	20.648968	0	5.899705	0	5.899705	14.749263	73.746313	0	29.498525	56.047198	129.79351	35.39823	17.699115	5.899705	5.899705	2.949853	8.849558	23.59882	2.949853	5.899705	11.79941	44.247788	5.899705	0	0	2.949853	2.949853	0	0	5.899705	5.899705	0	5.899705	0	56.047198	14.749263	0	0	2.949853	0	0	0	0	0	0	5.899705	0	0	0	2.949853	32.448378	0	5.899705	50.147493	0	11.79941	35.39823	73.746313	5.899705	29.498525	0	2.949853	2.949853	5.899705	2.949853	0	5.899705	0	5.899705	2.949853	0	0	0	5.899705	0	0	0	0	0	2.949853	0	2.949853	82.59587	2.949853	61.946903	0	58.99705	11.79941	2.949853	0	0	0	14.749263	0	0	2.949853	2.949853	2.949853	50.147493	23.59882	0	0	0	2.949853	0	50.147493	8.849558	0	0	0	0	2.949853	0	0	0	0	0	0	0	0	11.79941	0	2.949853	0	0	0	0	0	0	0	0	0	0	2.949853	0	0	0	0	0	2.949853	20.648968	0	8.849558	0	2.949853	0	0	8.849558	0	0	0	2.949853	0	0	0	0	0	0	2.949853	0	0	0	0	0	0	0	0	0	0	0	0	0	0	0	0	0	0	0	0	0	0	0	0	0	0	0	162.241888	20.648968	336.283186	97.345133	174.041298	26.548673	147.492625	97.345133	32.448378	0	2.949853	0	0	2.949853	47.19764	2.949853	11.79941	0	97.345133	0
38891_composicao_gpt-5.6-sol.txt	menores_notas_gpt	110.512129	2.695418	67.385445	10.781671	0	2.695418	2.695418	0	0	0	0	0	8.086253	0	2.695418	0	5.390836	0	2.695418	0	5.390836	0	2.695418	0	2.695418	0	0	0	0	0	339.622642	118.598383	148.247978	26.954178	18.867925	0	2.695418	91.644205	0	80.862534	24.25876	13.477089	72.77628	0	80.862534	16.172507	51.212938	26.954178	0	5.390836	0	8.086253	5.390836	78.167116	0	16.172507	51.212938	113.207547	21.563342	18.867925	5.390836	5.390836	2.695418	0	40.431267	0	0	8.086253	78.167116	5.390836	13.477089	0	5.390836	2.695418	0	2.695418	8.086253	5.390836	0	2.695418	0	75.471698	0	0	0	2.695418	0	2.695418	0	0	2.695418	2.695418	0	0	0	0	0	5.390836	0	5.390836	40.431267	0	8.086253	16.172507	80.862534	0	5.390836	0	2.695418	0	5.390836	5.390836	5.390836	2.695418	0	5.390836	5.390836	0	0	0	2.695418	0	0	0	0	0	5.390836	2.695418	13.477089	56.603774	16.172507	67.385445	0	70.080863	2.695418	2.695418	0	0	2.695418	5.390836	0	0	18.867925	5.390836	5.390836	45.822102	26.954178	0	0	5.390836	5.390836	0	40.431267	8.086253	8.086253	0	0	2.695418	5.390836	0	0	0	0	0	5.390836	0	0	5.390836	0	2.695418	0	0	2.695418	0	0	0	0	0	0	0	5.390836	0	0	0	0	0	0	13.477089	0	5.390836	0	2.695418	0	0	16.172507	0	0	2.695418	5.390836	0	0	0	0	0	0	5.390836	0	0	0	0	0	0	0	0	0	0	0	0	0	0	0	0	0	0	0	0	0	0	0	0	0	0	0	180.592992	16.172507	339.622642	99.730458	148.247978	32.345013	137.466307	113.207547	5.390836	5.390836	5.390836	0	0	5.390836	45.822102	5.390836	13.477089	8.086253	64.690027	0
38917_composicao_gpt-5.6-sol.txt	menores_notas_gpt	102.702703	8.108108	51.351351	5.405405	10.810811	10.810811	2.702703	0	0	0	0	0	5.405405	0	0	0	2.702703	0	5.405405	0	8.108108	0	5.405405	0	10.810811	0	0	0	0	13.513514	310.810811	186.486486	97.297297	29.72973	16.216216	0	2.702703	72.972973	5.405405	59.459459	21.621622	16.216216	72.972973	0	56.756757	10.810811	35.135135	18.918919	5.405405	8.108108	0	5.405405	8.108108	83.783784	0	24.324324	81.081081	86.486486	24.324324	18.918919	0	16.216216	5.405405	2.702703	16.216216	2.702703	8.108108	16.216216	54.054054	0	2.702703	0	2.702703	0	0	0	10.810811	5.405405	2.702703	10.810811	0	48.648649	16.216216	0	0	8.108108	0	2.702703	0	0	8.108108	0	2.702703	0	5.405405	0	0	18.918919	2.702703	2.702703	32.432432	0	8.108108	21.621622	81.081081	5.405405	13.513514	0	10.810811	0	8.108108	5.405405	5.405405	8.108108	0	10.810811	5.405405	0	0	0	8.108108	0	0	0	0	2.702703	2.702703	5.405405	10.810811	91.891892	5.405405	51.351351	0	54.054054	0	2.702703	0	2.702703	2.702703	2.702703	0	0	0	8.108108	0	48.648649	8.108108	0	0	8.108108	8.108108	0	32.432432	5.405405	2.702703	0	8.108108	0	5.405405	0	0	0	0	0	5.405405	0	0	8.108108	0	0	5.405405	0	0	0	0	0	0	0	0	0	5.405405	2.702703	0	0	0	0	0	32.432432	0	2.702703	0	0	0	0	8.108108	0	0	5.405405	0	0	0	0	0	0	0	8.108108	0	0	2.702703	0	0	0	0	0	0	0	0	0	0	0	0	0	0	0	0	0	0	0	0	0	0	0	0	162.162162	18.918919	324.324324	102.702703	127.027027	51.351351	145.945946	72.972973	21.621622	8.108108	10.810811	0	0	8.108108	32.432432	5.405405	16.216216	10.810811	62.162162	8.108108
38928_composicao_gpt-5.6-sol.txt	menores_notas_gpt	119.65812	11.396011	51.282051	5.698006	2.849003	8.547009	0	0	0	0	0	2.849003	2.849003	0	2.849003	0	8.547009	0	2.849003	2.849003	8.547009	0	2.849003	5.698006	11.396011	2.849003	0	0	2.849003	22.792023	279.202279	125.356125	119.65812	19.94302	8.547009	5.698006	2.849003	71.225071	17.094017	59.82906	54.131054	8.547009	76.923077	17.094017	71.225071	14.245014	37.037037	34.188034	11.396011	8.547009	0	8.547009	25.641026	79.77208	2.849003	22.792023	65.527066	136.752137	19.94302	17.094017	14.245014	2.849003	2.849003	2.849003	31.339031	0	5.698006	11.396011	59.82906	8.547009	5.698006	0	8.547009	5.698006	0	0	8.547009	2.849003	5.698006	5.698006	0	79.77208	2.849003	0	0	0	0	2.849003	0	0	5.698006	2.849003	0	0	5.698006	0	0	19.94302	0	2.849003	48.433048	0	14.245014	34.188034	82.621083	5.698006	19.94302	0	5.698006	0	0	2.849003	11.396011	2.849003	0	5.698006	2.849003	0	0	0	2.849003	0	0	0	0	0	0	2.849003	14.245014	79.77208	8.547009	54.131054	0	42.735043	0	5.698006	0	0	2.849003	0	0	0	8.547009	8.547009	5.698006	19.94302	25.641026	0	0	8.547009	8.547009	0	39.88604	11.396011	2.849003	0	0	0	8.547009	0	0	2.849003	0	0	5.698006	0	2.849003	11.396011	0	8.547009	0	0	0	0	0	0	0	0	0	0	5.698006	2.849003	0	0	0	0	0	17.094017	0	11.396011	0	0	0	5.698006	8.547009	0	2.849003	2.849003	8.547009	0	0	0	0	0	0	5.698006	0	0	0	0	0	0	0	0	0	0	0	0	0	0	0	0	0	0	0	0	0	0	0	0	0	0	0	182.336182	22.792023	301.994302	119.65812	168.091168	45.584046	139.60114	74.074074	25.641026	11.396011	5.698006	0	0	8.547009	45.584046	8.547009	14.245014	2.849003	96.866097	0
38957_composicao_gpt-5.6-sol.txt	menores_notas_gpt	105.263158	9.868421	32.894737	3.289474	23.026316	13.157895	0	3.289474	0	0	0	13.157895	6.578947	6.578947	3.289474	6.578947	6.578947	0	3.289474	3.289474	13.157895	0	3.289474	6.578947	19.736842	13.157895	6.578947	3.289474	3.289474	29.605263	243.421053	55.921053	164.473684	39.473684	16.447368	13.157895	0	29.605263	13.157895	16.447368	29.605263	6.578947	95.394737	6.578947	42.763158	19.736842	3.289474	16.447368	0	3.289474	6.578947	3.289474	13.157895	29.605263	0	0	49.342105	128.289474	9.868421	16.447368	13.157895	6.578947	6.578947	19.736842	3.289474	16.447368	6.578947	16.447368	75.657895	13.157895	0	6.578947	13.157895	3.289474	0	0	6.578947	0	3.289474	13.157895	0	55.921053	32.894737	42.763158	6.578947	3.289474	0	0	13.157895	0	0	6.578947	0	6.578947	0	3.289474	0	13.157895	0	6.578947	36.184211	0	13.157895	26.315789	131.578947	0	13.157895	0	19.736842	3.289474	6.578947	3.289474	6.578947	13.157895	0	0	6.578947	0	0	0	13.157895	0	0	0	0	0	0	3.289474	13.157895	65.789474	6.578947	32.894737	0	46.052632	0	3.289474	3.289474	0	3.289474	6.578947	0	0	9.868421	6.578947	0	29.605263	16.447368	0	0	13.157895	6.578947	0	36.184211	13.157895	3.289474	0	39.473684	0	6.578947	0	0	0	0	0	3.289474	3.289474	6.578947	9.868421	0	3.289474	3.289474	0	0	0	0	0	0	0	0	0	6.578947	0	0	0	0	0	0	19.736842	0	0	0	0	0	0	26.315789	0	0	6.578947	9.868421	0	0	0	0	0	0	0	0	0	0	0	0	3.289474	0	0	0	0	0	0	0	0	0	0	0	0	0	0	0	0	0	0	0	0	0	148.026316	49.342105	273.026316	62.5	217.105263	62.5	105.263158	78.947368	13.157895	13.157895	0	3.289474	0	6.578947	49.342105	6.578947	16.447368	6.578947	75.657895	39.473684
38970_composicao_gpt-5.6-sol.txt	menores_notas_gpt	116.731518	15.564202	62.256809	3.891051	3.891051	11.673152	3.891051	0	0	0	0	0	3.891051	3.891051	0	0	3.891051	0	3.891051	7.782101	3.891051	0	3.891051	0	19.455253	0	0	0	0	35.019455	194.552529	167.315175	77.821012	11.673152	0	0	3.891051	70.038911	0	93.385214	27.237354	27.237354	46.692607	15.564202	62.256809	3.891051	42.801556	31.128405	3.891051	3.891051	0	0	11.673152	85.603113	0	23.346304	58.365759	101.167315	11.673152	3.891051	3.891051	3.891051	0	0	7.782101	0	0	11.673152	81.712062	0	3.891051	0	3.891051	0	0	0	3.891051	7.782101	0	0	0	42.801556	19.455253	0	0	7.782101	0	0	0	0	0	0	0	0	0	0	0	15.564202	0	0	31.128405	3.891051	0	31.128405	70.038911	0	15.564202	0	7.782101	0	7.782101	0	3.891051	3.891051	0	3.891051	0	0	0	0	3.891051	0	0	0	0	0	0	0	3.891051	112.840467	11.673152	62.256809	0	50.583658	0	3.891051	0	0	0	0	0	0	15.564202	3.891051	3.891051	42.801556	15.564202	0	0	3.891051	3.891051	0	35.019455	0	11.673152	7.782101	0	7.782101	3.891051	0	0	0	0	0	3.891051	0	0	15.564202	0	3.891051	0	0	0	0	0	0	0	0	0	0	3.891051	0	0	0	0	0	0	23.346304	0	3.891051	0	3.891051	0	3.891051	11.673152	0	0	0	3.891051	0	0	0	0	0	0	3.891051	0	0	0	0	0	0	0	0	0	0	0	0	0	0	0	0	0	0	0	0	0	0	0	0	0	0	0	194.552529	19.455253	326.848249	101.167315	124.513619	27.237354	186.770428	77.821012	15.564202	3.891051	3.891051	0	0	3.891051	35.019455	3.891051	11.673152	0	66.14786	0
39063_composicao_gpt-5.6-sol.txt	menores_notas_gpt	103.857567	0	62.31454	11.869436	11.869436	5.934718	5.934718	0	0	0	0	0	11.869436	2.967359	5.934718	0	5.934718	0	5.934718	0	5.934718	0	5.934718	0	5.934718	0	0	0	0	0	332.344214	151.335312	139.465875	29.673591	17.804154	5.934718	0	109.792285	0	80.118694	32.64095	8.902077	68.249258	0	44.510386	11.869436	53.412463	29.673591	2.967359	0	0	14.836795	8.902077	89.020772	2.967359	20.771513	53.412463	91.988131	11.869436	14.836795	2.967359	2.967359	0	0	11.869436	2.967359	0	5.934718	62.31454	5.934718	2.967359	0	2.967359	0	0	0	0	2.967359	2.967359	0	0	83.086053	0	0	0	0	0	2.967359	0	0	2.967359	0	0	0	0	0	0	8.902077	0	0	20.771513	0	5.934718	17.804154	86.053412	0	14.836795	0	2.967359	0	0	5.934718	2.967359	5.934718	2.967359	5.934718	2.967359	0	0	0	5.934718	0	2.967359	0	2.967359	0	2.967359	5.934718	11.869436	71.216617	8.902077	68.249258	0	65.281899	2.967359	5.934718	0	0	2.967359	2.967359	0	0	8.902077	2.967359	5.934718	59.347181	14.836795	0	0	5.934718	2.967359	0	20.771513	5.934718	2.967359	0	2.967359	0	5.934718	0	0	0	0	0	5.934718	0	0	2.967359	0	2.967359	0	0	0	0	0	0	0	0	0	0	2.967359	0	0	0	0	0	0	5.934718	0	0	0	0	0	0	5.934718	0	0	2.967359	8.902077	0	0	0	0	0	0	8.902077	0	0	0	0	0	0	0	0	0	0	0	0	0	0	0	0	0	0	0	0	0	0	0	0	0	0	0	166.172107	26.706231	332.344214	109.792285	115.727003	38.575668	148.367953	94.95549	14.836795	5.934718	8.902077	0	0	2.967359	26.706231	2.967359	5.934718	11.869436	44.510386	2.967359
39065_composicao_gpt-5.6-sol.txt	menores_notas_gpt	119.444444	2.777778	41.666667	13.888889	5.555556	11.111111	0	0	0	0	0	5.555556	5.555556	0	0	0	5.555556	0	2.777778	0	11.111111	0	5.555556	0	8.333333	5.555556	0	0	5.555556	2.777778	275	111.111111	136.111111	30.555556	13.888889	2.777778	0	44.444444	2.777778	38.888889	5.555556	13.888889	38.888889	5.555556	33.333333	11.111111	38.888889	30.555556	0	8.333333	0	0	2.777778	72.222222	0	30.555556	52.777778	158.333333	13.888889	8.333333	8.333333	2.777778	0	0	13.888889	5.555556	5.555556	16.666667	75	5.555556	2.777778	0	8.333333	0	0	0	8.333333	5.555556	2.777778	8.333333	0	58.333333	5.555556	0	0	2.777778	0	5.555556	0	0	5.555556	0	2.777778	0	0	0	0	8.333333	0	0	66.666667	0	11.111111	13.888889	72.222222	0	8.333333	0	2.777778	0	2.777778	5.555556	5.555556	8.333333	0	5.555556	0	0	0	0	8.333333	0	0	0	0	0	0	5.555556	11.111111	83.333333	16.666667	50	0	61.111111	0	5.555556	0	2.777778	2.777778	2.777778	0	0	5.555556	2.777778	0	36.111111	27.777778	0	0	11.111111	2.777778	0	63.888889	11.111111	2.777778	0	0	0	5.555556	0	0	0	0	0	8.333333	0	0	5.555556	0	2.777778	0	0	0	0	0	0	0	0	0	0	0	2.777778	0	0	0	0	0	30.555556	0	2.777778	0	0	0	0	19.444444	0	0	0	5.555556	0	0	0	0	0	0	0	0	0	0	0	0	0	0	0	0	0	0	0	0	0	0	0	0	0	0	0	0	0	0	0	0	0	0	122.222222	22.222222	305.555556	88.888889	172.222222	36.111111	150	83.333333	8.333333	11.111111	0	0	0	2.777778	66.666667	2.777778	16.666667	0	91.666667	0
39124_composicao_gpt-5.6-sol.txt	menores_notas_gpt	95.238095	16.806723	42.016807	2.80112	8.403361	14.005602	8.403361	5.602241	0	0	0	8.403361	16.806723	2.80112	5.602241	2.80112	11.204482	0	0	2.80112	14.005602	0	0	0	16.806723	8.403361	5.602241	0	2.80112	61.62465	243.697479	70.028011	162.464986	36.414566	11.204482	0	0	16.806723	5.602241	25.210084	44.817927	8.403361	64.42577	5.602241	36.414566	8.403361	2.80112	8.403361	8.403361	0	0	0	11.204482	28.011204	0	0	5.602241	190.47619	22.408964	11.204482	28.011204	16.806723	2.80112	19.607843	11.204482	11.204482	11.204482	8.403361	78.431373	16.806723	0	8.403361	16.806723	5.602241	2.80112	0	2.80112	0	2.80112	5.602241	0	16.806723	89.635854	33.613445	0	8.403361	0	5.602241	0	0	0	2.80112	2.80112	0	11.204482	2.80112	0	2.80112	0	11.204482	30.812325	0	11.204482	25.210084	156.862745	0	8.403361	0	25.210084	0	5.602241	5.602241	5.602241	11.204482	0	8.403361	5.602241	0	0	0	11.204482	0	0	0	0	0	2.80112	2.80112	11.204482	61.62465	5.602241	44.817927	0	42.016807	2.80112	5.602241	2.80112	2.80112	0	8.403361	0	0	0	8.403361	5.602241	22.408964	28.011204	0	0	14.005602	8.403361	0	30.812325	11.204482	2.80112	0	44.817927	0	5.602241	0	0	0	0	0	8.403361	0	0	8.403361	0	0	8.403361	0	0	0	0	0	0	0	0	0	8.403361	0	0	0	0	2.80112	0	8.403361	0	0	0	0	0	0	2.80112	0	0	11.204482	5.602241	0	0	0	0	0	0	11.204482	0	0	0	0	0	0	0	0	0	0	0	0	0	0	0	0	0	0	0	0	0	0	0	0	0	0	0	154.061625	44.817927	305.322129	47.619048	212.885154	56.022409	112.044818	78.431373	2.80112	14.005602	11.204482	0	0	8.403361	30.812325	8.403361	8.403361	8.403361	67.226891	0
39164_composicao_gpt-5.6-sol.txt	menores_notas_gpt	94.986807	5.277045	58.047493	7.915567	7.915567	5.277045	2.638522	0	0	0	0	2.638522	2.638522	0	0	0	2.638522	0	2.638522	0	7.915567	0	0	0	5.277045	2.638522	0	0	2.638522	5.277045	303.430079	174.14248	118.733509	23.746702	10.55409	0	13.192612	50.131926	2.638522	55.408971	15.831135	13.192612	76.51715	7.915567	42.216359	13.192612	47.493404	7.915567	2.638522	15.831135	0	0	7.915567	76.51715	0	31.662269	92.348285	110.817942	26.385224	10.55409	5.277045	10.55409	0	2.638522	18.469657	2.638522	5.277045	10.55409	47.493404	5.277045	2.638522	5.277045	5.277045	0	0	2.638522	5.277045	5.277045	0	2.638522	0	79.155673	7.915567	0	0	0	0	2.638522	0	0	5.277045	0	0	0	0	0	0	15.831135	0	0	52.770449	0	0	31.662269	89.709763	0	15.831135	0	7.915567	0	13.192612	2.638522	5.277045	15.831135	0	7.915567	2.638522	0	0	0	13.192612	2.638522	0	0	0	0	0	0	7.915567	68.601583	0	58.047493	0	60.686016	0	7.915567	2.638522	0	2.638522	7.915567	0	5.277045	2.638522	5.277045	7.915567	50.131926	15.831135	0	0	7.915567	2.638522	2.638522	50.131926	0	7.915567	0	0	0	2.638522	0	0	0	0	0	7.915567	0	0	7.915567	0	0	0	0	2.638522	0	0	0	0	0	0	0	2.638522	0	0	0	0	0	0	15.831135	0	2.638522	0	0	0	0	13.192612	0	0	2.638522	0	0	0	0	0	2.638522	0	5.277045	0	0	2.638522	0	0	0	0	0	0	0	0	0	0	0	0	0	0	0	0	0	0	0	0	0	0	0	0	158.311346	15.831135	308.707124	100.263852	147.757256	58.047493	126.649077	102.902375	29.023747	7.915567	10.55409	0	0	2.638522	63.324538	5.277045	10.55409	2.638522	84.432718	0
39302_composicao_gpt-5.6-sol.txt	menores_notas_gpt	119.891008	8.174387	59.945504	8.174387	2.724796	13.623978	5.449591	0	0	0	0	0	5.449591	0	2.724796	0	2.724796	0	2.724796	2.724796	5.449591	0	2.724796	0	16.348774	0	0	0	0	0	326.975477	149.86376	125.340599	29.972752	21.798365	10.899183	5.449591	92.643052	0	70.844687	10.899183	8.174387	76.294278	29.972752	49.046322	10.899183	35.422343	40.871935	0	2.724796	0	2.724796	0	84.468665	0	27.247956	43.59673	125.340599	19.073569	10.899183	2.724796	0	0	2.724796	21.798365	2.724796	2.724796	5.449591	43.59673	0	5.449591	0	2.724796	0	0	0	8.174387	0	2.724796	0	0	81.743869	5.449591	0	0	2.724796	0	0	0	0	2.724796	0	0	0	0	0	0	19.073569	0	0	32.697548	0	0	21.798365	89.918256	2.724796	16.348774	0	5.449591	0	16.348774	0	8.174387	5.449591	0	5.449591	0	0	0	0	5.449591	0	0	0	0	0	2.724796	0	16.348774	92.643052	8.174387	59.945504	0	59.945504	0	2.724796	0	0	2.724796	5.449591	0	0	2.724796	2.724796	5.449591	35.422343	24.523161	0	0	5.449591	2.724796	0	29.972752	0	2.724796	0	24.523161	0	2.724796	0	0	0	0	0	5.449591	0	0	8.174387	0	2.724796	0	0	0	0	0	0	0	0	0	0	2.724796	0	0	0	0	0	0	5.449591	0	0	0	5.449591	0	0	5.449591	0	0	0	5.449591	0	0	0	0	0	0	10.899183	0	0	0	0	0	0	0	0	0	0	0	0	0	0	0	0	0	0	0	0	0	0	0	0	0	0	0	128.065395	27.247956	326.975477	95.367847	147.138965	38.147139	160.762943	79.019074	19.073569	5.449591	10.899183	0	0	2.724796	29.972752	8.174387	10.899183	0	54.495913	24.523161
39349_composicao_gpt-5.6-sol.txt	menores_notas_gpt	101.351351	6.756757	30.405405	20.27027	10.135135	13.513514	3.378378	0	0	0	0	3.378378	6.756757	0	0	0	6.756757	0	3.378378	0	13.513514	0	3.378378	3.378378	13.513514	6.756757	0	0	6.756757	0	317.567568	118.243243	128.378378	30.405405	16.891892	6.756757	13.513514	47.297297	13.513514	70.945946	23.648649	10.135135	57.432432	13.513514	60.810811	3.378378	37.162162	27.027027	10.135135	3.378378	0	0	16.891892	70.945946	0	27.027027	60.810811	135.135135	30.405405	10.135135	0	0	3.378378	3.378378	10.135135	3.378378	0	23.648649	111.486486	6.756757	0	0	0	3.378378	0	3.378378	13.513514	10.135135	6.756757	10.135135	3.378378	77.702703	3.378378	0	0	3.378378	0	3.378378	0	0	3.378378	0	0	0	0	0	0	10.135135	0	0	57.432432	0	0	23.648649	87.837838	6.756757	3.378378	0	0	0	3.378378	0	3.378378	3.378378	0	13.513514	0	0	0	0	3.378378	0	0	0	0	0	3.378378	0	10.135135	94.594595	6.756757	37.162162	0	50.675676	0	3.378378	0	0	3.378378	13.513514	0	0	0	0	3.378378	37.162162	13.513514	0	0	13.513514	0	0	57.432432	0	0	0	0	0	6.756757	0	0	0	0	0	10.135135	0	3.378378	16.891892	0	0	0	0	0	0	0	0	0	0	0	0	0	0	0	0	0	0	0	37.162162	0	0	0	3.378378	0	0	13.513514	0	0	3.378378	3.378378	0	0	0	0	0	0	13.513514	0	0	0	0	0	0	0	0	0	0	0	0	0	0	0	0	0	0	0	0	0	0	0	0	0	0	0	108.108108	74.324324	317.567568	91.216216	172.297297	33.783784	138.513514	74.324324	10.135135	13.513514	13.513514	0	0	0	57.432432	0	27.027027	0	81.081081	0
39379_composicao_gpt-5.6-sol.txt	menores_notas_gpt	96.219931	10.309278	65.292096	6.872852	10.309278	10.309278	3.436426	0	0	0	0	3.436426	6.872852	0	3.436426	0	3.436426	0	6.872852	0	13.745704	0	3.436426	0	10.309278	3.436426	0	0	3.436426	0	261.168385	144.329897	120.274914	30.927835	13.745704	0	3.436426	68.728522	0	54.982818	20.618557	17.182131	68.728522	6.872852	44.67354	13.745704	34.364261	30.927835	0	6.872852	0	3.436426	3.436426	82.474227	0	17.182131	41.237113	123.71134	24.054983	17.182131	0	3.436426	0	0	13.745704	0	10.309278	13.745704	61.85567	0	3.436426	3.436426	0	3.436426	3.436426	0	3.436426	10.309278	3.436426	0	0	92.783505	0	0	0	3.436426	0	0	0	0	0	0	0	0	6.872852	0	0	3.436426	0	0	41.237113	0	13.745704	24.054983	96.219931	17.182131	3.436426	0	3.436426	3.436426	13.745704	0	3.436426	3.436426	0	17.182131	0	0	0	0	3.436426	0	0	0	0	0	3.436426	0	0	48.109966	6.872852	75.601375	0	68.728522	3.436426	3.436426	0	0	3.436426	6.872852	0	0	3.436426	0	6.872852	41.237113	30.927835	0	0	13.745704	0	0	41.237113	6.872852	6.872852	0	0	0	0	0	0	0	0	0	13.745704	0	0	6.872852	0	0	0	0	0	0	0	0	0	0	0	0	0	0	0	0	3.436426	0	0	27.491409	0	0	0	6.872852	0	0	0	0	0	0	6.872852	0	0	0	0	0	0	6.872852	0	0	0	0	0	0	0	0	0	0	0	0	0	0	0	0	0	0	0	0	0	0	0	0	0	0	0	106.52921	30.927835	312.714777	99.656357	171.821306	37.800687	130.584192	96.219931	20.618557	13.745704	6.872852	0	0	0	41.237113	0	17.182131	0	79.037801	0
39436_composicao_gpt-5.6-sol.txt	menores_notas_gpt	111.731844	11.173184	47.486034	8.379888	2.793296	11.173184	5.586592	0	0	0	0	0	0	5.586592	0	0	0	0	0	5.586592	5.586592	0	5.586592	2.793296	13.96648	0	0	0	0	30.726257	262.569832	108.938547	97.765363	36.312849	22.346369	8.379888	5.586592	58.659218	2.793296	36.312849	16.759777	8.379888	61.452514	0	50.27933	8.379888	33.519553	27.932961	0	8.379888	0	8.379888	11.173184	69.832402	0	19.553073	41.899441	148.044693	36.312849	13.96648	5.586592	5.586592	2.793296	5.586592	5.586592	2.793296	0	13.96648	72.625698	2.793296	2.793296	2.793296	2.793296	2.793296	0	2.793296	5.586592	8.379888	0	5.586592	0	81.005587	2.793296	2.793296	0	2.793296	0	2.793296	0	0	2.793296	2.793296	0	0	0	0	0	39.106145	0	8.379888	50.27933	2.793296	5.586592	44.692737	92.178771	13.96648	25.139665	0	13.96648	0	8.379888	0	5.586592	8.379888	0	8.379888	0	0	0	0	8.379888	0	0	0	0	0	0	0	2.793296	64.24581	5.586592	47.486034	0	47.486034	0	5.586592	2.793296	2.793296	0	5.586592	0	0	8.379888	5.586592	5.586592	39.106145	11.173184	0	0	5.586592	5.586592	0	47.486034	5.586592	8.379888	0	0	0	0	0	0	0	0	0	2.793296	0	2.793296	13.96648	0	2.793296	2.793296	0	0	0	0	0	0	0	0	0	5.586592	0	0	0	0	0	0	33.519553	0	2.793296	0	0	0	0	8.379888	0	0	0	0	0	0	0	0	0	0	5.586592	0	0	0	0	0	0	0	0	0	0	0	0	0	0	0	0	0	0	0	0	0	0	0	0	0	0	0	170.391061	19.553073	304.469274	92.178771	198.324022	41.899441	117.318436	78.212291	39.106145	5.586592	5.586592	0	0	5.586592	53.072626	5.586592	13.96648	0	103.351955	0
39446_composicao_gpt-5.6-sol.txt	menores_notas_gpt	99.378882	15.52795	34.161491	9.31677	9.31677	15.52795	6.21118	0	0	0	0	0	6.21118	0	0	0	6.21118	0	6.21118	6.21118	9.31677	0	9.31677	0	18.63354	3.10559	0	0	3.10559	3.10559	282.608696	167.701863	114.906832	18.63354	6.21118	0	3.10559	65.217391	3.10559	46.583851	9.31677	18.63354	93.167702	15.52795	59.006211	15.52795	46.583851	40.372671	3.10559	6.21118	0	0	6.21118	99.378882	0	31.055901	46.583851	77.639752	34.161491	31.055901	12.42236	9.31677	0	0	12.42236	3.10559	3.10559	15.52795	52.795031	3.10559	6.21118	6.21118	9.31677	0	0	0	3.10559	9.31677	6.21118	3.10559	0	83.850932	3.10559	0	0	0	0	0	0	0	6.21118	0	0	0	0	0	0	9.31677	0	3.10559	27.950311	0	12.42236	24.84472	86.956522	6.21118	6.21118	0	3.10559	0	6.21118	9.31677	3.10559	9.31677	0	3.10559	9.31677	0	0	0	9.31677	0	0	0	0	0	0	9.31677	6.21118	80.745342	9.31677	37.267081	0	49.689441	0	6.21118	0	0	3.10559	6.21118	0	0	3.10559	12.42236	6.21118	46.583851	9.31677	0	0	9.31677	12.42236	0	27.950311	9.31677	3.10559	0	0	0	6.21118	0	0	0	0	0	9.31677	0	0	12.42236	0	6.21118	6.21118	0	0	0	0	0	0	0	0	0	12.42236	0	0	0	0	0	0	18.63354	0	0	0	0	0	0	6.21118	0	0	0	6.21118	0	0	0	0	0	0	6.21118	0	0	0	0	0	0	0	0	0	0	0	0	0	0	0	0	0	0	0	0	0	0	0	0	0	0	0	149.068323	31.055901	319.875776	121.118012	133.540373	37.267081	127.329193	74.534161	15.52795	9.31677	6.21118	0	0	12.42236	27.950311	12.42236	18.63354	0	65.217391	0
39493_composicao_gpt-5.6-sol.txt	menores_notas_gpt	85.545723	2.949853	79.646018	5.899705	2.949853	0	2.949853	0	0	0	0	0	5.899705	0	0	0	5.899705	0	5.899705	0	5.899705	0	2.949853	0	0	0	0	0	0	17.699115	318.584071	165.19174	123.893805	32.448378	14.749263	2.949853	5.899705	58.99705	5.899705	44.247788	41.297935	14.749263	70.79646	0	35.39823	11.79941	41.297935	35.39823	0	5.899705	0	0	11.79941	61.946903	0	20.648968	44.247788	123.893805	23.59882	14.749263	8.849558	2.949853	0	0	20.648968	0	2.949853	17.699115	61.946903	8.849558	2.949853	0	2.949853	2.949853	0	2.949853	11.79941	2.949853	0	0	2.949853	56.047198	8.849558	0	0	2.949853	0	0	0	0	2.949853	0	0	0	5.899705	0	0	14.749263	0	5.899705	64.896755	2.949853	2.949853	29.498525	67.846608	0	29.498525	0	5.899705	0	8.849558	0	5.899705	8.849558	0	8.849558	0	0	0	0	8.849558	0	0	0	0	0	0	0	5.899705	70.79646	8.849558	79.646018	0	64.896755	0	2.949853	0	0	0	5.899705	0	0	11.79941	5.899705	5.899705	53.097345	11.79941	0	0	5.899705	5.899705	0	58.99705	2.949853	2.949853	0	0	0	5.899705	0	0	0	0	0	5.899705	0	0	11.79941	0	2.949853	0	0	0	0	0	0	0	0	0	0	2.949853	2.949853	0	0	0	0	0	14.749263	2.949853	11.79941	2.949853	0	0	14.749263	17.699115	0	0	0	5.899705	0	0	0	0	0	0	5.899705	0	0	0	0	0	0	0	0	0	0	0	0	0	0	0	0	0	0	0	0	0	0	0	0	0	0	0	88.495575	11.79941	336.283186	85.545723	168.141593	44.247788	159.292035	91.445428	29.498525	5.899705	5.899705	0	0	5.899705	70.79646	5.899705	17.699115	0	97.345133	0
39502_composicao_gpt-5.6-sol.txt	menores_notas_gpt	125	9.868421	72.368421	16.447368	3.289474	3.289474	3.289474	0	0	0	0	0	3.289474	0	0	0	3.289474	0	6.578947	3.289474	6.578947	0	6.578947	0	6.578947	0	0	0	0	13.157895	322.368421	154.605263	92.105263	23.026316	13.157895	0	3.289474	75.657895	3.289474	65.789474	32.894737	9.868421	82.236842	26.315789	36.184211	19.736842	39.473684	23.026316	0	6.578947	3.289474	3.289474	9.868421	62.5	0	26.315789	49.342105	128.289474	29.605263	16.447368	9.868421	6.578947	0	3.289474	26.315789	0	6.578947	9.868421	59.210526	6.578947	3.289474	3.289474	6.578947	3.289474	0	6.578947	3.289474	3.289474	3.289474	3.289474	0	72.368421	9.868421	3.289474	0	3.289474	0	0	0	0	9.868421	0	0	0	3.289474	0	0	3.289474	0	6.578947	32.894737	0	6.578947	19.736842	88.815789	0	3.289474	0	3.289474	0	3.289474	0	9.868421	3.289474	0	6.578947	0	0	0	0	3.289474	0	0	0	0	0	0	0	6.578947	59.210526	3.289474	85.526316	0	49.342105	0	0	0	0	0	3.289474	0	0	13.157895	9.868421	3.289474	32.894737	23.026316	0	0	6.578947	9.868421	0	32.894737	3.289474	9.868421	0	0	0	0	0	0	0	0	0	6.578947	0	0	9.868421	0	3.289474	3.289474	0	0	3.289474	0	0	0	0	0	0	6.578947	3.289474	0	0	0	0	0	13.157895	0	0	0	13.157895	0	0	3.289474	0	0	3.289474	0	0	0	0	0	0	0	3.289474	0	0	0	0	0	0	0	0	0	0	0	0	0	0	0	0	0	0	0	0	0	0	0	0	0	0	0	207.236842	36.184211	335.526316	92.105263	157.894737	29.605263	148.026316	78.947368	3.289474	6.578947	3.289474	0	0	9.868421	32.894737	9.868421	9.868421	0	59.210526	0
39516_composicao_gpt-5.6-sol.txt	menores_notas_gpt	121.019108	3.184713	63.694268	3.184713	6.369427	12.738854	3.184713	0	0	0	0	0	0	3.184713	0	0	0	0	6.369427	0	0	0	6.369427	0	12.738854	0	0	0	0	6.369427	312.101911	133.757962	140.127389	38.216561	9.55414	6.369427	3.184713	66.878981	3.184713	47.770701	19.10828	12.738854	63.694268	9.55414	50.955414	9.55414	38.216561	35.031847	0	6.369427	0	12.738854	9.55414	79.617834	0	25.477707	50.955414	108.280255	38.216561	19.10828	3.184713	3.184713	0	0	9.55414	0	3.184713	6.369427	92.356688	0	6.369427	0	3.184713	3.184713	0	0	0	3.184713	3.184713	0	0	66.878981	0	0	0	3.184713	0	0	0	0	3.184713	0	0	0	0	0	0	19.10828	0	0	41.401274	0	6.369427	25.477707	70.063694	0	19.10828	0	15.923567	3.184713	3.184713	3.184713	6.369427	6.369427	0	6.369427	0	0	0	0	6.369427	0	0	0	0	0	3.184713	3.184713	9.55414	70.063694	12.738854	63.694268	0	76.433121	0	3.184713	0	0	0	6.369427	0	0	3.184713	6.369427	3.184713	50.955414	22.292994	0	0	0	6.369427	0	41.401274	6.369427	3.184713	0	0	0	0	0	0	0	0	0	0	0	0	12.738854	0	3.184713	0	0	0	3.184713	0	0	0	0	0	0	3.184713	3.184713	0	0	0	0	0	19.10828	0	0	0	3.184713	0	0	9.55414	0	0	0	0	0	0	0	0	0	0	3.184713	0	0	0	0	0	0	0	0	0	0	0	0	0	0	0	0	0	0	0	0	0	0	0	0	0	0	0	124.203822	22.292994	318.471338	98.726115	146.496815	44.585987	146.496815	92.356688	19.10828	0	3.184713	0	0	6.369427	41.401274	6.369427	6.369427	0	73.248408	0
39615_composicao_gpt-5.6-sol.txt	menores_notas_gpt	114.035088	5.847953	26.315789	8.77193	8.77193	11.695906	2.923977	0	0	0	0	2.923977	0	0	0	0	0	0	2.923977	2.923977	2.923977	0	2.923977	0	14.619883	2.923977	0	0	2.923977	0	298.245614	116.959064	125.730994	32.163743	20.467836	2.923977	2.923977	58.479532	17.54386	49.707602	23.391813	8.77193	73.099415	0	52.631579	11.695906	61.403509	23.391813	5.847953	2.923977	0	2.923977	2.923977	111.111111	0	38.011696	64.327485	96.491228	17.54386	14.619883	2.923977	0	0	2.923977	43.859649	0	5.847953	14.619883	58.479532	2.923977	5.847953	0	2.923977	0	0	0	8.77193	2.923977	2.923977	2.923977	0	70.175439	0	0	0	2.923977	0	0	0	0	5.847953	0	0	0	2.923977	0	2.923977	5.847953	0	5.847953	43.859649	0	8.77193	17.54386	73.099415	2.923977	2.923977	0	5.847953	0	5.847953	2.923977	8.77193	2.923977	0	8.77193	0	0	0	0	2.923977	0	0	0	0	2.923977	0	2.923977	17.54386	99.415205	5.847953	29.239766	0	70.175439	0	2.923977	0	0	2.923977	2.923977	0	0	2.923977	5.847953	2.923977	49.707602	20.467836	0	0	2.923977	5.847953	0	43.859649	8.77193	2.923977	0	0	0	2.923977	0	0	0	0	0	2.923977	0	0	8.77193	0	2.923977	0	0	0	0	0	0	0	0	0	0	2.923977	2.923977	0	0	0	0	0	26.315789	0	2.923977	0	5.847953	0	0	5.847953	0	0	0	2.923977	0	0	0	0	0	0	2.923977	0	0	0	0	0	0	0	0	0	0	0	0	0	0	0	0	0	0	0	0	0	0	0	0	0	0	0	146.19883	11.695906	312.865497	125.730994	131.578947	49.707602	128.654971	90.643275	5.847953	2.923977	2.923977	0	0	5.847953	43.859649	5.847953	14.619883	2.923977	70.175439	0
39648_composicao_gpt-5.6-sol.txt	menores_notas_gpt	101.604278	8.02139	56.149733	0	13.368984	13.368984	2.673797	0	0	0	0	2.673797	10.695187	0	2.673797	0	8.02139	0	2.673797	0	5.347594	0	2.673797	0	13.368984	2.673797	0	0	2.673797	13.368984	291.44385	192.513369	98.930481	13.368984	10.695187	2.673797	8.02139	85.561497	0	72.192513	16.042781	8.02139	64.171123	18.716578	50.802139	13.368984	37.433155	26.737968	5.347594	0	0	0	5.347594	82.887701	0	21.390374	72.192513	120.320856	8.02139	18.716578	8.02139	8.02139	0	0	34.759358	0	2.673797	16.042781	72.192513	8.02139	5.347594	0	5.347594	5.347594	0	5.347594	10.695187	8.02139	0	2.673797	0	64.171123	13.368984	0	0	2.673797	0	0	0	0	2.673797	2.673797	0	2.673797	0	0	0	8.02139	0	0	48.128342	0	8.02139	16.042781	80.213904	0	8.02139	0	0	0	5.347594	0	2.673797	10.695187	0	8.02139	0	0	0	0	10.695187	0	0	0	0	0	2.673797	0	5.347594	88.235294	10.695187	56.149733	0	50.802139	2.673797	16.042781	0	0	2.673797	5.347594	0	0	5.347594	5.347594	5.347594	37.433155	26.737968	0	0	5.347594	5.347594	2.673797	48.128342	8.02139	5.347594	2.673797	0	0	5.347594	0	0	0	0	0	5.347594	0	0	2.673797	0	0	0	0	0	0	0	0	2.673797	0	0	0	2.673797	2.673797	0	0	0	0	0	26.737968	0	2.673797	0	2.673797	0	0	8.02139	0	0	2.673797	8.02139	0	0	0	0	0	0	5.347594	0	0	2.673797	0	0	0	0	0	0	0	0	0	0	0	0	0	0	0	0	0	0	0	0	0	0	0	0	109.625668	21.390374	304.812834	101.604278	155.080214	29.411765	155.080214	93.582888	8.02139	5.347594	8.02139	0	0	5.347594	48.128342	5.347594	18.716578	0	72.192513	0
39695_composicao_gpt-5.6-sol.txt	menores_notas_gpt	102.209945	22.099448	80.110497	13.812155	2.762431	8.287293	2.762431	0	0	0	0	0	2.762431	0	0	0	2.762431	0	5.524862	2.762431	2.762431	0	5.524862	0	11.049724	0	0	0	0	5.524862	325.966851	185.082873	118.78453	22.099448	19.337017	2.762431	5.524862	91.160221	2.762431	66.298343	13.812155	8.287293	58.01105	5.524862	49.723757	11.049724	52.486188	38.674033	2.762431	0	0	8.287293	8.287293	88.39779	0	33.149171	66.298343	104.972376	24.861878	11.049724	2.762431	0	2.762431	0	35.911602	0	2.762431	8.287293	69.060773	8.287293	2.762431	0	0	5.524862	0	0	11.049724	2.762431	2.762431	2.762431	0	66.298343	13.812155	0	0	2.762431	0	2.762431	0	0	0	0	0	0	5.524862	0	0	5.524862	0	5.524862	27.624309	0	5.524862	13.812155	85.635359	0	5.524862	2.762431	2.762431	0	2.762431	5.524862	5.524862	5.524862	0	8.287293	5.524862	0	0	0	5.524862	0	0	0	0	0	0	5.524862	13.812155	74.585635	16.574586	82.872928	0	55.248619	0	5.524862	2.762431	0	2.762431	2.762431	0	0	5.524862	0	5.524862	35.911602	19.337017	0	0	2.762431	0	0	27.624309	5.524862	2.762431	0	13.812155	0	2.762431	0	0	0	0	0	2.762431	0	0	8.287293	0	0	0	0	0	0	0	0	0	0	0	0	0	0	0	0	0	0	2.762431	8.287293	0	13.812155	0	2.762431	0	0	5.524862	0	0	2.762431	0	0	0	0	0	0	0	11.049724	0	0	0	0	0	0	0	0	0	0	0	0	0	0	0	0	0	0	0	0	0	0	0	0	0	0	0	204.41989	13.812155	331.491713	107.734807	129.834254	38.674033	168.508287	77.348066	5.524862	2.762431	11.049724	0	0	0	30.38674	0	16.574586	5.524862	46.961326	13.812155
39701_composicao_gpt-5.6-sol.txt	menores_notas_gpt	90.614887	12.944984	38.834951	16.18123	3.236246	9.708738	3.236246	0	0	0	0	0	0	0	0	0	0	0	3.236246	0	3.236246	0	3.236246	0	9.708738	0	0	0	0	6.472492	336.569579	155.339806	165.048544	25.889968	22.653722	3.236246	6.472492	67.961165	9.708738	51.779935	38.834951	16.18123	64.724919	0	42.071197	6.472492	38.834951	32.36246	0	12.944984	0	0	9.708738	87.378641	0	22.653722	67.961165	103.559871	22.653722	16.18123	3.236246	0	0	6.472492	38.834951	0	6.472492	16.18123	90.614887	6.472492	3.236246	0	3.236246	0	0	3.236246	12.944984	3.236246	3.236246	0	0	80.906149	0	0	0	3.236246	0	0	0	0	0	0	3.236246	0	0	0	0	12.944984	0	0	38.834951	0	9.708738	22.653722	84.142395	0	12.944984	0	6.472492	0	0	3.236246	6.472492	3.236246	3.236246	6.472492	3.236246	0	0	0	3.236246	0	3.236246	0	3.236246	0	3.236246	3.236246	16.18123	87.378641	12.944984	48.543689	0	67.961165	3.236246	3.236246	0	3.236246	0	3.236246	0	0	3.236246	3.236246	6.472492	48.543689	22.653722	0	0	3.236246	3.236246	0	38.834951	9.708738	3.236246	0	0	0	0	0	0	0	0	0	3.236246	0	0	12.944984	0	3.236246	0	0	0	0	0	0	0	0	0	0	3.236246	0	0	0	0	0	0	29.126214	0	0	3.236246	0	0	0	12.944984	0	0	0	0	0	0	0	0	0	0	6.472492	0	0	0	0	0	0	0	0	0	0	0	0	0	0	0	0	0	0	0	0	0	0	0	0	0	0	0	103.559871	6.472492	343.042071	103.559871	148.867314	38.834951	139.158576	90.614887	12.944984	3.236246	6.472492	0	0	3.236246	45.307443	3.236246	19.417476	9.708738	71.197411	0
39722_composicao_gpt-5.6-sol.txt	menores_notas_gpt	77.858881	9.73236	46.22871	12.16545	7.29927	7.29927	0	0	0	0	0	2.43309	7.29927	0	0	0	2.43309	0	4.86618	2.43309	14.59854	0	7.29927	4.86618	9.73236	4.86618	0	0	4.86618	19.46472	291.970803	68.126521	150.851582	9.73236	14.59854	4.86618	2.43309	65.693431	24.3309	60.827251	34.06326	4.86618	72.992701	0	51.094891	7.29927	38.92944	12.16545	0	2.43309	0	2.43309	2.43309	85.158151	0	21.89781	41.36253	141.119221	31.63017	9.73236	0	4.86618	2.43309	4.86618	31.63017	7.29927	4.86618	12.16545	77.858881	4.86618	4.86618	0	4.86618	0	0	0	7.29927	2.43309	4.86618	2.43309	0	82.725061	2.43309	0	0	0	0	4.86618	0	0	12.16545	0	0	0	0	2.43309	0	24.3309	9.73236	4.86618	41.36253	0	4.86618	26.76399	90.024331	0	24.3309	0	9.73236	0	12.16545	2.43309	4.86618	17.03163	0	4.86618	0	0	0	0	14.59854	2.43309	0	0	0	2.43309	0	2.43309	24.3309	92.457421	7.29927	46.22871	0	48.6618	0	7.29927	2.43309	0	2.43309	12.16545	0	0	7.29927	7.29927	2.43309	38.92944	12.16545	0	0	17.03163	4.86618	0	41.36253	4.86618	4.86618	0	0	0	7.29927	0	0	0	0	0	9.73236	0	4.86618	7.29927	0	4.86618	0	0	0	0	0	0	0	0	0	0	2.43309	2.43309	0	0	0	0	4.86618	12.16545	0	9.73236	0	0	0	0	12.16545	0	0	7.29927	0	0	0	0	0	0	0	4.86618	0	0	0	0	0	0	0	0	0	0	0	0	0	0	0	0	0	0	0	0	0	0	0	0	0	0	0	87.591241	34.06326	311.435523	97.323601	172.749392	60.827251	143.552311	90.024331	34.06326	17.03163	4.86618	0	0	4.86618	41.36253	4.86618	14.59854	2.43309	72.992701	0
39727_composicao_gpt-5.6-sol.txt	menores_notas_gpt	99.706745	5.865103	67.44868	5.865103	8.797654	2.932551	5.865103	0	0	0	0	2.932551	5.865103	0	0	0	5.865103	0	2.932551	0	2.932551	0	2.932551	0	2.932551	2.932551	0	0	2.932551	0	325.513196	99.706745	105.571848	2.932551	14.662757	5.865103	2.932551	64.516129	2.932551	67.44868	8.797654	11.730205	67.44868	0	58.651026	17.595308	49.853372	14.662757	2.932551	2.932551	0	0	14.662757	93.841642	0	38.123167	55.718475	79.178886	26.392962	23.460411	0	5.865103	0	0	2.932551	0	2.932551	2.932551	43.98827	0	2.932551	0	2.932551	0	0	2.932551	2.932551	0	0	0	0	58.651026	2.932551	0	0	2.932551	0	0	0	0	14.662757	2.932551	0	11.730205	0	0	0	5.865103	0	2.932551	17.595308	0	5.865103	26.392962	64.516129	5.865103	0	0	8.797654	0	5.865103	2.932551	0	8.797654	0	2.932551	2.932551	0	0	0	8.797654	0	0	0	0	0	0	2.932551	5.865103	82.111437	8.797654	70.381232	0	55.718475	0	8.797654	0	2.932551	5.865103	5.865103	0	5.865103	5.865103	5.865103	2.932551	43.98827	11.730205	0	0	2.932551	5.865103	0	17.595308	5.865103	8.797654	2.932551	2.932551	0	5.865103	0	0	0	0	0	2.932551	0	0	5.865103	0	2.932551	0	0	0	2.932551	0	0	0	0	0	0	2.932551	2.932551	0	0	0	0	2.932551	2.932551	0	0	0	0	2.932551	0	8.797654	0	0	2.932551	2.932551	0	0	0	0	0	0	5.865103	0	0	0	2.932551	0	0	0	0	0	0	0	0	0	0	0	0	0	0	0	0	0	0	0	0	0	0	0	173.020528	14.662757	325.513196	126.099707	120.234604	35.190616	155.42522	99.706745	5.865103	2.932551	8.797654	0	0	5.865103	17.595308	5.865103	2.932551	2.932551	49.853372	0
39786_composicao_gpt-5.6-sol.txt	menores_notas_gpt	108.910891	0	49.50495	13.20132	9.90099	13.20132	3.30033	0	0	0	0	0	3.30033	0	0	0	3.30033	0	3.30033	0	9.90099	0	3.30033	3.30033	13.20132	0	0	0	0	0	316.831683	171.617162	89.108911	29.70297	16.50165	0	13.20132	82.508251	3.30033	66.006601	16.50165	16.50165	59.405941	16.50165	49.50495	6.60066	39.60396	23.10231	3.30033	3.30033	0	0	6.60066	82.508251	0	29.70297	46.20462	122.112211	39.60396	16.50165	0	0	0	0	23.10231	0	3.30033	23.10231	85.808581	3.30033	0	0	0	0	0	0	9.90099	13.20132	6.60066	6.60066	0	75.907591	0	0	0	3.30033	0	6.60066	0	0	3.30033	0	0	3.30033	0	0	0	9.90099	0	3.30033	46.20462	0	13.20132	13.20132	85.808581	0	9.90099	0	3.30033	0	9.90099	3.30033	3.30033	3.30033	0	9.90099	0	0	0	0	3.30033	0	0	0	0	3.30033	0	3.30033	9.90099	89.108911	0	49.50495	0	52.805281	0	3.30033	3.30033	0	3.30033	9.90099	0	0	3.30033	0	6.60066	39.60396	13.20132	0	0	9.90099	0	0	39.60396	9.90099	0	0	0	0	3.30033	0	0	0	0	0	6.60066	0	3.30033	0	0	0	0	0	0	0	0	0	0	0	0	0	0	0	0	0	0	0	0	23.10231	0	3.30033	0	3.30033	0	0	9.90099	0	0	3.30033	0	0	0	0	0	0	0	6.60066	0	0	0	0	0	0	0	0	0	0	0	0	0	0	0	0	0	0	0	0	0	0	0	0	0	0	0	108.910891	16.50165	316.831683	95.709571	161.716172	33.0033	138.613861	82.508251	9.90099	9.90099	6.60066	0	0	0	39.60396	0	29.70297	3.30033	72.607261	0
39833_composicao_gpt-5.6-sol.txt	menores_notas_gpt	111.43695	8.797654	76.246334	11.730205	5.865103	8.797654	8.797654	0	0	0	0	0	2.932551	0	0	0	2.932551	0	0	0	2.932551	0	0	0	8.797654	0	0	0	0	11.730205	328.445748	149.560117	129.032258	35.190616	11.730205	0	0	70.381232	0	52.785924	23.460411	20.527859	87.97654	14.662757	41.055718	8.797654	41.055718	26.392962	2.932551	5.865103	0	11.730205	8.797654	73.313783	0	20.527859	52.785924	96.774194	17.595308	8.797654	11.730205	2.932551	0	2.932551	41.055718	2.932551	2.932551	17.595308	76.246334	0	2.932551	0	5.865103	0	0	2.932551	11.730205	5.865103	0	0	0	43.98827	29.325513	2.932551	0	2.932551	0	0	0	0	2.932551	0	0	0	0	0	0	8.797654	0	2.932551	35.190616	0	5.865103	8.797654	79.178886	0	8.797654	0	2.932551	0	8.797654	5.865103	5.865103	11.730205	0	8.797654	2.932551	0	0	0	11.730205	0	0	0	0	0	2.932551	5.865103	5.865103	67.44868	2.932551	76.246334	0	58.651026	5.865103	2.932551	0	0	2.932551	5.865103	0	0	8.797654	2.932551	5.865103	49.853372	14.662757	0	0	2.932551	2.932551	0	35.190616	2.932551	0	0	0	0	2.932551	0	0	0	0	0	2.932551	0	0	0	0	2.932551	0	0	0	0	0	0	0	0	0	0	2.932551	0	0	0	0	0	0	26.392962	0	0	0	0	0	0	0	0	0	2.932551	0	0	0	0	0	0	0	5.865103	0	0	0	0	0	0	0	0	0	0	0	0	0	0	0	0	0	0	0	0	0	0	0	0	0	0	0	120.234604	5.865103	340.175953	87.97654	131.964809	46.920821	146.627566	93.841642	8.797654	2.932551	5.865103	0	0	2.932551	35.190616	2.932551	17.595308	2.932551	49.853372	0
39912_composicao_gpt-5.6-sol.txt	menores_notas_gpt	170.212766	14.184397	31.914894	3.546099	3.546099	17.730496	0	0	0	0	0	3.546099	10.638298	0	3.546099	0	7.092199	0	0	0	7.092199	7.092199	7.092199	3.546099	17.730496	3.546099	0	0	3.546099	67.375887	226.950355	56.737589	216.312057	49.64539	7.092199	0	3.546099	17.730496	0	24.822695	39.007092	0	78.014184	10.638298	31.914894	24.822695	7.092199	10.638298	7.092199	7.092199	0	0	17.730496	21.276596	0	3.546099	46.099291	166.666667	17.730496	21.276596	17.730496	17.730496	10.638298	17.730496	3.546099	7.092199	10.638298	10.638298	70.921986	7.092199	3.546099	10.638298	7.092199	3.546099	3.546099	3.546099	3.546099	0	3.546099	3.546099	3.546099	17.730496	39.007092	42.553191	17.730496	3.546099	0	3.546099	7.092199	0	0	0	3.546099	0	0	0	0	0	0	0	42.553191	0	10.638298	17.730496	117.021277	0	0	0	10.638298	3.546099	3.546099	7.092199	3.546099	7.092199	0	7.092199	0	3.546099	0	0	7.092199	0	0	0	0	0	0	7.092199	10.638298	67.375887	3.546099	35.460993	0	46.099291	0	7.092199	0	3.546099	0	7.092199	0	0	0	7.092199	3.546099	28.368794	24.822695	0	0	7.092199	7.092199	0	39.007092	10.638298	0	0	7.092199	0	7.092199	0	0	0	3.546099	0	3.546099	0	3.546099	3.546099	0	3.546099	3.546099	0	0	0	0	0	0	0	0	0	7.092199	0	0	0	7.092199	10.638298	3.546099	10.638298	0	0	0	3.546099	0	0	14.184397	0	0	7.092199	3.546099	0	0	0	0	0	0	3.546099	0	0	3.546099	0	0	3.546099	0	0	0	0	0	0	0	0	0	0	0	0	0	0	0	0	0	0	0	0	0	184.397163	31.914894	294.326241	63.829787	187.943262	39.007092	106.382979	74.468085	0	7.092199	7.092199	3.546099	0	7.092199	42.553191	7.092199	10.638298	3.546099	67.375887	7.092199
39914_composicao_gpt-5.6-sol.txt	menores_notas_gpt	86.687307	12.383901	77.399381	3.095975	6.19195	6.19195	3.095975	0	0	0	0	0	6.19195	0	3.095975	0	3.095975	0	0	0	6.19195	0	0	0	6.19195	0	0	0	0	0	287.925697	114.551084	170.278638	21.671827	3.095975	3.095975	0	95.975232	3.095975	102.167183	34.055728	12.383901	49.535604	0	40.247678	12.383901	58.823529	46.439628	0	0	0	0	3.095975	102.167183	0	21.671827	55.727554	102.167183	18.575851	9.287926	0	6.19195	3.095975	3.095975	9.287926	3.095975	3.095975	6.19195	71.20743	3.095975	3.095975	0	0	0	0	3.095975	3.095975	3.095975	3.095975	0	0	61.919505	6.19195	6.19195	0	3.095975	0	0	0	0	3.095975	0	0	0	0	3.095975	0	3.095975	0	0	34.055728	0	3.095975	18.575851	77.399381	3.095975	0	0	3.095975	0	9.287926	3.095975	9.287926	0	0	3.095975	3.095975	0	0	0	0	0	0	0	0	0	0	3.095975	12.383901	99.071207	9.287926	80.495356	0	58.823529	0	3.095975	0	0	3.095975	0	0	0	3.095975	0	3.095975	40.247678	18.575851	0	0	6.19195	0	0	34.055728	3.095975	0	0	3.095975	0	3.095975	0	0	0	0	0	6.19195	0	0	12.383901	0	0	0	0	0	0	0	0	0	0	0	0	0	0	0	0	0	0	0	9.287926	0	0	0	3.095975	0	0	12.383901	0	0	6.19195	0	0	0	0	0	0	0	6.19195	0	0	0	0	0	0	0	0	0	0	0	0	0	0	0	0	0	0	0	0	0	0	0	0	0	0	0	176.470588	12.383901	346.749226	105.263158	120.743034	30.959752	185.758514	71.20743	3.095975	6.19195	6.19195	0	0	0	34.055728	0	9.287926	3.095975	52.631579	3.095975
39956_composicao_gpt-5.6-sol.txt	menores_notas_gpt	117.1875	2.604167	41.666667	2.604167	5.208333	10.416667	0	2.604167	0	0	0	2.604167	10.416667	0	2.604167	0	5.208333	0	2.604167	0	5.208333	0	5.208333	0	7.8125	2.604167	0	0	2.604167	7.8125	317.708333	174.479167	96.354167	41.666667	13.020833	2.604167	10.416667	67.708333	2.604167	59.895833	13.020833	15.625	52.083333	0	52.083333	7.8125	62.5	20.833333	0	10.416667	0	5.208333	5.208333	111.979167	0	33.854167	70.3125	80.729167	15.625	13.020833	7.8125	5.208333	2.604167	0	20.833333	0	0	13.020833	28.645833	7.8125	0	0	7.8125	0	0	2.604167	7.8125	5.208333	0	0	0	59.895833	0	0	0	2.604167	0	0	0	0	5.208333	0	0	5.208333	0	0	0	10.416667	2.604167	2.604167	31.25	0	5.208333	18.229167	62.5	0	10.416667	0	7.8125	5.208333	5.208333	2.604167	2.604167	7.8125	0	5.208333	0	0	0	0	7.8125	0	0	0	0	0	0	0	15.625	93.75	13.020833	44.270833	0	67.708333	2.604167	5.208333	0	0	2.604167	2.604167	0	0	5.208333	7.8125	5.208333	54.6875	10.416667	2.604167	0	7.8125	7.8125	0	28.645833	5.208333	10.416667	0	0	0	5.208333	0	0	0	0	0	5.208333	0	0	7.8125	0	5.208333	2.604167	0	0	0	0	0	0	0	0	0	5.208333	2.604167	0	0	0	0	0	10.416667	0	5.208333	0	0	0	0	5.208333	0	0	2.604167	7.8125	0	0	0	0	0	0	13.020833	0	0	5.208333	0	0	0	0	0	0	0	0	0	0	0	0	0	0	0	0	0	0	0	0	0	0	0	0	161.458333	23.4375	325.520833	125	122.395833	44.270833	151.041667	101.5625	13.020833	7.8125	18.229167	0	0	7.8125	28.645833	7.8125	13.020833	0	54.6875	0
39985_composicao_gpt-5.6-sol.txt	menores_notas_gpt	104.477612	4.975124	67.164179	4.975124	2.487562	7.462687	4.975124	0	0	0	0	2.487562	2.487562	4.975124	0	2.487562	2.487562	0	0	4.975124	4.975124	0	0	0	12.437811	9.950249	0	0	9.950249	9.950249	300.995025	174.129353	99.502488	24.875622	12.437811	2.487562	2.487562	62.189055	2.487562	49.751244	29.850746	4.975124	67.164179	0	52.238806	12.437811	37.313433	24.875622	2.487562	0	0	9.950249	14.925373	74.626866	0	19.900498	39.800995	116.915423	24.875622	19.900498	7.462687	7.462687	4.975124	0	2.487562	2.487562	2.487562	14.925373	67.164179	4.975124	2.487562	2.487562	4.975124	2.487562	0	0	9.950249	2.487562	7.462687	2.487562	0	77.114428	9.950249	0	0	2.487562	0	2.487562	0	0	14.925373	0	2.487562	0	0	0	0	12.437811	4.975124	2.487562	37.313433	0	2.487562	22.38806	92.039801	0	12.437811	0	9.950249	0	4.975124	0	4.975124	9.950249	0	7.462687	0	0	0	0	9.950249	0	0	0	0	0	0	0	12.437811	87.064677	2.487562	67.164179	0	42.288557	2.487562	4.975124	2.487562	2.487562	2.487562	7.462687	0	0	0	7.462687	7.462687	24.875622	22.38806	2.487562	0	4.975124	7.462687	0	32.338308	2.487562	0	0	2.487562	0	7.462687	0	0	0	0	0	4.975124	0	0	7.462687	0	0	2.487562	0	0	2.487562	0	0	0	0	0	0	4.975124	2.487562	0	0	0	0	0	17.412935	0	2.487562	0	0	0	0	9.950249	0	0	2.487562	7.462687	0	0	0	0	0	0	12.437811	0	0	0	0	0	0	0	0	0	0	0	0	0	0	0	0	0	0	0	0	0	0	0	0	0	0	0	176.616915	19.900498	310.945274	101.99005	164.179104	42.288557	156.716418	74.626866	17.412935	4.975124	12.437811	0	0	7.462687	37.313433	7.462687	19.900498	0	62.189055	2.487562
40126_composicao_gpt-5.6-sol.txt	menores_notas_gpt	87.209302	8.72093	63.953488	11.627907	2.906977	14.534884	5.813953	0	0	0	0	0	0	2.906977	0	2.906977	0	0	2.906977	8.72093	5.813953	0	2.906977	0	20.348837	0	0	0	0	0	290.697674	110.465116	119.186047	40.697674	5.813953	2.906977	11.627907	66.860465	2.906977	46.511628	11.627907	17.44186	55.232558	2.906977	61.046512	14.534884	31.976744	34.883721	2.906977	2.906977	2.906977	0	5.813953	87.209302	0	17.44186	37.790698	107.55814	31.976744	14.534884	8.72093	8.72093	8.72093	8.72093	17.44186	2.906977	0	8.72093	66.860465	2.906977	0	0	8.72093	2.906977	0	0	2.906977	2.906977	8.72093	0	0	66.860465	5.813953	2.906977	0	2.906977	0	0	0	0	2.906977	0	0	0	0	0	0	20.348837	0	2.906977	43.604651	0	5.813953	34.883721	78.488372	5.813953	11.627907	0	2.906977	0	2.906977	5.813953	2.906977	8.72093	0	5.813953	5.813953	0	0	0	8.72093	0	0	0	0	0	0	2.906977	2.906977	72.674419	5.813953	63.953488	0	66.860465	2.906977	0	5.813953	0	5.813953	5.813953	0	0	0	2.906977	2.906977	58.139535	11.627907	2.906977	0	5.813953	2.906977	0	40.697674	2.906977	5.813953	8.72093	8.72093	5.813953	0	0	0	0	0	0	5.813953	0	0	5.813953	0	2.906977	0	0	0	0	0	0	0	0	0	0	2.906977	0	0	0	0	0	0	5.813953	0	2.906977	0	5.813953	0	0	2.906977	0	0	0	0	0	0	0	0	0	0	5.813953	0	0	0	0	0	0	0	0	0	0	0	0	0	0	0	0	0	0	0	0	0	0	0	0	0	0	0	95.930233	20.348837	322.674419	107.55814	154.069767	29.069767	145.348837	93.023256	20.348837	5.813953	5.813953	0	0	2.906977	40.697674	11.627907	11.627907	5.813953	84.302326	8.72093
40256_composicao_gpt-5.6-sol.txt	menores_notas_gpt	90.634441	6.042296	60.422961	15.10574	9.063444	6.042296	0	0	0	0	0	6.042296	15.10574	0	9.063444	0	3.021148	0	6.042296	3.021148	12.084592	0	6.042296	9.063444	9.063444	6.042296	0	0	6.042296	6.042296	296.072508	117.824773	123.867069	21.148036	21.148036	3.021148	0	75.528701	3.021148	57.401813	15.10574	6.042296	63.444109	9.063444	39.274924	6.042296	36.253776	18.126888	3.021148	0	0	9.063444	9.063444	66.465257	0	21.148036	39.274924	138.97281	24.169184	27.190332	3.021148	6.042296	0	3.021148	33.232628	0	9.063444	9.063444	60.422961	12.084592	6.042296	3.021148	3.021148	0	0	0	6.042296	3.021148	0	6.042296	0	81.570997	3.021148	0	0	6.042296	0	6.042296	0	0	3.021148	0	0	0	12.084592	3.021148	0	36.253776	3.021148	3.021148	42.296073	0	12.084592	27.190332	96.676737	9.063444	30.21148	0	15.10574	0	6.042296	6.042296	3.021148	9.063444	0	3.021148	6.042296	0	0	0	9.063444	0	0	0	0	0	0	6.042296	15.10574	84.592145	15.10574	66.465257	0	57.401813	0	0	0	3.021148	3.021148	9.063444	0	0	6.042296	6.042296	6.042296	39.274924	18.126888	0	0	12.084592	6.042296	0	39.274924	9.063444	0	0	0	0	6.042296	0	0	0	0	0	6.042296	0	6.042296	9.063444	0	3.021148	3.021148	0	0	0	0	0	0	0	0	0	6.042296	0	0	0	0	0	0	6.042296	0	9.063444	0	0	0	0	21.148036	0	0	0	15.10574	0	0	0	0	0	0	9.063444	0	0	0	0	0	0	0	0	0	0	0	0	0	0	0	0	0	0	0	0	0	0	0	0	0	0	0	157.099698	42.296073	302.114804	81.570997	181.268882	39.274924	166.163142	90.634441	42.296073	12.084592	9.063444	0	0	6.042296	48.338369	6.042296	9.063444	6.042296	81.570997	0
40270_composicao_gpt-5.6-sol.txt	menores_notas_gpt	109.725686	4.987531	69.825436	22.44389	9.975062	0	4.987531	0	0	0	0	0	4.987531	2.493766	0	2.493766	4.987531	0	4.987531	4.987531	2.493766	0	4.987531	0	4.987531	0	0	0	0	4.987531	309.226933	157.107232	137.157107	19.950125	9.975062	4.987531	4.987531	57.356608	14.962594	54.862843	24.937656	2.493766	54.862843	0	54.862843	7.481297	44.887781	34.912718	2.493766	2.493766	0	4.987531	14.962594	77.306733	0	19.950125	49.875312	122.194514	22.44389	14.962594	9.975062	2.493766	2.493766	7.481297	2.493766	0	2.493766	12.468828	67.331671	19.950125	0	0	7.481297	0	0	2.493766	2.493766	7.481297	2.493766	0	0	72.319202	12.468828	0	0	2.493766	0	0	0	0	0	0	0	0	0	2.493766	0	19.950125	0	0	39.900249	0	4.987531	19.950125	87.281796	4.987531	14.962594	0	4.987531	0	4.987531	2.493766	2.493766	4.987531	0	2.493766	0	0	0	0	4.987531	0	0	0	0	2.493766	0	2.493766	4.987531	79.800499	19.950125	82.294264	0	52.369077	2.493766	4.987531	2.493766	0	0	7.481297	0	0	4.987531	4.987531	4.987531	32.418953	22.44389	0	7.481297	2.493766	4.987531	0	39.900249	4.987531	4.987531	0	17.456359	0	4.987531	0	0	0	0	0	2.493766	0	0	7.481297	0	4.987531	0	0	0	0	0	0	0	0	0	0	4.987531	0	0	0	0	0	0	32.418953	0	2.493766	0	4.987531	0	0	9.975062	0	0	0	4.987531	0	0	0	0	0	0	4.987531	0	0	0	0	0	0	0	0	0	0	0	0	0	0	0	0	0	0	0	0	0	0	0	0	0	0	0	114.713217	19.950125	314.214464	99.750623	149.625935	24.937656	177.057357	92.269327	19.950125	2.493766	4.987531	0	0	4.987531	44.887781	4.987531	12.468828	2.493766	24.937656	17.456359
40362_composicao_gpt-5.6-sol.txt	menores_notas_gpt	115.819209	2.824859	25.423729	8.474576	8.474576	11.299435	2.824859	0	0	0	0	5.649718	5.649718	2.824859	5.649718	0	0	0	11.299435	0	2.824859	0	11.299435	2.824859	11.299435	11.299435	0	0	11.299435	0	307.909605	127.118644	112.99435	25.423729	11.299435	5.649718	2.824859	59.322034	2.824859	25.423729	11.299435	8.474576	76.271186	0	31.073446	16.949153	39.548023	19.774011	0	0	0	11.299435	5.649718	64.971751	0	25.423729	39.548023	146.892655	28.248588	22.59887	5.649718	11.299435	2.824859	2.824859	48.022599	0	8.474576	16.949153	59.322034	0	8.474576	2.824859	2.824859	5.649718	0	2.824859	5.649718	8.474576	2.824859	5.649718	0	101.694915	0	0	0	5.649718	0	0	0	0	2.824859	2.824859	2.824859	0	0	2.824859	0	11.299435	0	0	56.497175	0	5.649718	16.949153	110.169492	0	11.299435	0	8.474576	0	5.649718	0	2.824859	11.299435	0	2.824859	0	0	0	0	11.299435	0	0	0	0	0	0	0	8.474576	64.971751	2.824859	36.723164	0	50.847458	0	14.124294	2.824859	2.824859	2.824859	5.649718	0	0	22.59887	5.649718	2.824859	48.022599	16.949153	0	0	5.649718	5.649718	0	56.497175	5.649718	2.824859	0	25.423729	0	0	0	0	0	0	0	2.824859	0	2.824859	8.474576	0	0	2.824859	0	0	0	0	0	0	0	0	0	5.649718	0	0	0	0	0	5.649718	25.423729	0	0	0	0	0	5.649718	14.124294	0	0	2.824859	2.824859	0	0	0	0	0	0	2.824859	0	0	0	0	0	0	0	0	0	0	0	0	0	0	0	0	0	0	0	0	0	0	0	0	0	0	0	118.644068	31.073446	307.909605	87.570621	177.966102	39.548023	104.519774	104.519774	11.299435	5.649718	2.824859	0	0	5.649718	56.497175	2.824859	16.949153	0	79.096045	0
40368_composicao_gpt-5.6-sol.txt	menores_notas_gpt	90.116279	5.813953	40.697674	14.534884	17.44186	11.627907	2.906977	2.906977	0	0	0	2.906977	5.813953	2.906977	2.906977	0	2.906977	0	5.813953	2.906977	5.813953	0	5.813953	0	14.534884	5.813953	0	0	5.813953	5.813953	308.139535	151.162791	107.55814	17.44186	17.44186	11.627907	17.44186	49.418605	11.627907	49.418605	14.534884	8.72093	63.953488	0	63.953488	5.813953	49.418605	43.604651	0	17.44186	0	8.72093	0	113.372093	0	31.976744	72.674419	119.186047	17.44186	5.813953	5.813953	17.44186	8.72093	0	29.069767	0	0	11.627907	63.953488	17.44186	8.72093	5.813953	8.72093	2.906977	0	0	8.72093	5.813953	5.813953	5.813953	0	43.604651	5.813953	8.72093	0	2.906977	0	2.906977	0	0	5.813953	0	0	0	0	0	0	26.162791	0	2.906977	37.790698	0	2.906977	26.162791	63.953488	11.627907	14.534884	0	8.72093	0	8.72093	5.813953	0	5.813953	0	11.627907	5.813953	0	0	0	2.906977	2.906977	0	0	0	0	0	8.72093	11.627907	78.488372	11.627907	55.232558	0	69.767442	2.906977	2.906977	0	0	2.906977	5.813953	0	0	8.72093	2.906977	8.72093	66.860465	5.813953	2.906977	0	5.813953	2.906977	0	37.790698	2.906977	5.813953	0	2.906977	0	2.906977	0	0	2.906977	0	0	5.813953	0	0	5.813953	0	0	0	0	0	0	0	0	0	0	0	0	0	2.906977	0	0	0	0	0	11.627907	0	5.813953	0	5.813953	0	0	5.813953	0	0	2.906977	2.906977	0	0	0	0	0	0	8.72093	0	0	0	0	0	0	0	0	0	0	0	0	0	0	0	0	0	0	0	0	0	0	0	0	0	0	0	95.930233	26.162791	313.953488	119.186047	136.627907	46.511628	136.627907	107.55814	26.162791	5.813953	8.72093	0	0	2.906977	40.697674	11.627907	17.44186	5.813953	66.860465	0
40426_composicao_gpt-5.6-sol.txt	menores_notas_gpt	101.190476	29.761905	41.666667	11.904762	5.952381	11.904762	2.97619	0	0	0	0	0	8.928571	0	5.952381	0	2.97619	0	2.97619	5.952381	5.952381	0	2.97619	0	17.857143	2.97619	0	0	2.97619	23.809524	300.595238	89.285714	160.714286	20.833333	0	5.952381	5.952381	41.666667	0	41.666667	23.809524	2.97619	83.333333	0	50.595238	5.952381	29.761905	29.761905	11.904762	5.952381	0	0	11.904762	74.404762	0	14.880952	38.690476	142.857143	17.857143	11.904762	14.880952	11.904762	5.952381	8.928571	23.809524	0	0	17.857143	59.52381	0	5.952381	5.952381	5.952381	8.928571	0	2.97619	8.928571	8.928571	0	2.97619	2.97619	86.309524	5.952381	5.952381	0	2.97619	0	0	0	0	5.952381	2.97619	0	0	2.97619	0	0	11.904762	0	2.97619	38.690476	0	5.952381	20.833333	101.190476	5.952381	5.952381	0	5.952381	0	2.97619	0	5.952381	2.97619	2.97619	2.97619	0	0	0	0	2.97619	0	2.97619	0	2.97619	0	2.97619	0	8.928571	83.333333	0	47.619048	0	56.547619	0	5.952381	2.97619	0	2.97619	8.928571	0	0	2.97619	8.928571	2.97619	38.690476	17.857143	2.97619	0	8.928571	8.928571	0	38.690476	5.952381	0	0	2.97619	0	0	0	0	0	0	0	2.97619	0	0	11.904762	0	0	5.952381	0	0	2.97619	0	0	0	0	0	0	5.952381	2.97619	0	0	0	0	2.97619	23.809524	0	0	0	0	0	0	5.952381	0	0	0	8.928571	0	0	0	0	0	0	5.952381	0	0	0	0	0	0	0	0	0	0	0	0	0	0	0	0	0	0	0	0	0	0	0	0	0	0	0	172.619048	23.809524	324.404762	92.261905	160.714286	32.738095	130.952381	95.238095	11.904762	8.928571	5.952381	0	0	8.928571	38.690476	8.928571	20.833333	5.952381	65.47619	2.97619
40461_composicao_gpt-5.6-sol.txt	menores_notas_gpt	96.385542	9.036145	51.204819	18.072289	9.036145	12.048193	3.012048	0	0	0	0	3.012048	6.024096	0	6.024096	0	0	0	3.012048	3.012048	3.012048	0	3.012048	0	12.048193	3.012048	0	0	3.012048	9.036145	307.228916	147.590361	117.46988	27.108434	21.084337	3.012048	3.012048	63.253012	0	60.240964	9.036145	6.024096	54.216867	3.012048	54.216867	9.036145	42.168675	24.096386	6.024096	3.012048	0	0	9.036145	87.349398	0	33.13253	42.168675	105.421687	27.108434	12.048193	0	6.024096	3.012048	0	18.072289	3.012048	0	6.024096	57.228916	6.024096	3.012048	0	3.012048	0	0	0	0	3.012048	3.012048	0	0	63.253012	12.048193	0	0	0	0	0	0	0	3.012048	0	0	0	0	0	0	30.120482	0	3.012048	48.192771	0	6.024096	21.084337	75.301205	3.012048	21.084337	0	6.024096	0	9.036145	3.012048	6.024096	9.036145	0	3.012048	3.012048	3.012048	0	0	9.036145	0	0	0	0	0	0	3.012048	9.036145	93.373494	3.012048	60.240964	0	54.216867	3.012048	3.012048	0	0	3.012048	0	0	0	6.024096	3.012048	6.024096	51.204819	15.060241	0	0	3.012048	3.012048	0	48.192771	6.024096	6.024096	0	3.012048	0	0	0	0	0	0	0	3.012048	0	0	6.024096	0	0	0	0	0	0	0	0	0	0	0	0	0	3.012048	0	0	0	0	0	6.024096	0	3.012048	0	0	0	0	6.024096	0	0	3.012048	3.012048	0	0	0	0	0	0	6.024096	0	0	3.012048	0	0	0	0	0	0	0	0	0	0	0	0	0	0	0	0	0	0	0	0	0	0	0	0	105.421687	18.072289	316.26506	105.421687	132.53012	42.168675	156.626506	78.313253	30.120482	3.012048	9.036145	0	0	3.012048	54.216867	0	6.024096	6.024096	75.301205	3.012048
40496_composicao_gpt-5.6-sol.txt	menores_notas_gpt	119.047619	5.952381	53.571429	8.928571	0	5.952381	5.952381	0	0	0	0	0	5.952381	0	0	0	5.952381	0	5.952381	0	5.952381	0	5.952381	0	8.928571	0	0	0	0	2.97619	330.357143	110.119048	127.97619	38.690476	14.880952	2.97619	0	83.333333	2.97619	71.428571	23.809524	8.928571	77.380952	11.904762	50.595238	14.880952	35.714286	35.714286	2.97619	11.904762	0	2.97619	14.880952	71.428571	0	29.761905	38.690476	119.047619	26.785714	17.857143	0	2.97619	0	0	14.880952	0	2.97619	5.952381	95.238095	0	5.952381	0	0	0	0	2.97619	2.97619	2.97619	0	0	0	80.357143	8.928571	0	0	2.97619	0	2.97619	0	0	5.952381	0	0	0	0	0	0	23.809524	0	0	32.738095	0	11.904762	26.785714	95.238095	5.952381	17.857143	0	2.97619	0	5.952381	5.952381	5.952381	0	0	5.952381	5.952381	0	0	0	0	0	0	0	0	0	2.97619	5.952381	5.952381	68.452381	11.904762	53.571429	0	62.5	0	0	0	0	0	0	0	0	8.928571	2.97619	2.97619	32.738095	26.785714	0	0	5.952381	2.97619	0	29.761905	8.928571	5.952381	0	0	0	5.952381	0	0	2.97619	0	0	5.952381	0	0	8.928571	0	0	0	0	0	2.97619	0	0	0	0	0	0	0	2.97619	0	0	0	0	0	2.97619	0	0	0	5.952381	0	0	11.904762	0	0	5.952381	0	0	0	0	0	0	0	8.928571	0	0	0	0	0	0	0	0	0	0	0	0	0	0	0	0	0	0	0	0	0	0	0	0	0	0	0	125	17.857143	333.333333	101.190476	157.738095	29.761905	130.952381	77.380952	23.809524	5.952381	8.928571	0	0	2.97619	35.714286	2.97619	5.952381	5.952381	71.428571	2.97619
40523_composicao_gpt-5.6-sol.txt	menores_notas_gpt	99.415205	11.695906	64.327485	2.923977	0	5.847953	2.923977	0	0	0	0	2.923977	0	0	0	0	0	0	8.77193	0	2.923977	0	8.77193	0	5.847953	2.923977	0	0	2.923977	2.923977	324.561404	172.51462	119.883041	32.163743	17.54386	0	2.923977	84.795322	2.923977	78.947368	8.77193	17.54386	49.707602	2.923977	61.403509	17.54386	29.239766	46.783626	2.923977	2.923977	0	0	5.847953	84.795322	0	29.239766	35.087719	119.883041	20.467836	23.391813	5.847953	2.923977	0	0	32.163743	0	5.847953	11.695906	90.643275	2.923977	8.77193	0	5.847953	0	0	0	5.847953	5.847953	2.923977	5.847953	0	76.023392	0	0	0	2.923977	0	0	0	0	5.847953	0	0	0	0	0	0	11.695906	0	5.847953	49.707602	0	5.847953	14.619883	78.947368	5.847953	5.847953	0	0	0	2.923977	5.847953	2.923977	2.923977	0	5.847953	5.847953	0	0	0	2.923977	0	0	0	0	0	0	5.847953	11.695906	84.795322	14.619883	67.251462	0	61.403509	2.923977	2.923977	0	0	2.923977	2.923977	0	0	2.923977	8.77193	5.847953	49.707602	14.619883	0	0	2.923977	8.77193	0	49.707602	2.923977	5.847953	0	2.923977	0	2.923977	0	0	0	0	0	2.923977	0	0	2.923977	0	2.923977	0	0	0	0	0	0	0	0	0	0	2.923977	5.847953	0	0	0	0	0	17.54386	0	2.923977	2.923977	2.923977	0	11.695906	17.54386	0	0	0	0	0	0	0	0	0	0	8.77193	0	0	2.923977	0	0	0	0	0	0	0	0	0	0	0	0	0	0	0	0	0	0	0	0	0	0	0	0	175.438596	29.239766	327.48538	108.187135	154.97076	29.239766	166.666667	81.871345	11.695906	2.923977	8.77193	0	0	8.77193	49.707602	8.77193	11.695906	5.847953	70.175439	2.923977
40617_composicao_gpt-5.6-sol.txt	menores_notas_gpt	87.301587	13.888889	55.555556	3.968254	23.809524	5.952381	5.952381	1.984127	0	0	0	7.936508	15.873016	5.952381	1.984127	5.952381	9.920635	0	1.984127	11.904762	9.920635	0	5.952381	1.984127	17.857143	7.936508	3.968254	0	3.968254	21.825397	253.968254	71.428571	117.063492	61.507937	11.904762	1.984127	5.952381	23.809524	0	23.809524	31.746032	5.952381	75.396825	0	29.761905	19.84127	7.936508	9.920635	5.952381	3.968254	9.920635	3.968254	5.952381	29.761905	0	0	21.825397	180.555556	39.68254	23.809524	21.825397	19.84127	13.888889	13.888889	11.904762	7.936508	1.984127	3.968254	65.47619	11.904762	0	7.936508	17.857143	1.984127	9.920635	0	0	1.984127	0	1.984127	0	35.714286	57.539683	29.761905	7.936508	3.968254	1.984127	3.968254	0	0	1.984127	13.888889	0	0	3.968254	0	0	13.888889	0	3.968254	47.619048	0	5.952381	35.714286	130.952381	0	15.873016	0	21.825397	1.984127	3.968254	0	1.984127	15.873016	1.984127	3.968254	0	0	1.984127	0	13.888889	1.984127	1.984127	1.984127	0	1.984127	0	0	5.952381	65.47619	3.968254	55.555556	0	49.603175	0	11.904762	0	1.984127	0	5.952381	0	0	1.984127	13.888889	1.984127	29.761905	25.793651	0	0	9.920635	13.888889	0	45.634921	5.952381	0	0	45.634921	0	7.936508	0	0	0	0	0	7.936508	1.984127	0	9.920635	0	1.984127	7.936508	0	0	0	1.984127	0	0	0	1.984127	0	7.936508	5.952381	0	0	7.936508	5.952381	0	3.968254	0	0	0	0	0	0	23.809524	0	0	5.952381	9.920635	0	0	0	0	0	0	1.984127	0	0	0	0	0	0	0	0	0	0	0	0	0	0	0	0	0	0	0	0	0	3.968254	0	0	0	0	0	101.190476	81.349206	275.793651	55.555556	222.222222	55.555556	125	73.412698	15.873016	9.920635	1.984127	0	3.968254	13.888889	45.634921	13.888889	3.968254	5.952381	87.301587	45.634921
40688_composicao_gpt-5.6-sol.txt	menores_notas_gpt	87.912088	2.747253	71.428571	8.241758	8.241758	10.989011	2.747253	0	0	0	0	5.494505	2.747253	2.747253	0	0	5.494505	0	5.494505	0	5.494505	0	5.494505	0	5.494505	5.494505	0	0	5.494505	16.483516	318.681319	167.582418	115.384615	16.483516	13.736264	5.494505	2.747253	79.67033	19.230769	79.67033	24.725275	5.494505	65.934066	0	46.703297	8.241758	38.461538	35.714286	2.747253	0	0	0	5.494505	76.923077	0	24.725275	43.956044	120.879121	19.230769	13.736264	2.747253	2.747253	0	0	16.483516	0	0	13.736264	74.175824	8.241758	2.747253	0	2.747253	0	0	0	8.241758	5.494505	0	8.241758	0	63.186813	2.747253	2.747253	0	0	0	0	0	0	5.494505	0	0	5.494505	0	0	0	8.241758	0	2.747253	38.461538	0	8.241758	32.967033	68.681319	0	8.241758	0	5.494505	0	5.494505	2.747253	2.747253	10.989011	0	8.241758	2.747253	0	0	0	10.989011	0	0	0	0	0	0	2.747253	5.494505	74.175824	2.747253	71.428571	0	52.197802	5.494505	8.241758	0	0	2.747253	5.494505	0	0	10.989011	5.494505	5.494505	63.186813	0	0	0	5.494505	5.494505	0	38.461538	8.241758	19.230769	0	2.747253	0	10.989011	0	0	0	0	0	5.494505	0	0	13.736264	0	2.747253	0	0	0	0	0	0	0	0	0	0	5.494505	0	0	0	0	0	0	13.736264	0	0	0	0	0	0	5.494505	0	0	2.747253	8.241758	0	0	0	0	0	0	5.494505	0	0	2.747253	0	0	0	0	0	0	0	0	0	0	0	0	0	0	0	0	0	0	0	0	0	0	0	0	162.087912	21.978022	335.164835	93.406593	153.846154	38.461538	148.351648	90.659341	8.241758	5.494505	5.494505	0	0	5.494505	43.956044	5.494505	13.736264	2.747253	79.67033	2.747253
40690_composicao_gpt-5.6-sol.txt	menores_notas_gpt	85.470085	8.547009	56.980057	5.698006	8.547009	2.849003	2.849003	0	0	0	0	5.698006	2.849003	2.849003	0	2.849003	2.849003	0	0	0	11.396011	0	0	2.849003	2.849003	5.698006	0	0	5.698006	2.849003	319.088319	142.450142	139.60114	19.94302	5.698006	8.547009	11.396011	76.923077	8.547009	59.82906	19.94302	14.245014	65.527066	0	54.131054	8.547009	37.037037	19.94302	2.849003	11.396011	0	0	11.396011	76.923077	0	22.792023	45.584046	122.507123	45.584046	22.792023	5.698006	2.849003	0	2.849003	5.698006	5.698006	5.698006	14.245014	88.319088	0	5.698006	0	5.698006	2.849003	0	0	5.698006	8.547009	0	2.849003	0	68.376068	14.245014	0	0	2.849003	0	2.849003	0	0	11.396011	0	2.849003	0	0	2.849003	0	11.396011	0	5.698006	48.433048	0	11.396011	25.641026	94.017094	0	11.396011	0	5.698006	0	5.698006	5.698006	8.547009	5.698006	0	5.698006	2.849003	0	0	0	5.698006	0	0	0	0	0	2.849003	2.849003	11.396011	68.376068	0	62.678063	0	65.527066	0	5.698006	0	2.849003	0	5.698006	0	0	8.547009	11.396011	11.396011	51.282051	14.245014	0	2.849003	11.396011	11.396011	0	48.433048	11.396011	0	0	34.188034	0	2.849003	0	0	2.849003	0	0	8.547009	0	2.849003	8.547009	0	5.698006	0	0	0	2.849003	0	0	0	0	0	0	5.698006	5.698006	0	0	0	2.849003	0	14.245014	0	2.849003	0	0	0	0	8.547009	0	0	0	2.849003	0	0	0	0	0	0	11.396011	0	0	2.849003	0	0	0	0	0	0	0	0	0	0	0	0	0	0	0	0	0	0	0	0	0	0	0	0	150.997151	22.792023	321.937322	96.866097	173.789174	42.735043	131.054131	113.960114	11.396011	11.396011	11.396011	0	0	11.396011	48.433048	11.396011	14.245014	5.698006	85.470085	37.037037
40765_composicao_gpt-5.6-sol.txt	menores_notas_gpt	109.467456	0	47.337278	5.91716	14.792899	5.91716	2.95858	2.95858	0	0	0	0	8.87574	0	5.91716	0	2.95858	0	8.87574	2.95858	14.792899	0	11.83432	0	8.87574	0	0	0	0	0	307.692308	130.177515	109.467456	35.502959	23.668639	0	2.95858	62.130178	35.502959	53.254438	11.83432	11.83432	73.964497	2.95858	32.544379	14.792899	35.502959	35.502959	2.95858	2.95858	0	5.91716	5.91716	56.213018	0	20.710059	41.420118	150.887574	26.627219	14.792899	2.95858	14.792899	0	5.91716	47.337278	2.95858	0	17.751479	76.923077	2.95858	5.91716	0	2.95858	5.91716	0	0	11.83432	8.87574	5.91716	2.95858	0	76.923077	5.91716	0	0	2.95858	0	2.95858	0	0	2.95858	0	0	0	0	0	0	26.627219	0	0	59.171598	0	2.95858	23.668639	88.757396	5.91716	20.710059	0	11.83432	0	5.91716	2.95858	2.95858	5.91716	0	5.91716	0	0	0	0	5.91716	0	0	0	0	2.95858	0	2.95858	11.83432	94.674556	0	53.254438	0	62.130178	0	5.91716	0	0	2.95858	5.91716	0	0	2.95858	2.95858	5.91716	50.295858	14.792899	0	0	14.792899	2.95858	0	59.171598	2.95858	8.87574	0	0	0	2.95858	0	0	0	0	0	14.792899	0	0	8.87574	0	2.95858	0	0	0	0	0	0	0	0	0	0	2.95858	0	0	0	0	2.95858	2.95858	35.502959	0	5.91716	0	5.91716	0	0	8.87574	0	0	0	8.87574	0	0	0	0	0	0	5.91716	0	0	0	0	0	0	0	0	0	0	0	0	0	0	0	0	0	0	0	0	0	0	0	0	0	0	0	156.804734	38.461538	307.692308	76.923077	174.556213	44.378698	147.928994	88.757396	26.627219	14.792899	5.91716	0	0	2.95858	59.171598	2.95858	26.627219	2.95858	85.798817	0
40803_composicao_gpt-5.6-sol.txt	menores_notas_gpt	97.345133	2.949853	47.19764	8.849558	0	5.899705	5.899705	0	0	0	0	0	5.899705	2.949853	0	0	5.899705	0	2.949853	5.899705	5.899705	0	2.949853	0	11.79941	0	0	0	0	8.849558	327.433628	156.342183	144.542773	26.548673	11.79941	11.79941	2.949853	82.59587	23.59882	85.545723	29.498525	11.79941	91.445428	14.749263	41.297935	11.79941	58.99705	2.949853	5.899705	2.949853	0	0	14.749263	73.746313	2.949853	44.247788	61.946903	123.893805	20.648968	11.79941	2.949853	2.949853	2.949853	0	61.946903	2.949853	2.949853	17.699115	103.244838	2.949853	8.849558	2.949853	2.949853	0	0	2.949853	8.849558	8.849558	2.949853	5.899705	0	88.495575	0	0	0	2.949853	0	2.949853	0	0	2.949853	0	0	5.899705	2.949853	0	0	17.699115	2.949853	2.949853	38.348083	0	5.899705	23.59882	94.39528	0	17.699115	0	5.899705	0	8.849558	8.849558	2.949853	2.949853	0	2.949853	5.899705	0	0	0	2.949853	0	0	0	0	2.949853	0	5.899705	11.79941	82.59587	2.949853	47.19764	0	67.846608	0	2.949853	0	0	0	5.899705	0	0	5.899705	8.849558	5.899705	50.147493	17.699115	0	0	5.899705	8.849558	0	35.39823	5.899705	2.949853	0	0	0	8.849558	0	0	0	0	0	2.949853	0	0	2.949853	0	2.949853	2.949853	0	0	0	0	0	0	0	0	0	5.899705	2.949853	0	0	0	0	0	20.648968	0	0	0	5.899705	0	0	8.849558	0	0	0	5.899705	0	0	0	0	0	0	8.849558	0	0	0	0	0	0	0	0	0	0	0	0	0	0	0	0	0	0	0	0	0	0	0	0	0	0	0	147.492625	17.699115	336.283186	100.294985	162.241888	38.348083	132.743363	88.495575	20.648968	5.899705	8.849558	0	0	8.849558	35.39823	2.949853	20.648968	8.849558	67.846608	0
40865_composicao_gpt-5.6-sol.txt	menores_notas_gpt	109.243697	8.403361	47.619048	11.204482	2.80112	8.403361	5.602241	0	0	0	0	2.80112	8.403361	2.80112	2.80112	2.80112	5.602241	0	2.80112	0	11.204482	0	0	2.80112	8.403361	2.80112	0	0	2.80112	14.005602	310.92437	168.067227	126.05042	22.408964	11.204482	2.80112	5.602241	44.817927	5.602241	64.42577	19.607843	14.005602	84.033613	22.408964	30.812325	8.403361	42.016807	25.210084	0	2.80112	0	0	2.80112	72.829132	0	28.011204	44.817927	114.845938	16.806723	14.005602	5.602241	5.602241	2.80112	0	16.806723	0	2.80112	11.204482	61.62465	8.403361	0	0	8.403361	2.80112	0	2.80112	5.602241	2.80112	2.80112	2.80112	2.80112	58.823529	19.607843	2.80112	0	2.80112	0	2.80112	0	0	5.602241	0	2.80112	0	0	0	0	11.204482	0	0	44.817927	0	14.005602	19.607843	86.834734	0	11.204482	2.80112	5.602241	0	5.602241	2.80112	11.204482	8.403361	0	0	2.80112	2.80112	0	0	8.403361	0	0	0	0	0	0	0	11.204482	81.232493	5.602241	50.420168	0	44.817927	2.80112	8.403361	0	2.80112	0	0	0	0	2.80112	5.602241	5.602241	30.812325	22.408964	0	0	11.204482	5.602241	2.80112	44.817927	11.204482	0	0	0	0	5.602241	0	0	0	0	0	8.403361	0	2.80112	8.403361	0	0	0	0	0	0	0	0	0	0	0	2.80112	0	5.602241	0	0	0	0	0	25.210084	0	0	0	0	0	0	11.204482	0	0	2.80112	5.602241	0	0	0	0	0	0	5.602241	0	0	2.80112	0	0	0	0	0	0	0	0	0	0	0	0	0	0	0	0	0	0	0	0	0	0	0	0	117.647059	28.011204	324.929972	84.033613	173.669468	42.016807	142.857143	72.829132	11.204482	11.204482	8.403361	0	0	5.602241	56.022409	5.602241	14.005602	2.80112	78.431373	0
40869_composicao_gpt-5.6-sol.txt	menores_notas_gpt	74.86631	2.673797	56.149733	8.02139	8.02139	13.368984	2.673797	0	0	0	0	2.673797	8.02139	0	2.673797	0	5.347594	0	2.673797	2.673797	8.02139	0	2.673797	0	8.02139	5.347594	0	0	5.347594	2.673797	318.181818	149.73262	125.668449	18.716578	16.042781	0	5.347594	61.497326	0	56.149733	5.347594	18.716578	69.518717	0	56.149733	8.02139	50.802139	32.085561	0	5.347594	0	0	2.673797	90.909091	0	40.106952	64.171123	112.299465	26.737968	13.368984	8.02139	13.368984	2.673797	0	26.737968	2.673797	2.673797	16.042781	64.171123	2.673797	2.673797	8.02139	5.347594	2.673797	5.347594	0	8.02139	8.02139	0	2.673797	0	64.171123	8.02139	5.347594	0	0	0	2.673797	0	0	5.347594	0	0	0	0	2.673797	0	10.695187	0	0	69.518717	0	2.673797	26.737968	80.213904	0	16.042781	0	5.347594	2.673797	10.695187	0	5.347594	10.695187	0	5.347594	0	0	0	0	10.695187	0	0	0	0	0	2.673797	0	5.347594	74.86631	2.673797	56.149733	0	56.149733	0	5.347594	2.673797	0	2.673797	5.347594	0	0	8.02139	10.695187	5.347594	50.802139	8.02139	0	0	8.02139	10.695187	0	58.823529	5.347594	2.673797	0	2.673797	0	0	0	0	0	0	0	5.347594	0	0	5.347594	0	8.02139	2.673797	0	0	0	0	0	0	0	0	0	10.695187	0	0	0	8.02139	0	0	21.390374	0	5.347594	2.673797	0	0	0	8.02139	0	0	2.673797	5.347594	0	0	0	0	0	0	5.347594	0	0	0	0	0	0	0	0	0	0	0	0	0	0	0	0	0	0	0	0	0	0	0	0	0	0	0	133.68984	24.064171	320.855615	104.278075	157.754011	42.780749	133.68984	96.256684	16.042781	8.02139	5.347594	0	0	10.695187	64.171123	10.695187	16.042781	0	98.930481	2.673797
40887_composicao_gpt-5.6-sol.txt	menores_notas_gpt	76.335878	12.722646	58.524173	15.267176	10.178117	10.178117	2.544529	0	0	0	0	0	2.544529	0	0	0	2.544529	0	2.544529	0	5.089059	0	2.544529	5.089059	7.633588	0	0	0	0	17.811705	333.333333	178.117048	114.503817	35.62341	15.267176	7.633588	5.089059	58.524173	2.544529	43.256997	17.811705	12.722646	96.692112	2.544529	66.157761	7.633588	40.712468	22.900763	10.178117	12.722646	0	5.089059	12.722646	94.147583	0	20.356234	55.979644	111.959288	22.900763	12.722646	10.178117	20.356234	5.089059	7.633588	27.989822	0	10.178117	7.633588	66.157761	2.544529	2.544529	0	10.178117	0	0	2.544529	5.089059	2.544529	5.089059	2.544529	0	55.979644	7.633588	0	0	5.089059	0	0	0	0	10.178117	0	2.544529	5.089059	2.544529	2.544529	5.089059	2.544529	2.544529	0	43.256997	2.544529	7.633588	12.722646	68.70229	0	2.544529	0	5.089059	0	2.544529	5.089059	2.544529	5.089059	0	7.633588	5.089059	0	0	0	5.089059	0	0	0	0	0	0	2.544529	7.633588	86.513995	22.900763	66.157761	0	50.890585	2.544529	2.544529	2.544529	2.544529	0	2.544529	0	0	2.544529	2.544529	5.089059	43.256997	12.722646	0	5.089059	5.089059	2.544529	0	45.801527	5.089059	0	0	0	0	2.544529	0	0	0	0	0	2.544529	0	2.544529	7.633588	0	2.544529	0	0	0	0	0	0	0	0	0	0	2.544529	0	0	0	0	0	0	7.633588	0	2.544529	0	0	0	2.544529	22.900763	0	0	0	2.544529	0	0	0	0	0	0	7.633588	0	0	0	0	0	0	0	0	0	0	0	0	0	0	0	0	0	0	0	0	0	0	0	0	0	0	0	89.058524	10.178117	351.145038	111.959288	137.40458	30.534351	175.572519	78.880407	5.089059	7.633588	7.633588	0	0	2.544529	53.435115	5.089059	12.722646	5.089059	66.157761	0
40898_composicao_gpt-5.6-sol.txt	menores_notas_gpt	100	10.526316	65.789474	7.894737	7.894737	5.263158	7.894737	0	0	0	0	0	0	0	0	0	0	0	5.263158	0	7.894737	0	5.263158	0	2.631579	0	0	0	0	23.684211	307.894737	157.894737	126.315789	28.947368	23.684211	7.894737	2.631579	68.421053	18.421053	65.789474	47.368421	10.526316	71.052632	5.263158	52.631579	10.526316	36.842105	23.684211	5.263158	7.894737	0	0	13.157895	68.421053	0	26.315789	39.473684	107.894737	31.578947	18.421053	5.263158	2.631579	5.263158	0	34.210526	2.631579	0	13.157895	39.473684	7.894737	7.894737	0	5.263158	0	2.631579	0	5.263158	5.263158	2.631579	2.631579	0	71.052632	13.157895	0	0	2.631579	0	2.631579	0	0	0	0	2.631579	0	0	0	0	5.263158	0	2.631579	39.473684	0	2.631579	39.473684	89.473684	0	15.789474	0	7.894737	5.263158	5.263158	0	5.263158	2.631579	0	5.263158	0	0	0	0	0	2.631579	0	0	0	0	0	0	2.631579	78.947368	2.631579	65.789474	0	60.526316	0	0	2.631579	0	2.631579	7.894737	0	0	5.263158	2.631579	5.263158	39.473684	21.052632	0	0	5.263158	2.631579	0	39.473684	2.631579	10.526316	0	0	0	0	0	0	0	0	0	5.263158	0	0	15.789474	0	2.631579	0	0	0	0	0	0	0	0	0	0	2.631579	0	0	0	0	0	0	21.052632	0	0	0	5.263158	0	0	7.894737	0	0	0	0	0	0	0	0	0	0	5.263158	0	0	0	0	0	0	0	0	0	0	0	0	0	0	0	0	0	0	0	0	0	0	0	0	0	0	0	176.315789	15.789474	331.578947	92.105263	139.473684	34.210526	144.736842	86.842105	15.789474	5.263158	5.263158	0	0	2.631579	39.473684	2.631579	13.157895	0	81.578947	0
40906_composicao_gpt-5.6-sol.txt	menores_notas_gpt	127.906977	14.534884	72.674419	5.813953	2.906977	2.906977	2.906977	0	0	0	0	0	8.72093	0	2.906977	0	5.813953	0	0	0	2.906977	0	0	0	2.906977	0	0	0	0	5.813953	313.953488	127.906977	104.651163	29.069767	17.44186	2.906977	2.906977	63.953488	5.813953	55.232558	14.534884	14.534884	58.139535	17.44186	40.697674	8.72093	31.976744	26.162791	0	8.72093	0	0	5.813953	66.860465	0	17.44186	40.697674	104.651163	14.534884	14.534884	5.813953	11.627907	0	0	17.44186	0	0	14.534884	81.395349	5.813953	2.906977	8.72093	5.813953	2.906977	0	5.813953	8.72093	2.906977	2.906977	8.72093	0	69.767442	2.906977	0	0	2.906977	0	2.906977	0	0	0	0	2.906977	0	0	0	0	2.906977	0	0	52.325581	0	2.906977	14.534884	78.488372	0	2.906977	0	8.72093	0	5.813953	2.906977	2.906977	2.906977	0	5.813953	2.906977	0	2.906977	0	2.906977	0	0	2.906977	0	0	0	2.906977	14.534884	63.953488	8.72093	72.674419	0	69.767442	0	2.906977	0	0	0	8.72093	0	0	5.813953	2.906977	2.906977	46.511628	23.255814	0	0	2.906977	2.906977	0	52.325581	2.906977	2.906977	0	0	0	5.813953	0	0	0	0	0	2.906977	0	0	8.72093	0	2.906977	0	0	0	0	0	0	0	0	0	0	2.906977	0	0	0	0	5.813953	0	26.162791	0	0	0	2.906977	0	5.813953	8.72093	0	0	2.906977	2.906977	0	0	0	0	0	0	2.906977	0	0	0	0	0	0	0	0	0	0	0	0	0	0	0	0	0	0	0	0	0	0	0	0	0	0	0	142.44186	23.255814	319.767442	81.395349	136.627907	40.697674	145.348837	90.116279	2.906977	2.906977	2.906977	0	0	2.906977	52.325581	2.906977	14.534884	5.813953	69.767442	0
40926_composicao_gpt-5.6-sol.txt	menores_notas_gpt	115.384615	14.792899	50.295858	2.95858	2.95858	2.95858	0	0	0	0	0	2.95858	2.95858	0	0	0	2.95858	0	2.95858	0	11.83432	0	2.95858	2.95858	2.95858	2.95858	0	0	2.95858	5.91716	325.443787	150.887574	118.343195	11.83432	11.83432	5.91716	11.83432	59.171598	2.95858	68.047337	17.751479	8.87574	76.923077	0	41.420118	14.792899	38.461538	26.627219	2.95858	2.95858	2.95858	5.91716	8.87574	71.005917	0	26.627219	53.254438	112.426036	29.585799	35.502959	0	2.95858	0	0	35.502959	5.91716	8.87574	14.792899	56.213018	2.95858	5.91716	2.95858	2.95858	5.91716	0	2.95858	11.83432	2.95858	0	0	0	65.088757	2.95858	0	0	2.95858	0	0	0	0	8.87574	0	2.95858	0	5.91716	0	0	29.585799	0	2.95858	35.502959	2.95858	29.585799	26.627219	68.047337	2.95858	26.627219	0	2.95858	0	11.83432	0	11.83432	5.91716	0	8.87574	0	0	0	0	5.91716	0	0	0	0	0	2.95858	0	26.627219	73.964497	8.87574	53.254438	0	50.295858	2.95858	5.91716	0	2.95858	2.95858	2.95858	0	0	2.95858	2.95858	0	44.378698	14.792899	0	0	11.83432	2.95858	2.95858	35.502959	26.627219	2.95858	0	0	0	2.95858	0	0	0	0	0	8.87574	0	2.95858	8.87574	0	0	0	0	0	0	0	0	0	0	0	0	0	2.95858	0	0	0	0	0	20.710059	0	2.95858	0	0	0	0	2.95858	0	0	2.95858	0	0	0	0	0	0	0	0	0	0	2.95858	0	0	0	0	0	0	0	0	0	0	0	0	0	0	0	0	0	0	0	0	0	0	0	0	130.177515	20.710059	331.360947	94.674556	168.639053	56.213018	133.136095	73.964497	29.585799	11.83432	2.95858	0	0	2.95858	65.088757	2.95858	14.792899	0	94.674556	0
40929_composicao_gpt-5.6-sol.txt	menores_notas_gpt	97.826087	23.913043	43.478261	8.695652	15.217391	10.869565	4.347826	0	0	0	0	6.521739	10.869565	2.173913	8.695652	2.173913	6.521739	0	4.347826	6.521739	2.173913	0	6.521739	0	15.217391	13.043478	0	0	6.521739	45.652174	250	50	163.043478	32.608696	2.173913	10.869565	8.695652	30.434783	2.173913	34.782609	36.956522	4.347826	63.043478	4.347826	36.956522	28.26087	15.217391	4.347826	15.217391	2.173913	6.521739	0	10.869565	43.478261	0	6.521739	41.304348	152.173913	28.26087	30.434783	17.391304	10.869565	6.521739	23.913043	19.565217	0	6.521739	6.521739	67.391304	10.869565	4.347826	10.869565	8.695652	4.347826	2.173913	0	4.347826	2.173913	0	2.173913	0	36.956522	43.478261	45.652174	2.173913	4.347826	0	4.347826	0	0	2.173913	0	2.173913	2.173913	2.173913	2.173913	0	4.347826	0	0	28.26087	0	8.695652	28.26087	139.130435	0	4.347826	0	6.521739	0	0	4.347826	8.695652	6.521739	0	6.521739	0	0	0	0	6.521739	0	0	0	0	2.173913	4.347826	2.173913	8.695652	84.782609	10.869565	50	0	43.478261	0	10.869565	0	2.173913	2.173913	6.521739	0	0	0	6.521739	2.173913	19.565217	30.434783	0	0	2.173913	6.521739	0	28.26087	8.695652	2.173913	0	36.956522	0	0	0	0	0	0	2.173913	2.173913	0	0	8.695652	0	0	6.521739	0	0	0	0	0	0	0	0	0	6.521739	0	0	0	0	2.173913	2.173913	4.347826	0	0	0	0	0	0	10.869565	0	0	8.695652	2.173913	0	0	0	0	0	0	4.347826	0	0	0	0	0	0	0	0	0	0	0	0	0	0	0	0	0	0	0	0	0	0	0	0	0	0	0	121.73913	32.608696	295.652174	78.26087	180.434783	34.782609	147.826087	73.913043	4.347826	2.173913	4.347826	0	0	6.521739	28.26087	6.521739	6.521739	0	65.217391	0
40978_composicao_gpt-5.6-sol.txt	menores_notas_gpt	95.081967	6.557377	49.180328	6.557377	9.836066	9.836066	3.278689	0	0	0	0	3.278689	13.114754	0	3.278689	0	9.836066	0	0	3.278689	9.836066	0	0	3.278689	13.114754	3.278689	0	0	3.278689	3.278689	311.47541	147.540984	101.639344	26.229508	6.557377	9.836066	0	78.688525	6.557377	78.688525	13.114754	3.278689	62.295082	0	45.901639	19.672131	52.459016	36.065574	0	0	0	0	3.278689	88.52459	0	32.786885	52.459016	114.754098	22.95082	16.393443	13.114754	3.278689	0	0	39.344262	0	6.557377	13.114754	68.852459	3.278689	6.557377	0	13.114754	6.557377	0	0	9.836066	3.278689	3.278689	0	0	81.967213	3.278689	0	0	3.278689	0	3.278689	0	0	9.836066	0	0	0	0	0	0	13.114754	3.278689	3.278689	36.065574	0	6.557377	19.672131	91.803279	0	13.114754	0	6.557377	0	3.278689	6.557377	6.557377	6.557377	0	6.557377	6.557377	0	0	0	6.557377	0	0	0	0	0	3.278689	6.557377	13.114754	65.57377	6.557377	52.459016	0	55.737705	3.278689	3.278689	0	3.278689	3.278689	3.278689	0	0	6.557377	9.836066	6.557377	49.180328	9.836066	3.278689	0	9.836066	6.557377	0	36.065574	6.557377	3.278689	0	6.557377	0	6.557377	0	0	0	0	0	3.278689	3.278689	3.278689	6.557377	0	3.278689	0	0	0	0	0	0	0	0	0	0	3.278689	3.278689	0	3.278689	0	0	0	19.672131	0	13.114754	0	0	0	0	6.557377	0	0	3.278689	6.557377	0	0	0	0	0	0	6.557377	0	0	0	0	0	0	0	0	0	0	0	0	0	0	0	0	0	0	0	0	0	0	0	0	0	0	0	101.639344	29.508197	314.754098	111.47541	157.377049	49.180328	124.590164	98.360656	16.393443	9.836066	6.557377	0	0	9.836066	36.065574	9.836066	16.393443	9.836066	62.295082	6.557377
41011_composicao_gpt-5.6-sol.txt	menores_notas_gpt	97.297297	2.702703	59.459459	8.108108	13.513514	8.108108	2.702703	0	0	0	0	0	5.405405	0	2.702703	0	2.702703	0	2.702703	0	2.702703	0	5.405405	0	8.108108	0	0	0	0	8.108108	318.918919	110.810811	102.702703	29.72973	21.621622	0	2.702703	54.054054	5.405405	54.054054	13.513514	10.810811	59.459459	2.702703	67.567568	8.108108	45.945946	29.72973	0	8.108108	0	0	8.108108	89.189189	0	24.324324	45.945946	108.108108	13.513514	13.513514	8.108108	8.108108	0	0	8.108108	0	2.702703	8.108108	70.27027	0	2.702703	0	8.108108	0	0	0	2.702703	2.702703	0	2.702703	0	56.756757	8.108108	2.702703	0	2.702703	0	0	0	0	0	2.702703	0	5.405405	0	2.702703	0	2.702703	0	0	48.648649	0	0	21.621622	70.27027	0	2.702703	0	0	0	10.810811	0	8.108108	8.108108	0	8.108108	0	0	0	0	8.108108	0	0	0	0	0	0	2.702703	5.405405	78.378378	0	59.459459	0	62.162162	2.702703	5.405405	0	2.702703	0	5.405405	0	0	8.108108	8.108108	5.405405	43.243243	24.324324	0	0	2.702703	8.108108	0	48.648649	0	5.405405	0	0	0	2.702703	0	0	0	0	0	2.702703	0	0	10.810811	0	5.405405	2.702703	0	0	0	0	2.702703	0	0	0	0	8.108108	0	0	0	0	0	0	27.027027	0	8.108108	0	8.108108	0	0	5.405405	0	0	0	5.405405	0	0	0	0	0	0	5.405405	0	0	0	0	0	0	0	0	0	0	0	0	0	0	0	0	0	0	0	0	0	0	0	0	0	0	0	100	13.513514	327.027027	108.108108	143.243243	40.540541	137.837838	100	2.702703	2.702703	5.405405	0	0	8.108108	51.351351	8.108108	8.108108	0	70.27027	0
41093_composicao_gpt-5.6-sol.txt	menores_notas_gpt	83.832335	2.994012	71.856287	5.988024	14.97006	5.988024	5.988024	0	0	0	0	2.994012	2.994012	0	0	0	2.994012	0	2.994012	2.994012	0	0	2.994012	0	8.982036	2.994012	0	0	2.994012	2.994012	302.39521	158.682635	116.766467	23.952096	11.976048	11.976048	0	80.838323	0	74.850299	17.964072	14.97006	77.844311	11.976048	53.892216	20.958084	38.922156	26.946108	5.988024	5.988024	0	2.994012	17.964072	65.868263	0	32.934132	68.862275	116.766467	32.934132	23.952096	5.988024	2.994012	2.994012	2.994012	2.994012	2.994012	2.994012	2.994012	89.820359	0	8.982036	0	5.988024	0	0	0	2.994012	2.994012	0	0	0	71.856287	0	0	0	2.994012	0	0	0	0	11.976048	5.988024	0	5.988024	0	0	0	11.976048	2.994012	5.988024	20.958084	0	17.964072	23.952096	71.856287	5.988024	5.988024	0	8.982036	0	5.988024	8.982036	5.988024	8.982036	0	8.982036	2.994012	0	0	0	8.982036	0	0	0	0	0	0	8.982036	8.982036	74.850299	38.922156	71.856287	0	56.886228	0	5.988024	2.994012	0	2.994012	2.994012	0	0	11.976048	11.976048	2.994012	41.916168	14.97006	0	0	0	11.976048	0	20.958084	14.97006	0	0	2.994012	0	2.994012	0	0	0	0	0	0	0	0	11.976048	0	2.994012	2.994012	0	0	2.994012	0	0	0	0	0	0	5.988024	5.988024	0	0	0	0	0	2.994012	0	0	0	5.988024	0	0	5.988024	0	0	0	2.994012	0	0	0	0	0	0	2.994012	0	0	0	0	0	0	0	0	0	0	0	0	0	0	0	0	0	0	0	0	0	0	0	0	0	0	0	86.826347	8.982036	305.389222	104.790419	152.694611	53.892216	170.658683	86.826347	14.97006	0	2.994012	0	0	11.976048	20.958084	11.976048	5.988024	2.994012	62.874251	2.994012
41096_composicao_gpt-5.6-sol.txt	menores_notas_gpt	85.714286	5.714286	51.428571	5.714286	8.571429	5.714286	5.714286	0	0	0	0	0	8.571429	0	0	0	8.571429	0	2.857143	5.714286	8.571429	0	2.857143	0	11.428571	0	0	0	0	22.857143	305.714286	157.142857	91.428571	42.857143	31.428571	8.571429	2.857143	85.714286	2.857143	68.571429	14.285714	17.142857	80	0	54.285714	11.428571	34.285714	40	5.714286	5.714286	0	0	8.571429	85.714286	0	31.428571	60	114.285714	51.428571	20	2.857143	2.857143	2.857143	0	11.428571	0	8.571429	22.857143	60	0	5.714286	2.857143	2.857143	0	0	0	11.428571	8.571429	5.714286	8.571429	0	60	5.714286	0	0	8.571429	0	2.857143	0	0	8.571429	0	0	2.857143	2.857143	2.857143	0	14.285714	0	0	48.571429	0	11.428571	20	77.142857	5.714286	11.428571	0	5.714286	0	8.571429	5.714286	5.714286	0	0	5.714286	5.714286	0	0	0	0	0	0	0	0	0	0	5.714286	14.285714	102.857143	2.857143	51.428571	0	45.714286	0	2.857143	0	0	5.714286	2.857143	0	0	2.857143	8.571429	5.714286	31.428571	14.285714	0	0	8.571429	8.571429	0	48.571429	8.571429	0	0	0	0	8.571429	0	0	0	0	0	8.571429	0	0	8.571429	0	2.857143	2.857143	0	0	0	0	0	0	0	0	0	8.571429	0	0	0	0	0	0	20	0	0	2.857143	2.857143	0	0	8.571429	0	0	2.857143	5.714286	0	0	0	0	0	0	11.428571	0	0	0	0	0	0	0	0	0	0	0	0	0	0	0	0	0	0	0	0	0	0	0	0	0	0	0	142.857143	25.714286	328.571429	105.714286	165.714286	34.285714	157.142857	74.285714	17.142857	8.571429	11.428571	0	0	8.571429	48.571429	11.428571	20	5.714286	80	0
45044_composicao_gpt-5.6-sol.txt	menores_notas_gpt	86.513995	2.544529	50.890585	15.267176	2.544529	7.633588	2.544529	0	0	0	0	0	2.544529	0	0	0	2.544529	0	2.544529	0	2.544529	0	2.544529	0	5.089059	0	0	0	0	2.544529	348.600509	173.02799	145.038168	20.356234	10.178117	10.178117	12.722646	89.058524	2.544529	76.335878	20.356234	12.722646	63.613232	7.633588	43.256997	15.267176	33.07888	25.445293	5.089059	7.633588	0	0	17.811705	58.524173	0	20.356234	43.256997	99.236641	20.356234	12.722646	7.633588	5.089059	0	0	17.811705	0	2.544529	10.178117	73.791349	0	2.544529	0	7.633588	2.544529	0	0	0	7.633588	0	0	0	71.246819	0	0	0	2.544529	0	2.544529	0	0	5.089059	0	0	0	0	0	0	15.267176	0	5.089059	40.712468	5.089059	2.544529	30.534351	76.335878	7.633588	30.534351	0	7.633588	0	5.089059	2.544529	5.089059	5.089059	0	5.089059	2.544529	0	0	0	5.089059	0	0	0	0	0	0	2.544529	7.633588	101.78117	17.811705	55.979644	0	55.979644	0	2.544529	0	0	7.633588	7.633588	0	5.089059	12.722646	5.089059	5.089059	50.890585	5.089059	0	0	2.544529	5.089059	0	40.712468	2.544529	7.633588	0	5.089059	0	2.544529	0	0	0	0	0	2.544529	0	0	5.089059	0	2.544529	0	0	0	0	0	0	0	2.544529	0	0	5.089059	0	0	0	0	0	2.544529	12.722646	0	2.544529	0	10.178117	0	0	10.178117	0	0	0	2.544529	0	0	0	0	0	0	5.089059	0	0	0	0	0	0	0	0	0	0	0	0	0	0	0	0	0	0	0	0	0	0	0	0	0	0	0	89.058524	7.633588	351.145038	91.603053	157.760814	35.62341	157.760814	89.058524	38.167939	2.544529	5.089059	0	0	5.089059	45.801527	5.089059	10.178117	2.544529	78.880407	5.089059
45075_composicao_gpt-5.6-sol.txt	menores_notas_gpt	115.869018	12.594458	75.566751	7.556675	5.037783	7.556675	7.556675	0	0	0	0	0	5.037783	2.518892	0	2.518892	2.518892	0	2.518892	2.518892	7.556675	0	2.518892	0	10.075567	0	0	0	0	10.075567	312.342569	113.350126	125.944584	32.745592	15.11335	0	0	83.123426	0	62.972292	37.783375	12.594458	68.010076	22.670025	55.415617	7.556675	47.858942	32.745592	0	2.518892	0	0	5.037783	93.198992	2.518892	30.2267	50.377834	98.236776	22.670025	15.11335	7.556675	12.594458	7.556675	0	42.821159	2.518892	5.037783	12.594458	47.858942	7.556675	2.518892	5.037783	5.037783	0	0	0	5.037783	2.518892	5.037783	2.518892	0	70.528967	10.075567	0	0	0	0	2.518892	0	0	0	0	0	0	0	0	0	2.518892	2.518892	2.518892	32.745592	0	10.075567	30.2267	83.123426	5.037783	2.518892	0	7.556675	0	2.518892	5.037783	2.518892	5.037783	0	5.037783	2.518892	0	0	0	5.037783	0	0	0	0	0	0	5.037783	7.556675	78.085642	10.075567	80.604534	0	57.934509	0	7.556675	0	0	0	2.518892	0	0	0	10.075567	2.518892	47.858942	15.11335	2.518892	0	7.556675	10.075567	0	27.707809	10.075567	0	0	2.518892	0	5.037783	0	0	0	0	0	7.556675	0	0	17.632242	0	2.518892	7.556675	0	0	0	0	0	0	0	0	0	10.075567	0	0	0	0	0	0	7.556675	0	0	0	0	0	0	7.556675	0	0	0	5.037783	0	0	0	0	0	0	7.556675	0	0	0	0	0	0	0	0	0	0	0	0	0	0	0	0	0	0	0	0	0	0	0	0	0	0	0	128.463476	15.11335	319.899244	105.793451	133.501259	27.707809	168.765743	83.123426	10.075567	7.556675	7.556675	0	0	10.075567	35.264484	10.075567	12.594458	2.518892	73.047859	2.518892
45078_composicao_gpt-5.6-sol.txt	menores_notas_gpt	98.958333	13.020833	78.125	10.416667	7.8125	7.8125	2.604167	0	0	0	0	0	5.208333	2.604167	0	0	5.208333	0	0	0	5.208333	0	0	2.604167	7.8125	0	0	0	0	23.4375	296.875	148.4375	111.979167	31.25	10.416667	10.416667	5.208333	65.104167	10.416667	62.5	15.625	5.208333	33.854167	2.604167	59.895833	10.416667	31.25	26.041667	0	2.604167	0	5.208333	7.8125	78.125	0	26.041667	59.895833	106.770833	23.4375	20.833333	10.416667	7.8125	2.604167	0	26.041667	0	0	18.229167	49.479167	2.604167	10.416667	0	7.8125	5.208333	0	2.604167	10.416667	5.208333	2.604167	5.208333	2.604167	67.708333	0	2.604167	0	2.604167	0	2.604167	0	0	0	2.604167	2.604167	0	0	0	0	13.020833	0	2.604167	41.666667	0	0	44.270833	75.520833	0	13.020833	0	7.8125	2.604167	10.416667	0	5.208333	7.8125	0	7.8125	0	2.604167	0	0	7.8125	0	0	0	0	0	0	0	7.8125	85.9375	7.8125	88.541667	0	44.270833	0	2.604167	2.604167	2.604167	0	2.604167	0	0	2.604167	7.8125	7.8125	28.645833	18.229167	5.208333	0	5.208333	7.8125	0	41.666667	0	2.604167	0	2.604167	0	5.208333	0	0	2.604167	0	0	2.604167	0	2.604167	20.833333	0	0	5.208333	0	0	0	2.604167	0	0	0	0	0	7.8125	0	0	0	0	0	0	26.041667	2.604167	2.604167	0	0	0	0	10.416667	0	0	0	5.208333	0	0	0	0	0	0	7.8125	0	0	0	0	0	0	0	0	0	0	0	0	0	0	0	0	0	0	0	0	0	0	0	0	0	0	0	111.979167	13.020833	312.5	104.166667	148.4375	44.270833	182.291667	78.125	13.020833	5.208333	7.8125	0	0	7.8125	49.479167	7.8125	20.833333	2.604167	44.270833	5.208333
45124_composicao_gpt-5.6-sol.txt	menores_notas_gpt	121.95122	12.195122	67.073171	9.146341	3.04878	9.146341	6.097561	0	0	0	0	0	3.04878	0	3.04878	0	0	0	3.04878	3.04878	3.04878	0	0	3.04878	9.146341	0	0	0	0	18.292683	292.682927	97.560976	115.853659	30.487805	6.097561	3.04878	6.097561	48.780488	0	64.02439	18.292683	3.04878	54.878049	0	60.97561	9.146341	36.585366	21.341463	3.04878	0	0	6.097561	9.146341	88.414634	0	12.195122	45.731707	85.365854	30.487805	12.195122	0	9.146341	0	0	24.390244	0	3.04878	12.195122	33.536585	12.195122	3.04878	0	0	0	0	0	9.146341	3.04878	3.04878	0	0	57.926829	21.341463	0	0	3.04878	0	3.04878	0	0	3.04878	0	6.097561	0	0	3.04878	0	9.146341	0	0	27.439024	0	0	33.536585	85.365854	0	9.146341	0	3.04878	3.04878	3.04878	3.04878	3.04878	9.146341	0	3.04878	0	0	0	0	9.146341	0	0	0	0	0	0	3.04878	3.04878	73.170732	18.292683	70.121951	0	60.97561	0	9.146341	0	0	0	9.146341	0	0	0	9.146341	3.04878	45.731707	18.292683	0	0	3.04878	9.146341	0	18.292683	0	6.097561	0	3.04878	3.04878	9.146341	0	0	0	0	0	0	0	3.04878	15.243902	0	0	0	0	0	3.04878	0	0	0	3.04878	0	0	6.097561	3.04878	0	0	0	0	0	3.04878	0	0	0	3.04878	0	0	3.04878	0	0	3.04878	9.146341	0	0	0	0	0	0	6.097561	0	0	0	0	0	0	0	0	0	0	0	0	0	0	0	0	0	0	0	0	0	0	0	0	0	0	0	134.146341	15.243902	314.02439	106.707317	121.95122	27.439024	149.390244	82.317073	9.146341	3.04878	6.097561	0	0	9.146341	18.292683	9.146341	15.243902	0	60.97561	0
45241_composicao_gpt-5.6-sol.txt	menores_notas_gpt	129.277567	15.209125	45.627376	3.802281	3.802281	7.604563	11.406844	0	0	0	0	3.802281	11.406844	3.802281	3.802281	7.604563	3.802281	0	7.604563	0	3.802281	0	7.604563	0	7.604563	3.802281	0	3.802281	0	64.638783	231.939163	60.836502	193.91635	30.418251	3.802281	0	3.802281	15.209125	11.406844	11.406844	11.406844	0	95.057034	0	38.022814	22.813688	0	15.209125	7.604563	0	0	0	15.209125	22.813688	0	0	7.604563	159.695817	15.209125	15.209125	3.802281	7.604563	11.406844	19.011407	22.813688	0	7.604563	7.604563	76.045627	7.604563	0	7.604563	0	3.802281	0	0	7.604563	0	0	0	0	19.011407	60.836502	38.022814	0	15.209125	0	3.802281	0	0	0	7.604563	0	0	0	0	0	3.802281	0	0	45.627376	0	0	19.011407	136.882129	3.802281	3.802281	0	15.209125	0	0	0	7.604563	19.011407	0	3.802281	0	0	0	0	15.209125	3.802281	0	0	0	0	0	0	7.604563	76.045627	3.802281	49.429658	0	38.022814	0	15.209125	3.802281	0	0	3.802281	3.802281	0	0	11.406844	3.802281	26.61597	19.011407	0	0	3.802281	11.406844	0	45.627376	0	7.604563	0	49.429658	0	3.802281	0	0	0	0	0	3.802281	0	0	7.604563	0	3.802281	3.802281	0	0	0	0	0	0	0	0	0	7.604563	3.802281	0	0	0	0	3.802281	7.604563	0	0	0	0	0	0	19.011407	0	0	3.802281	7.604563	0	0	0	0	0	0	3.802281	0	0	0	0	0	0	0	0	0	0	0	0	0	0	0	0	0	0	0	0	0	0	0	0	0	0	0	144.486692	30.418251	296.577947	60.836502	190.114068	45.627376	129.277567	79.847909	7.604563	3.802281	3.802281	0	0	11.406844	41.825095	11.406844	7.604563	0	64.638783	49.429658
45268_composicao_gpt-5.6-sol.txt	menores_notas_gpt	104.166667	10.416667	57.291667	7.8125	13.020833	5.208333	2.604167	0	0	0	0	0	0	2.604167	0	2.604167	0	0	5.208333	2.604167	13.020833	0	5.208333	0	7.8125	0	0	0	0	5.208333	276.041667	143.229167	122.395833	23.4375	18.229167	2.604167	7.8125	62.5	5.208333	49.479167	13.020833	15.625	67.708333	7.8125	39.0625	10.416667	28.645833	26.041667	0	2.604167	0	0	2.604167	65.104167	0	23.4375	46.875	119.791667	28.645833	20.833333	5.208333	5.208333	0	0	18.229167	2.604167	7.8125	13.020833	54.6875	2.604167	5.208333	5.208333	5.208333	0	0	5.208333	5.208333	7.8125	5.208333	2.604167	0	75.520833	0	0	0	0	0	2.604167	0	0	7.8125	0	0	0	0	2.604167	2.604167	36.458333	0	2.604167	44.270833	0	5.208333	26.041667	78.125	13.020833	23.4375	0	13.020833	0	18.229167	2.604167	5.208333	2.604167	2.604167	10.416667	0	0	5.208333	0	2.604167	0	2.604167	5.208333	0	0	2.604167	2.604167	20.833333	91.145833	15.625	57.291667	0	52.083333	2.604167	2.604167	0	0	0	5.208333	0	0	7.8125	10.416667	2.604167	49.479167	7.8125	0	0	13.020833	10.416667	0	39.0625	2.604167	5.208333	0	0	0	2.604167	0	0	0	0	0	13.020833	0	0	7.8125	0	5.208333	2.604167	0	0	0	0	0	0	0	0	0	7.8125	2.604167	0	0	0	0	0	10.416667	0	5.208333	0	0	0	2.604167	10.416667	0	0	0	2.604167	0	0	0	0	0	0	2.604167	0	0	0	0	0	0	0	0	0	0	0	0	0	0	0	0	0	0	0	0	0	0	0	0	0	0	0	114.583333	36.458333	322.916667	78.125	161.458333	52.083333	161.458333	83.333333	36.458333	13.020833	2.604167	0	0	10.416667	41.666667	10.416667	15.625	7.8125	75.520833	0
45357_composicao_gpt-5.6-sol.txt	menores_notas_gpt	97.560976	5.420054	70.460705	8.130081	2.710027	8.130081	0	2.710027	0	0	0	0	5.420054	0	0	0	5.420054	0	5.420054	0	8.130081	0	5.420054	2.710027	5.420054	0	0	0	0	10.840108	330.623306	184.281843	105.691057	35.230352	29.810298	0	0	86.720867	5.420054	73.170732	10.840108	13.550136	84.01084	24.390244	62.330623	8.130081	67.750678	46.070461	0	5.420054	0	0	5.420054	111.111111	0	48.780488	73.170732	105.691057	24.390244	10.840108	2.710027	2.710027	0	0	18.97019	0	5.420054	8.130081	29.810298	5.420054	2.710027	2.710027	5.420054	2.710027	0	0	5.420054	5.420054	0	0	0	65.04065	10.840108	0	0	2.710027	0	2.710027	0	0	2.710027	0	0	2.710027	0	2.710027	2.710027	13.550136	0	0	18.97019	0	5.420054	18.97019	81.300813	2.710027	10.840108	2.710027	10.840108	2.710027	2.710027	0	5.420054	0	0	8.130081	0	0	0	0	0	0	0	0	0	0	0	0	13.550136	81.300813	2.710027	75.880759	0	62.330623	0	0	0	0	0	5.420054	0	0	5.420054	8.130081	5.420054	51.490515	10.840108	0	0	8.130081	8.130081	0	18.97019	5.420054	2.710027	0	0	0	5.420054	0	0	2.710027	0	0	5.420054	0	0	5.420054	0	2.710027	2.710027	0	0	0	0	0	0	0	0	0	5.420054	2.710027	0	0	0	0	0	5.420054	0	0	0	5.420054	0	0	5.420054	0	0	2.710027	2.710027	0	0	0	0	0	0	5.420054	0	0	0	0	0	0	0	0	0	0	0	0	0	0	0	0	0	0	0	0	0	0	0	0	0	0	0	102.98103	18.97019	341.463415	124.661247	130.081301	35.230352	159.891599	75.880759	13.550136	8.130081	5.420054	0	0	8.130081	21.680217	8.130081	10.840108	0	46.070461	2.710027
45389_composicao_gpt-5.6-sol.txt	menores_notas_gpt	69.970845	5.830904	72.886297	11.661808	8.746356	8.746356	2.915452	0	0	0	0	0	2.915452	0	0	0	2.915452	0	2.915452	0	5.830904	0	2.915452	0	5.830904	2.915452	0	0	2.915452	0	326.530612	142.857143	134.110787	29.154519	26.239067	2.915452	2.915452	90.379009	5.830904	64.139942	17.492711	5.830904	87.463557	0	26.239067	23.323615	46.64723	29.154519	2.915452	0	0	5.830904	5.830904	67.055394	0	34.985423	49.562682	128.279883	40.816327	23.323615	11.661808	5.830904	0	8.746356	52.478134	0	2.915452	20.408163	72.886297	2.915452	8.746356	0	8.746356	2.915452	0	0	11.661808	2.915452	5.830904	11.661808	0	90.379009	5.830904	0	0	2.915452	0	0	0	0	5.830904	2.915452	0	5.830904	0	0	2.915452	29.154519	0	2.915452	40.816327	0	5.830904	32.069971	99.125364	5.830904	20.408163	0	2.915452	0	5.830904	0	5.830904	5.830904	0	2.915452	0	0	0	0	5.830904	0	0	0	0	0	0	5.830904	11.661808	61.22449	14.577259	72.886297	0	55.393586	2.915452	5.830904	2.915452	0	2.915452	2.915452	0	0	5.830904	14.577259	2.915452	46.64723	11.661808	0	0	5.830904	14.577259	0	40.816327	5.830904	5.830904	0	0	0	2.915452	0	0	2.915452	0	0	5.830904	0	0	8.746356	0	5.830904	0	0	0	0	2.915452	0	2.915452	0	0	0	11.661808	2.915452	0	0	0	0	0	34.985423	0	0	0	0	0	0	5.830904	0	0	0	2.915452	0	0	0	0	0	0	2.915452	0	0	0	0	0	0	0	0	0	0	0	0	0	0	0	0	0	0	0	0	0	0	0	0	0	0	0	148.688047	11.661808	326.530612	96.209913	186.588921	37.900875	142.857143	96.209913	29.154519	5.830904	2.915452	0	0	14.577259	40.816327	14.577259	20.408163	0	78.717201	0
45519_composicao_gpt-5.6-sol.txt	menores_notas_gpt	124.65374	11.080332	58.171745	2.770083	5.540166	2.770083	2.770083	0	0	0	0	5.540166	2.770083	0	0	0	2.770083	0	2.770083	2.770083	8.310249	0	2.770083	5.540166	5.540166	8.310249	0	0	8.310249	8.310249	221.606648	157.894737	108.033241	19.390582	8.310249	0	2.770083	66.481994	0	63.711911	19.390582	2.770083	80.33241	24.930748	38.781163	8.310249	52.631579	24.930748	2.770083	2.770083	0	2.770083	11.080332	80.33241	0	41.551247	58.171745	127.423823	24.930748	8.310249	0	8.310249	2.770083	2.770083	33.240997	2.770083	0	13.850416	72.022161	2.770083	2.770083	2.770083	5.540166	2.770083	0	2.770083	8.310249	5.540166	0	8.310249	0	58.171745	16.620499	2.770083	0	2.770083	0	2.770083	0	0	5.540166	0	0	0	0	0	0	27.700831	0	2.770083	44.32133	0	0	33.240997	83.102493	5.540166	22.160665	0	8.310249	0	8.310249	2.770083	5.540166	8.310249	0	5.540166	2.770083	0	0	0	8.310249	0	0	0	0	2.770083	0	2.770083	0	85.872576	19.390582	63.711911	0	47.091413	0	0	0	0	0	8.310249	0	0	2.770083	8.310249	5.540166	36.01108	11.080332	0	0	8.310249	8.310249	2.770083	44.32133	0	0	0	2.770083	0	2.770083	0	0	0	0	0	5.540166	0	2.770083	16.620499	0	0	0	0	2.770083	0	0	0	0	0	0	0	2.770083	2.770083	0	0	0	2.770083	0	19.390582	0	0	0	0	0	0	16.620499	0	0	0	2.770083	0	0	0	0	0	0	11.080332	0	0	0	0	0	0	0	0	0	0	0	0	0	0	0	0	0	0	0	0	0	0	0	0	0	0	0	135.734072	19.390582	301.939058	96.952909	166.204986	38.781163	160.66482	63.711911	27.700831	8.310249	11.080332	0	0	8.310249	44.32133	2.770083	13.850416	5.540166	77.562327	2.770083
45531_composicao_gpt-5.6-sol.txt	menores_notas_gpt	110.497238	2.762431	74.585635	2.762431	8.287293	11.049724	0	0	0	0	0	2.762431	2.762431	0	0	0	2.762431	0	0	0	8.287293	2.762431	0	0	8.287293	2.762431	0	0	2.762431	19.337017	317.679558	168.508287	127.071823	22.099448	8.287293	8.287293	11.049724	102.209945	8.287293	96.685083	19.337017	19.337017	44.198895	5.524862	38.674033	8.287293	52.486188	30.38674	11.049724	0	0	2.762431	8.287293	82.872928	0	38.674033	52.486188	110.497238	19.337017	8.287293	8.287293	5.524862	5.524862	0	35.911602	2.762431	2.762431	11.049724	58.01105	5.524862	2.762431	0	5.524862	2.762431	0	0	5.524862	5.524862	0	5.524862	0	60.773481	2.762431	0	0	0	0	2.762431	0	0	13.812155	0	0	2.762431	0	0	0	13.812155	0	0	30.38674	2.762431	11.049724	22.099448	66.298343	0	13.812155	0	5.524862	0	5.524862	5.524862	8.287293	8.287293	0	5.524862	5.524862	0	0	0	8.287293	0	0	0	0	0	2.762431	2.762431	8.287293	77.348066	5.524862	74.585635	0	55.248619	0	2.762431	2.762431	0	2.762431	2.762431	0	0	5.524862	8.287293	2.762431	41.436464	13.812155	0	0	8.287293	8.287293	2.762431	27.624309	11.049724	0	0	0	0	2.762431	0	0	0	0	0	8.287293	0	0	8.287293	0	0	2.762431	0	0	2.762431	0	0	0	0	0	0	2.762431	5.524862	0	0	0	2.762431	0	19.337017	0	0	0	0	0	0	5.524862	0	0	2.762431	0	0	0	0	0	0	0	5.524862	0	0	0	0	0	0	0	0	0	0	0	0	0	0	0	0	0	0	0	0	0	0	0	0	0	0	0	113.259669	16.574586	334.254144	99.447514	140.883978	38.674033	157.458564	82.872928	13.812155	8.287293	5.524862	0	0	8.287293	30.38674	8.287293	11.049724	8.287293	66.298343	0
45638_composicao_gpt-5.6-sol.txt	menores_notas_gpt	103.746398	2.881844	72.04611	5.763689	2.881844	5.763689	5.763689	0	0	0	0	0	11.527378	0	2.881844	0	5.763689	0	5.763689	0	2.881844	0	5.763689	0	2.881844	0	0	0	0	11.527378	331.412104	158.501441	144.092219	34.582133	17.291066	0	2.881844	97.982709	0	63.400576	28.818444	11.527378	66.282421	23.054755	63.400576	11.527378	48.991354	43.227666	0	2.881844	0	0	8.645533	106.628242	0	46.10951	57.636888	106.628242	11.527378	14.409222	5.763689	5.763689	2.881844	2.881844	43.227666	0	5.763689	11.527378	83.573487	0	2.881844	2.881844	2.881844	0	0	5.763689	5.763689	5.763689	0	0	0	63.400576	5.763689	2.881844	0	2.881844	0	0	0	0	2.881844	0	0	0	0	0	0	8.645533	2.881844	2.881844	40.345821	0	11.527378	25.936599	74.927954	0	8.645533	0	8.645533	0	2.881844	2.881844	5.763689	2.881844	0	0	2.881844	0	0	0	2.881844	0	0	0	0	0	0	2.881844	8.645533	51.873199	11.527378	74.927954	0	69.164265	0	2.881844	0	0	2.881844	5.763689	0	0	0	5.763689	5.763689	48.991354	20.172911	0	0	2.881844	5.763689	0	40.345821	11.527378	2.881844	0	0	0	8.645533	0	0	0	0	0	2.881844	0	0	11.527378	0	2.881844	5.763689	0	0	0	0	0	0	0	0	0	8.645533	0	0	0	0	0	0	28.818444	0	5.763689	0	0	0	0	20.172911	0	0	2.881844	8.645533	0	0	0	0	2.881844	0	5.763689	0	0	0	0	0	0	0	0	0	0	0	0	0	0	0	0	0	0	0	0	0	0	0	0	0	0	0	106.628242	17.291066	342.939481	126.801153	141.210375	31.700288	132.564841	92.21902	11.527378	2.881844	8.645533	0	0	8.645533	46.10951	14.409222	11.527378	2.881844	77.809798	0
45667_composicao_gpt-5.6-sol.txt	menores_notas_gpt	94.707521	16.713092	64.066852	11.142061	5.571031	8.356546	0	0	0	0	0	0	2.785515	0	0	0	5.571031	0	2.785515	0	2.785515	0	2.785515	0	8.356546	0	0	0	0	13.927577	309.192201	169.916435	100.278552	22.284123	19.498607	2.785515	5.571031	52.924791	5.571031	61.281337	19.498607	19.498607	55.710306	0	41.78273	8.356546	36.211699	25.069638	8.356546	8.356546	0	2.785515	13.927577	64.066852	0	25.069638	50.139276	111.420613	30.640669	19.498607	2.785515	5.571031	2.785515	0	5.571031	0	2.785515	16.713092	77.994429	2.785515	2.785515	2.785515	2.785515	8.356546	2.785515	0	8.356546	8.356546	0	0	0	66.852368	11.142061	0	0	2.785515	0	0	0	0	2.785515	5.571031	0	0	0	0	0	13.927577	0	5.571031	38.997214	0	5.571031	16.713092	80.779944	2.785515	13.927577	0	11.142061	0	13.927577	2.785515	5.571031	13.927577	0	8.356546	0	0	2.785515	0	11.142061	2.785515	0	2.785515	0	2.785515	0	0	16.713092	72.423398	2.785515	66.852368	0	58.495822	5.571031	2.785515	2.785515	5.571031	2.785515	8.356546	0	0	8.356546	0	5.571031	44.568245	19.498607	0	0	2.785515	0	0	30.640669	2.785515	2.785515	0	0	0	5.571031	0	0	0	0	0	2.785515	0	0	8.356546	0	0	0	0	0	0	0	0	0	0	0	0	0	0	0	0	0	0	0	22.284123	0	8.356546	0	2.785515	0	0	2.785515	0	0	2.785515	2.785515	0	0	0	0	0	0	5.571031	0	0	0	0	0	0	0	0	0	0	0	0	0	0	0	0	0	0	0	0	0	0	0	0	0	0	0	175.487465	8.356546	323.119777	86.350975	150.417827	58.495822	142.061281	100.278552	16.713092	2.785515	5.571031	0	0	0	38.997214	0	16.713092	5.571031	61.281337	2.785515
45746_composicao_gpt-5.6-sol.txt	menores_notas_gpt	94.285714	14.285714	54.285714	2.857143	0	8.571429	2.857143	0	0	0	0	0	5.714286	0	0	0	5.714286	0	0	2.857143	5.714286	0	0	0	11.428571	0	0	0	0	28.571429	300	80	157.142857	28.571429	17.142857	8.571429	0	65.714286	2.857143	31.428571	31.428571	17.142857	85.714286	2.857143	57.142857	14.285714	37.142857	31.428571	0	8.571429	0	0	8.571429	85.714286	0	25.714286	74.285714	125.714286	28.571429	17.142857	2.857143	0	0	2.857143	25.714286	0	0	17.142857	65.714286	5.714286	2.857143	0	2.857143	0	0	0	11.428571	5.714286	0	0	0	62.857143	17.142857	0	0	2.857143	0	5.714286	0	0	2.857143	2.857143	0	0	0	0	0	17.142857	0	5.714286	31.428571	0	11.428571	20	88.571429	2.857143	14.285714	0	8.571429	0	8.571429	8.571429	5.714286	8.571429	0	2.857143	5.714286	0	0	0	8.571429	0	0	0	0	0	0	2.857143	5.714286	85.714286	5.714286	57.142857	0	62.857143	2.857143	2.857143	2.857143	2.857143	0	8.571429	0	0	11.428571	0	2.857143	45.714286	22.857143	0	0	5.714286	0	2.857143	31.428571	8.571429	0	0	5.714286	0	5.714286	0	0	0	0	0	5.714286	0	0	2.857143	0	0	0	0	0	0	0	0	0	0	0	0	0	0	0	0	0	0	0	20	0	2.857143	0	5.714286	0	0	2.857143	0	0	0	5.714286	0	0	0	0	0	0	5.714286	0	0	0	0	0	0	0	0	0	0	0	0	0	0	0	0	0	0	0	0	0	0	0	0	0	0	0	108.571429	14.285714	328.571429	108.571429	154.285714	40	145.714286	97.142857	17.142857	5.714286	5.714286	0	0	0	34.285714	8.571429	17.142857	2.857143	60	5.714286
45996_composicao_gpt-5.6-sol.txt	menores_notas_gpt	112.852665	6.269592	34.482759	9.404389	15.673981	9.404389	6.269592	0	0	0	0	3.134796	6.269592	0	0	0	6.269592	0	0	6.269592	3.134796	0	3.134796	0	9.404389	3.134796	0	0	3.134796	0	316.61442	153.605016	125.39185	18.808777	9.404389	0	0	87.774295	0	62.695925	6.269592	15.673981	68.965517	0	31.347962	12.539185	43.887147	15.673981	0	0	0	12.539185	3.134796	68.965517	0	25.07837	43.887147	125.39185	18.808777	21.943574	3.134796	6.269592	3.134796	0	18.808777	0	3.134796	12.539185	62.695925	6.269592	6.269592	0	3.134796	0	0	0	3.134796	6.269592	3.134796	3.134796	0	68.965517	0	0	0	3.134796	0	0	0	0	6.269592	0	0	0	0	0	0	3.134796	3.134796	3.134796	53.291536	0	3.134796	21.943574	72.100313	3.134796	0	0	6.269592	0	6.269592	6.269592	6.269592	6.269592	0	12.539185	6.269592	0	0	0	6.269592	0	0	0	0	0	0	6.269592	6.269592	72.100313	28.213166	34.482759	0	47.021944	0	6.269592	0	3.134796	3.134796	15.673981	0	0	3.134796	9.404389	6.269592	47.021944	3.134796	0	0	3.134796	9.404389	0	53.291536	3.134796	3.134796	0	3.134796	0	6.269592	0	0	0	0	0	3.134796	0	0	15.673981	0	3.134796	3.134796	0	0	0	0	0	0	0	0	0	6.269592	3.134796	0	0	0	0	0	28.213166	0	0	0	0	0	0	9.404389	0	0	0	6.269592	0	0	0	0	0	0	6.269592	0	0	0	0	0	0	0	0	0	0	0	0	0	0	0	0	0	0	0	0	0	0	0	0	0	0	0	119.122257	12.539185	316.61442	87.774295	156.739812	43.887147	134.796238	84.639498	6.269592	3.134796	6.269592	0	0	9.404389	53.291536	9.404389	12.539185	6.269592	78.369906	3.134796
46034_composicao_gpt-5.6-sol.txt	menores_notas_gpt	98.591549	16.901408	56.338028	5.633803	11.267606	2.816901	5.633803	0	0	0	0	0	0	2.816901	0	2.816901	0	0	5.633803	5.633803	14.084507	0	2.816901	0	8.450704	0	0	0	0	14.084507	281.690141	146.478873	135.211268	22.535211	14.084507	14.084507	8.450704	70.422535	2.816901	61.971831	25.352113	14.084507	81.690141	0	53.521127	11.267606	39.43662	25.352113	8.450704	0	0	5.633803	11.267606	81.690141	0	25.352113	50.704225	118.309859	36.619718	14.084507	5.633803	0	8.450704	2.816901	22.535211	2.816901	2.816901	8.450704	47.887324	0	2.816901	0	5.633803	2.816901	0	0	0	8.450704	2.816901	0	0	92.957746	2.816901	0	0	2.816901	0	0	0	0	2.816901	0	2.816901	0	2.816901	0	2.816901	25.352113	0	0	30.985915	0	5.633803	22.535211	98.591549	0	25.352113	0	8.450704	0	11.267606	0	5.633803	11.267606	0	16.901408	0	0	0	0	11.267606	0	0	0	0	0	2.816901	0	22.535211	67.605634	2.816901	64.788732	0	47.887324	0	2.816901	2.816901	0	5.633803	11.267606	0	0	8.450704	5.633803	5.633803	39.43662	11.267606	0	0	14.084507	5.633803	0	30.985915	2.816901	0	0	2.816901	0	0	0	0	0	0	0	11.267606	2.816901	0	5.633803	0	5.633803	0	0	0	0	0	0	0	0	0	0	5.633803	0	0	0	0	0	0	19.71831	0	0	0	2.816901	0	0	2.816901	0	0	0	0	0	0	0	0	0	0	5.633803	0	0	0	0	0	0	0	0	0	0	0	0	0	0	0	0	0	0	0	0	0	0	0	0	0	0	0	115.492958	33.802817	315.492958	104.225352	152.112676	59.15493	135.211268	90.140845	25.352113	14.084507	5.633803	0	0	5.633803	33.802817	5.633803	11.267606	0	59.15493	2.816901
46108_composicao_gpt-5.6-sol.txt	menores_notas_gpt	128.205128	15.384615	56.410256	10.25641	2.564103	7.692308	2.564103	0	0	0	0	0	12.820513	0	2.564103	0	5.128205	0	2.564103	0	10.25641	0	2.564103	5.128205	7.692308	0	0	0	0	0	307.692308	138.461538	117.948718	38.461538	28.205128	2.564103	5.128205	76.923077	5.128205	69.230769	20.512821	5.128205	84.615385	0	35.897436	10.25641	58.974359	30.769231	0	2.564103	0	2.564103	5.128205	89.74359	2.564103	30.769231	74.358974	110.25641	25.641026	15.384615	5.128205	2.564103	2.564103	0	2.564103	2.564103	0	7.692308	71.794872	2.564103	0	5.128205	5.128205	0	0	0	7.692308	5.128205	7.692308	0	0	66.666667	2.564103	7.692308	0	2.564103	0	0	0	0	2.564103	2.564103	0	0	0	0	0	25.641026	10.25641	0	30.769231	0	5.128205	17.948718	79.487179	5.128205	20.512821	0	5.128205	2.564103	7.692308	7.692308	5.128205	5.128205	0	5.128205	7.692308	0	0	0	5.128205	0	0	0	0	0	0	5.128205	12.820513	66.666667	10.25641	58.974359	0	61.538462	0	5.128205	0	2.564103	0	5.128205	0	0	5.128205	5.128205	2.564103	51.282051	12.820513	2.564103	0	10.25641	5.128205	0	30.769231	5.128205	0	0	0	0	5.128205	0	0	0	0	0	2.564103	0	0	2.564103	0	5.128205	0	0	0	0	0	0	0	0	0	0	5.128205	0	0	0	0	2.564103	0	10.25641	0	2.564103	0	5.128205	0	7.692308	5.128205	0	0	2.564103	10.25641	0	0	0	0	0	0	2.564103	0	0	0	0	0	0	0	0	0	0	0	0	0	0	0	0	0	0	0	0	0	0	0	0	0	0	0	143.589744	33.333333	307.692308	105.128205	135.897436	43.589744	133.333333	89.74359	35.897436	10.25641	2.564103	0	0	5.128205	30.769231	5.128205	17.948718	7.692308	41.025641	0
46249_composicao_gpt-5.6-sol.txt	menores_notas_gpt	115.853659	0	82.317073	6.097561	9.146341	6.097561	3.04878	0	0	0	0	0	0	0	0	0	0	0	0	0	6.097561	0	3.04878	0	6.097561	0	0	0	0	9.146341	323.170732	152.439024	121.95122	36.585366	15.243902	3.04878	0	85.365854	6.097561	67.073171	24.390244	12.195122	70.121951	18.292683	42.682927	12.195122	45.731707	18.292683	0	3.04878	0	6.097561	3.04878	88.414634	0	27.439024	57.926829	118.902439	24.390244	18.292683	6.097561	3.04878	3.04878	0	57.926829	0	3.04878	15.243902	79.268293	6.097561	6.097561	0	6.097561	6.097561	0	6.097561	12.195122	3.04878	3.04878	0	0	76.219512	9.146341	0	0	3.04878	0	0	0	0	3.04878	3.04878	0	6.097561	0	0	0	24.390244	0	0	36.585366	0	3.04878	24.390244	88.414634	18.292683	9.146341	0	0	0	3.04878	0	6.097561	3.04878	0	3.04878	0	0	0	0	3.04878	0	0	0	0	0	0	0	39.634146	67.073171	18.292683	85.365854	0	57.926829	0	0	0	3.04878	0	3.04878	0	6.097561	3.04878	3.04878	3.04878	33.536585	24.390244	3.04878	0	6.097561	3.04878	3.04878	36.585366	0	0	0	6.097561	0	0	0	0	0	0	0	6.097561	0	0	6.097561	0	0	0	0	3.04878	0	0	0	0	0	0	0	3.04878	0	0	0	0	0	0	27.439024	0	3.04878	0	6.097561	0	0	0	0	0	0	0	0	0	0	0	0	0	3.04878	0	0	0	0	0	0	0	0	0	0	0	0	0	0	0	0	0	0	0	0	0	0	0	0	0	0	0	115.853659	9.146341	332.317073	100.609756	155.487805	45.731707	158.536585	79.268293	24.390244	6.097561	3.04878	0	0	3.04878	36.585366	3.04878	18.292683	0	64.02439	6.097561
46255_composicao_gpt-5.6-sol.txt	menores_notas_gpt	113.733906	15.021459	38.626609	0	23.60515	10.729614	8.583691	0	0	0	0	6.437768	17.167382	4.291845	4.291845	2.145923	10.729614	0	2.145923	15.021459	6.437768	0	10.729614	0	19.313305	10.729614	0	0	6.437768	40.772532	244.635193	90.128755	180.257511	30.042918	4.291845	0	0	17.167382	0	17.167382	15.021459	0	90.128755	2.145923	51.502146	15.021459	2.145923	2.145923	4.291845	6.437768	0	2.145923	12.875536	40.772532	0	0	49.356223	163.090129	25.751073	19.313305	8.583691	15.021459	6.437768	2.145923	8.583691	8.583691	10.729614	10.729614	72.961373	8.583691	2.145923	17.167382	0	2.145923	8.583691	0	4.291845	0	0	8.583691	0	32.188841	53.648069	27.896996	4.291845	4.291845	0	10.729614	0	0	4.291845	0	2.145923	2.145923	2.145923	4.291845	0	4.291845	4.291845	2.145923	49.356223	0	4.291845	23.60515	133.04721	0	4.291845	0	17.167382	0	2.145923	2.145923	0	19.313305	0	2.145923	0	0	0	0	17.167382	2.145923	0	0	0	0	0	2.145923	2.145923	77.253219	0	38.626609	0	45.064378	0	12.875536	0	2.145923	0	2.145923	0	0	0	10.729614	2.145923	27.896996	23.60515	0	0	6.437768	10.729614	0	47.2103	4.291845	0	0	6.437768	0	0	0	0	0	0	0	0	6.437768	0	6.437768	0	0	6.437768	2.145923	0	0	0	0	0	0	0	0	8.583691	2.145923	0	0	0	4.291845	0	10.729614	0	0	0	0	0	0	15.021459	0	0	2.145923	15.021459	0	0	0	0	0	0	2.145923	0	0	2.145923	0	0	0	0	0	0	0	0	0	0	0	0	0	0	0	0	0	0	0	0	0	0	0	0	167.381974	55.793991	285.407725	68.669528	199.570815	45.064378	115.879828	75.107296	8.583691	6.437768	4.291845	0	0	10.729614	47.2103	10.729614	10.729614	0	77.253219	6.437768
46273_composicao_gpt-5.6-sol.txt	menores_notas_gpt	122.580645	6.451613	61.290323	3.225806	3.225806	6.451613	3.225806	0	0	0	0	0	3.225806	6.451613	0	3.225806	3.225806	0	0	9.677419	6.451613	0	0	0	16.129032	0	0	0	0	3.225806	306.451613	151.612903	132.258065	25.806452	12.903226	3.225806	6.451613	96.774194	6.451613	77.419355	6.451613	12.903226	61.290323	25.806452	45.16129	12.903226	48.387097	29.032258	3.225806	6.451613	0	0	6.451613	87.096774	0	38.709677	74.193548	116.129032	22.580645	16.129032	3.225806	0	9.677419	0	51.612903	0	3.225806	16.129032	70.967742	6.451613	6.451613	3.225806	3.225806	0	3.225806	0	9.677419	6.451613	3.225806	0	0	87.096774	0	0	0	3.225806	0	0	0	0	3.225806	0	0	6.451613	0	0	0	12.903226	3.225806	9.677419	45.16129	0	3.225806	22.580645	90.322581	12.903226	0	0	9.677419	0	9.677419	6.451613	3.225806	0	0	6.451613	0	0	0	0	0	0	0	0	0	0	3.225806	6.451613	25.806452	77.419355	16.129032	61.290323	0	58.064516	0	3.225806	3.225806	0	3.225806	3.225806	0	0	9.677419	6.451613	6.451613	38.709677	19.354839	0	0	6.451613	6.451613	0	45.16129	3.225806	0	0	0	0	3.225806	0	0	0	0	0	6.451613	0	0	9.677419	0	3.225806	3.225806	0	0	0	0	0	0	0	0	0	6.451613	0	0	0	0	0	0	29.032258	0	9.677419	0	0	0	0	9.677419	0	0	0	3.225806	0	0	0	0	0	0	9.677419	0	0	0	0	0	0	0	0	0	0	0	0	0	0	0	0	0	0	0	0	0	0	0	0	0	0	0	129.032258	22.580645	309.677419	106.451613	158.064516	51.612903	148.387097	87.096774	16.129032	6.451613	9.677419	0	0	6.451613	48.387097	6.451613	19.354839	0	70.967742	0
46276_composicao_gpt-5.6-sol.txt	menores_notas_gpt	104.956268	2.915452	46.64723	5.830904	5.830904	8.746356	0	0	0	0	0	2.915452	8.746356	2.915452	5.830904	2.915452	2.915452	0	2.915452	2.915452	8.746356	0	2.915452	0	11.661808	2.915452	0	0	2.915452	2.915452	303.206997	139.941691	102.040816	29.154519	8.746356	2.915452	5.830904	87.463557	11.661808	52.478134	5.830904	5.830904	55.393586	8.746356	52.478134	11.661808	37.900875	34.985423	0	5.830904	0	2.915452	2.915452	87.463557	0	34.985423	64.139942	107.87172	29.154519	14.577259	2.915452	5.830904	2.915452	0	37.900875	0	0	11.661808	61.22449	0	2.915452	0	2.915452	0	0	0	2.915452	5.830904	2.915452	2.915452	0	69.970845	8.746356	0	0	0	0	0	0	0	2.915452	2.915452	0	0	0	0	0	23.323615	0	2.915452	37.900875	0	8.746356	17.492711	78.717201	11.661808	11.661808	0	0	0	5.830904	0	8.746356	8.746356	0	0	0	0	0	0	8.746356	0	0	0	0	0	0	0	14.577259	104.956268	11.661808	46.64723	0	64.139942	0	2.915452	2.915452	0	0	2.915452	0	0	11.661808	8.746356	5.830904	43.731778	20.408163	0	0	8.746356	8.746356	0	37.900875	8.746356	0	0	29.154519	5.830904	0	0	0	0	0	0	8.746356	0	0	2.915452	0	5.830904	0	0	0	0	0	0	0	2.915452	0	0	5.830904	2.915452	0	0	0	8.746356	0	34.985423	0	8.746356	0	0	0	0	11.661808	0	0	2.915452	5.830904	0	0	0	0	0	0	14.577259	0	0	2.915452	0	0	0	0	0	0	0	0	0	0	0	0	0	0	0	0	0	0	0	0	0	0	0	0	154.51895	20.408163	306.122449	102.040816	148.688047	37.900875	163.265306	90.379009	23.323615	8.746356	14.577259	0	0	8.746356	43.731778	0	11.661808	0	64.139942	0
46288_composicao_gpt-5.6-sol.txt	menores_notas_gpt	104.109589	16.438356	38.356164	2.739726	5.479452	10.958904	8.219178	0	0	0	0	2.739726	5.479452	0	0	0	5.479452	0	2.739726	5.479452	5.479452	0	2.739726	0	13.69863	5.479452	0	0	5.479452	10.958904	287.671233	123.287671	120.547945	41.09589	19.178082	5.479452	2.739726	71.232877	2.739726	38.356164	19.178082	8.219178	71.232877	0	49.315068	27.39726	41.09589	30.136986	0	8.219178	0	5.479452	5.479452	84.931507	0	21.917808	79.452055	106.849315	21.917808	19.178082	2.739726	8.219178	0	0	32.876712	0	2.739726	10.958904	73.972603	8.219178	2.739726	0	0	0	0	0	5.479452	2.739726	8.219178	2.739726	0	54.794521	13.69863	5.479452	0	2.739726	0	0	0	0	8.219178	2.739726	0	0	2.739726	0	0	10.958904	0	0	30.136986	0	10.958904	19.178082	76.712329	0	10.958904	0	5.479452	0	10.958904	5.479452	5.479452	5.479452	0	8.219178	2.739726	0	0	0	5.479452	0	0	0	0	2.739726	0	5.479452	10.958904	84.931507	8.219178	38.356164	0	54.794521	2.739726	2.739726	5.479452	0	2.739726	10.958904	0	0	2.739726	10.958904	5.479452	52.054795	5.479452	0	0	5.479452	10.958904	2.739726	30.136986	8.219178	0	0	0	0	5.479452	0	0	0	0	0	5.479452	0	0	2.739726	0	0	2.739726	0	0	0	0	0	0	0	0	0	2.739726	8.219178	0	0	0	0	0	16.438356	0	5.479452	0	5.479452	0	0	10.958904	0	0	2.739726	2.739726	0	0	0	0	0	0	8.219178	0	0	0	0	0	0	0	0	0	0	0	0	0	0	0	0	0	0	0	0	0	0	0	0	0	0	0	158.90411	21.917808	298.630137	117.808219	142.465753	49.315068	131.506849	84.931507	10.958904	5.479452	8.219178	0	0	10.958904	32.876712	10.958904	16.438356	8.219178	57.534247	0
46290_composicao_gpt-5.6-sol.txt	menores_notas_gpt	67.615658	10.676157	74.733096	10.676157	7.117438	7.117438	3.558719	0	0	0	0	0	14.234875	0	0	0	10.676157	0	0	7.117438	3.558719	0	0	0	14.234875	0	0	0	0	3.558719	345.19573	156.58363	124.55516	28.469751	10.676157	3.558719	0	74.733096	0	71.174377	17.793594	14.234875	110.320285	21.352313	56.939502	14.234875	39.145907	32.02847	3.558719	3.558719	0	3.558719	7.117438	88.967972	0	14.234875	53.380783	113.879004	17.793594	10.676157	3.558719	10.676157	0	0	10.676157	0	0	14.234875	56.939502	3.558719	3.558719	0	3.558719	0	0	3.558719	14.234875	0	3.558719	0	0	81.850534	0	0	0	0	0	0	0	0	7.117438	0	0	0	0	0	0	17.793594	7.117438	3.558719	32.02847	0	3.558719	35.587189	81.850534	7.117438	14.234875	0	3.558719	0	3.558719	7.117438	7.117438	3.558719	0	3.558719	7.117438	3.558719	0	0	3.558719	0	0	0	0	0	0	7.117438	7.117438	56.939502	17.793594	85.409253	0	60.498221	0	0	0	0	0	7.117438	0	0	7.117438	10.676157	3.558719	42.704626	17.793594	0	0	3.558719	7.117438	0	32.02847	3.558719	0	0	3.558719	0	10.676157	0	0	0	0	0	0	0	0	21.352313	0	3.558719	0	0	0	3.558719	0	0	0	0	0	0	3.558719	3.558719	0	0	0	0	0	21.352313	0	0	0	0	0	0	3.558719	0	0	10.676157	7.117438	0	0	0	0	0	0	10.676157	0	0	0	0	0	0	0	0	0	0	0	0	0	0	0	0	0	0	0	0	0	0	0	0	0	0	0	153.024911	24.911032	348.754448	110.320285	149.466192	35.587189	156.58363	88.967972	24.911032	3.558719	10.676157	0	0	7.117438	32.02847	7.117438	17.793594	7.117438	71.174377	3.558719
46626_composicao_gpt-5.6-sol.txt	menores_notas_gpt	106.19469	14.749263	61.946903	2.949853	8.849558	11.79941	5.899705	0	0	0	0	2.949853	0	0	0	0	0	0	5.899705	0	2.949853	0	5.899705	0	11.79941	2.949853	0	0	2.949853	2.949853	315.634218	156.342183	109.144543	29.498525	14.749263	2.949853	0	41.297935	0	38.348083	11.79941	20.648968	61.946903	8.849558	64.896755	14.749263	29.498525	14.749263	2.949853	8.849558	0	0	14.749263	76.696165	0	20.648968	41.297935	126.843658	26.548673	20.648968	0	5.899705	2.949853	2.949853	11.79941	0	2.949853	11.79941	88.495575	0	5.899705	0	0	0	0	5.899705	5.899705	2.949853	2.949853	5.899705	5.899705	61.946903	0	0	0	8.849558	0	0	0	0	14.749263	0	2.949853	0	0	0	0	8.849558	0	0	64.896755	0	5.899705	20.648968	67.846608	2.949853	5.899705	0	11.79941	0	5.899705	2.949853	2.949853	2.949853	0	2.949853	2.949853	0	0	0	2.949853	0	0	0	0	0	0	2.949853	8.849558	56.047198	0	64.896755	0	53.097345	2.949853	5.899705	0	8.849558	2.949853	2.949853	0	2.949853	8.849558	5.899705	0	32.448378	26.548673	0	0	2.949853	5.899705	0	64.896755	5.899705	8.849558	0	0	0	0	0	0	0	0	0	2.949853	0	0	5.899705	0	0	0	0	0	0	0	0	0	0	0	0	2.949853	0	0	0	0	0	0	26.548673	0	2.949853	0	5.899705	0	0	2.949853	0	0	0	0	0	0	0	0	0	0	2.949853	0	0	0	0	0	0	0	0	0	0	0	0	0	0	0	0	0	0	0	0	0	0	0	0	0	0	0	120.943953	11.79941	318.584071	106.19469	171.091445	32.448378	120.943953	88.495575	8.849558	2.949853	2.949853	0	0	5.899705	64.896755	0	17.699115	2.949853	91.445428	0
46687_composicao_gpt-5.6-sol.txt	menores_notas_gpt	69.892473	10.752688	67.204301	10.752688	5.376344	5.376344	2.688172	0	0	0	0	5.376344	2.688172	0	0	0	2.688172	0	2.688172	0	2.688172	0	5.376344	0	5.376344	5.376344	0	0	5.376344	10.752688	325.268817	169.354839	123.655914	32.258065	24.193548	5.376344	2.688172	91.397849	0	77.956989	24.193548	10.752688	43.010753	10.752688	45.698925	18.817204	56.451613	16.129032	5.376344	5.376344	0	0	8.064516	83.333333	0	29.569892	80.645161	99.462366	29.569892	16.129032	2.688172	0	0	0	0	0	2.688172	10.752688	51.075269	2.688172	5.376344	0	2.688172	5.376344	0	2.688172	2.688172	10.752688	0	0	2.688172	77.956989	0	0	0	2.688172	0	2.688172	0	0	2.688172	0	0	0	2.688172	0	0	10.752688	0	0	37.634409	0	5.376344	21.505376	83.333333	0	10.752688	0	5.376344	0	5.376344	2.688172	2.688172	5.376344	0	2.688172	0	0	0	0	5.376344	0	0	0	0	0	0	0	16.129032	86.021505	5.376344	67.204301	0	67.204301	0	2.688172	0	0	2.688172	5.376344	0	0	10.752688	2.688172	5.376344	56.451613	10.752688	0	2.688172	2.688172	2.688172	0	37.634409	2.688172	0	0	0	0	2.688172	0	0	0	0	0	2.688172	0	0	10.752688	0	2.688172	0	0	0	0	0	0	0	0	0	0	2.688172	0	0	0	0	0	0	26.88172	0	0	0	2.688172	0	0	13.44086	0	0	0	0	0	0	0	0	0	0	5.376344	0	0	0	0	0	0	0	0	0	0	0	0	0	0	0	0	0	0	0	0	0	0	0	0	0	0	0	147.849462	29.569892	336.021505	104.83871	129.032258	37.634409	158.602151	99.462366	10.752688	2.688172	5.376344	0	0	2.688172	37.634409	2.688172	13.44086	0	64.516129	0
46699_composicao_gpt-5.6-sol.txt	menores_notas_gpt	119.318182	5.681818	65.340909	5.681818	2.840909	8.522727	0	0	0	0	0	0	8.522727	0	0	0	5.681818	0	2.840909	5.681818	8.522727	0	5.681818	0	14.204545	0	0	0	0	25.568182	312.5	161.931818	150.568182	28.409091	22.727273	2.840909	0	96.590909	0	76.704545	28.409091	8.522727	73.863636	22.727273	48.295455	11.363636	42.613636	22.727273	0	8.522727	0	0	5.681818	71.022727	0	31.25	62.5	107.954545	17.045455	8.522727	2.840909	0	2.840909	0	31.25	0	5.681818	8.522727	53.977273	17.045455	5.681818	0	0	0	0	2.840909	2.840909	5.681818	0	2.840909	2.840909	73.863636	5.681818	0	0	2.840909	0	0	0	0	8.522727	0	0	0	5.681818	2.840909	0	8.522727	0	2.840909	19.886364	0	5.681818	25.568182	82.386364	5.681818	14.204545	0	2.840909	0	8.522727	0	5.681818	0	0	5.681818	0	0	0	0	0	0	0	0	0	0	0	0	14.204545	88.068182	8.522727	68.181818	0	62.5	0	2.840909	0	0	2.840909	2.840909	0	0	2.840909	5.681818	5.681818	48.295455	11.363636	0	0	8.522727	5.681818	0	19.886364	2.840909	2.840909	0	0	0	8.522727	0	0	0	0	0	8.522727	0	0	14.204545	0	0	0	0	0	0	0	0	0	0	0	0	2.840909	2.840909	0	0	0	0	0	14.204545	0	0	0	2.840909	0	0	0	0	0	5.681818	2.840909	0	0	0	0	0	0	8.522727	0	0	0	0	0	0	0	0	0	0	0	0	0	0	0	0	0	0	0	0	0	0	0	0	0	0	0	125	11.363636	338.068182	93.75	139.204545	19.886364	161.931818	79.545455	19.886364	8.522727	8.522727	0	0	5.681818	19.886364	0	11.363636	0	51.136364	0
46705_composicao_gpt-5.6-sol.txt	menores_notas_gpt	116.788321	0	40.145985	7.29927	3.649635	3.649635	3.649635	0	0	0	0	0	0	0	0	0	0	0	3.649635	0	0	0	3.649635	0	0	0	0	0	0	0	302.919708	145.985401	120.437956	21.89781	25.547445	7.29927	3.649635	65.693431	7.29927	69.343066	14.59854	7.29927	76.642336	10.948905	65.693431	14.59854	58.394161	54.744526	0	7.29927	0	7.29927	10.948905	109.489051	0	43.79562	69.343066	113.138686	47.445255	14.59854	3.649635	3.649635	0	0	51.094891	0	3.649635	14.59854	87.591241	3.649635	7.29927	3.649635	3.649635	0	0	3.649635	7.29927	3.649635	3.649635	0	0	72.992701	0	0	0	0	0	0	0	0	7.29927	0	0	0	7.29927	0	0	47.445255	0	7.29927	51.094891	0	3.649635	32.846715	72.992701	3.649635	43.79562	0	7.29927	0	0	3.649635	7.29927	0	0	7.29927	0	0	0	0	0	0	0	0	0	0	0	3.649635	7.29927	105.839416	14.59854	43.79562	0	43.79562	3.649635	3.649635	0	0	3.649635	10.948905	0	0	10.948905	7.29927	3.649635	36.49635	10.948905	0	0	0	7.29927	0	43.79562	3.649635	3.649635	0	0	0	0	0	0	0	0	0	0	0	0	3.649635	0	0	0	0	3.649635	3.649635	0	0	0	0	0	0	3.649635	3.649635	0	0	0	0	0	14.59854	0	7.29927	0	0	0	0	21.89781	0	0	0	0	0	0	0	0	0	0	10.948905	0	0	0	0	0	0	0	0	0	0	0	0	0	0	0	0	0	0	0	0	0	0	0	0	0	0	0	116.788321	3.649635	302.919708	135.036496	164.233577	29.19708	153.284672	87.591241	51.094891	0	10.948905	0	0	7.29927	43.79562	7.29927	14.59854	0	87.591241	0
46724_composicao_gpt-5.6-sol.txt	menores_notas_gpt	97.791798	6.309148	63.091483	15.772871	18.927445	0	3.154574	0	0	0	0	3.154574	6.309148	0	3.154574	0	3.154574	0	3.154574	0	12.618297	0	6.309148	6.309148	0	3.154574	0	0	3.154574	0	321.766562	141.955836	126.182965	37.85489	15.772871	0	6.309148	63.091483	0	63.091483	9.463722	9.463722	53.62776	0	50.473186	12.618297	18.927445	28.391167	0	6.309148	0	0	12.618297	56.782334	0	12.618297	25.236593	132.492114	25.236593	15.772871	0	9.463722	0	0	12.618297	0	9.463722	15.772871	75.709779	0	3.154574	3.154574	0	0	0	0	9.463722	6.309148	0	9.463722	0	63.091483	6.309148	0	0	3.154574	0	3.154574	0	0	12.618297	0	0	0	6.309148	3.154574	6.309148	31.545741	0	3.154574	44.164038	0	18.927445	18.927445	75.709779	0	25.236593	0	6.309148	0	3.154574	0	6.309148	6.309148	0	0	0	0	0	0	6.309148	0	0	0	0	0	0	0	28.391167	82.018927	18.927445	72.555205	0	50.473186	0	6.309148	0	3.154574	3.154574	3.154574	0	0	6.309148	3.154574	6.309148	31.545741	18.927445	0	0	12.618297	3.154574	0	44.164038	18.927445	0	0	3.154574	0	3.154574	0	0	0	0	0	9.463722	0	3.154574	3.154574	0	0	0	0	0	3.154574	0	0	0	0	0	0	0	3.154574	0	0	0	0	0	25.236593	0	0	0	0	0	3.154574	18.927445	0	0	3.154574	3.154574	0	0	0	0	0	0	9.463722	0	0	0	0	0	0	0	0	0	0	0	0	0	0	0	0	0	0	0	0	0	0	0	0	0	0	0	167.192429	28.391167	321.766562	82.018927	167.192429	44.164038	170.347003	82.018927	28.391167	15.772871	9.463722	0	0	3.154574	44.164038	3.154574	15.772871	0	82.018927	3.154574
46743_composicao_gpt-5.6-sol.txt	menores_notas_gpt	89.861751	9.21659	55.299539	6.912442	2.304147	11.520737	4.608295	0	0	0	0	4.608295	4.608295	0	0	0	4.608295	0	2.304147	0	9.21659	0	0	2.304147	11.520737	6.912442	0	0	6.912442	36.866359	165.898618	135.9447	96.774194	25.345622	13.824885	6.912442	2.304147	48.387097	11.520737	62.211982	34.562212	13.824885	62.211982	2.304147	50.691244	23.041475	43.778802	32.258065	6.912442	6.912442	0	2.304147	11.520737	73.732719	0	25.345622	62.211982	115.207373	39.170507	16.129032	4.608295	6.912442	0	9.21659	11.520737	2.304147	6.912442	11.520737	46.082949	6.912442	2.304147	0	4.608295	0	0	0	2.304147	4.608295	4.608295	2.304147	0	48.387097	20.737327	0	0	2.304147	0	2.304147	0	0	6.912442	0	0	2.304147	2.304147	2.304147	2.304147	23.041475	0	4.608295	48.387097	0	9.21659	39.170507	73.732719	11.520737	11.520737	2.304147	6.912442	0	11.520737	2.304147	4.608295	16.129032	0	11.520737	2.304147	0	0	0	16.129032	2.304147	0	0	0	0	2.304147	2.304147	2.304147	80.645161	2.304147	57.603687	0	66.820276	0	6.912442	0	0	0	6.912442	0	2.304147	2.304147	9.21659	6.912442	59.907834	11.520737	0	0	9.21659	9.21659	0	48.387097	9.21659	0	2.304147	11.520737	0	4.608295	0	0	0	0	0	6.912442	0	2.304147	13.824885	0	4.608295	4.608295	0	0	0	0	0	0	0	0	0	6.912442	2.304147	0	0	0	0	0	27.64977	0	2.304147	0	4.608295	0	0	9.21659	0	0	0	4.608295	0	0	0	0	0	0	9.21659	0	0	0	0	0	0	0	0	0	0	0	0	0	0	0	0	0	0	0	0	0	0	0	0	0	0	0	154.37788	20.737327	297.235023	105.990783	177.419355	52.995392	140.552995	92.165899	23.041475	9.21659	9.21659	0	0	9.21659	48.387097	16.129032	13.824885	4.608295	96.774194	11.520737
46946_composicao_gpt-5.6-sol.txt	menores_notas_gpt	111.43695	2.932551	85.043988	8.797654	0	2.932551	2.932551	0	0	0	0	0	0	0	0	0	0	0	0	0	5.865103	0	0	0	2.932551	0	0	0	0	5.865103	334.31085	181.818182	137.829912	23.460411	14.662757	2.932551	0	102.639296	8.797654	99.706745	20.527859	5.865103	73.313783	35.190616	114.369501	8.797654	52.785924	43.98827	0	8.797654	0	0	8.797654	105.571848	0	29.325513	64.516129	108.504399	26.392962	8.797654	11.730205	5.865103	2.932551	0	52.785924	0	5.865103	14.662757	64.516129	0	2.932551	0	8.797654	0	0	0	8.797654	5.865103	2.932551	2.932551	0	55.718475	17.595308	0	0	2.932551	0	0	0	0	8.797654	0	0	0	0	0	0	0	0	0	41.055718	0	2.932551	20.527859	76.246334	5.865103	2.932551	0	0	0	0	0	2.932551	5.865103	0	2.932551	0	0	0	0	5.865103	0	0	0	0	0	0	0	2.932551	70.381232	2.932551	87.97654	0	67.44868	0	0	0	2.932551	2.932551	0	0	0	8.797654	2.932551	2.932551	43.98827	23.460411	0	0	5.865103	2.932551	0	41.055718	2.932551	5.865103	0	0	0	0	0	0	0	0	0	5.865103	0	0	5.865103	0	0	2.932551	0	0	0	0	0	0	0	0	0	2.932551	0	0	0	0	0	0	26.392962	0	0	0	2.932551	0	0	5.865103	0	0	0	0	0	0	0	0	0	0	5.865103	0	0	0	0	0	0	0	0	0	0	0	0	0	0	0	0	0	0	0	0	0	0	0	0	0	0	0	114.369501	5.865103	340.175953	123.167155	137.829912	14.662757	161.290323	87.97654	8.797654	5.865103	5.865103	0	0	2.932551	41.055718	2.932551	14.662757	0	64.516129	0
47010_composicao_gpt-5.6-sol.txt	menores_notas_gpt	100.303951	6.079027	54.711246	9.118541	9.118541	3.039514	9.118541	0	0	0	0	3.039514	3.039514	0	0	0	3.039514	0	0	6.079027	0	3.039514	0	0	6.079027	3.039514	0	0	3.039514	0	313.069909	91.18541	124.620061	27.355623	18.237082	3.039514	3.039514	106.382979	3.039514	85.106383	15.197568	3.039514	69.908815	0	42.553191	15.197568	51.671733	24.316109	0	3.039514	0	9.118541	9.118541	85.106383	0	27.355623	66.869301	124.620061	21.276596	15.197568	9.118541	3.039514	3.039514	0	39.513678	0	0	12.158055	63.829787	3.039514	3.039514	0	6.079027	0	0	0	6.079027	6.079027	0	3.039514	0	75.987842	0	0	0	3.039514	0	0	0	0	6.079027	0	0	6.079027	0	0	0	6.079027	0	0	54.711246	0	9.118541	18.237082	79.027356	0	9.118541	0	3.039514	0	3.039514	0	9.118541	6.079027	0	6.079027	0	0	0	0	6.079027	0	0	0	0	0	0	0	9.118541	79.027356	3.039514	54.711246	0	72.948328	0	6.079027	3.039514	0	0	3.039514	0	0	0	9.118541	3.039514	60.790274	15.197568	6.079027	0	0	9.118541	3.039514	54.711246	9.118541	3.039514	0	0	0	0	0	0	0	0	0	0	0	0	9.118541	0	6.079027	0	0	0	0	0	0	0	0	0	0	3.039514	6.079027	0	0	0	0	3.039514	9.118541	0	9.118541	0	0	0	0	12.158055	0	0	3.039514	0	0	0	0	0	0	0	6.079027	0	0	3.039514	0	0	0	0	0	0	0	0	0	0	0	0	0	0	0	0	0	0	0	0	0	0	0	0	161.094225	18.237082	313.069909	106.382979	158.054711	33.43465	136.778116	94.224924	9.118541	0	9.118541	0	0	9.118541	54.711246	9.118541	12.158055	0	82.066869	0
47046_composicao_gpt-5.6-sol.txt	menores_notas_gpt	107.734807	5.524862	66.298343	5.524862	8.287293	8.287293	2.762431	0	0	0	0	0	5.524862	2.762431	0	2.762431	5.524862	0	11.049724	2.762431	11.049724	0	11.049724	0	11.049724	0	0	0	0	11.049724	301.104972	151.933702	129.834254	35.911602	22.099448	2.762431	0	66.298343	8.287293	46.961326	27.624309	11.049724	69.060773	13.812155	52.486188	5.524862	22.099448	11.049724	0	2.762431	0	0	8.287293	66.298343	0	22.099448	24.861878	132.596685	24.861878	16.574586	0	5.524862	2.762431	0	44.198895	2.762431	2.762431	16.574586	55.248619	5.524862	2.762431	2.762431	0	0	2.762431	0	11.049724	2.762431	2.762431	0	0	58.01105	22.099448	2.762431	0	0	0	2.762431	0	0	5.524862	0	0	0	0	0	0	33.149171	0	5.524862	44.198895	0	2.762431	27.624309	85.635359	0	33.149171	0	2.762431	2.762431	11.049724	2.762431	5.524862	11.049724	0	8.287293	2.762431	0	0	0	11.049724	0	0	0	0	2.762431	0	0	2.762431	162.983425	8.287293	69.060773	0	55.248619	2.762431	2.762431	0	0	0	2.762431	0	0	5.524862	8.287293	5.524862	38.674033	22.099448	0	0	11.049724	8.287293	0	38.674033	0	2.762431	0	0	0	5.524862	0	0	0	0	0	8.287293	2.762431	0	5.524862	0	0	0	5.524862	0	0	0	0	0	0	0	0	2.762431	5.524862	0	0	0	0	0	33.149171	0	2.762431	0	0	0	2.762431	11.049724	0	0	2.762431	2.762431	0	0	0	0	0	0	5.524862	0	0	0	0	0	0	0	0	0	0	0	0	0	0	0	0	0	0	0	0	0	0	0	0	0	0	0	179.558011	33.149171	312.154696	80.110497	157.458564	44.198895	171.270718	82.872928	33.149171	11.049724	5.524862	0	0	8.287293	38.674033	11.049724	16.574586	0	74.585635	0
47068_composicao_gpt-5.6-sol.txt	menores_notas_gpt	107.784431	11.976048	59.88024	5.988024	5.988024	17.964072	2.994012	0	0	0	0	5.988024	0	0	0	0	0	0	0	2.994012	5.988024	0	2.994012	0	14.97006	5.988024	0	0	5.988024	0	332.335329	182.634731	110.778443	26.946108	14.97006	8.982036	5.988024	86.826347	2.994012	80.838323	14.97006	11.976048	35.928144	8.982036	35.928144	17.964072	32.934132	26.946108	0	2.994012	0	2.994012	2.994012	62.874251	0	23.952096	47.904192	95.808383	32.934132	17.964072	2.994012	0	0	0	23.952096	0	0	11.976048	65.868263	5.988024	2.994012	0	2.994012	0	0	0	5.988024	8.982036	0	2.994012	0	74.850299	0	0	0	2.994012	0	0	0	0	2.994012	2.994012	0	0	0	0	0	11.976048	0	0	35.928144	0	0	14.97006	77.844311	11.976048	0	0	5.988024	2.994012	2.994012	0	2.994012	2.994012	0	5.988024	0	0	0	0	2.994012	0	0	0	0	0	0	2.994012	5.988024	110.778443	17.964072	59.88024	0	59.88024	0	2.994012	2.994012	0	2.994012	2.994012	0	0	8.982036	2.994012	2.994012	44.91018	14.97006	0	0	5.988024	2.994012	0	35.928144	0	5.988024	0	0	0	0	0	0	0	0	0	5.988024	0	0	5.988024	0	2.994012	0	0	0	0	0	0	0	0	0	0	2.994012	0	0	0	0	0	0	26.946108	0	0	0	2.994012	0	0	2.994012	0	0	0	0	0	0	0	0	0	0	5.988024	0	0	0	0	0	0	0	0	0	0	0	0	0	0	0	0	0	0	0	0	0	0	0	0	0	0	0	119.760479	11.976048	332.335329	83.832335	131.736527	26.946108	173.652695	83.832335	11.976048	5.988024	5.988024	0	0	2.994012	35.928144	5.988024	14.97006	0	50.898204	0
47123_composicao_gpt-5.6-sol.txt	menores_notas_gpt	108.626198	15.974441	63.897764	3.194888	6.389776	3.194888	3.194888	0	0	0	0	3.194888	3.194888	3.194888	0	3.194888	3.194888	0	3.194888	3.194888	15.974441	0	3.194888	6.389776	6.389776	3.194888	0	0	3.194888	3.194888	242.811502	137.380192	134.185304	22.364217	12.779553	0	3.194888	76.677316	0	63.897764	15.974441	9.584665	60.702875	12.779553	54.313099	12.779553	35.14377	35.14377	9.584665	0	0	6.389776	9.584665	79.872204	3.194888	22.364217	28.753994	118.210863	28.753994	19.169329	3.194888	0	0	0	22.364217	0	3.194888	12.779553	41.533546	3.194888	3.194888	0	3.194888	0	0	0	3.194888	6.389776	3.194888	3.194888	0	70.28754	6.389776	3.194888	0	0	0	0	0	0	6.389776	0	0	0	0	3.194888	0	25.559105	0	3.194888	41.533546	0	6.389776	15.974441	79.872204	0	25.559105	0	0	3.194888	9.584665	9.584665	3.194888	9.584665	0	3.194888	0	3.194888	0	0	9.584665	0	0	0	0	3.194888	0	6.389776	3.194888	79.872204	3.194888	63.897764	0	47.923323	0	9.584665	0	0	3.194888	9.584665	0	0	3.194888	3.194888	6.389776	47.923323	3.194888	0	0	15.974441	3.194888	0	41.533546	6.389776	0	0	9.584665	0	3.194888	0	0	0	0	0	12.779553	0	3.194888	3.194888	0	0	0	0	0	0	0	0	0	0	0	0	0	3.194888	0	0	0	0	0	12.779553	0	3.194888	0	0	0	0	12.779553	0	0	0	3.194888	0	0	0	0	0	0	6.389776	0	0	0	0	0	0	0	0	0	0	0	0	0	0	0	0	0	0	0	0	0	0	0	0	0	0	0	188.498403	41.533546	316.29393	102.236422	150.159744	38.338658	146.964856	83.067093	25.559105	19.169329	6.389776	0	0	3.194888	47.923323	3.194888	12.779553	12.779553	63.897764	9.584665
