filename	subcorpus	wcount	v001	v002	v003	v004	v005	v006	v007_1	v007_2	v007_3	v007_4	v008	v009	v010	v011	v012	v013	v014	v015	v016	v017	v018	v019	v020	v021	v022	v023	v024	v025	v026	v027	v028	v029	v030	v031	v032	v033	v034	v035	v036	v037	v038	v039	v040	v041	v042	v043	v044	v045	v046	v047	v048	v049	v050	v051	v052	v053	v054	v055	v056	v057	v058	v059	v060	v061	v062	v063	v064	v065	v066	v067	v068	v069	v070	v071	v072	v073	v074	v075	v076	v077	v078	v079	v080	v081	v082	v083	v084	v085	v086	v087	v088	v089	v090	v091	v092	v093	v094	v095	v096	v097	v098	v099	v100	v101	v102	v103	v104	v105	v106	v107	v108	v109	v110	v111	v112	v113	v114	v115	v116	v117	v118	v119	v120	v121	v122	v123	v124	v125	v126	v127	v128	v129	v130	v131	v132	v133	v134	v135	v136	v137	v138	v139	v140	v141	v142	v143	v144	v145	v146	v147	v148	v149	v150	v151	v152	v153	v154	v155	v156	v157	v158	v159	v160	v161	v162	v163	v164	v165	v166	v167	v168	v169	v170	v171	v172	v173	v174	v175	v176	v177	v178	v179	v180	v181	v182	v183	v184	v185	v186	v187	v188	v189	v190	v191	v192	v193	v194	v195	v196	v197	v198	v199	v200	v201	v202	v203	v204	v205	v206	v207	v208	v209	v210	v211	v212	v213	v214	v215	v216	v217	v218	v219	v220	v221	v222	v223	v224	v225	v226	v227	v228	v229	v230	v900	v901	v902	v903	v904	v905	v906	v907	v908	v909	v910	v911	v912	v913	v914	v915	v916	v917	v918	v919
32610.txt	menores_notas	169	100.591716	0	76.923077	17.751479	11.83432	11.83432	5.91716	0	0	0	0	0	17.751479	5.91716	0	0	17.751479	0	5.91716	5.91716	35.502959	0	23.668639	0	11.83432	0	0	0	0	53.254438	248.52071	100.591716	88.757396	23.668639	11.83432	17.751479	5.91716	47.337278	0	29.585799	82.840237	11.83432	47.337278	0	29.585799	5.91716	35.502959	11.83432	5.91716	0	0	0	11.83432	41.420118	0	5.91716	35.502959	88.757396	47.337278	11.83432	0	11.83432	0	11.83432	0	17.751479	11.83432	17.751479	29.585799	5.91716	0	0	0	0	0	0	5.91716	11.83432	0	0	0	53.254438	41.420118	5.91716	0	0	0	5.91716	0	0	0	0	0	11.83432	0	0	0	35.502959	0	11.83432	29.585799	5.91716	11.83432	35.502959	106.508876	11.83432	23.668639	0	0	5.91716	0	11.83432	0	0	0	11.83432	5.91716	0	0	0	0	0	0	0	0	0	5.91716	5.91716	11.83432	106.508876	17.751479	82.840237	0	11.83432	0	5.91716	5.91716	0	0	0	0	0	0	5.91716	5.91716	11.83432	0	5.91716	0	35.502959	5.91716	0	29.585799	5.91716	0	5.91716	11.83432	0	5.91716	0	0	0	0	0	29.585799	0	5.91716	5.91716	0	0	5.91716	0	0	0	0	0	0	0	0	0	5.91716	0	0	0	0	0	0	17.751479	0	0	0	0	0	0	17.751479	0	0	11.83432	5.91716	0	0	0	0	0	0	5.91716	0	0	0	0	0	0	0	0	0	0	0	0	0	0	0	0	0	0	0	0	0	0	0	5.91716	0	0	0	100.591716	82.840237	301.775148	59.171598	171.597633	29.585799	201.183432	35.502959	35.502959	35.502959	5.91716	0	0	5.91716	41.420118	5.91716	17.751479	11.83432	76.923077	17.751479
32674.txt	menores_notas	237	88.607595	12.658228	67.510549	16.877637	12.658228	4.219409	12.658228	0	0	0	0	0	12.658228	4.219409	0	4.219409	0	0	0	4.219409	8.438819	0	0	8.438819	4.219409	0	0	0	0	8.438819	316.455696	54.852321	181.434599	29.535865	12.658228	4.219409	0	75.949367	16.877637	50.632911	25.316456	16.877637	59.07173	0	16.877637	21.097046	29.535865	12.658228	4.219409	0	0	0	4.219409	42.194093	0	8.438819	42.194093	84.388186	37.974684	12.658228	0	0	4.219409	4.219409	12.658228	0	0	8.438819	67.510549	0	0	0	0	0	0	0	0	8.438819	0	0	0	50.632911	4.219409	4.219409	0	0	4.219409	0	0	0	8.438819	0	0	0	12.658228	0	0	37.974684	25.316456	0	29.535865	0	25.316456	29.535865	59.07173	8.438819	37.974684	0	0	0	21.097046	12.658228	4.219409	8.438819	0	4.219409	12.658228	0	0	0	8.438819	0	0	0	0	0	0	8.438819	8.438819	105.485232	8.438819	67.510549	0	29.535865	4.219409	0	0	0	0	0	0	8.438819	0	4.219409	4.219409	25.316456	4.219409	4.219409	0	8.438819	0	0	29.535865	16.877637	0	0	4.219409	0	25.316456	0	0	0	0	0	4.219409	0	4.219409	0	0	0	0	0	0	0	0	0	0	0	0	0	0	0	0	0	0	0	0	4.219409	0	0	0	0	0	4.219409	25.316456	0	0	12.658228	0	0	0	0	0	0	8.438819	8.438819	0	0	0	0	0	0	0	0	0	8.438819	0	0	0	0	0	0	0	0	0	0	0	0	0	0	0	0	0	101.265823	29.535865	324.894515	71.729958	139.240506	63.291139	181.434599	54.852321	63.291139	8.438819	16.877637	8.438819	0	0	29.535865	0	8.438819	12.658228	84.388186	4.219409
32714.txt	menores_notas	258	62.015504	7.751938	38.75969	7.751938	0	34.883721	27.131783	0	0	0	0	0	3.875969	7.751938	0	0	11.627907	0	19.379845	7.751938	38.75969	7.751938	31.007752	0	31.007752	11.627907	0	0	11.627907	19.379845	220.930233	100.775194	77.51938	27.131783	11.627907	11.627907	7.751938	27.131783	0	23.255814	31.007752	11.627907	54.263566	0	34.883721	0	11.627907	7.751938	3.875969	3.875969	0	3.875969	15.503876	31.007752	0	7.751938	38.75969	143.410853	73.643411	23.255814	11.627907	19.379845	3.875969	11.627907	7.751938	3.875969	3.875969	11.627907	58.139535	11.627907	0	19.379845	7.751938	0	0	0	0	7.751938	3.875969	0	0	108.527132	7.751938	0	0	0	3.875969	0	3.875969	0	0	0	0	0	19.379845	0	0	23.255814	3.875969	0	38.75969	0	34.883721	23.255814	116.27907	0	23.255814	0	7.751938	3.875969	7.751938	31.007752	0	11.627907	0	3.875969	19.379845	0	0	0	7.751938	3.875969	0	0	0	0	0	27.131783	3.875969	124.031008	0	38.75969	0	27.131783	3.875969	3.875969	0	0	0	11.627907	0	0	0	3.875969	0	19.379845	11.627907	0	0	38.75969	3.875969	0	38.75969	34.883721	23.255814	0	27.131783	0	3.875969	0	0	0	3.875969	0	27.131783	11.627907	0	0	0	0	3.875969	0	0	0	0	0	0	0	0	0	3.875969	0	0	0	0	0	0	7.751938	0	0	0	0	0	0	19.379845	0	0	3.875969	0	0	0	0	0	0	0	3.875969	0	0	0	0	0	0	0	0	0	0	0	0	0	0	0	0	0	0	0	0	0	0	0	0	0	0	0	108.527132	81.395349	244.186047	46.511628	217.054264	69.767442	162.790698	50.387597	27.131783	38.75969	3.875969	0	0	3.875969	38.75969	3.875969	11.627907	19.379845	96.899225	0
32733.txt	menores_notas	242	82.644628	8.264463	78.512397	8.264463	12.396694	24.793388	16.528926	4.132231	0	0	0	4.132231	4.132231	4.132231	0	0	4.132231	0	0	0	16.528926	0	4.132231	0	28.92562	4.132231	0	0	4.132231	0	289.256198	144.628099	136.363636	49.586777	4.132231	4.132231	16.528926	74.380165	0	66.115702	49.586777	0	41.322314	0	45.454545	12.396694	24.793388	24.793388	4.132231	8.264463	0	0	12.396694	57.85124	0	4.132231	41.322314	70.247934	41.322314	16.528926	4.132231	4.132231	4.132231	0	20.661157	4.132231	12.396694	8.264463	49.586777	16.528926	0	4.132231	4.132231	0	0	4.132231	4.132231	0	0	4.132231	0	61.983471	8.264463	0	0	4.132231	0	0	0	0	0	0	0	0	24.793388	0	0	8.264463	0	4.132231	24.793388	4.132231	20.661157	4.132231	74.380165	8.264463	0	0	12.396694	0	0	8.264463	4.132231	12.396694	0	8.264463	8.264463	0	0	0	12.396694	0	0	0	0	0	0	4.132231	16.528926	119.834711	12.396694	90.909091	4.132231	28.92562	0	8.264463	0	0	0	0	0	0	0	8.264463	4.132231	20.661157	12.396694	0	0	16.528926	8.264463	0	28.92562	20.661157	0	0	4.132231	0	0	0	0	0	0	0	16.528926	0	0	0	0	4.132231	4.132231	0	0	0	0	0	0	0	0	0	8.264463	0	0	0	0	0	0	8.264463	8.264463	0	0	0	0	12.396694	28.92562	0	0	4.132231	0	0	0	0	0	0	0	20.661157	0	0	0	0	0	0	0	0	0	0	0	0	0	0	0	0	0	0	0	0	0	0	0	12.396694	0	4.132231	0	90.909091	33.057851	289.256198	82.644628	123.966942	61.983471	223.140496	49.586777	8.264463	16.528926	20.661157	0	0	8.264463	28.92562	8.264463	8.264463	8.264463	49.586777	20.661157
32749.txt	menores_notas	176	96.590909	5.681818	56.818182	11.363636	5.681818	5.681818	5.681818	0	0	0	0	5.681818	28.409091	0	0	0	0	0	0	5.681818	5.681818	0	0	0	11.363636	0	0	0	0	0	278.409091	130.681818	113.636364	17.045455	11.363636	5.681818	0	28.409091	5.681818	34.090909	0	0	34.090909	0	17.045455	22.727273	22.727273	17.045455	0	0	0	5.681818	11.363636	22.727273	0	5.681818	39.772727	147.727273	68.181818	51.136364	0	5.681818	5.681818	5.681818	39.772727	0	0	22.727273	85.227273	5.681818	0	5.681818	0	0	5.681818	0	5.681818	11.363636	5.681818	0	0	79.545455	0	5.681818	0	0	0	5.681818	0	0	5.681818	5.681818	5.681818	0	22.727273	0	0	5.681818	11.363636	17.045455	79.545455	5.681818	11.363636	22.727273	90.909091	0	5.681818	0	11.363636	0	0	17.045455	0	17.045455	0	5.681818	5.681818	0	0	0	17.045455	0	0	0	0	5.681818	0	11.363636	0	56.818182	5.681818	56.818182	0	45.454545	0	5.681818	22.727273	11.363636	0	5.681818	0	0	0	5.681818	0	39.772727	11.363636	0	0	5.681818	5.681818	0	73.863636	11.363636	11.363636	0	11.363636	5.681818	28.409091	0	0	0	0	0	5.681818	0	0	11.363636	0	0	0	0	0	0	0	0	0	0	0	0	0	5.681818	0	0	5.681818	0	11.363636	22.727273	0	0	0	0	0	0	11.363636	0	0	11.363636	17.045455	0	0	0	0	0	5.681818	0	0	0	0	0	0	0	0	0	0	5.681818	0	0	0	0	0	0	0	0	0	0	0	0	0	5.681818	0	0	0	102.272727	45.454545	278.409091	56.818182	221.590909	51.136364	113.636364	90.909091	17.045455	5.681818	5.681818	5.681818	0	5.681818	79.545455	5.681818	22.727273	11.363636	113.636364	17.045455
32755.txt	menores_notas	243	115.226337	4.115226	82.304527	0	0	8.230453	0	0	0	0	0	0	12.345679	0	4.115226	0	4.115226	0	0	8.230453	57.613169	0	0	0	16.460905	0	0	0	0	24.691358	283.950617	160.493827	144.032922	45.26749	8.230453	4.115226	4.115226	24.691358	0	16.460905	61.728395	0	28.806584	0	45.26749	12.345679	16.460905	8.230453	0	8.230453	4.115226	16.460905	8.230453	61.728395	0	0	65.843621	152.263374	28.806584	16.460905	0	32.921811	8.230453	8.230453	12.345679	0	4.115226	8.230453	82.304527	16.460905	0	41.152263	0	0	4.115226	0	8.230453	0	0	8.230453	0	37.037037	45.26749	0	0	4.115226	8.230453	8.230453	0	0	4.115226	0	0	0	8.230453	0	0	0	0	0	65.843621	0	24.691358	8.230453	94.650206	0	0	0	0	0	8.230453	4.115226	0	16.460905	0	8.230453	0	0	0	0	16.460905	0	0	0	0	0	8.230453	8.230453	12.345679	61.728395	4.115226	82.304527	0	8.230453	4.115226	12.345679	0	0	0	0	0	0	0	0	0	0	20.576132	0	0	57.613169	0	0	65.843621	24.691358	4.115226	4.115226	8.230453	0	4.115226	0	0	0	0	0	41.152263	4.115226	8.230453	4.115226	0	0	0	0	0	0	0	0	0	0	0	0	0	0	0	0	0	0	0	24.691358	0	0	0	0	0	4.115226	16.460905	0	0	8.230453	0	0	0	0	0	0	8.230453	0	0	0	8.230453	0	0	0	0	0	0	8.230453	0	0	0	0	0	0	0	0	0	0	0	0	0	12.345679	0	0	0	119.341564	78.1893	308.641975	78.1893	189.300412	45.26749	148.148148	24.691358	0	57.613169	16.460905	8.230453	0	0	65.843621	0	8.230453	12.345679	98.765432	8.230453
32782.txt	menores_notas	235	85.106383	4.255319	80.851064	4.255319	0	21.276596	0	0	0	0	0	0	8.510638	0	0	0	4.255319	0	4.255319	4.255319	4.255319	0	12.765957	0	21.276596	0	0	0	0	0	357.446809	157.446809	97.87234	21.276596	4.255319	12.765957	8.510638	85.106383	38.297872	80.851064	42.553191	12.765957	63.829787	4.255319	34.042553	21.276596	34.042553	17.021277	0	12.765957	0	4.255319	12.765957	51.06383	0	21.276596	51.06383	89.361702	46.808511	29.787234	8.510638	0	0	0	12.765957	8.510638	8.510638	0	34.042553	8.510638	0	0	4.255319	0	0	0	0	0	0	0	0	34.042553	8.510638	0	0	0	0	4.255319	0	0	4.255319	4.255319	0	0	8.510638	0	0	17.021277	0	12.765957	21.276596	12.765957	29.787234	25.531915	46.808511	8.510638	12.765957	0	12.765957	4.255319	4.255319	4.255319	0	12.765957	0	0	0	0	0	0	12.765957	0	0	0	0	0	0	4.255319	17.021277	123.404255	0	85.106383	8.510638	42.553191	0	0	0	4.255319	4.255319	0	0	0	4.255319	4.255319	0	38.297872	4.255319	0	0	4.255319	4.255319	0	21.276596	29.787234	0	0	8.510638	0	8.510638	0	0	0	0	0	0	4.255319	0	12.765957	0	4.255319	0	0	0	0	0	0	0	0	0	0	4.255319	0	0	0	0	0	0	0	0	0	0	4.255319	0	0	12.765957	0	0	8.510638	0	0	0	0	0	0	0	4.255319	0	0	0	0	0	0	0	0	0	0	0	0	0	0	0	0	0	0	0	0	0	0	0	4.255319	0	0	0	89.361702	21.276596	357.446809	85.106383	140.425532	42.553191	208.510638	59.574468	17.021277	4.255319	4.255319	0	0	4.255319	34.042553	8.510638	0	0	85.106383	12.765957
32792.txt	menores_notas	215	111.627907	4.651163	37.209302	0	13.953488	13.953488	9.302326	0	0	0	0	4.651163	18.604651	13.953488	9.302326	4.651163	4.651163	0	0	23.255814	13.953488	9.302326	9.302326	0	32.55814	4.651163	4.651163	0	0	13.953488	251.162791	120.930233	116.27907	18.604651	0	0	0	41.860465	0	37.209302	13.953488	23.255814	9.302326	4.651163	32.55814	9.302326	27.906977	18.604651	4.651163	0	0	4.651163	9.302326	51.162791	4.651163	23.255814	41.860465	125.581395	9.302326	9.302326	4.651163	4.651163	18.604651	0	4.651163	0	4.651163	13.953488	51.162791	4.651163	4.651163	0	4.651163	0	0	0	4.651163	0	9.302326	4.651163	0	55.813953	9.302326	0	0	0	0	9.302326	0	0	0	0	0	0	0	0	0	0	4.651163	9.302326	55.813953	0	4.651163	9.302326	74.418605	0	0	0	4.651163	4.651163	9.302326	4.651163	0	18.604651	0	0	4.651163	0	0	0	18.604651	0	0	0	0	0	0	9.302326	9.302326	176.744186	4.651163	37.209302	4.651163	4.651163	4.651163	0	9.302326	0	0	0	0	0	0	4.651163	0	0	9.302326	0	0	13.953488	4.651163	9.302326	55.813953	4.651163	0	4.651163	27.906977	4.651163	9.302326	0	0	0	0	0	13.953488	0	0	9.302326	0	4.651163	0	0	0	0	0	0	0	0	0	0	4.651163	0	0	0	0	0	4.651163	13.953488	0	0	0	0	0	9.302326	13.953488	0	4.651163	18.604651	0	0	0	0	0	0	0	0	0	0	0	0	0	0	0	0	0	0	0	0	0	4.651163	0	0	0	0	0	0	0	0	0	4.651163	0	0	0	153.488372	88.372093	265.116279	69.767442	134.883721	41.860465	218.604651	23.255814	4.651163	13.953488	0	0	4.651163	4.651163	60.465116	4.651163	13.953488	4.651163	69.767442	32.55814
32860.txt	menores_notas	218	73.394495	0	41.284404	13.761468	22.93578	0	0	0	0	0	0	9.174312	59.633028	0	27.522936	4.587156	36.697248	0	0	9.174312	18.348624	0	9.174312	0	4.587156	9.174312	0	0	9.174312	0	224.770642	68.807339	91.743119	64.220183	0	0	9.174312	4.587156	0	18.348624	4.587156	0	68.807339	0	9.174312	45.87156	0	32.110092	0	0	0	0	4.587156	22.93578	0	0	9.174312	188.073394	41.284404	36.697248	18.348624	4.587156	22.93578	4.587156	18.348624	0	22.93578	4.587156	41.284404	4.587156	0	13.761468	0	4.587156	0	4.587156	4.587156	0	0	4.587156	0	22.93578	82.568807	45.87156	9.174312	0	0	0	0	0	0	0	0	9.174312	0	13.761468	0	9.174312	0	4.587156	45.87156	0	13.761468	18.348624	151.376147	0	9.174312	0	32.110092	0	4.587156	9.174312	0	27.522936	0	4.587156	9.174312	0	0	0	18.348624	9.174312	0	0	0	0	0	9.174312	9.174312	50.458716	13.761468	41.284404	0	36.697248	0	9.174312	4.587156	0	9.174312	9.174312	0	0	9.174312	18.348624	4.587156	13.761468	22.93578	4.587156	0	18.348624	13.761468	0	45.87156	13.761468	0	0	22.93578	0	9.174312	0	4.587156	0	0	0	13.761468	0	0	4.587156	0	9.174312	0	0	0	0	0	0	0	0	0	0	13.761468	0	0	0	0	4.587156	9.174312	9.174312	0	0	0	0	0	0	18.348624	0	0	50.458716	9.174312	0	0	0	0	0	0	13.761468	0	0	0	0	0	0	0	0	0	0	0	0	0	0	0	0	0	0	0	0	0	0	0	0	0	0	0	114.678899	137.614679	224.770642	68.807339	220.183486	87.155963	105.504587	91.743119	9.174312	18.348624	13.761468	0	0	13.761468	45.87156	13.761468	4.587156	9.174312	77.981651	22.93578
33167.txt	menores_notas	258	62.015504	0	62.015504	11.627907	23.255814	15.503876	0	0	0	0	0	3.875969	7.751938	3.875969	3.875969	0	3.875969	0	3.875969	11.627907	46.511628	0	15.503876	7.751938	23.255814	7.751938	3.875969	0	0	3.875969	271.317829	112.403101	89.147287	34.883721	7.751938	3.875969	7.751938	46.511628	3.875969	31.007752	11.627907	15.503876	42.635659	15.503876	34.883721	15.503876	31.007752	31.007752	3.875969	0	0	0	11.627907	54.263566	0	15.503876	34.883721	100.775194	42.635659	23.255814	11.627907	7.751938	3.875969	0	19.379845	0	15.503876	7.751938	50.387597	0	0	0	7.751938	0	0	0	3.875969	3.875969	0	3.875969	0	77.51938	7.751938	7.751938	0	0	7.751938	3.875969	0	0	7.751938	0	3.875969	7.751938	7.751938	3.875969	0	15.503876	0	0	31.007752	0	27.131783	19.379845	96.899225	7.751938	7.751938	0	7.751938	0	7.751938	11.627907	0	11.627907	0	3.875969	11.627907	0	0	0	11.627907	0	0	0	0	0	3.875969	11.627907	31.007752	85.271318	11.627907	62.015504	0	38.75969	3.875969	7.751938	0	3.875969	0	0	0	0	0	15.503876	3.875969	27.131783	19.379845	3.875969	0	46.511628	15.503876	0	31.007752	27.131783	0	0	11.627907	0	3.875969	0	0	0	0	0	38.75969	3.875969	7.751938	7.751938	0	0	7.751938	0	0	3.875969	0	0	0	0	0	0	11.627907	3.875969	0	0	0	0	11.627907	7.751938	0	0	0	0	0	7.751938	23.255814	0	0	7.751938	0	0	0	0	0	0	0	15.503876	0	0	0	0	0	0	0	0	0	0	0	0	0	0	0	0	0	0	0	0	0	0	0	7.751938	0	0	0	124.031008	85.271318	275.193798	77.51938	178.294574	46.511628	155.03876	62.015504	15.503876	50.387597	15.503876	0	0	15.503876	42.635659	15.503876	7.751938	11.627907	77.51938	19.379845
33310.txt	menores_notas	150	53.333333	26.666667	53.333333	20	20	6.666667	13.333333	0	0	0	0	0	6.666667	6.666667	0	0	13.333333	0	13.333333	13.333333	6.666667	6.666667	20	0	26.666667	0	0	0	0	0	266.666667	153.333333	100	20	6.666667	26.666667	13.333333	46.666667	0	33.333333	26.666667	0	33.333333	0	53.333333	0	13.333333	6.666667	13.333333	6.666667	0	0	20	33.333333	0	0	33.333333	120	33.333333	13.333333	0	26.666667	13.333333	0	0	0	13.333333	13.333333	33.333333	20	0	20	0	0	0	0	0	6.666667	6.666667	0	0	86.666667	0	0	0	0	0	0	0	0	6.666667	0	0	0	40	0	0	0	0	0	40	0	26.666667	0	86.666667	0	0	0	13.333333	6.666667	6.666667	26.666667	0	20	0	6.666667	6.666667	0	0	0	13.333333	6.666667	0	0	0	0	0	20	13.333333	120	13.333333	60	6.666667	40	0	6.666667	0	0	0	0	6.666667	13.333333	6.666667	6.666667	0	26.666667	20	0	0	6.666667	6.666667	6.666667	40	26.666667	0	6.666667	46.666667	0	0	0	0	0	6.666667	0	6.666667	0	0	0	0	0	0	0	0	0	0	0	6.666667	0	0	0	6.666667	0	0	0	0	0	0	26.666667	0	0	0	0	0	6.666667	6.666667	6.666667	0	6.666667	0	0	0	0	0	0	0	0	0	0	0	0	0	0	0	0	0	0	0	0	0	0	0	0	0	0	0	0	0	0	0	0	0	0	0	80	60	266.666667	53.333333	160	73.333333	186.666667	80	0	6.666667	0	0	0	6.666667	40	6.666667	13.333333	26.666667	66.666667	6.666667
33360.txt	menores_notas	274	116.788321	10.948905	72.992701	14.59854	3.649635	3.649635	3.649635	0	0	0	0	0	3.649635	3.649635	0	3.649635	3.649635	0	10.948905	10.948905	25.547445	0	10.948905	10.948905	14.59854	0	0	0	0	0	310.218978	211.678832	83.941606	10.948905	21.89781	10.948905	7.29927	113.138686	14.59854	65.693431	32.846715	3.649635	40.145985	0	120.437956	3.649635	54.744526	10.948905	18.248175	7.29927	0	10.948905	18.248175	102.189781	0	36.49635	76.642336	58.394161	18.248175	18.248175	0	3.649635	0	0	21.89781	3.649635	3.649635	0	36.49635	3.649635	3.649635	0	0	0	3.649635	0	0	0	0	0	0	62.043796	0	0	0	0	0	0	0	0	3.649635	0	0	0	0	0	0	18.248175	0	3.649635	10.948905	3.649635	18.248175	21.89781	62.043796	0	14.59854	0	7.29927	3.649635	3.649635	7.29927	3.649635	3.649635	0	3.649635	3.649635	0	0	0	3.649635	0	0	0	0	3.649635	0	0	18.248175	76.642336	32.846715	87.591241	3.649635	32.846715	0	0	10.948905	0	0	0	0	0	10.948905	0	3.649635	29.19708	3.649635	3.649635	0	25.547445	0	0	10.948905	18.248175	3.649635	3.649635	0	0	3.649635	0	0	0	0	0	14.59854	0	7.29927	3.649635	0	0	0	0	0	0	0	0	0	0	0	0	0	0	0	0	0	0	0	0	0	3.649635	0	0	0	0	3.649635	0	0	3.649635	0	0	0	0	0	0	0	7.29927	0	0	0	3.649635	0	0	0	0	0	0	0	0	0	0	0	0	0	0	0	0	0	0	0	3.649635	0	0	0	200.729927	54.744526	310.218978	124.087591	94.890511	47.445255	182.481752	54.744526	18.248175	25.547445	10.948905	0	0	0	10.948905	0	0	7.29927	51.094891	7.29927
33436.txt	menores_notas	192	88.541667	15.625	41.666667	15.625	10.416667	10.416667	10.416667	5.208333	0	0	0	0	0	5.208333	0	5.208333	0	0	5.208333	15.625	26.041667	5.208333	5.208333	0	26.041667	0	0	0	0	0	270.833333	130.208333	140.625	10.416667	0	0	5.208333	57.291667	5.208333	52.083333	26.041667	5.208333	26.041667	10.416667	36.458333	15.625	20.833333	31.25	5.208333	0	0	0	5.208333	52.083333	0	15.625	41.666667	114.583333	41.666667	20.833333	0	5.208333	0	0	41.666667	5.208333	5.208333	15.625	26.041667	5.208333	0	0	0	0	0	0	10.416667	0	5.208333	10.416667	0	46.875	15.625	5.208333	0	0	0	5.208333	0	0	5.208333	5.208333	10.416667	0	10.416667	0	0	31.25	0	0	31.25	10.416667	26.041667	20.833333	72.916667	0	31.25	0	10.416667	0	10.416667	5.208333	15.625	5.208333	0	0	5.208333	0	0	0	5.208333	0	0	0	0	0	0	5.208333	0	125	0	57.291667	0	20.833333	0	5.208333	0	15.625	0	5.208333	0	0	0	10.416667	5.208333	10.416667	15.625	0	0	26.041667	10.416667	0	31.25	20.833333	0	0	0	0	0	0	0	0	0	0	15.625	0	5.208333	0	0	0	5.208333	0	0	0	0	0	5.208333	0	0	0	10.416667	0	0	0	0	0	0	10.416667	0	0	0	0	0	0	20.833333	0	0	0	0	0	0	0	0	0	0	15.625	10.416667	0	0	0	0	0	0	0	0	0	0	0	0	0	0	0	0	0	0	0	0	0	0	0	0	0	0	145.833333	57.291667	270.833333	72.916667	171.875	46.875	182.291667	62.5	31.25	26.041667	26.041667	0	0	10.416667	31.25	10.416667	15.625	5.208333	78.125	0
33465.txt	menores_notas	272	113.970588	14.705882	55.147059	7.352941	11.029412	7.352941	25.735294	0	0	0	0	0	7.352941	0	0	0	7.352941	0	14.705882	3.676471	36.764706	0	22.058824	0	11.029412	0	0	0	0	7.352941	264.705882	95.588235	143.382353	66.176471	7.352941	7.352941	7.352941	14.705882	0	3.676471	33.088235	7.352941	102.941176	0	18.382353	7.352941	3.676471	14.705882	11.029412	0	0	0	7.352941	18.382353	3.676471	3.676471	3.676471	147.058824	55.147059	22.058824	3.676471	7.352941	0	3.676471	3.676471	3.676471	3.676471	22.058824	62.5	14.705882	3.676471	7.352941	0	3.676471	0	0	14.705882	3.676471	3.676471	14.705882	0	66.176471	44.117647	3.676471	0	0	7.352941	14.705882	0	0	0	0	3.676471	0	7.352941	0	0	14.705882	0	3.676471	40.441176	3.676471	14.705882	18.382353	132.352941	0	14.705882	0	7.352941	0	3.676471	7.352941	3.676471	14.705882	0	7.352941	7.352941	0	0	0	7.352941	7.352941	0	0	0	0	0	3.676471	7.352941	51.470588	22.058824	55.147059	0	25.735294	7.352941	11.029412	14.705882	3.676471	0	0	0	0	0	7.352941	3.676471	25.735294	18.382353	0	0	36.764706	3.676471	0	25.735294	14.705882	0	0	14.705882	0	7.352941	0	0	0	0	0	25.735294	7.352941	3.676471	0	0	0	0	0	0	0	0	0	0	0	0	0	3.676471	0	0	0	0	0	3.676471	7.352941	0	0	0	0	0	0	11.029412	0	0	7.352941	0	0	0	0	0	0	0	11.029412	0	0	0	0	0	0	0	0	0	0	0	0	0	0	0	0	0	0	0	0	0	0	0	3.676471	0	0	0	183.823529	69.852941	272.058824	29.411765	202.205882	44.117647	132.352941	73.529412	14.705882	36.764706	11.029412	0	0	3.676471	25.735294	3.676471	22.058824	7.352941	77.205882	18.382353
33497.txt	menores_notas	251	123.505976	19.920319	35.856574	11.952191	3.984064	3.984064	0	0	0	0	0	11.952191	35.856574	0	3.984064	0	19.920319	0	15.936255	3.984064	11.952191	0	15.936255	0	3.984064	19.920319	0	0	11.952191	11.952191	231.075697	63.74502	83.665339	39.840637	7.968127	7.968127	3.984064	47.808765	0	51.792829	27.888446	0	79.681275	7.968127	23.904382	19.920319	39.840637	35.856574	3.984064	0	0	0	11.952191	55.776892	0	11.952191	39.840637	123.505976	39.840637	11.952191	0	0	0	3.984064	0	0	3.984064	19.920319	63.74502	15.936255	0	0	0	0	0	0	0	3.984064	3.984064	11.952191	0	99.601594	7.968127	0	0	11.952191	0	0	0	0	0	0	0	7.968127	7.968127	0	0	15.936255	7.968127	3.984064	31.87251	3.984064	19.920319	19.920319	119.521912	7.968127	7.968127	0	11.952191	3.984064	0	3.984064	3.984064	11.952191	3.984064	7.968127	3.984064	0	0	0	11.952191	0	3.984064	0	0	0	0	3.984064	7.968127	83.665339	0	39.840637	0	31.87251	0	11.952191	11.952191	3.984064	0	0	0	0	3.984064	3.984064	0	15.936255	15.936255	3.984064	0	11.952191	0	0	23.904382	19.920319	0	0	7.968127	0	11.952191	3.984064	0	3.984064	0	3.984064	3.984064	0	0	3.984064	0	0	0	0	0	0	0	0	0	0	0	0	0	0	0	0	0	0	0	19.920319	0	0	0	0	0	0	7.968127	0	0	31.87251	3.984064	0	0	0	0	0	0	0	0	0	0	0	0	0	0	0	0	0	0	0	0	0	0	0	0	0	0	0	0	0	0	0	0	0	0	175.298805	79.681275	258.964143	87.649402	179.282869	47.808765	123.505976	71.713147	23.904382	11.952191	0	0	0	0	31.87251	0	19.920319	7.968127	71.713147	11.952191
33645.txt	menores_notas	192	62.5	10.416667	36.458333	5.208333	10.416667	15.625	15.625	0	0	0	0	41.666667	20.833333	15.625	15.625	26.041667	5.208333	0	5.208333	10.416667	62.5	0	15.625	10.416667	20.833333	26.041667	15.625	0	10.416667	0	187.5	67.708333	88.541667	20.833333	0	10.416667	5.208333	10.416667	0	5.208333	10.416667	0	26.041667	0	46.875	15.625	10.416667	41.666667	15.625	0	0	0	20.833333	36.458333	5.208333	0	26.041667	182.291667	26.041667	26.041667	5.208333	10.416667	0	0	10.416667	5.208333	20.833333	26.041667	52.083333	5.208333	0	10.416667	0	0	0	0	5.208333	15.625	5.208333	5.208333	0	130.208333	0	0	0	0	0	0	0	0	5.208333	0	0	0	0	0	0	10.416667	0	5.208333	52.083333	15.625	15.625	10.416667	130.208333	0	10.416667	0	5.208333	0	15.625	20.833333	10.416667	15.625	0	5.208333	15.625	0	0	0	15.625	0	0	0	0	5.208333	0	5.208333	0	67.708333	10.416667	36.458333	0	36.458333	0	10.416667	5.208333	0	0	0	0	5.208333	0	5.208333	5.208333	20.833333	15.625	5.208333	0	62.5	5.208333	5.208333	52.083333	15.625	0	0	26.041667	0	5.208333	5.208333	0	5.208333	0	0	46.875	5.208333	5.208333	0	0	0	5.208333	0	0	0	0	0	0	0	0	0	5.208333	0	0	0	0	5.208333	0	26.041667	0	0	0	0	0	0	20.833333	0	0	15.625	0	0	0	15.625	0	0	0	5.208333	0	0	0	0	0	0	0	0	0	0	0	0	0	0	0	0	0	0	0	0	0	0	0	20.833333	0	0	0	72.916667	161.458333	187.5	72.916667	208.333333	62.5	114.583333	72.916667	10.416667	62.5	5.208333	0	0	5.208333	52.083333	5.208333	26.041667	20.833333	78.125	67.708333
33787.txt	menores_notas	176	113.636364	5.681818	22.727273	0	17.045455	34.090909	0	0	0	0	0	5.681818	11.363636	0	5.681818	0	11.363636	0	5.681818	0	11.363636	5.681818	11.363636	0	34.090909	5.681818	0	0	5.681818	0	312.5	107.954545	193.181818	34.090909	5.681818	11.363636	22.727273	17.045455	0	11.363636	56.818182	0	73.863636	0	34.090909	17.045455	0	5.681818	11.363636	5.681818	0	0	17.045455	17.045455	0	0	45.454545	147.727273	22.727273	5.681818	11.363636	5.681818	22.727273	0	0	22.727273	5.681818	5.681818	85.227273	5.681818	0	5.681818	0	5.681818	0	0	0	0	5.681818	0	0	56.818182	68.181818	5.681818	0	0	11.363636	0	0	0	0	0	0	0	0	5.681818	0	0	0	11.363636	34.090909	0	5.681818	5.681818	130.681818	0	0	0	17.045455	5.681818	0	5.681818	0	5.681818	0	0	0	0	0	0	5.681818	0	0	0	0	5.681818	5.681818	5.681818	0	85.227273	28.409091	28.409091	0	62.5	0	5.681818	0	0	0	0	0	0	0	0	0	28.409091	39.772727	0	0	11.363636	0	5.681818	28.409091	5.681818	0	17.045455	51.136364	17.045455	0	0	0	0	0	0	0	5.681818	0	0	0	0	0	0	0	0	0	0	0	0	0	0	0	0	0	0	0	0	0	0	0	0	0	0	0	22.727273	11.363636	17.045455	0	11.363636	0	0	0	0	0	0	0	0	0	0	0	0	0	0	0	0	0	0	0	0	0	5.681818	0	0	0	0	0	0	0	0	0	5.681818	0	0	0	142.045455	45.454545	312.5	51.136364	170.454545	45.454545	136.363636	68.181818	0	11.363636	0	0	5.681818	0	28.409091	0	5.681818	11.363636	45.454545	56.818182
33789.txt	menores_notas	197	55.837563	20.304569	45.685279	0	10.152284	5.076142	20.304569	0	0	0	0	15.228426	10.152284	25.380711	5.076142	5.076142	5.076142	0	0	15.228426	35.532995	0	15.228426	0	15.228426	10.152284	0	10.152284	0	5.076142	218.274112	55.837563	96.446701	15.228426	5.076142	0	0	30.456853	5.076142	20.304569	5.076142	5.076142	30.456853	0	35.532995	15.228426	25.380711	35.532995	0	0	0	5.076142	15.228426	40.609137	0	10.152284	25.380711	167.51269	40.609137	30.456853	0	10.152284	5.076142	5.076142	5.076142	15.228426	10.152284	20.304569	96.446701	10.152284	0	5.076142	0	0	0	0	5.076142	15.228426	0	5.076142	0	76.142132	0	0	0	30.456853	10.152284	0	0	0	0	0	10.152284	0	30.456853	0	0	15.228426	0	15.228426	65.989848	5.076142	50.761421	10.152284	111.675127	0	15.228426	0	5.076142	0	15.228426	5.076142	0	30.456853	0	15.228426	0	0	0	0	30.456853	0	0	0	0	0	0	5.076142	0	76.142132	5.076142	45.685279	10.152284	15.228426	0	0	10.152284	10.152284	0	0	0	0	5.076142	5.076142	0	15.228426	0	0	0	35.532995	5.076142	0	60.913706	50.761421	0	0	55.837563	0	0	0	5.076142	0	0	0	20.304569	0	10.152284	5.076142	0	0	5.076142	0	0	0	0	0	0	0	0	0	5.076142	0	0	0	0	0	0	15.228426	0	0	10.152284	0	0	0	60.913706	0	0	10.152284	0	0	0	5.076142	0	0	0	5.076142	0	0	0	0	0	0	0	0	0	0	0	0	0	0	0	0	0	0	0	0	0	0	0	10.152284	0	0	0	76.142132	86.294416	223.350254	71.06599	248.730964	65.989848	137.055838	45.685279	15.228426	35.532995	5.076142	0	0	5.076142	91.370558	5.076142	20.304569	0	126.903553	25.380711
33856.txt	menores_notas	239	71.129707	16.736402	46.025105	12.552301	12.552301	20.920502	8.368201	0	0	0	0	33.472803	8.368201	8.368201	0	8.368201	8.368201	0	12.552301	8.368201	37.656904	4.1841	16.736402	12.552301	25.104603	37.656904	25.104603	0	12.552301	0	192.468619	79.497908	46.025105	12.552301	16.736402	12.552301	16.736402	33.472803	0	29.288703	4.1841	0	29.288703	0	29.288703	12.552301	16.736402	25.104603	4.1841	0	0	8.368201	0	46.025105	0	8.368201	25.104603	129.707113	41.841004	25.104603	4.1841	29.288703	8.368201	12.552301	4.1841	4.1841	4.1841	8.368201	50.209205	12.552301	0	33.472803	0	0	12.552301	0	4.1841	4.1841	0	4.1841	0	54.393305	25.104603	20.920502	0	8.368201	8.368201	0	0	0	0	0	8.368201	0	0	0	0	8.368201	0	4.1841	33.472803	4.1841	12.552301	12.552301	104.60251	0	8.368201	0	8.368201	0	4.1841	4.1841	4.1841	20.920502	0	20.920502	0	0	8.368201	0	20.920502	0	0	8.368201	0	4.1841	12.552301	4.1841	12.552301	92.050209	8.368201	54.393305	12.552301	33.472803	4.1841	29.288703	8.368201	4.1841	4.1841	4.1841	0	0	0	8.368201	4.1841	25.104603	33.472803	0	0	37.656904	8.368201	4.1841	37.656904	12.552301	4.1841	0	16.736402	4.1841	0	0	0	0	0	0	8.368201	8.368201	12.552301	4.1841	4.1841	0	0	0	0	0	0	0	0	0	4.1841	0	8.368201	0	0	0	4.1841	0	0	4.1841	0	0	0	0	0	8.368201	12.552301	0	0	8.368201	0	0	0	0	0	4.1841	0	8.368201	0	0	0	0	0	0	0	0	0	0	0	0	0	0	0	0	0	0	0	0	0	0	0	4.1841	0	0	0	133.891213	117.154812	192.468619	58.577406	175.732218	79.497908	154.811715	100.41841	8.368201	37.656904	8.368201	0	0	12.552301	37.656904	8.368201	8.368201	12.552301	62.761506	33.472803
33862.txt	menores_notas	335	80.597015	26.865672	44.776119	5.970149	17.910448	29.850746	2.985075	0	0	0	0	17.910448	2.985075	8.955224	0	5.970149	5.970149	0	0	8.955224	5.970149	0	2.985075	0	32.835821	23.880597	0	0	17.910448	50.746269	253.731343	71.641791	65.671642	95.522388	8.955224	2.985075	8.955224	8.955224	0	17.910448	32.835821	26.865672	77.61194	0	23.880597	29.850746	2.985075	8.955224	11.940299	0	0	0	2.985075	20.895522	0	0	26.865672	140.298507	44.776119	23.880597	29.850746	14.925373	0	5.970149	5.970149	8.955224	8.955224	5.970149	38.80597	2.985075	5.970149	8.955224	17.910448	2.985075	2.985075	0	2.985075	0	2.985075	2.985075	0	14.925373	38.80597	65.671642	0	0	0	2.985075	0	0	0	2.985075	0	0	0	2.985075	0	11.940299	0	8.955224	29.850746	0	11.940299	20.895522	122.38806	0	11.940299	0	5.970149	0	11.940299	5.970149	2.985075	5.970149	0	2.985075	5.970149	0	2.985075	0	2.985075	2.985075	0	2.985075	0	0	0	2.985075	5.970149	74.626866	8.955224	44.776119	2.985075	50.746269	0	5.970149	8.955224	2.985075	0	5.970149	0	0	5.970149	11.940299	5.970149	32.835821	23.880597	0	0	5.970149	11.940299	0	29.850746	11.940299	0	0	17.910448	0	2.985075	0	0	0	0	0	5.970149	0	0	5.970149	2.985075	5.970149	2.985075	0	0	0	0	0	0	0	0	0	11.940299	0	2.985075	0	0	2.985075	0	5.970149	0	0	0	0	2.985075	0	14.925373	0	0	2.985075	0	0	0	0	0	0	0	8.955224	0	0	0	0	0	0	0	0	0	0	0	0	0	0	0	0	0	0	0	0	2.985075	0	0	0	0	0	0	152.238806	44.776119	304.477612	53.731343	176.119403	38.80597	125.373134	98.507463	11.940299	5.970149	8.955224	0	2.985075	11.940299	29.850746	11.940299	5.970149	8.955224	32.835821	20.895522
33871.txt	menores_notas	152	98.684211	13.157895	59.210526	6.578947	0	6.578947	6.578947	6.578947	0	0	0	6.578947	19.736842	0	0	0	6.578947	0	13.157895	0	32.894737	0	0	0	6.578947	6.578947	0	0	6.578947	32.894737	282.894737	157.894737	59.210526	19.736842	19.736842	6.578947	0	52.631579	0	59.210526	46.052632	26.315789	39.473684	19.736842	19.736842	0	52.631579	6.578947	6.578947	6.578947	0	0	13.157895	59.210526	0	26.315789	65.789474	111.842105	6.578947	6.578947	0	0	13.157895	0	26.315789	0	0	13.157895	26.315789	6.578947	0	0	0	0	13.157895	6.578947	0	0	6.578947	6.578947	0	65.789474	13.157895	6.578947	0	0	0	0	0	0	0	0	0	0	0	0	0	6.578947	13.157895	0	13.157895	0	26.315789	6.578947	85.526316	6.578947	0	0	6.578947	0	13.157895	0	13.157895	0	0	13.157895	0	0	0	0	0	0	0	0	0	0	0	6.578947	0	105.263158	13.157895	59.210526	6.578947	32.894737	0	0	0	0	0	6.578947	0	0	0	0	0	32.894737	0	0	0	32.894737	0	0	13.157895	26.315789	0	0	0	0	19.736842	0	0	0	0	0	26.315789	0	0	0	0	0	0	0	0	0	0	0	0	0	0	0	0	0	0	0	6.578947	0	0	6.578947	0	0	0	0	0	0	0	0	0	6.578947	13.157895	0	0	0	0	0	0	6.578947	0	0	0	0	0	0	0	0	0	0	0	0	0	0	0	0	0	0	0	0	0	0	0	13.157895	0	0	0	171.052632	46.052632	315.789474	72.368421	131.578947	52.631579	177.631579	39.473684	19.736842	32.894737	6.578947	0	0	0	13.157895	0	13.157895	0	46.052632	0
33948.txt	menores_notas	243	86.419753	24.691358	41.152263	16.460905	0	4.115226	4.115226	0	0	0	0	0	12.345679	4.115226	4.115226	0	0	0	8.230453	4.115226	20.576132	0	12.345679	0	8.230453	0	0	0	0	24.691358	222.222222	82.304527	53.497942	20.576132	0	4.115226	0	41.152263	0	37.037037	45.26749	12.345679	65.843621	0	37.037037	4.115226	16.460905	8.230453	8.230453	0	0	0	8.230453	45.26749	0	16.460905	45.26749	90.534979	90.534979	32.921811	4.115226	0	4.115226	24.691358	8.230453	4.115226	0	12.345679	41.152263	8.230453	0	0	0	4.115226	0	0	4.115226	8.230453	0	4.115226	0	78.1893	12.345679	0	0	0	0	4.115226	0	0	4.115226	4.115226	0	12.345679	20.576132	0	0	24.691358	0	8.230453	41.152263	0	28.806584	45.26749	94.650206	0	24.691358	0	16.460905	8.230453	4.115226	4.115226	4.115226	8.230453	0	8.230453	0	0	4.115226	0	8.230453	4.115226	0	4.115226	0	4.115226	8.230453	4.115226	12.345679	115.226337	12.345679	45.26749	12.345679	37.037037	0	16.460905	8.230453	0	0	0	0	12.345679	4.115226	4.115226	0	12.345679	24.691358	0	0	20.576132	4.115226	0	37.037037	16.460905	0	4.115226	4.115226	0	4.115226	0	0	4.115226	0	0	16.460905	0	0	4.115226	0	0	0	0	0	0	0	0	0	0	0	0	4.115226	0	0	0	0	0	0	12.345679	4.115226	0	0	0	0	0	24.691358	0	0	4.115226	8.230453	0	0	0	0	0	0	0	0	0	0	0	0	0	0	0	0	0	0	0	0	0	0	0	0	0	0	0	0	0	0	12.345679	0	0	0	152.263374	41.152263	246.91358	57.613169	201.646091	61.728395	172.839506	78.1893	24.691358	20.576132	0	0	0	4.115226	41.152263	0	12.345679	8.230453	115.226337	28.806584
33964.txt	menores_notas	264	71.969697	7.575758	60.606061	11.363636	7.575758	22.727273	3.787879	0	0	0	0	3.787879	15.151515	0	0	0	15.151515	0	3.787879	11.363636	26.515152	7.575758	11.363636	0	34.090909	0	0	0	0	30.30303	242.424242	132.575758	75.757576	30.30303	3.787879	7.575758	0	79.545455	0	41.666667	71.969697	11.363636	56.818182	0	26.515152	11.363636	22.727273	3.787879	3.787879	7.575758	0	0	7.575758	37.878788	0	11.363636	41.666667	121.212121	37.878788	15.151515	0	11.363636	0	11.363636	26.515152	3.787879	22.727273	3.787879	45.454545	37.878788	0	11.363636	0	0	3.787879	0	0	3.787879	0	0	0	49.242424	18.939394	0	0	3.787879	0	0	0	0	7.575758	0	0	0	15.151515	0	0	7.575758	0	0	49.242424	0	34.090909	11.363636	71.969697	0	7.575758	0	15.151515	3.787879	0	7.575758	0	15.151515	0	3.787879	7.575758	3.787879	0	0	15.151515	0	0	0	0	0	0	3.787879	22.727273	109.848485	3.787879	68.181818	7.575758	34.090909	0	3.787879	7.575758	0	0	7.575758	0	15.151515	0	3.787879	0	22.727273	11.363636	3.787879	0	26.515152	3.787879	7.575758	45.454545	30.30303	0	3.787879	0	11.363636	11.363636	0	0	0	0	0	22.727273	0	0	3.787879	0	0	3.787879	0	0	0	0	0	0	0	0	0	3.787879	0	0	0	0	0	0	3.787879	0	0	0	0	0	0	18.939394	0	0	15.151515	0	0	0	0	0	0	0	15.151515	0	0	0	0	0	0	0	0	0	0	0	0	0	0	0	0	0	0	0	0	0	0	0	3.787879	0	0	0	79.545455	49.242424	280.30303	56.818182	162.878788	49.242424	181.818182	71.969697	7.575758	26.515152	15.151515	0	0	3.787879	45.454545	3.787879	3.787879	11.363636	94.69697	11.363636
34009.txt	menores_notas	313	76.677316	6.389776	60.702875	19.169329	0	35.14377	6.389776	0	0	0	0	3.194888	0	0	0	0	3.194888	0	6.389776	0	28.753994	0	9.584665	0	25.559105	6.389776	0	0	6.389776	9.584665	287.539936	137.380192	115.015974	31.948882	22.364217	3.194888	3.194888	51.118211	9.584665	51.118211	28.753994	3.194888	41.533546	0	57.507987	12.779553	38.338658	12.779553	3.194888	12.779553	0	3.194888	9.584665	92.651757	0	25.559105	51.118211	86.261981	35.14377	22.364217	3.194888	9.584665	0	3.194888	15.974441	0	0	6.389776	35.14377	3.194888	3.194888	6.389776	3.194888	0	3.194888	0	3.194888	3.194888	3.194888	3.194888	0	38.338658	6.389776	15.974441	0	3.194888	0	0	0	0	12.779553	0	0	0	0	0	0	12.779553	0	0	25.559105	3.194888	9.584665	19.169329	63.897764	3.194888	12.779553	0	3.194888	0	12.779553	3.194888	0	0	0	3.194888	3.194888	0	0	0	0	0	0	0	0	0	0	0	12.779553	99.041534	15.974441	73.482428	6.389776	41.533546	3.194888	6.389776	0	0	0	0	0	6.389776	9.584665	12.779553	3.194888	35.14377	9.584665	0	0	28.753994	9.584665	0	22.364217	9.584665	0	0	3.194888	3.194888	3.194888	0	0	0	0	0	22.364217	6.389776	0	12.779553	0	0	6.389776	0	0	3.194888	0	0	0	0	0	0	6.389776	3.194888	0	0	0	6.389776	0	6.389776	0	0	0	0	0	0	28.753994	0	0	3.194888	0	0	0	0	0	0	0	15.974441	0	0	0	0	0	0	0	0	0	0	0	0	0	0	0	0	0	0	0	0	0	0	0	6.389776	0	0	0	143.769968	47.923323	300.319489	118.210863	118.210863	22.364217	182.108626	83.067093	15.974441	28.753994	15.974441	0	0	9.584665	35.14377	9.584665	6.389776	3.194888	54.313099	9.584665
34025.txt	menores_notas	209	76.555024	14.354067	76.555024	9.569378	0	28.708134	4.784689	0	0	0	0	0	4.784689	4.784689	0	0	4.784689	0	4.784689	9.569378	9.569378	0	4.784689	0	38.277512	0	0	0	0	0	287.08134	114.832536	66.985646	57.416268	14.354067	4.784689	9.569378	43.062201	4.784689	52.631579	19.138756	0	38.277512	19.138756	23.923445	14.354067	66.985646	14.354067	9.569378	9.569378	0	9.569378	9.569378	81.339713	0	38.277512	76.555024	100.478469	52.631579	23.923445	0	4.784689	0	4.784689	28.708134	14.354067	0	4.784689	33.492823	4.784689	0	9.569378	0	0	4.784689	0	0	0	4.784689	0	0	62.200957	0	4.784689	0	0	0	0	0	0	14.354067	0	4.784689	19.138756	9.569378	0	0	14.354067	0	19.138756	9.569378	4.784689	28.708134	38.277512	66.985646	0	14.354067	0	9.569378	0	9.569378	14.354067	4.784689	4.784689	0	14.354067	14.354067	4.784689	0	0	4.784689	0	0	0	0	4.784689	14.354067	9.569378	0	90.909091	0	76.555024	0	38.277512	14.354067	4.784689	0	0	0	0	0	0	9.569378	19.138756	0	52.631579	0	0	0	9.569378	9.569378	0	9.569378	28.708134	0	0	0	0	4.784689	0	0	0	0	0	9.569378	0	0	14.354067	0	0	4.784689	0	0	4.784689	0	0	0	0	0	0	4.784689	4.784689	0	0	0	0	0	4.784689	0	0	0	0	0	0	4.784689	0	0	4.784689	0	0	0	0	0	0	0	0	4.784689	0	0	0	0	0	0	0	0	0	0	0	0	0	0	0	0	0	0	0	0	0	0	9.569378	0	0	0	90.909091	33.492823	287.08134	105.263158	153.110048	57.416268	167.464115	81.339713	14.354067	9.569378	4.784689	0	0	9.569378	9.569378	9.569378	4.784689	33.492823	76.555024	9.569378
34046.txt	menores_notas	222	99.099099	13.513514	58.558559	13.513514	9.009009	9.009009	4.504505	0	0	0	0	4.504505	9.009009	0	0	0	9.009009	0	9.009009	9.009009	9.009009	0	13.513514	0	18.018018	9.009009	0	0	9.009009	9.009009	288.288288	166.666667	108.108108	27.027027	13.513514	4.504505	4.504505	54.054054	4.504505	36.036036	13.513514	0	76.576577	0	58.558559	4.504505	49.54955	4.504505	13.513514	22.522523	0	4.504505	31.531532	72.072072	0	18.018018	81.081081	108.108108	36.036036	13.513514	4.504505	13.513514	9.009009	4.504505	22.522523	9.009009	0	4.504505	54.054054	9.009009	0	9.009009	0	4.504505	4.504505	0	4.504505	0	0	4.504505	0	18.018018	27.027027	13.513514	0	31.531532	0	9.009009	0	0	4.504505	0	4.504505	0	9.009009	0	0	13.513514	4.504505	0	18.018018	0	9.009009	36.036036	94.594595	0	13.513514	0	4.504505	4.504505	9.009009	9.009009	0	13.513514	0	9.009009	9.009009	0	0	0	13.513514	4.504505	0	0	0	0	0	4.504505	13.513514	63.063063	0	58.558559	4.504505	40.540541	0	9.009009	0	4.504505	0	4.504505	0	0	13.513514	9.009009	9.009009	22.522523	27.027027	0	0	9.009009	4.504505	0	18.018018	9.009009	0	4.504505	13.513514	0	9.009009	0	0	0	0	0	9.009009	0	0	18.018018	0	0	4.504505	0	0	0	0	0	0	0	0	0	4.504505	0	0	0	0	0	0	4.504505	0	0	0	0	0	0	13.513514	0	0	4.504505	4.504505	0	0	0	0	4.504505	0	9.009009	0	0	0	0	0	0	0	0	0	0	0	0	0	0	0	0	0	0	0	0	0	0	0	4.504505	4.504505	0	0	112.612613	45.045045	297.297297	108.108108	148.648649	63.063063	121.621622	90.09009	18.018018	9.009009	9.009009	0	0	4.504505	18.018018	4.504505	4.504505	9.009009	63.063063	22.522523
34185.txt	menores_notas	327	88.685015	6.116208	6.116208	6.116208	12.232416	9.174312	0	0	0	0	0	6.116208	42.813456	12.232416	21.406728	12.232416	21.406728	0	18.348624	24.464832	51.987768	3.058104	39.755352	0	30.58104	27.522936	0	0	24.464832	3.058104	177.370031	73.394495	85.626911	27.522936	0	9.174312	6.116208	9.174312	0	15.29052	12.232416	3.058104	48.929664	0	24.464832	30.58104	12.232416	30.58104	0	3.058104	0	0	9.174312	15.29052	6.116208	0	24.464832	180.428135	58.103976	42.813456	3.058104	33.639144	3.058104	3.058104	3.058104	9.174312	6.116208	9.174312	64.220183	15.29052	0	30.58104	0	3.058104	9.174312	3.058104	3.058104	6.116208	3.058104	3.058104	0	103.975535	0	3.058104	0	9.174312	6.116208	0	9.174312	0	18.348624	0	6.116208	0	15.29052	0	0	6.116208	0	6.116208	70.336391	6.116208	12.232416	3.058104	116.207951	0	3.058104	0	6.116208	0	3.058104	9.174312	3.058104	24.464832	3.058104	12.232416	9.174312	0	0	0	24.464832	0	3.058104	0	0	0	3.058104	6.116208	0	97.859327	9.174312	9.174312	3.058104	51.987768	3.058104	0	6.116208	3.058104	0	0	0	0	0	9.174312	6.116208	39.755352	15.29052	0	0	48.929664	9.174312	3.058104	73.394495	12.232416	0	0	24.464832	0	0	0	0	0	0	0	30.58104	18.348624	0	0	0	0	6.116208	0	0	0	0	0	0	0	0	0	3.058104	3.058104	0	0	6.116208	3.058104	0	9.174312	3.058104	0	0	0	0	6.116208	24.464832	0	0	21.406728	21.406728	0	0	0	0	0	0	6.116208	0	0	0	0	0	0	0	0	0	0	0	0	0	0	0	0	0	0	0	0	0	0	0	9.174312	9.174312	0	0	100.917431	171.253823	180.428135	55.045872	238.53211	61.16208	116.207951	70.336391	6.116208	48.929664	6.116208	0	0	9.174312	73.394495	6.116208	9.174312	12.232416	91.743119	33.639144
34210.txt	menores_notas	229	117.90393	0	61.135371	13.100437	4.366812	4.366812	17.467249	0	0	0	0	4.366812	4.366812	0	0	0	4.366812	0	13.100437	4.366812	21.834061	0	17.467249	4.366812	8.733624	4.366812	0	0	4.366812	4.366812	266.375546	69.868996	187.772926	21.834061	0	0	0	17.467249	0	17.467249	26.200873	8.733624	56.768559	0	43.668122	26.200873	48.034934	39.30131	8.733624	4.366812	0	0	8.733624	65.502183	8.733624	21.834061	39.30131	117.90393	78.60262	4.366812	0	0	0	13.100437	13.100437	0	34.934498	8.733624	34.934498	8.733624	0	0	0	0	0	0	8.733624	0	0	8.733624	0	104.803493	0	0	0	0	0	4.366812	0	0	0	8.733624	0	0	0	0	0	26.200873	0	0	8.733624	0	43.668122	30.567686	109.170306	4.366812	21.834061	0	13.100437	0	4.366812	4.366812	4.366812	8.733624	0	8.733624	4.366812	0	0	0	8.733624	0	0	0	0	0	0	4.366812	0	96.069869	0	61.135371	0	17.467249	0	4.366812	4.366812	4.366812	0	0	0	0	0	0	4.366812	8.733624	13.100437	0	0	26.200873	0	0	8.733624	30.567686	0	0	13.100437	0	0	4.366812	0	0	0	0	17.467249	0	4.366812	4.366812	0	0	0	0	0	0	0	0	0	0	0	0	0	0	0	0	0	0	0	8.733624	0	0	0	0	0	0	0	0	0	4.366812	0	0	0	0	0	0	0	4.366812	0	0	0	0	0	0	0	0	0	0	0	0	0	0	0	0	0	0	0	0	0	0	0	0	0	0	0	174.672489	48.034934	270.742358	100.436681	196.50655	39.30131	157.20524	34.934498	26.200873	26.200873	4.366812	0	0	0	8.733624	0	8.733624	4.366812	82.969432	17.467249
34236.txt	menores_notas	253	90.909091	15.810277	31.620553	7.905138	19.762846	39.525692	0	0	0	0	0	3.952569	11.857708	0	3.952569	0	7.905138	0	0	3.952569	23.715415	3.952569	0	0	39.525692	3.952569	0	0	3.952569	3.952569	272.727273	75.098814	169.960474	51.383399	23.715415	3.952569	3.952569	31.620553	3.952569	31.620553	55.335968	11.857708	71.146245	7.905138	35.573123	19.762846	19.762846	31.620553	7.905138	0	0	7.905138	15.810277	35.573123	3.952569	7.905138	39.525692	130.434783	43.478261	27.667984	0	3.952569	0	0	43.478261	7.905138	7.905138	3.952569	90.909091	11.857708	0	0	0	0	0	0	0	3.952569	0	0	0	94.86166	0	0	0	0	0	0	0	0	0	0	0	0	15.810277	0	0	23.715415	3.952569	3.952569	23.715415	7.905138	47.43083	7.905138	94.86166	0	23.715415	0	0	0	11.857708	31.620553	7.905138	15.810277	0	0	11.857708	0	0	0	15.810277	0	0	0	0	0	0	23.715415	0	86.956522	0	35.573123	0	43.478261	0	3.952569	7.905138	0	0	0	3.952569	0	7.905138	0	7.905138	19.762846	27.667984	0	0	23.715415	0	7.905138	31.620553	39.525692	0	0	19.762846	0	3.952569	0	0	0	0	0	11.857708	0	7.905138	0	0	0	0	0	0	0	0	0	0	0	0	0	0	0	0	0	0	0	11.857708	3.952569	0	0	0	0	0	0	55.335968	0	0	7.905138	3.952569	0	0	0	0	0	0	7.905138	0	0	0	0	0	0	0	0	0	0	0	0	0	0	0	0	0	0	0	0	0	0	0	19.762846	0	0	0	138.339921	47.43083	276.679842	71.146245	173.913043	67.193676	122.529644	75.098814	27.667984	23.715415	7.905138	0	0	0	67.193676	0	3.952569	31.620553	86.956522	47.43083
34251.txt	menores_notas	241	103.73444	20.746888	66.390041	8.298755	20.746888	12.448133	4.149378	0	0	0	0	0	8.298755	0	0	0	0	0	8.298755	0	24.896266	0	8.298755	0	8.298755	0	0	0	0	16.59751	294.605809	157.676349	107.883817	33.195021	24.896266	12.448133	12.448133	87.136929	0	74.688797	49.792531	16.59751	66.390041	12.448133	41.493776	12.448133	12.448133	16.59751	20.746888	12.448133	0	0	29.045643	24.896266	0	8.298755	33.195021	78.838174	66.390041	20.746888	8.298755	8.298755	4.149378	4.149378	24.896266	12.448133	4.149378	4.149378	41.493776	4.149378	0	8.298755	4.149378	0	0	0	0	0	4.149378	0	0	70.539419	0	4.149378	0	4.149378	0	0	0	0	8.298755	0	4.149378	41.493776	24.896266	0	0	0	8.298755	16.59751	16.59751	0	20.746888	20.746888	78.838174	0	0	0	0	0	4.149378	4.149378	8.298755	12.448133	0	4.149378	4.149378	0	0	0	12.448133	0	0	0	0	0	0	0	8.298755	78.838174	8.298755	70.539419	4.149378	37.344398	0	8.298755	0	4.149378	0	0	0	4.149378	8.298755	8.298755	4.149378	29.045643	8.298755	0	0	24.896266	8.298755	4.149378	16.59751	20.746888	0	4.149378	4.149378	0	8.298755	0	0	0	0	0	12.448133	12.448133	0	0	0	0	4.149378	0	0	0	0	0	0	0	0	0	4.149378	4.149378	0	0	0	4.149378	0	4.149378	0	0	0	0	0	0	16.59751	0	0	4.149378	4.149378	0	0	0	0	0	0	16.59751	0	0	0	0	0	0	0	0	0	0	0	0	0	0	0	0	0	0	0	0	0	0	0	29.045643	4.149378	0	0	124.481328	33.195021	311.20332	66.390041	149.377593	41.493776	157.676349	66.390041	8.298755	24.896266	16.59751	0	0	8.298755	24.896266	8.298755	4.149378	4.149378	58.091286	37.344398
34273.txt	menores_notas	207	53.140097	14.492754	43.478261	4.830918	0	24.154589	9.661836	0	0	0	0	14.492754	24.154589	0	0	0	24.154589	0	9.661836	19.323671	28.985507	0	19.323671	4.830918	33.816425	19.323671	9.661836	0	4.830918	4.830918	241.545894	82.125604	96.618357	43.478261	0	9.661836	0	33.816425	0	24.154589	57.971014	9.661836	38.647343	0	48.309179	19.323671	14.492754	28.985507	4.830918	9.661836	0	0	19.323671	28.985507	0	4.830918	33.816425	115.942029	38.647343	19.323671	9.661836	9.661836	0	0	0	0	9.661836	24.154589	43.478261	9.661836	0	0	0	4.830918	0	0	19.323671	4.830918	0	9.661836	0	96.618357	0	0	0	0	0	4.830918	0	0	14.492754	0	0	0	9.661836	0	0	9.661836	19.323671	9.661836	33.816425	0	24.154589	9.661836	101.449275	0	9.661836	0	19.323671	0	9.661836	14.492754	0	24.154589	0	9.661836	9.661836	0	0	0	19.323671	4.830918	0	0	0	0	0	9.661836	0	72.463768	48.309179	43.478261	0	33.816425	0	4.830918	4.830918	0	0	4.830918	0	19.323671	0	0	0	19.323671	14.492754	0	0	28.985507	0	0	33.816425	24.154589	0	0	9.661836	4.830918	14.492754	0	0	0	0	0	19.323671	0	4.830918	0	0	0	0	0	0	0	0	0	0	0	0	0	0	0	0	0	0	0	0	19.323671	0	0	0	0	0	0	4.830918	0	0	24.154589	0	0	0	0	0	0	0	9.661836	0	0	0	0	0	0	0	0	0	0	0	0	0	0	0	0	0	0	0	0	0	0	0	9.661836	0	0	0	111.111111	96.618357	246.376812	72.463768	178.743961	77.294686	159.42029	67.63285	28.985507	28.985507	9.661836	0	0	0	33.816425	0	24.154589	0	67.63285	19.323671
34308.txt	menores_notas	182	104.395604	27.472527	54.945055	5.494505	21.978022	16.483516	21.978022	0	0	0	0	0	27.472527	0	0	5.494505	16.483516	0	5.494505	5.494505	21.978022	0	5.494505	0	21.978022	0	0	0	0	27.472527	285.714286	120.879121	76.923077	27.472527	5.494505	5.494505	5.494505	32.967033	0	38.461538	38.461538	10.989011	43.956044	0	49.450549	32.967033	10.989011	32.967033	5.494505	5.494505	0	0	27.472527	21.978022	5.494505	5.494505	43.956044	104.395604	32.967033	27.472527	5.494505	0	0	5.494505	27.472527	5.494505	5.494505	0	38.461538	5.494505	0	0	0	0	5.494505	0	0	0	10.989011	0	0	71.428571	16.483516	0	0	5.494505	0	0	0	0	5.494505	0	0	0	10.989011	0	0	5.494505	10.989011	10.989011	16.483516	0	21.978022	5.494505	87.912088	0	5.494505	0	10.989011	0	5.494505	0	0	0	0	10.989011	0	0	0	0	0	0	0	0	0	0	0	0	5.494505	82.417582	0	60.43956	0	27.472527	16.483516	0	0	0	0	0	0	10.989011	0	0	0	38.461538	5.494505	0	0	21.978022	0	0	16.483516	16.483516	0	0	10.989011	0	21.978022	0	0	0	0	0	16.483516	5.494505	0	0	0	0	0	0	0	0	0	0	0	0	0	0	0	0	0	0	0	0	0	0	0	10.989011	0	0	0	0	21.978022	0	0	10.989011	16.483516	0	0	0	0	0	10.989011	0	0	0	0	0	0	0	0	0	0	10.989011	0	0	0	0	0	0	0	0	0	0	0	0	0	16.483516	0	0	0	186.813187	60.43956	313.186813	82.417582	137.362637	32.967033	142.857143	54.945055	16.483516	21.978022	10.989011	10.989011	0	0	32.967033	5.494505	10.989011	0	43.956044	27.472527
34356.txt	menores_notas	230	86.956522	8.695652	73.913043	0	21.73913	13.043478	4.347826	0	0	0	0	17.391304	21.73913	8.695652	0	8.695652	17.391304	0	0	43.478261	17.391304	0	8.695652	0	47.826087	17.391304	8.695652	0	8.695652	0	221.73913	69.565217	130.434783	43.478261	0	4.347826	8.695652	8.695652	4.347826	0	52.173913	0	34.782609	0	13.043478	26.086957	0	4.347826	8.695652	17.391304	0	0	13.043478	8.695652	0	0	17.391304	130.434783	39.130435	39.130435	8.695652	8.695652	26.086957	13.043478	4.347826	0	0	4.347826	34.782609	13.043478	0	21.73913	0	4.347826	8.695652	0	0	4.347826	0	0	0	86.956522	4.347826	17.391304	0	0	0	4.347826	0	0	0	0	0	0	0	0	0	0	0	0	39.130435	4.347826	17.391304	0	113.043478	0	0	0	13.043478	17.391304	4.347826	17.391304	0	8.695652	0	8.695652	8.695652	0	0	0	4.347826	4.347826	0	0	0	0	0	13.043478	0	69.565217	26.086957	73.913043	0	17.391304	8.695652	8.695652	13.043478	8.695652	0	0	4.347826	0	30.434783	4.347826	0	26.086957	8.695652	0	0	17.391304	4.347826	0	39.130435	17.391304	0	4.347826	21.73913	4.347826	0	0	0	0	0	0	8.695652	4.347826	0	0	0	0	4.347826	0	0	0	0	0	0	0	0	0	4.347826	0	0	0	4.347826	4.347826	0	4.347826	0	0	0	0	0	0	26.086957	0	0	21.73913	0	0	0	0	0	0	0	0	0	0	0	0	0	0	0	0	0	0	0	0	0	0	0	0	0	0	0	0	0	0	0	0	0	0	0	169.565217	91.304348	221.73913	47.826087	169.565217	65.217391	165.217391	91.304348	0	17.391304	0	0	0	4.347826	39.130435	4.347826	4.347826	8.695652	56.521739	0
34362.txt	menores_notas	283	63.60424	14.134276	70.671378	3.533569	10.600707	24.734982	0	0	0	0	0	7.067138	14.134276	7.067138	0	14.134276	7.067138	3.533569	7.067138	7.067138	10.600707	0	17.667845	3.533569	24.734982	10.600707	0	0	17.667845	0	229.681979	106.007067	53.003534	31.80212	0	3.533569	10.600707	53.003534	0	28.268551	10.600707	10.600707	31.80212	7.067138	45.936396	10.600707	7.067138	7.067138	21.201413	7.067138	0	0	14.134276	38.869258	0	7.067138	35.335689	137.809187	60.070671	28.268551	7.067138	14.134276	7.067138	31.80212	38.869258	7.067138	10.600707	14.134276	74.204947	3.533569	3.533569	3.533569	3.533569	3.533569	3.533569	7.067138	3.533569	3.533569	0	3.533569	0	70.671378	3.533569	0	0	0	7.067138	0	0	0	31.80212	0	0	0	14.134276	7.067138	0	0	0	7.067138	38.869258	0	53.003534	7.067138	74.204947	0	0	0	28.268551	0	10.600707	10.600707	0	7.067138	0	14.134276	10.600707	0	0	0	7.067138	0	0	0	0	0	0	0	10.600707	102.473498	7.067138	70.671378	3.533569	17.667845	10.600707	10.600707	10.600707	3.533569	0	0	0	0	3.533569	35.335689	0	17.667845	14.134276	0	0	10.600707	35.335689	0	38.869258	53.003534	0	0	17.667845	0	3.533569	0	0	0	0	0	7.067138	0	3.533569	7.067138	0	0	3.533569	0	3.533569	0	0	0	0	0	0	0	10.600707	24.734982	0	0	3.533569	0	0	3.533569	7.067138	0	0	0	0	3.533569	14.134276	0	3.533569	14.134276	0	0	0	0	0	3.533569	3.533569	3.533569	0	0	0	3.533569	0	0	3.533569	0	0	3.533569	0	0	0	0	0	0	0	0	0	0	0	0	3.533569	0	3.533569	3.533569	0	77.738516	63.60424	229.681979	63.60424	197.879859	70.671378	180.212014	91.872792	0	10.600707	10.600707	7.067138	0	35.335689	45.936396	7.067138	14.134276	10.600707	98.939929	28.268551
34537.txt	menores_notas	272	99.264706	7.352941	51.470588	7.352941	11.029412	33.088235	7.352941	3.676471	0	0	3.676471	0	14.705882	0	0	0	11.029412	0	0	3.676471	18.382353	7.352941	3.676471	0	29.411765	0	0	0	0	58.823529	205.882353	69.852941	95.588235	40.441176	7.352941	7.352941	3.676471	22.058824	14.705882	33.088235	73.529412	7.352941	44.117647	11.029412	55.147059	14.705882	22.058824	33.088235	7.352941	7.352941	0	0	18.382353	58.823529	3.676471	11.029412	33.088235	99.264706	73.529412	25.735294	0	7.352941	0	3.676471	14.705882	0	7.352941	0	51.470588	7.352941	0	11.029412	0	0	0	0	0	0	0	0	0	55.147059	18.382353	0	0	11.029412	0	0	0	0	3.676471	0	3.676471	0	18.382353	0	0	11.029412	0	3.676471	33.088235	3.676471	22.058824	40.441176	84.558824	7.352941	11.029412	0	3.676471	0	11.029412	14.705882	0	11.029412	0	3.676471	11.029412	0	0	0	11.029412	0	0	0	0	0	0	14.705882	7.352941	77.205882	7.352941	58.823529	3.676471	40.441176	0	7.352941	3.676471	3.676471	3.676471	3.676471	0	0	11.029412	0	3.676471	25.735294	11.029412	3.676471	0	18.382353	0	7.352941	36.764706	14.705882	0	0	0	0	3.676471	0	0	0	0	0	11.029412	3.676471	3.676471	22.058824	0	0	0	0	0	0	0	0	0	0	0	0	0	0	0	0	0	0	0	0	0	0	0	0	0	3.676471	22.058824	0	0	11.029412	3.676471	0	0	0	0	0	0	14.705882	0	0	0	0	0	0	0	0	0	0	0	0	0	0	0	0	0	0	0	0	0	0	0	18.382353	3.676471	0	0	106.617647	58.823529	264.705882	99.264706	191.176471	47.794118	143.382353	77.205882	29.411765	18.382353	14.705882	0	0	0	36.764706	0	0	11.029412	99.264706	18.382353
34613.txt	menores_notas	169	59.171598	0	29.585799	11.83432	47.337278	11.83432	0	0	0	0	0	35.502959	47.337278	0	53.254438	0	0	0	0	5.91716	5.91716	0	0	5.91716	17.751479	29.585799	17.751479	0	11.83432	23.668639	189.349112	47.337278	71.005917	59.171598	5.91716	0	0	23.668639	0	11.83432	41.420118	5.91716	41.420118	5.91716	41.420118	23.668639	23.668639	29.585799	0	0	0	5.91716	11.83432	47.337278	5.91716	11.83432	35.502959	142.011834	71.005917	41.420118	23.668639	0	5.91716	5.91716	23.668639	5.91716	11.83432	5.91716	65.088757	5.91716	11.83432	5.91716	5.91716	5.91716	5.91716	0	5.91716	0	0	5.91716	0	118.343195	0	0	0	0	0	0	0	0	17.751479	0	0	11.83432	23.668639	0	0	0	0	0	23.668639	0	59.171598	11.83432	118.343195	0	0	0	23.668639	0	5.91716	11.83432	0	0	0	11.83432	0	5.91716	0	0	0	0	0	0	0	0	11.83432	11.83432	5.91716	82.840237	23.668639	29.585799	0	35.502959	0	11.83432	17.751479	0	5.91716	0	0	5.91716	5.91716	23.668639	0	0	41.420118	0	0	5.91716	23.668639	0	23.668639	59.171598	0	0	35.502959	0	0	0	0	0	0	0	0	0	5.91716	5.91716	0	5.91716	0	5.91716	0	0	0	0	0	0	0	0	17.751479	5.91716	0	5.91716	0	0	0	5.91716	0	0	5.91716	0	0	5.91716	11.83432	0	0	35.502959	11.83432	0	0	5.91716	0	0	0	0	0	0	0	0	0	0	0	0	0	0	0	0	0	0	0	0	0	0	0	0	0	0	0	11.83432	0	0	0	88.757396	100.591716	213.017751	82.840237	230.769231	53.254438	112.426036	82.840237	0	5.91716	0	0	0	23.668639	23.668639	17.751479	5.91716	29.585799	94.674556	41.420118
34616.txt	menores_notas	209	66.985646	9.569378	76.555024	19.138756	14.354067	0	0	0	0	0	4.784689	0	19.138756	0	0	0	19.138756	0	14.354067	4.784689	19.138756	0	4.784689	0	4.784689	0	0	0	0	9.569378	248.803828	124.401914	57.416268	33.492823	4.784689	4.784689	14.354067	43.062201	0	43.062201	14.354067	0	47.84689	0	43.062201	9.569378	33.492823	23.923445	4.784689	9.569378	0	0	19.138756	52.631579	0	14.354067	57.416268	148.325359	66.985646	52.631579	0	14.354067	9.569378	9.569378	14.354067	14.354067	0	19.138756	47.84689	9.569378	0	0	0	0	0	0	14.354067	4.784689	4.784689	4.784689	0	110.047847	4.784689	0	0	0	0	0	0	0	4.784689	0	0	0	4.784689	0	0	23.923445	9.569378	4.784689	47.84689	0	23.923445	28.708134	114.832536	19.138756	4.784689	0	4.784689	0	19.138756	4.784689	0	9.569378	0	0	4.784689	0	0	0	9.569378	0	0	0	0	0	0	0	14.354067	57.416268	4.784689	76.555024	0	19.138756	0	14.354067	19.138756	0	0	0	0	4.784689	4.784689	19.138756	4.784689	9.569378	9.569378	0	0	19.138756	19.138756	0	47.84689	19.138756	0	0	4.784689	0	14.354067	0	0	0	4.784689	0	19.138756	0	0	9.569378	0	0	9.569378	0	0	0	0	0	0	0	0	0	19.138756	0	0	0	0	4.784689	0	38.277512	0	9.569378	0	0	0	9.569378	0	0	0	19.138756	0	0	0	0	0	0	0	14.354067	0	0	0	0	0	0	0	0	0	0	0	0	0	0	0	0	0	0	0	0	0	0	0	0	0	0	0	153.110048	57.416268	258.373206	81.339713	215.311005	47.84689	143.54067	66.985646	33.492823	19.138756	14.354067	0	0	19.138756	47.84689	9.569378	19.138756	4.784689	100.478469	4.784689
34618.txt	menores_notas	209	95.69378	9.569378	38.277512	38.277512	9.569378	9.569378	4.784689	0	0	0	0	0	0	4.784689	0	4.784689	4.784689	0	0	9.569378	28.708134	0	4.784689	0	19.138756	0	0	0	0	0	325.358852	143.54067	124.401914	33.492823	14.354067	14.354067	9.569378	81.339713	0	66.985646	9.569378	14.354067	43.062201	4.784689	47.84689	14.354067	28.708134	23.923445	9.569378	4.784689	0	0	14.354067	57.416268	0	4.784689	33.492823	90.909091	38.277512	19.138756	0	0	0	0	19.138756	9.569378	0	9.569378	47.84689	0	9.569378	0	0	0	0	0	9.569378	0	0	0	0	81.339713	0	0	0	0	0	0	0	0	4.784689	0	0	9.569378	0	0	0	19.138756	0	4.784689	9.569378	0	23.923445	19.138756	81.339713	0	19.138756	0	0	0	9.569378	4.784689	0	9.569378	0	0	4.784689	0	0	0	9.569378	0	0	0	0	0	0	0	9.569378	90.909091	33.492823	66.985646	0	23.923445	4.784689	9.569378	0	0	0	0	0	9.569378	9.569378	0	4.784689	23.923445	9.569378	0	0	28.708134	0	0	9.569378	23.923445	0	0	14.354067	4.784689	0	0	0	0	0	0	28.708134	0	0	4.784689	0	0	0	0	0	0	0	0	0	0	0	0	0	0	0	0	0	0	0	14.354067	0	0	0	0	0	0	0	0	0	0	0	0	0	0	0	0	0	4.784689	0	0	0	0	0	0	0	0	0	0	0	0	0	0	0	0	0	0	0	0	0	0	0	43.062201	0	0	0	143.54067	47.84689	325.358852	86.124402	138.755981	33.492823	181.818182	62.200957	19.138756	28.708134	4.784689	0	0	0	9.569378	0	9.569378	4.784689	52.631579	14.354067
34637.txt	menores_notas	226	66.371681	8.849558	84.070796	13.274336	0	22.123894	8.849558	0	0	0	0	0	17.699115	0	0	0	17.699115	0	13.274336	0	26.548673	0	8.849558	0	22.123894	0	0	0	0	22.123894	283.185841	53.097345	110.619469	13.274336	0	17.699115	0	48.672566	8.849558	39.823009	53.097345	8.849558	57.522124	0	57.522124	0	22.123894	8.849558	4.424779	13.274336	0	8.849558	22.123894	48.672566	4.424779	8.849558	57.522124	110.619469	22.123894	8.849558	4.424779	8.849558	4.424779	8.849558	13.274336	4.424779	8.849558	4.424779	44.247788	8.849558	4.424779	8.849558	0	0	0	0	4.424779	0	0	0	0	22.123894	39.823009	0	0	4.424779	0	4.424779	0	0	8.849558	0	0	0	8.849558	8.849558	0	4.424779	0	0	35.39823	0	13.274336	22.123894	70.79646	0	4.424779	0	13.274336	0	4.424779	8.849558	4.424779	0	0	0	0	0	0	0	0	0	0	0	0	0	0	13.274336	8.849558	150.442478	26.548673	88.495575	0	22.123894	0	0	0	0	0	0	0	0	0	4.424779	4.424779	22.123894	0	0	0	26.548673	0	0	30.973451	13.274336	8.849558	0	8.849558	0	13.274336	0	0	0	0	0	22.123894	4.424779	0	4.424779	0	0	0	0	0	0	0	0	0	0	0	0	0	0	0	0	0	0	0	4.424779	0	0	0	0	0	4.424779	17.699115	0	0	17.699115	0	0	0	0	0	0	0	8.849558	0	0	0	0	0	0	0	0	0	0	0	0	0	0	0	0	0	0	0	0	0	0	0	0	0	0	0	159.292035	35.39823	305.309735	75.221239	141.59292	44.247788	247.787611	30.973451	4.424779	26.548673	8.849558	0	0	0	30.973451	0	4.424779	0	70.79646	0
34638.txt	menores_notas	209	66.985646	9.569378	86.124402	0	9.569378	14.354067	0	0	0	0	0	9.569378	9.569378	0	9.569378	0	4.784689	0	9.569378	9.569378	23.923445	0	9.569378	0	23.923445	4.784689	0	0	4.784689	4.784689	296.650718	95.69378	110.047847	28.708134	0	4.784689	4.784689	28.708134	0	28.708134	33.492823	23.923445	66.985646	0	28.708134	0	14.354067	19.138756	4.784689	0	0	0	9.569378	28.708134	0	14.354067	19.138756	133.971292	43.062201	9.569378	0	0	0	9.569378	4.784689	9.569378	0	14.354067	71.770335	9.569378	0	4.784689	0	0	0	0	4.784689	0	9.569378	4.784689	0	95.69378	9.569378	4.784689	0	0	0	0	0	0	0	0	0	0	14.354067	0	0	14.354067	0	9.569378	33.492823	0	19.138756	28.708134	110.047847	4.784689	9.569378	0	23.923445	0	0	4.784689	9.569378	14.354067	0	4.784689	0	0	0	0	14.354067	0	0	0	0	0	0	4.784689	4.784689	100.478469	14.354067	86.124402	0	43.062201	0	0	4.784689	0	0	0	0	0	4.784689	0	0	28.708134	14.354067	0	0	23.923445	0	0	33.492823	19.138756	0	0	19.138756	0	4.784689	0	0	0	0	0	19.138756	0	4.784689	14.354067	0	0	0	0	0	0	0	0	0	0	0	0	0	0	0	0	0	0	0	19.138756	0	0	0	0	0	4.784689	9.569378	0	0	9.569378	0	0	0	4.784689	0	0	0	4.784689	0	0	0	0	0	0	0	0	0	0	0	0	0	0	0	0	0	0	0	0	0	0	0	14.354067	0	0	0	76.555024	76.555024	301.435407	43.062201	191.38756	57.416268	200.956938	52.631579	14.354067	23.923445	4.784689	0	0	0	33.492823	0	14.354067	4.784689	81.339713	9.569378
34642.txt	menores_notas	232	125	0	51.724138	12.931034	0	8.62069	0	4.310345	0	0	0	4.310345	12.931034	0	0	0	8.62069	0	4.310345	12.931034	25.862069	0	8.62069	0	21.551724	4.310345	0	0	4.310345	12.931034	258.62069	120.689655	99.137931	30.172414	25.862069	0	8.62069	17.241379	0	17.241379	38.793103	12.931034	77.586207	0	17.241379	21.551724	25.862069	12.931034	4.310345	0	0	4.310345	8.62069	25.862069	4.310345	12.931034	47.413793	116.37931	60.344828	43.103448	8.62069	0	21.551724	0	17.241379	0	17.241379	25.862069	38.793103	12.931034	4.310345	0	4.310345	4.310345	0	0	4.310345	17.241379	4.310345	0	0	107.758621	0	4.310345	0	12.931034	0	0	4.310345	0	0	0	0	0	12.931034	0	0	0	8.62069	8.62069	30.172414	4.310345	34.482759	0	125	0	0	0	8.62069	0	4.310345	12.931034	4.310345	8.62069	0	0	4.310345	0	0	0	4.310345	4.310345	0	0	0	8.62069	0	4.310345	12.931034	90.517241	4.310345	51.724138	4.310345	34.482759	0	12.931034	0	0	0	0	0	0	0	21.551724	0	25.862069	21.551724	4.310345	0	25.862069	17.241379	0	30.172414	21.551724	0	0	0	0	17.241379	0	0	0	0	0	17.241379	4.310345	4.310345	0	0	0	0	0	0	0	0	0	8.62069	0	0	0	17.241379	0	0	0	0	0	0	21.551724	0	0	0	0	4.310345	0	8.62069	0	0	12.931034	12.931034	0	0	0	0	0	0	0	0	0	0	0	0	0	0	0	0	0	0	0	0	0	0	0	0	0	0	0	0	0	0	0	0	0	0	176.724138	64.655172	271.551724	60.344828	193.965517	47.413793	146.551724	73.275862	8.62069	25.862069	0	0	0	17.241379	30.172414	17.241379	25.862069	12.931034	64.655172	4.310345
34714.txt	menores_notas	244	98.360656	16.393443	73.770492	8.196721	0	8.196721	20.491803	0	0	0	0	0	0	4.098361	0	0	4.098361	0	12.295082	0	16.393443	0	4.098361	16.393443	4.098361	8.196721	0	0	8.196721	8.196721	290.983607	176.229508	98.360656	16.393443	4.098361	4.098361	8.196721	57.377049	0	57.377049	24.590164	0	61.47541	0	40.983607	24.590164	8.196721	45.081967	0	0	0	0	12.295082	32.786885	4.098361	0	28.688525	61.47541	81.967213	49.180328	0	0	4.098361	0	0	4.098361	4.098361	12.295082	32.786885	4.098361	0	0	0	0	0	0	0	12.295082	0	0	0	90.163934	0	0	0	8.196721	0	0	0	0	4.098361	0	0	0	8.196721	0	0	16.393443	0	4.098361	16.393443	0	8.196721	20.491803	98.360656	8.196721	8.196721	0	8.196721	0	28.688525	8.196721	0	0	0	0	4.098361	0	4.098361	0	0	0	0	4.098361	0	0	4.098361	8.196721	16.393443	94.262295	53.278689	81.967213	20.491803	28.688525	0	8.196721	4.098361	0	0	0	0	8.196721	0	4.098361	12.295082	16.393443	20.491803	0	0	16.393443	4.098361	0	4.098361	4.098361	0	0	0	4.098361	0	0	0	0	0	0	8.196721	0	8.196721	0	0	0	0	0	0	0	4.098361	0	0	0	0	0	4.098361	0	0	0	0	0	0	0	0	4.098361	0	0	0	8.196721	8.196721	0	4.098361	0	0	0	0	0	0	0	0	12.295082	0	0	0	0	0	0	0	0	0	0	0	0	0	0	0	0	0	0	0	0	0	0	0	12.295082	0	0	0	114.754098	32.786885	299.180328	73.770492	143.442623	49.180328	221.311475	61.47541	16.393443	16.393443	12.295082	0	0	4.098361	12.295082	8.196721	12.295082	8.196721	45.081967	32.786885
34743.txt	menores_notas	176	113.636364	11.363636	130.681818	0	5.681818	0	0	0	0	0	0	5.681818	5.681818	0	0	0	5.681818	0	11.363636	11.363636	28.409091	0	11.363636	5.681818	11.363636	5.681818	0	0	5.681818	5.681818	318.181818	119.318182	79.545455	22.727273	22.727273	5.681818	5.681818	85.227273	51.136364	79.545455	45.454545	0	28.409091	11.363636	22.727273	0	22.727273	5.681818	5.681818	5.681818	0	0	5.681818	39.772727	0	17.045455	34.090909	113.636364	17.045455	11.363636	0	5.681818	5.681818	0	39.772727	0	5.681818	5.681818	90.909091	0	5.681818	5.681818	0	0	0	0	5.681818	0	0	0	0	39.772727	5.681818	0	0	0	0	5.681818	0	0	5.681818	0	0	0	0	0	0	5.681818	0	0	34.090909	5.681818	34.090909	11.363636	51.136364	0	5.681818	0	5.681818	0	0	5.681818	0	0	0	11.363636	5.681818	0	0	0	0	0	0	0	0	0	5.681818	5.681818	11.363636	90.909091	45.454545	130.681818	0	22.727273	0	0	0	0	0	0	0	0	0	5.681818	0	11.363636	11.363636	0	0	28.409091	5.681818	0	34.090909	34.090909	5.681818	0	5.681818	0	5.681818	0	0	0	0	0	22.727273	0	0	5.681818	0	0	5.681818	0	0	0	0	0	0	0	0	0	5.681818	0	0	0	0	0	0	11.363636	0	0	0	0	0	17.045455	45.454545	0	0	5.681818	0	0	0	0	0	0	0	0	0	0	0	0	0	0	0	0	0	0	0	0	0	0	0	0	0	0	0	0	0	0	0	0	0	0	0	255.681818	62.5	323.863636	45.454545	136.363636	34.090909	250	28.409091	5.681818	28.409091	0	0	0	5.681818	56.818182	5.681818	5.681818	11.363636	85.227273	5.681818
34807.txt	menores_notas	199	135.678392	10.050251	85.427136	5.025126	10.050251	10.050251	10.050251	0	0	0	0	0	5.025126	5.025126	0	0	20.100503	0	10.050251	10.050251	10.050251	0	0	0	20.100503	5.025126	0	0	5.025126	10.050251	316.582915	130.653266	130.653266	45.226131	5.025126	15.075377	5.025126	45.226131	0	80.40201	20.100503	5.025126	70.351759	0	25.125628	35.175879	0	0	5.025126	10.050251	0	0	5.025126	20.100503	0	0	45.226131	95.477387	35.175879	30.150754	15.075377	0	0	10.050251	25.125628	0	0	10.050251	45.226131	10.050251	0	5.025126	5.025126	5.025126	0	0	5.025126	0	5.025126	0	0	45.226131	20.100503	15.075377	0	10.050251	0	0	0	0	0	5.025126	0	0	10.050251	0	0	0	0	0	30.150754	0	15.075377	5.025126	90.452261	0	0	0	0	0	5.025126	5.025126	5.025126	5.025126	0	0	5.025126	0	0	0	5.025126	0	0	0	0	0	0	5.025126	10.050251	65.326633	5.025126	85.427136	15.075377	55.276382	0	5.025126	10.050251	0	0	0	0	0	0	10.050251	0	45.226131	10.050251	0	0	10.050251	10.050251	0	30.150754	15.075377	0	0	15.075377	0	10.050251	0	0	0	0	0	5.025126	0	0	0	0	0	0	0	0	0	0	0	5.025126	0	0	0	5.025126	5.025126	0	0	0	0	0	10.050251	0	0	0	0	0	0	5.025126	0	0	5.025126	10.050251	0	0	0	0	5.025126	0	5.025126	0	0	0	0	0	0	0	0	0	0	0	0	0	0	0	0	0	0	0	0	0	0	0	5.025126	0	0	0	145.728643	30.150754	326.633166	60.301508	140.703518	25.125628	155.778894	70.351759	0	10.050251	10.050251	0	0	10.050251	30.150754	10.050251	10.050251	5.025126	50.251256	15.075377
34823.txt	menores_notas	231	38.961039	21.645022	69.264069	0	0	17.316017	0	0	0	0	0	0	8.658009	4.329004	0	0	8.658009	0	4.329004	8.658009	38.961039	0	8.658009	0	25.974026	0	0	0	0	8.658009	251.082251	177.489177	51.948052	21.645022	17.316017	0	12.987013	73.593074	0	47.619048	12.987013	8.658009	34.632035	17.316017	103.896104	17.316017	17.316017	56.277056	12.987013	17.316017	0	4.329004	38.961039	82.251082	17.316017	12.987013	25.974026	86.580087	38.961039	25.974026	4.329004	8.658009	8.658009	4.329004	17.316017	0	4.329004	17.316017	38.961039	0	0	0	4.329004	0	0	0	12.987013	4.329004	0	0	0	38.961039	17.316017	4.329004	0	0	0	4.329004	0	0	0	0	0	17.316017	4.329004	0	0	8.658009	4.329004	0	47.619048	0	12.987013	38.961039	64.935065	8.658009	8.658009	8.658009	21.645022	8.658009	8.658009	12.987013	4.329004	4.329004	0	4.329004	12.987013	4.329004	4.329004	0	4.329004	0	0	4.329004	0	4.329004	8.658009	8.658009	12.987013	103.896104	8.658009	73.593074	0	47.619048	4.329004	0	4.329004	0	4.329004	0	0	0	0	4.329004	4.329004	47.619048	4.329004	0	0	38.961039	4.329004	0	47.619048	12.987013	17.316017	0	4.329004	0	8.658009	0	0	0	0	0	30.30303	0	0	30.30303	0	4.329004	0	0	0	0	0	0	0	0	0	0	4.329004	0	0	0	0	0	0	17.316017	0	0	0	0	0	0	12.987013	0	0	8.658009	0	0	0	0	0	0	0	8.658009	4.329004	0	8.658009	0	0	0	0	0	0	0	0	0	0	0	0	0	0	0	0	0	0	0	0	4.329004	4.329004	0	0	129.87013	86.580087	259.74026	138.528139	160.17316	69.264069	186.147186	69.264069	21.645022	38.961039	21.645022	0	0	4.329004	47.619048	8.658009	17.316017	25.974026	99.5671	12.987013
34895.txt	menores_notas	251	71.713147	15.936255	59.760956	7.968127	15.936255	11.952191	0	0	0	0	0	0	7.968127	3.984064	3.984064	0	0	0	7.968127	3.984064	11.952191	0	3.984064	0	15.936255	0	0	0	0	0	290.836653	143.426295	107.569721	27.888446	11.952191	11.952191	3.984064	55.776892	3.984064	67.729084	23.904382	3.984064	51.792829	19.920319	115.537849	3.984064	23.904382	51.792829	31.87251	0	0	3.984064	39.840637	75.697211	0	7.968127	43.824701	83.665339	39.840637	7.968127	0	11.952191	3.984064	0	15.936255	11.952191	3.984064	7.968127	63.74502	0	0	0	0	0	0	0	7.968127	0	0	3.984064	0	43.824701	11.952191	0	0	0	0	0	0	0	11.952191	0	0	0	7.968127	0	0	39.840637	3.984064	11.952191	11.952191	0	27.888446	31.87251	55.776892	11.952191	31.87251	0	7.968127	0	0	0	3.984064	3.984064	0	3.984064	0	0	0	0	3.984064	0	0	0	0	0	0	0	3.984064	111.553785	39.840637	59.760956	0	51.792829	3.984064	3.984064	0	0	3.984064	0	0	15.936255	0	3.984064	3.984064	43.824701	15.936255	0	0	11.952191	3.984064	0	11.952191	27.888446	0	0	0	0	3.984064	0	0	0	0	0	3.984064	7.968127	0	7.968127	0	0	0	0	0	0	0	0	3.984064	0	0	0	3.984064	0	0	0	0	3.984064	0	7.968127	0	0	0	0	0	0	3.984064	0	0	0	7.968127	0	0	0	0	0	0	7.968127	0	0	0	0	0	0	0	0	0	0	0	0	0	0	0	0	0	0	0	0	0	0	0	3.984064	0	0	0	147.410359	35.856574	290.836653	119.521912	131.474104	27.888446	203.187251	87.649402	47.808765	11.952191	7.968127	0	0	3.984064	11.952191	3.984064	7.968127	0	71.713147	3.984064
34971.txt	menores_notas	165	103.030303	0	48.484848	12.121212	6.060606	6.060606	6.060606	0	0	0	0	0	6.060606	6.060606	0	6.060606	6.060606	0	0	6.060606	12.121212	0	6.060606	0	12.121212	12.121212	0	0	12.121212	6.060606	309.090909	145.454545	139.393939	18.181818	12.121212	0	0	60.606061	6.060606	36.363636	12.121212	12.121212	36.363636	6.060606	72.727273	12.121212	54.545455	18.181818	0	0	0	6.060606	0	72.727273	0	36.363636	54.545455	90.909091	12.121212	24.242424	0	0	0	0	30.30303	0	6.060606	6.060606	54.545455	12.121212	0	0	0	0	0	0	6.060606	0	0	0	0	60.606061	6.060606	6.060606	0	6.060606	0	0	0	0	0	0	0	0	0	0	0	6.060606	0	0	24.242424	0	18.181818	12.121212	78.787879	0	6.060606	0	6.060606	0	24.242424	6.060606	0	12.121212	0	12.121212	0	0	0	0	12.121212	0	0	0	0	0	0	6.060606	0	121.212121	0	54.545455	12.121212	42.424242	0	6.060606	0	0	0	6.060606	0	0	18.181818	0	0	30.30303	18.181818	0	0	12.121212	0	0	24.242424	12.121212	0	0	12.121212	0	6.060606	0	0	0	0	0	12.121212	0	0	6.060606	0	0	0	0	0	0	0	0	0	0	0	0	0	0	0	0	0	0	0	6.060606	0	0	0	0	0	0	6.060606	0	0	0	6.060606	0	0	0	0	0	0	0	0	0	0	0	0	0	0	0	0	0	0	0	0	0	0	0	0	0	0	0	0	0	0	12.121212	0	0	0	151.515152	36.363636	315.151515	84.848485	133.333333	60.606061	175.757576	72.727273	6.060606	12.121212	0	0	0	0	24.242424	0	6.060606	6.060606	54.545455	36.363636
35019.txt	menores_notas	192	104.166667	15.625	41.666667	5.208333	5.208333	5.208333	0	5.208333	0	0	0	0	10.416667	0	0	5.208333	10.416667	0	5.208333	0	15.625	0	0	0	5.208333	0	0	0	0	0	302.083333	156.25	145.833333	26.041667	0	0	26.041667	83.333333	15.625	83.333333	52.083333	0	109.375	0	52.083333	10.416667	46.875	10.416667	10.416667	5.208333	0	0	20.833333	78.125	0	26.041667	98.958333	104.166667	41.666667	31.25	0	0	10.416667	10.416667	20.833333	0	5.208333	5.208333	72.916667	0	0	0	0	0	0	0	0	5.208333	0	0	0	57.291667	26.041667	15.625	0	5.208333	0	0	0	0	0	5.208333	0	0	0	0	0	15.625	15.625	0	10.416667	0	15.625	10.416667	104.166667	0	15.625	0	20.833333	0	0	5.208333	5.208333	5.208333	0	0	5.208333	0	0	0	5.208333	0	0	0	0	0	0	5.208333	0	83.333333	20.833333	41.666667	5.208333	41.666667	0	15.625	5.208333	0	0	5.208333	0	0	0	15.625	0	31.25	10.416667	0	0	15.625	15.625	5.208333	5.208333	15.625	0	0	0	0	26.041667	0	0	0	0	0	5.208333	0	5.208333	0	0	0	0	0	0	0	5.208333	0	5.208333	0	0	0	5.208333	0	0	0	0	0	0	10.416667	0	0	0	0	0	0	0	0	0	10.416667	20.833333	0	0	0	0	0	0	0	0	0	0	0	0	0	0	0	0	0	0	0	0	0	0	0	0	0	0	0	0	0	0	0	0	0	0	119.791667	31.25	302.083333	109.375	145.833333	36.458333	145.833333	67.708333	31.25	15.625	0	0	0	15.625	15.625	15.625	5.208333	5.208333	36.458333	0
35028.txt	menores_notas	202	74.257426	0	128.712871	0	19.80198	0	0	0	0	0	0	9.90099	19.80198	4.950495	4.950495	4.950495	4.950495	0	9.90099	0	19.80198	0	4.950495	4.950495	0	19.80198	0	0	19.80198	0	311.881188	128.712871	153.465347	34.653465	19.80198	4.950495	9.90099	74.257426	0	54.455446	24.752475	4.950495	24.752475	0	9.90099	4.950495	24.752475	4.950495	0	9.90099	0	4.950495	0	44.554455	0	19.80198	44.554455	79.207921	34.653465	19.80198	0	4.950495	0	4.950495	9.90099	9.90099	4.950495	19.80198	49.50495	0	4.950495	0	0	0	0	0	4.950495	4.950495	9.90099	4.950495	0	74.257426	0	0	0	0	0	0	0	0	0	0	0	0	0	0	0	4.950495	0	4.950495	44.554455	4.950495	4.950495	4.950495	74.257426	0	9.90099	0	14.851485	0	19.80198	4.950495	4.950495	4.950495	0	9.90099	0	4.950495	0	0	4.950495	0	0	0	0	0	0	4.950495	9.90099	74.257426	9.90099	128.712871	0	29.70297	4.950495	4.950495	14.851485	0	0	0	0	0	0	4.950495	4.950495	19.80198	14.851485	4.950495	0	19.80198	4.950495	0	34.653465	9.90099	0	0	4.950495	0	9.90099	0	0	0	0	0	9.90099	9.90099	4.950495	0	0	0	0	0	0	0	0	0	4.950495	0	0	0	4.950495	0	0	0	0	4.950495	0	9.90099	0	0	0	0	0	4.950495	24.752475	0	0	14.851485	4.950495	0	0	0	0	0	0	4.950495	0	0	0	0	0	0	0	0	0	0	0	0	0	0	0	0	0	0	0	0	0	0	0	0	0	0	0	202.970297	89.108911	311.881188	49.50495	128.712871	69.306931	212.871287	64.356436	9.90099	19.80198	4.950495	0	0	4.950495	39.60396	4.950495	19.80198	4.950495	54.455446	4.950495
35056.txt	menores_notas	168	29.761905	0	41.666667	5.952381	17.857143	11.904762	0	0	0	0	5.952381	17.857143	23.809524	29.761905	17.857143	29.761905	5.952381	0	5.952381	5.952381	23.809524	17.857143	17.857143	5.952381	11.904762	29.761905	11.904762	0	17.857143	5.952381	160.714286	77.380952	71.428571	11.904762	5.952381	5.952381	5.952381	5.952381	0	5.952381	11.904762	0	23.809524	0	17.857143	11.904762	5.952381	11.904762	0	0	0	0	5.952381	17.857143	0	0	5.952381	190.47619	41.666667	29.761905	17.857143	17.857143	23.809524	23.809524	5.952381	0	5.952381	23.809524	41.666667	29.761905	0	29.761905	5.952381	5.952381	5.952381	0	17.857143	0	5.952381	17.857143	0	130.952381	41.666667	0	0	5.952381	0	0	0	0	5.952381	0	5.952381	0	23.809524	5.952381	0	5.952381	0	0	47.619048	5.952381	11.904762	17.857143	178.571429	5.952381	0	0	23.809524	17.857143	5.952381	11.904762	0	41.666667	0	0	11.904762	0	0	0	35.714286	5.952381	0	0	0	5.952381	0	29.761905	5.952381	89.285714	11.904762	47.619048	0	23.809524	0	11.904762	11.904762	5.952381	0	0	0	5.952381	0	23.809524	0	11.904762	23.809524	0	0	11.904762	23.809524	17.857143	35.714286	11.904762	0	0	95.238095	0	0	0	0	0	0	0	5.952381	0	5.952381	0	0	5.952381	5.952381	0	0	0	0	0	0	0	0	0	23.809524	0	0	0	5.952381	0	0	17.857143	0	0	0	0	0	0	23.809524	0	0	17.857143	5.952381	0	5.952381	0	0	0	0	0	0	0	0	0	0	0	0	0	0	0	0	0	0	0	0	0	0	0	0	0	0	0	0	0	0	0	0	71.428571	136.904762	166.666667	35.714286	255.952381	113.095238	148.809524	59.52381	5.952381	11.904762	0	0	0	23.809524	53.571429	11.904762	23.809524	17.857143	83.333333	101.190476
35071.txt	menores_notas	177	84.745763	16.949153	33.898305	22.59887	0	11.299435	5.649718	0	0	0	0	0	16.949153	5.649718	0	5.649718	5.649718	0	0	5.649718	22.59887	0	5.649718	5.649718	16.949153	0	0	0	0	28.248588	225.988701	124.293785	96.045198	28.248588	11.299435	0	0	39.548023	0	56.497175	33.898305	0	96.045198	16.949153	50.847458	11.299435	11.299435	16.949153	11.299435	0	0	0	5.649718	56.497175	5.649718	5.649718	56.497175	152.542373	50.847458	22.59887	11.299435	16.949153	5.649718	5.649718	11.299435	5.649718	5.649718	11.299435	50.847458	28.248588	0	0	0	16.949153	0	0	0	11.299435	5.649718	0	0	67.79661	39.548023	5.649718	0	0	0	5.649718	0	0	0	0	0	0	11.299435	0	5.649718	22.59887	11.299435	5.649718	39.548023	0	16.949153	33.898305	118.644068	0	22.59887	0	11.299435	0	0	5.649718	5.649718	5.649718	0	11.299435	0	0	0	0	5.649718	0	0	0	0	0	0	0	0	96.045198	0	45.19774	11.299435	50.847458	0	5.649718	5.649718	0	0	0	0	0	0	0	0	28.248588	16.949153	0	0	22.59887	0	0	33.898305	16.949153	22.59887	0	11.299435	0	11.299435	0	0	5.649718	0	0	0	16.949153	5.649718	22.59887	0	0	0	0	0	0	0	0	0	0	0	0	0	0	0	0	0	0	0	16.949153	0	0	0	0	0	0	16.949153	0	0	16.949153	0	0	0	0	0	0	0	0	0	0	0	0	0	0	0	0	0	0	0	0	0	0	0	0	0	0	0	0	0	0	0	0	5.649718	0	0	101.694915	56.497175	299.435028	73.446328	209.039548	33.898305	141.242938	62.146893	33.898305	22.59887	0	0	0	0	33.898305	0	16.949153	0	90.39548	22.59887
35072.txt	menores_notas	131	114.503817	0	38.167939	0	15.267176	61.068702	0	0	0	0	7.633588	0	15.267176	0	0	0	7.633588	0	0	15.267176	7.633588	7.633588	15.267176	7.633588	76.335878	7.633588	0	0	7.633588	7.633588	251.908397	198.473282	45.801527	7.633588	7.633588	0	15.267176	30.534351	0	30.534351	30.534351	0	99.236641	22.900763	61.068702	15.267176	7.633588	15.267176	0	7.633588	0	0	22.900763	45.801527	0	7.633588	68.70229	122.137405	30.534351	7.633588	0	0	0	30.534351	15.267176	15.267176	30.534351	30.534351	61.068702	7.633588	0	0	0	0	0	0	0	0	30.534351	0	0	68.70229	22.900763	0	0	0	0	0	0	0	0	0	0	0	0	0	0	15.267176	0	15.267176	61.068702	0	22.900763	38.167939	91.603053	0	15.267176	0	7.633588	7.633588	7.633588	30.534351	22.900763	7.633588	0	0	30.534351	0	0	0	7.633588	0	0	0	0	7.633588	0	30.534351	0	53.435115	15.267176	38.167939	7.633588	38.167939	0	0	0	0	0	0	0	0	0	0	0	22.900763	15.267176	0	0	7.633588	0	0	61.068702	15.267176	22.900763	7.633588	15.267176	7.633588	7.633588	0	0	0	7.633588	0	0	0	7.633588	22.900763	0	0	0	0	0	0	0	0	0	0	0	0	0	0	0	0	0	0	7.633588	30.534351	0	0	0	0	0	0	22.900763	0	0	15.267176	0	0	0	0	0	0	0	0	0	0	0	0	0	0	0	0	7.633588	0	0	0	0	0	0	0	0	0	0	0	0	0	0	0	0	0	0	114.503817	45.801527	259.541985	83.969466	190.839695	91.603053	99.236641	38.167939	15.267176	7.633588	0	7.633588	0	0	83.969466	0	30.534351	38.167939	122.137405	22.900763
35131.txt	menores_notas	166	78.313253	6.024096	48.192771	6.024096	30.120482	12.048193	0	0	0	0	0	6.024096	12.048193	12.048193	6.024096	12.048193	6.024096	0	18.072289	18.072289	18.072289	0	24.096386	12.048193	24.096386	6.024096	0	0	0	0	240.963855	84.337349	114.457831	24.096386	6.024096	0	6.024096	12.048193	0	24.096386	6.024096	0	54.216867	0	30.120482	6.024096	6.024096	12.048193	6.024096	0	0	0	18.072289	18.072289	0	0	6.024096	120.481928	96.385542	42.168675	6.024096	12.048193	6.024096	6.024096	6.024096	0	12.048193	24.096386	36.144578	6.024096	0	12.048193	6.024096	0	0	0	12.048193	12.048193	0	12.048193	0	84.337349	0	6.024096	0	6.024096	6.024096	6.024096	0	0	0	0	0	0	18.072289	0	0	60.240964	0	0	48.192771	0	36.144578	42.168675	102.409639	12.048193	54.216867	0	12.048193	0	6.024096	0	0	6.024096	0	6.024096	0	0	0	0	6.024096	0	0	0	0	0	0	0	24.096386	102.409639	48.192771	48.192771	12.048193	30.120482	0	24.096386	0	0	0	0	0	0	0	12.048193	6.024096	12.048193	24.096386	0	0	18.072289	12.048193	0	48.192771	12.048193	6.024096	0	24.096386	0	12.048193	0	0	0	0	0	12.048193	0	6.024096	6.024096	0	6.024096	6.024096	0	0	0	0	0	0	0	0	0	12.048193	0	0	0	0	0	0	24.096386	0	0	0	0	0	0	12.048193	0	0	12.048193	0	0	0	0	0	0	0	6.024096	0	0	0	0	6.024096	0	0	0	0	0	0	0	0	6.024096	0	0	0	0	0	0	0	0	0	6.024096	0	0	0	84.337349	72.289157	246.987952	42.168675	204.819277	42.168675	192.771084	54.216867	66.26506	18.072289	6.024096	6.024096	6.024096	12.048193	60.240964	12.048193	24.096386	0	102.409639	18.072289
35136.txt	menores_notas	337	71.216617	11.869436	29.673591	5.934718	20.771513	17.804154	0	0	0	0	2.967359	50.445104	11.869436	26.706231	11.869436	8.902077	2.967359	8.902077	11.869436	0	20.771513	0	11.869436	5.934718	11.869436	53.412463	29.673591	0	26.706231	8.902077	175.074184	77.151335	44.510386	32.64095	2.967359	11.869436	20.771513	14.836795	11.869436	14.836795	14.836795	0	29.673591	0	20.771513	20.771513	2.967359	20.771513	5.934718	2.967359	0	0	11.869436	11.869436	0	2.967359	5.934718	121.661721	50.445104	38.575668	14.836795	17.804154	14.836795	2.967359	11.869436	2.967359	5.934718	20.771513	44.510386	0	2.967359	14.836795	5.934718	0	0	0	14.836795	5.934718	0	11.869436	0	74.183976	35.608309	2.967359	0	0	0	5.934718	0	0	5.934718	0	0	0	5.934718	2.967359	0	14.836795	0	5.934718	53.412463	5.934718	5.934718	14.836795	118.694362	0	14.836795	0	11.869436	5.934718	8.902077	8.902077	2.967359	23.738872	2.967359	17.804154	2.967359	0	0	0	17.804154	5.934718	2.967359	0	0	0	0	5.934718	23.738872	97.922849	26.706231	32.64095	0	29.673591	5.934718	20.771513	8.902077	0	0	5.934718	0	0	0	11.869436	5.934718	20.771513	23.738872	0	0	20.771513	11.869436	0	59.347181	5.934718	0	2.967359	26.706231	0	0	2.967359	0	2.967359	5.934718	0	11.869436	5.934718	0	0	0	2.967359	2.967359	0	0	0	0	0	0	2.967359	0	0	8.902077	2.967359	0	0	0	0	2.967359	23.738872	0	5.934718	0	0	0	2.967359	26.706231	0	0	11.869436	0	0	0	2.967359	0	0	5.934718	11.869436	0	0	2.967359	0	0	0	0	0	0	5.934718	0	0	0	0	0	0	0	0	0	0	0	0	0	0	0	0	0	83.086053	127.596439	183.976261	44.510386	198.813056	103.857567	145.400593	77.151335	14.836795	20.771513	20.771513	5.934718	0	11.869436	59.347181	11.869436	20.771513	5.934718	80.118694	32.64095
35163.txt	menores_notas	270	107.407407	22.222222	40.740741	3.703704	29.62963	14.814815	7.407407	0	0	0	0	3.703704	18.518519	3.703704	11.111111	3.703704	0	0	0	3.703704	11.111111	14.814815	18.518519	0	11.111111	3.703704	3.703704	0	0	37.037037	262.962963	77.777778	214.814815	22.222222	3.703704	3.703704	3.703704	18.518519	3.703704	14.814815	29.62963	0	62.962963	3.703704	11.111111	18.518519	3.703704	11.111111	3.703704	0	0	0	0	14.814815	0	0	3.703704	196.296296	33.333333	22.222222	11.111111	7.407407	29.62963	25.925926	29.62963	3.703704	0	0	103.703704	0	3.703704	11.111111	3.703704	11.111111	0	0	0	0	0	0	0	25.925926	70.37037	55.555556	0	0	3.703704	0	7.407407	0	3.703704	0	0	0	0	0	0	7.407407	3.703704	3.703704	48.148148	0	14.814815	7.407407	151.851852	7.407407	0	0	3.703704	3.703704	3.703704	0	0	7.407407	0	3.703704	0	0	0	0	7.407407	0	0	0	0	0	0	0	3.703704	62.962963	0	44.444444	3.703704	44.444444	0	3.703704	0	0	0	0	0	0	0	11.111111	0	18.518519	25.925926	0	0	11.111111	11.111111	3.703704	44.444444	14.814815	0	7.407407	92.592593	0	3.703704	0	0	7.407407	14.814815	0	3.703704	3.703704	3.703704	0	0	0	11.111111	0	0	0	0	0	0	0	0	0	11.111111	0	0	0	0	3.703704	7.407407	0	0	0	0	0	0	0	14.814815	0	0	14.814815	3.703704	0	0	0	0	0	0	0	0	0	0	0	0	3.703704	0	0	0	0	0	0	0	0	0	0	0	0	0	0	3.703704	0	0	0	0	0	0	129.62963	70.37037	300	33.333333	229.62963	25.925926	107.407407	59.259259	11.111111	11.111111	0	3.703704	3.703704	11.111111	44.444444	11.111111	0	0	70.37037	103.703704
35173.txt	menores_notas	135	88.888889	0	81.481481	0	7.407407	7.407407	0	0	0	0	0	7.407407	22.222222	0	0	7.407407	14.814815	0	7.407407	0	59.259259	0	7.407407	14.814815	7.407407	7.407407	0	0	7.407407	0	251.851852	148.148148	88.888889	14.814815	29.62963	0	0	74.074074	0	59.259259	22.222222	0	37.037037	0	22.222222	14.814815	51.851852	14.814815	22.222222	0	0	0	22.222222	44.444444	7.407407	37.037037	66.666667	148.148148	29.62963	14.814815	7.407407	0	0	0	44.444444	0	14.814815	14.814815	29.62963	0	0	0	7.407407	0	0	0	7.407407	7.407407	0	7.407407	0	118.518519	0	0	0	0	0	0	0	0	0	0	0	0	7.407407	0	0	29.62963	0	0	37.037037	0	14.814815	29.62963	118.518519	14.814815	14.814815	0	0	0	0	14.814815	7.407407	14.814815	0	7.407407	14.814815	0	0	0	14.814815	0	0	0	0	0	0	14.814815	14.814815	88.888889	0	88.888889	0	51.851852	0	7.407407	14.814815	0	0	0	0	0	0	7.407407	0	7.407407	22.222222	0	0	59.259259	7.407407	0	37.037037	14.814815	0	0	14.814815	0	14.814815	7.407407	0	14.814815	0	0	22.222222	7.407407	22.222222	7.407407	0	14.814815	0	0	0	0	0	0	0	0	0	0	7.407407	0	0	0	0	0	0	22.222222	0	0	0	0	0	0	29.62963	0	0	22.222222	0	0	0	0	0	0	0	0	0	0	0	0	0	0	0	0	0	0	0	0	0	0	0	0	0	0	0	0	0	0	0	51.851852	0	0	0	170.37037	96.296296	251.851852	81.481481	192.592593	51.851852	177.777778	81.481481	29.62963	59.259259	0	0	0	7.407407	51.851852	14.814815	14.814815	14.814815	81.481481	66.666667
35198.txt	menores_notas	196	102.040816	15.306122	25.510204	0	30.612245	10.204082	0	0	0	0	0	0	30.612245	0	5.102041	0	15.306122	0	5.102041	0	10.204082	0	5.102041	10.204082	10.204082	5.102041	0	0	5.102041	0	265.306122	102.040816	102.040816	35.714286	20.408163	10.204082	5.102041	40.816327	51.020408	61.22449	30.612245	0	30.612245	0	45.918367	15.306122	25.510204	10.204082	0	5.102041	0	0	5.102041	40.816327	0	15.306122	40.816327	147.959184	25.510204	10.204082	10.204082	10.204082	5.102041	0	25.510204	5.102041	0	25.510204	96.938776	5.102041	0	5.102041	10.204082	0	0	0	15.306122	5.102041	0	20.408163	0	45.918367	10.204082	0	0	5.102041	0	0	0	0	5.102041	0	0	0	10.204082	0	0	20.408163	10.204082	20.408163	76.530612	0	35.714286	20.408163	61.22449	0	20.408163	0	5.102041	0	10.204082	10.204082	10.204082	0	0	5.102041	10.204082	0	0	0	0	0	0	0	0	0	0	10.204082	0	91.836735	30.612245	25.510204	5.102041	56.122449	0	15.306122	0	0	0	0	0	10.204082	20.408163	5.102041	5.102041	45.918367	10.204082	0	0	15.306122	5.102041	0	76.530612	35.714286	0	0	15.306122	0	15.306122	0	0	0	0	0	5.102041	0	10.204082	0	0	0	5.102041	0	0	0	0	0	0	0	0	0	5.102041	0	0	0	0	0	10.204082	20.408163	0	0	0	0	0	0	35.714286	0	0	15.306122	20.408163	0	0	5.102041	0	0	0	20.408163	0	0	0	0	0	0	0	0	0	0	0	0	0	0	0	0	0	0	0	0	0	0	0	0	0	0	0	142.857143	66.326531	265.306122	61.22449	188.77551	40.816327	147.959184	112.244898	30.612245	15.306122	20.408163	0	0	5.102041	76.530612	5.102041	25.510204	10.204082	132.653061	20.408163
35214.txt	menores_notas	233	90.128755	17.167382	42.918455	17.167382	0	30.042918	0	0	0	0	0	0	4.291845	4.291845	0	0	4.291845	0	0	0	21.459227	0	0	0	25.751073	0	0	0	0	0	261.802575	124.463519	30.042918	25.751073	4.291845	4.291845	0	94.420601	0	68.669528	12.875536	0	42.918455	0	51.502146	17.167382	25.751073	60.085837	0	4.291845	0	0	8.583691	68.669528	0	8.583691	30.042918	55.793991	51.502146	17.167382	0	0	0	0	42.918455	4.291845	0	12.875536	60.085837	12.875536	0	0	0	0	0	0	4.291845	8.583691	0	0	0	42.918455	0	0	0	0	0	8.583691	0	0	12.875536	0	0	8.583691	34.334764	0	0	38.626609	0	0	12.875536	4.291845	34.334764	30.042918	51.502146	0	38.626609	0	0	0	21.459227	12.875536	8.583691	12.875536	0	12.875536	8.583691	0	0	0	12.875536	0	0	0	0	0	0	8.583691	17.167382	72.961373	12.875536	42.918455	12.875536	60.085837	0	21.459227	4.291845	0	0	0	0	17.167382	12.875536	0	8.583691	25.751073	17.167382	17.167382	0	21.459227	0	0	17.167382	21.459227	0	0	0	0	0	0	0	0	0	0	21.459227	0	0	4.291845	0	0	0	0	0	0	0	0	0	0	0	0	0	0	0	0	0	0	0	8.583691	0	0	0	0	0	0	25.751073	0	0	4.291845	0	0	0	0	0	0	0	17.167382	0	0	0	0	0	0	0	0	0	0	0	0	0	0	0	0	0	0	0	0	0	0	0	4.291845	4.291845	0	0	150.214592	30.042918	261.802575	94.420601	150.214592	68.669528	137.339056	141.630901	38.626609	21.459227	17.167382	0	0	0	34.334764	0	12.875536	8.583691	81.545064	8.583691
35217.txt	menores_notas	120	100	0	66.666667	25	0	33.333333	0	16.666667	0	0	0	0	8.333333	0	0	0	8.333333	0	0	33.333333	66.666667	8.333333	8.333333	0	66.666667	0	0	0	0	25	266.666667	108.333333	33.333333	25	25	8.333333	8.333333	58.333333	0	41.666667	41.666667	0	33.333333	0	25	0	0	8.333333	0	16.666667	0	0	16.666667	8.333333	0	0	16.666667	133.333333	25	16.666667	25	8.333333	0	0	33.333333	0	8.333333	25	66.666667	16.666667	8.333333	0	8.333333	0	0	0	25	0	0	8.333333	0	83.333333	41.666667	0	0	8.333333	0	0	0	0	0	0	0	0	0	0	0	0	0	0	33.333333	0	8.333333	0	133.333333	0	0	0	16.666667	0	0	16.666667	0	8.333333	0	0	8.333333	0	0	0	8.333333	0	0	0	0	8.333333	0	0	16.666667	66.666667	0	83.333333	0	25	0	8.333333	8.333333	0	0	0	0	0	0	8.333333	0	16.666667	16.666667	0	0	66.666667	8.333333	0	33.333333	8.333333	0	0	33.333333	8.333333	0	0	0	0	8.333333	0	58.333333	8.333333	0	0	0	8.333333	0	0	0	0	0	0	0	0	0	0	8.333333	0	0	0	0	0	0	25	0	0	0	0	0	0	8.333333	0	0	8.333333	0	0	0	0	0	0	0	0	0	0	0	0	0	0	0	0	0	0	0	0	0	0	0	0	0	0	0	0	0	0	0	16.666667	0	0	0	100	125	291.666667	25	175	41.666667	150	41.666667	0	66.666667	0	0	0	8.333333	41.666667	8.333333	25	16.666667	41.666667	41.666667
35220.txt	menores_notas	240	112.5	20.833333	66.666667	4.166667	4.166667	16.666667	8.333333	0	0	0	0	0	8.333333	0	0	0	8.333333	0	8.333333	0	20.833333	0	8.333333	0	16.666667	4.166667	0	0	4.166667	12.5	258.333333	112.5	100	37.5	0	8.333333	8.333333	33.333333	4.166667	29.166667	54.166667	25	70.833333	4.166667	41.666667	8.333333	25	8.333333	12.5	8.333333	0	8.333333	12.5	54.166667	0	12.5	41.666667	133.333333	50	29.166667	4.166667	4.166667	0	8.333333	12.5	4.166667	4.166667	33.333333	54.166667	20.833333	0	0	4.166667	0	0	0	12.5	12.5	0	8.333333	0	37.5	16.666667	4.166667	0	0	0	20.833333	0	0	0	0	0	0	4.166667	0	0	16.666667	0	4.166667	66.666667	4.166667	12.5	33.333333	79.166667	4.166667	16.666667	0	8.333333	0	16.666667	8.333333	0	8.333333	0	0	8.333333	0	0	0	8.333333	0	0	0	0	4.166667	0	4.166667	8.333333	91.666667	8.333333	70.833333	0	29.166667	0	0	8.333333	0	0	0	0	0	0	4.166667	4.166667	12.5	16.666667	0	0	20.833333	4.166667	0	50	12.5	0	0	0	0	0	0	0	0	0	0	16.666667	0	0	12.5	0	4.166667	0	0	0	0	0	0	0	0	0	0	4.166667	0	0	0	0	0	0	25	0	0	0	0	0	8.333333	33.333333	4.166667	0	8.333333	0	0	0	0	0	0	0	8.333333	0	0	0	0	0	0	0	0	0	0	0	0	0	0	0	0	0	0	0	0	0	0	0	0	0	0	0	200	45.833333	270.833333	75	187.5	45.833333	170.833333	45.833333	20.833333	20.833333	8.333333	0	0	4.166667	75	4.166667	33.333333	12.5	116.666667	0
35228.txt	menores_notas	310	74.193548	32.258065	100	25.806452	3.225806	19.354839	12.903226	3.225806	0	0	0	0	0	0	0	0	0	0	6.451613	0	16.129032	0	0	6.451613	19.354839	6.451613	0	0	6.451613	48.387097	264.516129	148.387097	125.806452	25.806452	12.903226	12.903226	9.677419	58.064516	32.258065	35.483871	29.032258	3.225806	38.709677	0	45.16129	22.580645	41.935484	54.83871	3.225806	3.225806	0	6.451613	22.580645	67.741935	3.225806	25.806452	48.387097	45.16129	25.806452	25.806452	0	0	9.677419	0	9.677419	3.225806	0	3.225806	19.354839	9.677419	0	0	0	0	0	0	3.225806	0	0	3.225806	0	48.387097	9.677419	0	0	3.225806	0	0	0	0	0	0	0	0	0	0	0	0	6.451613	12.903226	6.451613	0	3.225806	12.903226	61.290323	0	0	0	16.129032	3.225806	9.677419	0	3.225806	3.225806	0	3.225806	0	0	0	0	3.225806	0	0	0	0	0	0	3.225806	6.451613	90.322581	6.451613	106.451613	0	38.709677	0	6.451613	3.225806	0	0	0	0	0	9.677419	3.225806	3.225806	38.709677	0	0	0	16.129032	3.225806	0	6.451613	3.225806	6.451613	0	0	0	19.354839	0	0	0	0	0	3.225806	0	3.225806	9.677419	0	0	0	0	0	0	0	0	3.225806	0	0	0	3.225806	0	0	0	0	0	0	3.225806	0	0	0	0	0	0	6.451613	0	0	0	19.354839	0	0	0	0	0	0	3.225806	0	0	3.225806	0	0	0	0	0	0	0	0	0	0	0	0	0	0	0	0	0	0	0	0	0	0	0	0	106.451613	6.451613	312.903226	109.677419	70.967742	45.16129	203.225806	61.290323	6.451613	16.129032	6.451613	0	0	3.225806	9.677419	3.225806	3.225806	0	22.580645	0
35278.txt	menores_notas	214	56.074766	0	37.383178	0	42.056075	9.345794	0	0	0	0	0	18.691589	14.018692	14.018692	0	14.018692	4.672897	0	9.345794	4.672897	32.71028	0	9.345794	0	14.018692	18.691589	4.672897	4.672897	9.345794	4.672897	233.64486	42.056075	116.82243	51.401869	0	4.672897	0	23.364486	0	23.364486	18.691589	4.672897	23.364486	0	23.364486	46.728972	9.345794	23.364486	4.672897	0	4.672897	0	9.345794	23.364486	0	0	9.345794	144.859813	46.728972	37.383178	9.345794	9.345794	4.672897	0	0	0	4.672897	4.672897	79.439252	4.672897	14.018692	14.018692	0	9.345794	4.672897	0	4.672897	0	0	4.672897	0	70.093458	14.018692	4.672897	0	0	0	0	37.383178	0	9.345794	0	0	0	9.345794	0	0	18.691589	0	4.672897	37.383178	4.672897	14.018692	18.691589	88.785047	18.691589	18.691589	0	4.672897	4.672897	4.672897	4.672897	0	4.672897	0	28.037383	4.672897	0	0	0	4.672897	0	0	0	0	0	4.672897	4.672897	4.672897	121.495327	0	37.383178	0	51.401869	4.672897	4.672897	4.672897	0	0	4.672897	0	0	4.672897	4.672897	0	18.691589	42.056075	0	0	32.71028	4.672897	0	42.056075	9.345794	0	0	42.056075	0	4.672897	0	0	0	0	0	28.037383	4.672897	0	0	0	4.672897	0	0	0	0	0	0	0	0	0	0	4.672897	0	0	0	4.672897	0	0	4.672897	0	4.672897	0	0	0	0	28.037383	0	0	14.018692	0	0	0	0	0	0	0	9.345794	0	0	0	0	0	0	0	0	0	0	0	0	0	0	0	0	0	0	0	0	4.672897	0	0	23.364486	4.672897	0	0	56.074766	93.457944	238.317757	79.439252	210.280374	56.074766	158.878505	79.439252	37.383178	32.71028	9.345794	0	4.672897	4.672897	42.056075	4.672897	4.672897	9.345794	74.766355	32.71028
35291.txt	menores_notas	220	68.181818	22.727273	50	9.090909	40.909091	36.363636	4.545455	0	0	0	0	0	18.181818	0	4.545455	0	18.181818	0	4.545455	0	22.727273	0	4.545455	0	31.818182	4.545455	0	0	4.545455	9.090909	281.818182	122.727273	95.454545	50	40.909091	4.545455	9.090909	27.272727	9.090909	40.909091	40.909091	18.181818	45.454545	9.090909	45.454545	13.636364	9.090909	22.727273	0	4.545455	0	18.181818	9.090909	45.454545	0	9.090909	45.454545	122.727273	36.363636	22.727273	0	0	0	9.090909	40.909091	4.545455	0	18.181818	54.545455	0	0	0	0	0	0	0	0	9.090909	9.090909	0	0	68.181818	9.090909	4.545455	0	4.545455	0	4.545455	0	0	0	0	0	0	0	0	0	18.181818	0	4.545455	31.818182	4.545455	13.636364	22.727273	90.909091	0	18.181818	0	9.090909	4.545455	9.090909	27.272727	0	4.545455	0	9.090909	22.727273	0	0	0	4.545455	0	0	0	0	0	0	22.727273	0	77.272727	9.090909	54.545455	0	31.818182	0	9.090909	4.545455	0	0	4.545455	9.090909	0	9.090909	4.545455	0	27.272727	4.545455	0	0	22.727273	0	0	27.272727	13.636364	4.545455	0	9.090909	0	0	0	0	0	0	0	22.727273	0	0	9.090909	0	0	0	0	0	0	0	0	0	0	0	0	0	0	0	0	0	0	0	9.090909	0	0	0	0	0	0	13.636364	0	0	18.181818	0	0	0	0	0	0	0	9.090909	0	0	0	0	0	0	0	0	0	0	0	0	0	0	0	0	0	0	0	0	0	0	0	0	0	0	0	140.909091	45.454545	290.909091	68.181818	159.090909	54.545455	136.363636	72.727273	18.181818	22.727273	9.090909	0	0	0	27.272727	0	18.181818	22.727273	45.454545	9.090909
35457.txt	menores_notas	283	102.473498	3.533569	45.936396	0	28.268551	7.067138	3.533569	0	0	0	0	0	14.134276	0	0	0	14.134276	0	3.533569	3.533569	10.600707	0	7.067138	0	10.600707	0	0	0	0	38.869258	215.547703	91.872792	98.939929	42.402827	10.600707	10.600707	17.667845	17.667845	3.533569	38.869258	21.201413	3.533569	88.339223	7.067138	10.600707	3.533569	21.201413	7.067138	3.533569	3.533569	0	0	7.067138	28.268551	0	3.533569	28.268551	148.409894	53.003534	21.201413	14.134276	24.734982	10.600707	10.600707	10.600707	7.067138	14.134276	10.600707	49.469965	3.533569	0	14.134276	3.533569	3.533569	14.134276	0	0	10.600707	0	0	0	14.134276	45.936396	31.80212	0	0	0	14.134276	0	0	0	14.134276	0	0	7.067138	7.067138	0	14.134276	0	7.067138	49.469965	3.533569	17.667845	14.134276	106.007067	0	14.134276	0	7.067138	0	31.80212	3.533569	7.067138	21.201413	0	7.067138	3.533569	0	3.533569	0	14.134276	7.067138	0	3.533569	0	0	7.067138	3.533569	10.600707	70.671378	0	45.936396	0	56.537102	0	14.134276	10.600707	0	0	10.600707	10.600707	0	7.067138	31.80212	10.600707	49.469965	17.667845	0	0	10.600707	28.268551	0	38.869258	14.134276	0	0	3.533569	0	3.533569	0	0	0	0	0	7.067138	3.533569	0	0	0	3.533569	7.067138	0	0	0	0	0	7.067138	0	0	0	21.201413	7.067138	0	0	3.533569	7.067138	3.533569	3.533569	0	0	0	0	0	0	14.134276	0	0	7.067138	10.600707	0	0	0	0	3.533569	0	10.600707	3.533569	0	0	0	0	0	0	0	0	0	0	0	0	0	0	0	3.533569	0	0	0	0	0	0	3.533569	0	0	0	106.007067	38.869258	257.95053	38.869258	201.413428	77.738516	116.607774	151.943463	14.134276	10.600707	14.134276	0	3.533569	28.268551	53.003534	17.667845	10.600707	14.134276	81.272085	7.067138
35465.txt	menores_notas	239	71.129707	16.736402	41.841004	12.552301	25.104603	4.1841	12.552301	0	0	0	0	12.552301	0	4.1841	4.1841	4.1841	0	0	8.368201	8.368201	20.920502	0	16.736402	0	12.552301	12.552301	0	0	8.368201	4.1841	230.125523	104.60251	54.393305	29.288703	12.552301	20.920502	8.368201	29.288703	8.368201	8.368201	20.920502	4.1841	25.104603	0	46.025105	20.920502	29.288703	58.577406	8.368201	8.368201	0	0	33.472803	37.656904	0	20.920502	41.841004	58.577406	37.656904	29.288703	0	29.288703	4.1841	0	29.288703	4.1841	4.1841	20.920502	46.025105	16.736402	8.368201	0	0	0	0	4.1841	16.736402	0	0	12.552301	4.1841	79.497908	33.472803	0	0	4.1841	0	0	0	0	0	0	0	0	0	0	0	25.104603	0	4.1841	37.656904	0	16.736402	20.920502	117.154812	8.368201	16.736402	0	4.1841	0	4.1841	0	12.552301	16.736402	0	20.920502	0	0	0	0	16.736402	0	0	0	0	0	8.368201	0	0	83.682008	0	50.209205	4.1841	50.209205	0	16.736402	0	0	8.368201	0	0	0	4.1841	16.736402	0	33.472803	20.920502	0	0	20.920502	12.552301	0	37.656904	16.736402	0	0	46.025105	0	0	0	0	0	0	0	20.920502	0	0	8.368201	0	0	8.368201	0	4.1841	0	0	0	0	0	0	0	12.552301	0	0	0	0	4.1841	4.1841	16.736402	0	0	4.1841	0	0	0	16.736402	0	0	0	0	0	0	4.1841	0	0	0	4.1841	0	0	0	0	0	0	0	0	0	0	0	0	0	0	0	0	0	0	0	0	0	0	0	0	0	0	0	129.707113	58.577406	234.309623	100.41841	192.468619	58.577406	133.891213	87.866109	25.104603	20.920502	4.1841	0	0	12.552301	37.656904	12.552301	20.920502	8.368201	37.656904	37.656904
35485.txt	menores_notas	284	80.985915	38.732394	63.380282	7.042254	7.042254	3.521127	10.56338	0	0	0	0	10.56338	21.126761	7.042254	10.56338	7.042254	14.084507	0	0	3.521127	31.690141	0	3.521127	3.521127	7.042254	7.042254	0	0	7.042254	24.647887	257.042254	63.380282	105.633803	38.732394	17.605634	3.521127	0	24.647887	0	21.126761	45.774648	0	31.690141	0	10.56338	17.605634	21.126761	17.605634	0	0	0	3.521127	0	24.647887	0	3.521127	21.126761	140.84507	31.690141	24.647887	10.56338	10.56338	3.521127	10.56338	17.605634	0	0	14.084507	38.732394	21.126761	3.521127	7.042254	7.042254	0	0	0	0	7.042254	7.042254	3.521127	0	66.901408	28.169014	3.521127	0	3.521127	7.042254	0	0	0	0	0	0	0	7.042254	0	0	7.042254	0	0	31.690141	3.521127	42.253521	3.521127	102.112676	0	7.042254	0	3.521127	0	17.605634	3.521127	3.521127	17.605634	0	3.521127	0	0	3.521127	0	17.605634	0	0	3.521127	0	3.521127	0	3.521127	14.084507	98.591549	21.126761	63.380282	3.521127	24.647887	0	14.084507	3.521127	0	0	0	0	0	3.521127	10.56338	10.56338	10.56338	21.126761	0	0	31.690141	10.56338	0	35.211268	42.253521	0	3.521127	17.605634	10.56338	7.042254	0	0	7.042254	0	0	24.647887	3.521127	3.521127	0	0	7.042254	0	0	0	0	0	0	3.521127	0	0	0	10.56338	0	0	0	0	0	0	17.605634	0	0	0	3.521127	0	0	17.605634	0	0	17.605634	3.521127	0	0	3.521127	0	0	0	10.56338	0	0	0	0	0	0	0	0	0	0	0	0	0	0	0	0	0	0	0	0	0	0	0	17.605634	7.042254	0	0	119.71831	73.943662	281.690141	42.253521	183.098592	59.859155	176.056338	66.901408	7.042254	31.690141	10.56338	0	0	10.56338	35.211268	10.56338	17.605634	7.042254	80.985915	45.774648
35549.txt	menores_notas	232	99.137931	12.931034	34.482759	12.931034	25.862069	17.241379	0	0	0	0	0	0	21.551724	0	0	0	21.551724	0	12.931034	12.931034	34.482759	0	12.931034	0	25.862069	0	0	0	0	12.931034	258.62069	155.172414	51.724138	17.241379	0	12.931034	12.931034	64.655172	0	56.034483	8.62069	17.241379	38.793103	12.931034	21.551724	4.310345	51.724138	17.241379	12.931034	0	0	0	21.551724	68.965517	12.931034	34.482759	73.275862	94.827586	21.551724	21.551724	0	4.310345	0	0	12.931034	4.310345	4.310345	12.931034	43.103448	12.931034	0	0	0	0	4.310345	0	8.62069	4.310345	0	0	4.310345	73.275862	4.310345	0	0	4.310345	0	4.310345	0	0	0	0	0	0	0	0	0	12.931034	8.62069	4.310345	30.172414	0	8.62069	8.62069	86.206897	0	12.931034	0	4.310345	0	4.310345	4.310345	12.931034	8.62069	0	4.310345	4.310345	4.310345	0	0	4.310345	4.310345	0	0	0	0	0	0	17.241379	77.586207	8.62069	34.482759	4.310345	43.103448	4.310345	8.62069	8.62069	0	0	0	0	0	4.310345	0	4.310345	34.482759	12.931034	0	0	34.482759	0	0	25.862069	8.62069	0	4.310345	0	0	4.310345	0	0	0	0	0	25.862069	0	4.310345	0	0	0	0	0	0	0	0	0	0	0	0	0	0	0	0	0	0	0	0	12.931034	0	0	0	0	0	12.931034	4.310345	0	0	21.551724	0	0	0	0	0	0	8.62069	12.931034	0	0	0	0	0	0	0	0	0	8.62069	0	0	0	0	0	0	0	0	0	0	0	0	0	4.310345	4.310345	0	0	112.068966	77.586207	271.551724	94.827586	133.62069	60.344828	120.689655	73.275862	21.551724	34.482759	21.551724	8.62069	0	0	30.172414	0	12.931034	8.62069	47.413793	12.931034
35577.txt	menores_notas	168	119.047619	0	59.52381	5.952381	11.904762	5.952381	0	0	0	0	0	0	5.952381	0	5.952381	0	0	0	5.952381	0	23.809524	0	5.952381	0	5.952381	0	0	0	0	0	333.333333	119.047619	172.619048	53.571429	0	0	0	47.619048	0	35.714286	17.857143	11.904762	47.619048	0	47.619048	5.952381	23.809524	11.904762	0	5.952381	0	0	5.952381	41.666667	0	11.904762	29.761905	101.190476	29.761905	5.952381	0	0	0	5.952381	0	0	11.904762	11.904762	83.333333	0	0	0	0	0	0	0	0	5.952381	5.952381	0	0	77.380952	0	0	0	0	0	0	0	0	0	0	0	0	0	0	0	35.714286	0	0	17.857143	0	41.666667	29.761905	77.380952	11.904762	17.857143	0	5.952381	0	0	11.904762	5.952381	11.904762	0	0	11.904762	0	0	0	11.904762	0	0	0	0	0	0	11.904762	17.857143	101.190476	11.904762	59.52381	0	65.47619	0	0	0	0	0	0	0	0	0	0	11.904762	35.714286	29.761905	0	0	23.809524	0	0	17.857143	35.714286	0	0	5.952381	0	0	0	0	5.952381	0	0	17.857143	5.952381	0	0	0	0	0	0	0	0	0	0	0	0	0	0	0	0	0	0	0	0	0	5.952381	0	0	0	0	0	0	11.904762	0	0	5.952381	0	0	0	0	0	0	0	11.904762	0	0	0	0	0	0	0	0	0	0	0	0	0	0	0	0	0	0	0	0	0	0	0	29.761905	0	0	0	178.571429	35.714286	333.333333	53.571429	136.904762	35.714286	166.666667	77.380952	35.714286	23.809524	11.904762	0	0	0	17.857143	0	11.904762	11.904762	89.285714	35.714286
35633.txt	menores_notas	241	82.987552	20.746888	29.045643	0	41.493776	4.149378	4.149378	0	0	0	0	45.643154	37.344398	12.448133	33.195021	0	4.149378	0	4.149378	4.149378	24.896266	0	0	4.149378	4.149378	45.643154	37.344398	0	8.298755	4.149378	178.423237	78.838174	62.240664	29.045643	0	8.298755	16.59751	16.59751	0	12.448133	20.746888	0	33.195021	4.149378	16.59751	29.045643	4.149378	33.195021	4.149378	0	0	0	8.298755	12.448133	0	4.149378	8.298755	145.228216	62.240664	49.792531	4.149378	16.59751	16.59751	37.344398	4.149378	4.149378	4.149378	12.448133	58.091286	0	0	0	0	0	20.746888	4.149378	4.149378	4.149378	0	4.149378	4.149378	16.59751	74.688797	53.941909	4.149378	0	0	16.59751	0	0	0	0	0	0	4.149378	0	0	16.59751	0	4.149378	49.792531	0	12.448133	33.195021	165.975104	4.149378	12.448133	0	8.298755	20.746888	4.149378	16.59751	0	20.746888	0	4.149378	4.149378	0	0	0	20.746888	0	0	0	0	12.448133	4.149378	4.149378	33.195021	78.838174	0	29.045643	4.149378	29.045643	0	12.448133	0	0	4.149378	4.149378	0	0	0	8.298755	8.298755	12.448133	29.045643	0	0	24.896266	8.298755	0	49.792531	8.298755	4.149378	0	33.195021	0	0	0	0	0	0	0	16.59751	4.149378	0	4.149378	0	0	8.298755	0	0	0	0	0	0	0	0	0	8.298755	0	0	0	16.59751	4.149378	0	8.298755	4.149378	0	0	0	0	4.149378	12.448133	0	0	37.344398	0	0	0	0	0	0	0	8.298755	0	0	0	0	0	0	0	0	0	0	0	0	0	0	0	0	0	0	0	0	0	0	0	0	0	0	0	103.73444	170.124481	182.572614	49.792531	224.06639	74.688797	107.883817	66.390041	16.59751	24.896266	8.298755	0	0	8.298755	49.792531	8.298755	12.448133	20.746888	95.435685	33.195021
35661.txt	menores_notas	192	109.375	15.625	41.666667	5.208333	15.625	5.208333	0	0	0	0	0	36.458333	36.458333	5.208333	0	5.208333	36.458333	0	0	15.625	15.625	5.208333	10.416667	0	15.625	36.458333	0	5.208333	31.25	10.416667	234.375	78.125	151.041667	20.833333	0	0	5.208333	10.416667	0	10.416667	26.041667	0	57.291667	0	0	20.833333	10.416667	5.208333	0	0	0	0	0	10.416667	0	5.208333	15.625	151.041667	72.916667	41.666667	31.25	26.041667	5.208333	10.416667	10.416667	5.208333	0	5.208333	57.291667	5.208333	0	15.625	26.041667	5.208333	5.208333	5.208333	5.208333	0	0	5.208333	5.208333	41.666667	67.708333	52.083333	10.416667	5.208333	0	5.208333	0	0	0	10.416667	0	10.416667	15.625	0	0	0	0	5.208333	15.625	0	31.25	10.416667	171.875	0	0	0	10.416667	0	0	5.208333	0	31.25	0	5.208333	5.208333	0	0	0	31.25	0	0	0	0	0	0	5.208333	0	46.875	0	41.666667	5.208333	26.041667	0	10.416667	10.416667	10.416667	0	0	0	0	0	10.416667	5.208333	10.416667	15.625	0	0	15.625	10.416667	0	15.625	31.25	0	0	5.208333	0	36.458333	0	0	0	5.208333	0	5.208333	5.208333	0	0	0	5.208333	0	0	5.208333	0	0	0	0	0	0	0	10.416667	0	0	0	0	5.208333	0	5.208333	0	0	0	0	0	0	5.208333	0	0	36.458333	0	0	0	0	0	0	0	5.208333	0	0	0	0	5.208333	0	0	0	0	0	0	0	0	0	0	0	0	0	0	0	0	0	0	0	5.208333	0	0	125	119.791667	244.791667	31.25	239.583333	52.083333	88.541667	62.5	0	15.625	5.208333	5.208333	0	10.416667	15.625	10.416667	10.416667	5.208333	57.291667	15.625
35820.txt	menores_notas	203	64.039409	4.926108	54.187192	4.926108	4.926108	19.704433	0	0	0	0	0	0	59.1133	0	0	0	29.55665	0	0	0	39.408867	0	4.926108	24.630542	19.704433	0	0	0	0	0	256.157635	133.004926	59.1133	24.630542	4.926108	19.704433	19.704433	68.965517	4.926108	39.408867	34.482759	0	68.965517	4.926108	54.187192	24.630542	24.630542	44.334975	9.852217	14.778325	0	0	24.630542	64.039409	0	24.630542	68.965517	64.039409	34.482759	29.55665	0	24.630542	4.926108	0	14.778325	0	0	9.852217	19.704433	9.852217	4.926108	14.778325	0	0	0	0	9.852217	0	4.926108	9.852217	0	98.522167	0	0	0	0	0	0	0	0	24.630542	0	0	19.704433	0	0	0	19.704433	24.630542	24.630542	14.778325	0	9.852217	29.55665	98.522167	0	19.704433	0	0	0	9.852217	9.852217	4.926108	9.852217	0	9.852217	9.852217	4.926108	0	0	9.852217	0	0	0	0	0	0	9.852217	19.704433	83.743842	19.704433	54.187192	0	49.261084	4.926108	0	14.778325	0	0	0	0	29.55665	0	14.778325	0	14.778325	19.704433	0	0	39.408867	14.778325	0	14.778325	9.852217	4.926108	0	9.852217	0	44.334975	0	0	0	0	0	14.778325	0	24.630542	0	0	0	9.852217	0	0	4.926108	0	0	0	0	0	0	9.852217	4.926108	0	0	0	0	0	9.852217	0	0	0	0	0	0	4.926108	0	0	24.630542	34.482759	0	0	0	0	0	0	0	0	0	0	0	0	0	0	0	0	0	0	0	0	0	0	0	0	0	0	0	0	0	0	9.852217	0	0	0	68.965517	103.448276	256.157635	113.300493	172.413793	49.261084	157.635468	113.300493	44.334975	39.408867	0	0	0	14.778325	14.778325	14.778325	14.778325	14.778325	49.261084	19.704433
35852.txt	menores_notas	161	86.956522	0	37.267081	12.42236	6.21118	6.21118	6.21118	0	0	0	0	0	12.42236	6.21118	0	0	18.63354	0	0	0	12.42236	0	0	12.42236	6.21118	0	0	0	0	12.42236	248.447205	130.434783	93.167702	24.84472	6.21118	0	12.42236	55.900621	0	24.84472	18.63354	12.42236	68.322981	12.42236	31.055901	24.84472	62.111801	37.267081	0	6.21118	0	0	0	99.378882	0	12.42236	80.745342	130.434783	24.84472	24.84472	6.21118	6.21118	0	0	37.267081	12.42236	6.21118	0	80.745342	24.84472	12.42236	6.21118	6.21118	0	0	0	0	0	0	0	0	118.012422	0	0	0	0	0	6.21118	0	0	18.63354	0	0	0	12.42236	0	0	6.21118	6.21118	12.42236	18.63354	6.21118	37.267081	6.21118	124.223602	0	6.21118	0	12.42236	0	6.21118	6.21118	0	18.63354	0	12.42236	6.21118	0	0	0	18.63354	0	0	0	0	0	12.42236	0	12.42236	55.900621	12.42236	37.267081	0	62.111801	6.21118	12.42236	0	0	6.21118	0	6.21118	0	0	6.21118	6.21118	43.478261	24.84472	0	0	18.63354	6.21118	0	12.42236	37.267081	0	0	12.42236	0	12.42236	0	0	0	0	0	0	0	18.63354	0	0	0	6.21118	0	0	0	0	0	0	0	0	0	6.21118	0	0	0	0	0	0	0	0	6.21118	0	6.21118	0	0	12.42236	0	0	6.21118	6.21118	0	0	0	0	0	0	6.21118	0	0	0	0	0	0	0	0	0	0	0	0	0	0	0	0	0	0	0	0	0	0	0	6.21118	0	0	0	124.223602	55.900621	260.869565	124.223602	198.757764	68.322981	105.590062	105.590062	12.42236	18.63354	6.21118	0	0	6.21118	24.84472	6.21118	0	12.42236	62.111801	18.63354
35906.txt	menores_notas	236	72.033898	4.237288	50.847458	12.711864	12.711864	12.711864	4.237288	0	0	0	0	0	16.949153	4.237288	0	4.237288	16.949153	0	4.237288	8.474576	21.186441	0	12.711864	4.237288	16.949153	0	0	0	0	4.237288	237.288136	169.491525	110.169492	16.949153	4.237288	4.237288	0	88.983051	8.474576	72.033898	21.186441	4.237288	38.135593	0	46.610169	16.949153	38.135593	50.847458	4.237288	4.237288	0	0	21.186441	72.033898	0	29.661017	50.847458	97.457627	38.135593	25.423729	0	4.237288	12.711864	0	33.898305	0	4.237288	4.237288	55.084746	4.237288	12.711864	8.474576	0	0	0	0	4.237288	0	0	4.237288	0	50.847458	21.186441	8.474576	0	0	0	0	0	0	4.237288	0	0	0	16.949153	0	0	8.474576	4.237288	16.949153	16.949153	0	29.661017	4.237288	80.508475	0	8.474576	0	8.474576	0	4.237288	8.474576	0	4.237288	0	4.237288	8.474576	0	0	0	4.237288	0	0	0	0	0	0	8.474576	16.949153	105.932203	16.949153	59.322034	0	42.372881	0	8.474576	4.237288	0	0	0	0	0	0	12.711864	12.711864	38.135593	4.237288	0	0	21.186441	12.711864	0	12.711864	29.661017	0	4.237288	29.661017	0	16.949153	0	0	0	0	0	12.711864	0	4.237288	0	0	0	8.474576	0	0	4.237288	0	0	0	0	0	0	8.474576	4.237288	0	0	0	0	0	4.237288	0	0	0	4.237288	0	4.237288	4.237288	0	0	12.711864	4.237288	0	0	0	0	0	0	12.711864	0	0	0	0	0	0	0	0	0	0	0	0	0	0	0	0	0	0	0	0	0	0	0	4.237288	0	0	0	127.118644	59.322034	317.79661	110.169492	135.59322	38.135593	177.966102	80.508475	12.711864	21.186441	12.711864	0	0	12.711864	42.372881	29.661017	4.237288	8.474576	50.847458	25.423729
35911.txt	menores_notas	154	77.922078	19.480519	25.974026	0	6.493506	19.480519	6.493506	0	0	0	0	0	19.480519	0	6.493506	0	12.987013	0	12.987013	25.974026	25.974026	0	32.467532	0	25.974026	19.480519	0	0	19.480519	19.480519	194.805195	58.441558	142.857143	6.493506	0	0	0	12.987013	0	6.493506	32.467532	0	58.441558	0	38.961039	51.948052	25.974026	51.948052	6.493506	6.493506	0	0	6.493506	51.948052	19.480519	0	58.441558	97.402597	38.961039	38.961039	0	6.493506	0	0	0	19.480519	12.987013	6.493506	25.974026	19.480519	0	12.987013	0	0	0	0	6.493506	0	0	0	0	12.987013	51.948052	38.961039	12.987013	0	0	6.493506	0	0	0	6.493506	0	12.987013	0	25.974026	0	0	0	0	25.974026	0	0	32.467532	110.38961	0	0	0	12.987013	0	12.987013	19.480519	0	0	0	0	19.480519	0	0	0	0	0	0	0	0	0	0	19.480519	12.987013	71.428571	0	25.974026	0	58.441558	0	12.987013	19.480519	6.493506	0	12.987013	0	0	6.493506	6.493506	0	32.467532	38.961039	0	0	25.974026	6.493506	0	25.974026	0	0	6.493506	19.480519	0	12.987013	0	0	0	6.493506	0	12.987013	0	0	12.987013	0	0	6.493506	0	0	0	0	0	0	0	0	0	6.493506	0	0	0	0	0	0	6.493506	0	0	0	0	0	0	25.974026	0	0	19.480519	0	0	0	0	0	0	0	0	0	0	0	0	0	0	0	0	0	0	0	0	0	0	0	0	0	0	0	0	0	0	0	12.987013	0	0	0	123.376623	64.935065	246.753247	110.38961	155.844156	45.454545	97.402597	123.376623	0	25.974026	0	0	0	6.493506	25.974026	6.493506	6.493506	19.480519	58.441558	32.467532
35937.txt	menores_notas	198	80.808081	30.30303	111.111111	5.050505	0	20.20202	10.10101	0	0	0	0	0	5.050505	0	5.050505	0	0	0	0	5.050505	35.353535	0	0	0	25.252525	0	0	0	0	25.252525	328.282828	166.666667	161.616162	10.10101	10.10101	20.20202	0	70.707071	45.454545	60.606061	25.252525	5.050505	45.454545	10.10101	35.353535	5.050505	20.20202	20.20202	20.20202	0	0	5.050505	30.30303	25.252525	0	15.151515	35.353535	106.060606	30.30303	10.10101	5.050505	0	0	10.10101	40.40404	0	5.050505	5.050505	40.40404	20.20202	0	0	5.050505	0	0	0	0	5.050505	0	0	0	50.505051	10.10101	10.10101	0	0	0	0	0	0	0	0	0	10.10101	10.10101	0	0	20.20202	0	0	10.10101	0	45.454545	20.20202	70.707071	20.20202	0	0	0	5.050505	5.050505	5.050505	5.050505	0	0	0	0	0	0	0	0	0	0	0	0	0	0	0	0	90.909091	0	116.161616	0	30.30303	0	0	0	0	0	0	0	0	0	0	0	20.20202	10.10101	0	0	35.353535	0	0	5.050505	35.353535	0	0	5.050505	0	0	0	0	0	0	0	25.252525	0	0	5.050505	0	0	0	0	0	0	0	0	0	0	0	0	0	0	0	0	0	0	0	5.050505	0	0	0	0	0	0	5.050505	0	0	0	5.050505	0	0	0	0	0	0	0	0	0	0	0	0	0	0	0	0	0	0	0	0	0	0	0	0	0	0	0	0	0	0	0	0	0	0	222.222222	45.454545	353.535354	60.606061	146.464646	20.20202	207.070707	30.30303	20.20202	35.353535	0	0	0	0	10.10101	0	5.050505	0	75.757576	5.050505
35979.txt	menores_notas	177	84.745763	22.59887	73.446328	5.649718	16.949153	28.248588	11.299435	5.649718	0	0	0	5.649718	16.949153	11.299435	0	11.299435	0	0	0	0	0	0	0	0	28.248588	5.649718	0	0	5.649718	0	305.084746	169.491525	112.99435	28.248588	0	5.649718	11.299435	67.79661	0	67.79661	11.299435	16.949153	33.898305	5.649718	67.79661	11.299435	28.248588	22.59887	16.949153	5.649718	0	5.649718	28.248588	62.146893	5.649718	11.299435	50.847458	62.146893	28.248588	16.949153	0	0	16.949153	0	11.299435	5.649718	0	5.649718	39.548023	0	0	0	0	0	0	0	0	0	5.649718	0	0	45.19774	0	0	0	0	0	0	0	0	11.299435	0	0	0	0	0	0	5.649718	11.299435	5.649718	11.299435	0	16.949153	5.649718	45.19774	0	5.649718	0	0	0	16.949153	0	5.649718	5.649718	0	11.299435	0	0	0	0	5.649718	0	0	0	0	0	0	0	11.299435	118.644068	50.847458	73.446328	11.299435	67.79661	0	5.649718	0	0	0	0	0	16.949153	0	11.299435	0	50.847458	0	0	0	0	11.299435	0	11.299435	16.949153	0	0	0	0	16.949153	0	0	0	0	0	0	0	0	0	0	0	0	0	0	0	0	0	0	0	0	0	5.649718	5.649718	0	0	0	0	0	0	0	0	0	0	0	5.649718	11.299435	0	0	0	16.949153	0	0	0	0	0	5.649718	11.299435	0	0	5.649718	0	0	0	0	0	16.949153	0	0	0	0	0	0	0	0	0	0	0	0	0	0	16.949153	0	0	0	107.344633	16.949153	305.084746	107.344633	90.39548	45.19774	209.039548	90.39548	22.59887	0	16.949153	0	0	11.299435	11.299435	0	5.649718	0	33.898305	28.248588
35986.txt	menores_notas	321	74.766355	6.23053	90.342679	9.345794	6.23053	6.23053	3.115265	0	0	0	0	0	12.461059	0	0	3.115265	3.115265	0	6.23053	0	21.806854	3.115265	3.115265	9.345794	6.23053	3.115265	0	0	3.115265	12.461059	317.757009	190.031153	127.725857	21.806854	6.23053	9.345794	21.806854	21.806854	3.115265	46.728972	52.959502	3.115265	37.383178	0	43.613707	21.806854	24.922118	37.383178	9.345794	6.23053	0	3.115265	12.461059	52.959502	0	15.576324	31.152648	80.996885	34.267913	28.037383	6.23053	3.115265	6.23053	0	6.23053	0	3.115265	6.23053	34.267913	15.576324	0	6.23053	6.23053	0	0	0	6.23053	0	6.23053	3.115265	0	46.728972	6.23053	12.461059	0	0	0	0	0	0	6.23053	0	0	0	0	0	3.115265	3.115265	6.23053	6.23053	31.152648	9.345794	6.23053	28.037383	74.766355	0	3.115265	0	3.115265	0	3.115265	3.115265	0	3.115265	0	3.115265	3.115265	6.23053	0	0	3.115265	0	0	0	0	3.115265	0	0	12.461059	124.610592	24.922118	90.342679	9.345794	9.345794	0	0	3.115265	0	6.23053	0	0	0	15.576324	9.345794	3.115265	9.345794	0	0	0	21.806854	9.345794	3.115265	21.806854	6.23053	6.23053	0	0	0	6.23053	0	0	0	0	0	9.345794	3.115265	0	12.461059	0	3.115265	3.115265	0	0	0	0	0	3.115265	0	0	0	9.345794	0	0	0	0	0	0	6.23053	0	0	0	0	0	3.115265	15.576324	0	0	6.23053	6.23053	0	0	0	0	0	0	3.115265	0	0	0	0	0	0	0	0	0	0	0	0	0	0	0	0	0	0	0	0	0	0	0	6.23053	0	0	0	171.339564	46.728972	330.218069	87.227414	115.264798	24.922118	236.760125	37.383178	9.345794	21.806854	3.115265	0	0	9.345794	28.037383	9.345794	12.461059	12.461059	65.420561	6.23053
36000.txt	menores_notas	242	61.983471	16.528926	41.322314	12.396694	4.132231	12.396694	0	0	0	0	0	4.132231	8.264463	4.132231	8.264463	4.132231	0	0	4.132231	8.264463	33.057851	4.132231	4.132231	8.264463	20.661157	4.132231	0	0	4.132231	8.264463	264.46281	107.438017	90.909091	16.528926	24.793388	16.528926	0	45.454545	0	45.454545	33.057851	8.264463	16.528926	0	57.85124	28.92562	28.92562	57.85124	4.132231	0	0	0	12.396694	70.247934	4.132231	16.528926	24.793388	99.173554	61.983471	37.190083	4.132231	0	4.132231	0	20.661157	12.396694	4.132231	12.396694	82.644628	0	8.264463	4.132231	0	0	0	0	4.132231	4.132231	4.132231	4.132231	0	61.983471	0	0	0	0	0	0	0	0	4.132231	0	0	0	8.264463	0	0	8.264463	0	12.396694	28.92562	0	66.115702	16.528926	61.983471	0	8.264463	0	4.132231	0	12.396694	4.132231	0	8.264463	0	0	4.132231	0	0	0	8.264463	0	0	0	0	0	0	4.132231	4.132231	123.966942	8.264463	49.586777	0	57.85124	0	0	4.132231	0	0	0	4.132231	0	4.132231	4.132231	4.132231	41.322314	8.264463	4.132231	0	33.057851	4.132231	4.132231	28.92562	61.983471	0	0	0	0	0	0	0	0	0	0	24.793388	0	8.264463	0	0	4.132231	0	0	0	0	0	0	0	0	0	0	4.132231	0	0	0	0	0	0	8.264463	0	8.264463	0	0	0	0	8.264463	0	0	4.132231	4.132231	0	0	0	0	0	0	16.528926	0	0	0	0	0	0	0	0	0	0	0	0	0	0	0	0	0	0	0	0	0	0	0	8.264463	0	0	0	78.512397	70.247934	272.727273	111.570248	169.421488	33.057851	173.553719	82.644628	8.264463	33.057851	16.528926	0	0	4.132231	33.057851	4.132231	12.396694	4.132231	107.438017	16.528926
36079.txt	menores_notas	306	101.30719	19.607843	68.627451	19.607843	45.751634	3.267974	3.267974	6.535948	0	0	0	0	0	6.535948	0	0	22.875817	0	0	0	16.339869	0	0	6.535948	3.267974	0	0	0	0	16.339869	277.777778	166.666667	81.699346	39.215686	16.339869	6.535948	0	78.431373	16.339869	58.823529	9.803922	13.071895	39.215686	6.535948	35.947712	13.071895	39.215686	16.339869	6.535948	0	0	6.535948	19.607843	49.019608	0	29.411765	45.751634	98.039216	13.071895	16.339869	9.803922	9.803922	3.267974	3.267974	16.339869	0	6.535948	6.535948	62.091503	0	0	3.267974	3.267974	3.267974	0	0	0	0	3.267974	0	0	49.019608	6.535948	3.267974	0	0	0	0	0	0	3.267974	0	0	0	3.267974	0	0	0	3.267974	6.535948	32.679739	0	16.339869	0	58.823529	0	0	0	9.803922	0	6.535948	9.803922	0	3.267974	0	0	0	0	0	0	3.267974	0	0	0	0	0	0	0	0	111.111111	6.535948	81.699346	6.535948	32.679739	0	13.071895	0	0	0	0	0	0	16.339869	6.535948	3.267974	29.411765	3.267974	0	0	13.071895	6.535948	0	32.679739	16.339869	0	0	0	0	19.607843	0	0	0	0	0	9.803922	0	3.267974	0	0	0	6.535948	0	0	0	0	0	0	0	0	0	6.535948	0	0	0	0	0	0	9.803922	0	0	0	0	0	13.071895	22.875817	0	0	6.535948	13.071895	0	0	0	0	0	0	6.535948	0	0	0	0	0	0	0	0	0	0	0	0	0	0	0	0	0	0	0	0	0	0	0	0	0	0	0	189.542484	29.411765	290.849673	81.699346	111.111111	29.411765	199.346405	65.359477	3.267974	13.071895	6.535948	0	0	6.535948	32.679739	6.535948	6.535948	0	49.019608	0
36085.txt	menores_notas	256	101.5625	11.71875	93.75	7.8125	0	27.34375	15.625	3.90625	0	0	0	0	0	0	0	0	7.8125	0	0	11.71875	15.625	3.90625	0	7.8125	39.0625	7.8125	0	0	7.8125	7.8125	300.78125	183.59375	101.5625	23.4375	7.8125	7.8125	19.53125	66.40625	7.8125	70.3125	42.96875	11.71875	113.28125	0	15.625	19.53125	35.15625	19.53125	3.90625	3.90625	0	0	11.71875	39.0625	0	15.625	50.78125	101.5625	54.6875	31.25	7.8125	3.90625	0	0	15.625	15.625	0	0	27.34375	23.4375	0	3.90625	0	3.90625	0	0	0	0	0	0	0	78.125	7.8125	0	0	7.8125	0	3.90625	0	0	3.90625	0	3.90625	7.8125	19.53125	0	0	27.34375	0	7.8125	11.71875	0	19.53125	19.53125	101.5625	3.90625	23.4375	0	7.8125	0	3.90625	7.8125	11.71875	7.8125	0	0	0	0	0	0	7.8125	0	0	0	0	3.90625	0	3.90625	3.90625	58.59375	0	93.75	0	46.875	7.8125	0	0	3.90625	0	3.90625	0	0	3.90625	11.71875	7.8125	35.15625	15.625	0	0	15.625	11.71875	0	11.71875	19.53125	0	0	3.90625	0	7.8125	0	0	0	0	0	11.71875	0	3.90625	3.90625	0	3.90625	3.90625	0	0	0	0	0	0	0	0	0	7.8125	0	0	0	0	0	0	0	0	3.90625	0	0	0	3.90625	11.71875	0	3.90625	0	7.8125	0	0	0	0	0	3.90625	7.8125	0	0	0	0	0	0	0	0	0	3.90625	0	0	0	0	0	0	0	0	0	0	0	0	0	11.71875	0	0	0	113.28125	35.15625	308.59375	70.3125	156.25	39.0625	152.34375	85.9375	27.34375	15.625	11.71875	3.90625	0	11.71875	11.71875	7.8125	0	7.8125	50.78125	15.625
36095.txt	menores_notas	234	98.290598	0	64.102564	38.461538	4.273504	17.094017	0	0	0	0	0	8.547009	17.094017	0	0	0	17.094017	0	0	8.547009	21.367521	0	0	8.547009	17.094017	8.547009	0	0	8.547009	21.367521	256.410256	136.752137	68.376068	25.641026	4.273504	8.547009	12.820513	29.91453	4.273504	25.641026	25.641026	0	55.555556	0	12.820513	4.273504	29.91453	8.547009	0	12.820513	0	8.547009	8.547009	34.188034	0	12.820513	38.461538	102.564103	47.008547	12.820513	4.273504	8.547009	4.273504	4.273504	21.367521	0	17.094017	4.273504	51.282051	8.547009	4.273504	12.820513	0	0	0	0	4.273504	0	0	4.273504	0	64.102564	8.547009	0	0	0	8.547009	0	0	0	4.273504	0	0	0	21.367521	8.547009	0	21.367521	0	0	25.641026	0	42.735043	17.094017	72.649573	0	21.367521	0	8.547009	0	8.547009	12.820513	8.547009	12.820513	0	8.547009	12.820513	0	4.273504	0	12.820513	0	0	4.273504	0	0	4.273504	12.820513	42.735043	102.564103	25.641026	76.923077	17.094017	38.461538	0	29.91453	8.547009	0	0	4.273504	0	0	0	8.547009	0	29.91453	12.820513	0	0	21.367521	8.547009	0	21.367521	34.188034	0	4.273504	4.273504	4.273504	0	0	0	0	0	0	8.547009	4.273504	8.547009	4.273504	0	0	0	0	0	0	0	0	0	0	0	0	4.273504	4.273504	0	0	0	0	0	8.547009	0	0	0	0	0	0	12.820513	0	0	17.094017	0	0	0	0	0	0	0	0	0	0	0	0	0	0	0	0	0	0	0	0	0	0	0	0	0	0	0	0	0	0	0	4.273504	0	0	0	98.290598	72.649573	282.051282	47.008547	153.846154	102.564103	192.307692	81.196581	21.367521	21.367521	0	0	0	8.547009	34.188034	8.547009	4.273504	17.094017	85.470085	25.641026
36137.txt	menores_notas	201	104.477612	0	64.676617	4.975124	0	19.900498	4.975124	0	0	0	0	4.975124	4.975124	9.950249	0	9.950249	4.975124	0	19.900498	9.950249	9.950249	0	14.925373	0	29.850746	14.925373	0	0	14.925373	0	278.606965	99.502488	139.303483	29.850746	19.900498	19.900498	0	49.751244	9.950249	49.751244	24.875622	0	64.676617	0	24.875622	0	19.900498	4.975124	14.925373	0	0	0	14.925373	29.850746	0	14.925373	24.875622	129.353234	44.776119	4.975124	0	4.975124	0	0	14.925373	14.925373	0	19.900498	69.651741	0	4.975124	0	0	0	0	0	9.950249	4.975124	0	9.950249	0	79.60199	4.975124	0	0	0	0	4.975124	0	0	0	0	0	9.950249	0	0	0	29.850746	0	9.950249	44.776119	0	4.975124	34.825871	89.552239	9.950249	19.900498	0	19.900498	0	19.900498	0	0	19.900498	0	0	0	0	0	0	19.900498	0	0	0	0	0	0	0	0	124.378109	9.950249	64.676617	0	44.776119	0	4.975124	0	0	0	0	0	0	0	4.975124	4.975124	19.900498	24.875622	0	0	9.950249	0	0	44.776119	4.975124	0	0	14.925373	4.975124	0	0	0	0	0	0	9.950249	0	0	14.925373	0	0	0	0	0	0	0	0	0	0	0	0	0	0	0	0	0	0	0	14.925373	0	0	0	0	0	0	19.900498	0	0	4.975124	0	0	0	0	0	0	0	9.950249	0	0	0	0	0	0	0	0	0	0	0	0	0	0	0	0	0	0	0	0	0	0	0	9.950249	0	0	0	104.477612	59.701493	278.606965	44.776119	174.129353	59.701493	199.004975	59.701493	29.850746	9.950249	9.950249	0	0	0	64.676617	0	19.900498	0	84.577114	9.950249
36140.txt	menores_notas	167	113.772455	0	53.892216	17.964072	29.94012	5.988024	0	0	0	0	0	0	17.964072	0	5.988024	0	11.976048	0	5.988024	0	11.976048	5.988024	0	11.976048	5.988024	17.964072	0	0	17.964072	0	263.473054	179.640719	107.784431	0	5.988024	5.988024	5.988024	77.844311	0	65.868263	0	11.976048	59.88024	17.964072	17.964072	23.952096	23.952096	29.94012	0	5.988024	0	0	5.988024	35.928144	5.988024	23.952096	29.94012	83.832335	53.892216	35.928144	11.976048	0	0	5.988024	5.988024	5.988024	11.976048	0	35.928144	11.976048	5.988024	0	0	0	0	0	0	0	0	0	0	71.856287	0	0	0	5.988024	0	0	0	0	0	0	0	0	11.976048	0	0	0	0	5.988024	11.976048	0	53.892216	5.988024	77.844311	0	0	0	5.988024	0	11.976048	0	0	11.976048	0	0	0	5.988024	5.988024	0	11.976048	0	0	5.988024	0	0	5.988024	0	0	95.808383	0	53.892216	11.976048	35.928144	0	17.964072	0	0	0	0	0	0	5.988024	0	5.988024	35.928144	0	0	0	11.976048	0	5.988024	11.976048	23.952096	0	5.988024	0	0	11.976048	0	0	5.988024	0	0	11.976048	0	0	5.988024	0	0	0	0	0	0	0	0	0	0	0	0	0	0	0	0	0	0	0	0	0	0	0	0	0	5.988024	11.976048	0	0	0	17.964072	0	0	0	0	0	0	11.976048	0	0	0	0	0	0	0	0	0	0	0	0	0	0	0	0	0	0	0	0	0	0	0	5.988024	11.976048	0	0	113.772455	41.916168	323.353293	65.868263	143.712575	41.916168	149.700599	65.868263	0	11.976048	11.976048	0	0	0	11.976048	0	0	11.976048	71.856287	17.964072
36172.txt	menores_notas	172	93.023256	11.627907	69.767442	11.627907	0	5.813953	0	0	0	0	0	0	23.255814	0	0	0	17.44186	0	17.44186	0	5.813953	0	11.627907	0	5.813953	0	0	0	0	23.255814	244.186047	162.790698	11.627907	5.813953	5.813953	5.813953	0	87.209302	5.813953	87.209302	17.44186	23.255814	81.395349	34.883721	11.627907	40.697674	40.697674	17.44186	5.813953	5.813953	0	23.255814	0	69.767442	0	23.255814	98.837209	69.767442	46.511628	29.069767	0	0	0	0	5.813953	0	0	5.813953	29.069767	5.813953	0	0	5.813953	0	5.813953	11.627907	5.813953	0	0	0	0	69.767442	5.813953	0	0	0	0	0	0	0	5.813953	0	0	0	0	0	0	17.44186	0	0	11.627907	0	0	29.069767	75.581395	0	40.697674	0	5.813953	0	5.813953	0	0	5.813953	0	0	0	0	0	0	5.813953	0	0	0	0	5.813953	0	0	0	63.953488	40.697674	69.767442	0	52.325581	5.813953	11.627907	0	0	0	0	58.139535	11.627907	0	0	0	58.139535	0	5.813953	0	5.813953	0	0	11.627907	0	5.813953	0	0	0	11.627907	0	0	0	0	0	5.813953	0	0	0	0	0	0	0	0	0	0	0	0	0	0	0	0	0	0	0	0	0	0	5.813953	0	0	0	0	0	0	5.813953	0	0	5.813953	17.44186	0	0	0	0	0	0	0	0	0	0	0	0	0	0	0	0	0	0	0	0	0	0	0	0	0	0	0	0	0	0	5.813953	0	0	0	174.418605	40.697674	267.44186	116.27907	122.093023	17.44186	162.790698	145.348837	40.697674	5.813953	0	0	0	0	11.627907	0	5.813953	5.813953	40.697674	5.813953
36181.txt	menores_notas	261	65.1341	15.32567	38.314176	19.157088	30.651341	22.988506	0	0	0	0	0	3.831418	22.988506	3.831418	0	7.662835	19.157088	3.831418	0	7.662835	34.482759	0	7.662835	11.494253	30.651341	3.831418	3.831418	0	0	3.831418	210.727969	103.448276	30.651341	19.157088	15.32567	15.32567	11.494253	11.494253	0	19.157088	19.157088	3.831418	45.977011	7.662835	22.988506	19.157088	11.494253	11.494253	3.831418	7.662835	0	7.662835	7.662835	22.988506	0	0	26.819923	134.099617	57.471264	30.651341	3.831418	26.819923	15.32567	11.494253	11.494253	7.662835	3.831418	11.494253	45.977011	7.662835	3.831418	19.157088	0	0	0	0	7.662835	0	0	11.494253	0	84.291188	22.988506	0	0	7.662835	3.831418	3.831418	0	0	7.662835	0	0	0	11.494253	3.831418	0	15.32567	0	7.662835	61.302682	0	7.662835	7.662835	118.773946	0	15.32567	0	34.482759	7.662835	19.157088	7.662835	3.831418	26.819923	0	11.494253	0	0	0	0	22.988506	3.831418	0	0	0	3.831418	3.831418	3.831418	22.988506	95.785441	7.662835	49.808429	11.494253	30.651341	3.831418	11.494253	7.662835	0	0	0	0	3.831418	0	11.494253	0	15.32567	19.157088	0	0	34.482759	11.494253	0	42.145594	7.662835	0	0	49.808429	0	11.494253	0	3.831418	0	0	0	11.494253	7.662835	19.157088	0	0	0	0	0	0	3.831418	0	0	0	0	0	0	11.494253	0	0	0	0	0	0	11.494253	0	7.662835	0	0	0	7.662835	26.819923	0	0	19.157088	3.831418	0	0	0	0	0	0	3.831418	0	0	0	0	0	0	0	0	0	0	0	0	0	0	0	0	0	0	0	0	0	0	0	7.662835	0	0	0	118.773946	103.448276	218.390805	49.808429	203.065134	103.448276	153.256705	68.965517	15.32567	34.482759	3.831418	0	0	11.494253	68.965517	11.494253	11.494253	11.494253	76.628352	68.965517
36188.txt	menores_notas	144	62.5	27.777778	55.555556	0	6.944444	6.944444	6.944444	0	0	0	0	0	0	0	0	0	0	0	20.833333	13.888889	0	0	0	0	13.888889	0	0	0	0	34.722222	201.388889	187.5	27.777778	6.944444	13.888889	20.833333	6.944444	62.5	0	48.611111	41.666667	6.944444	34.722222	6.944444	41.666667	0	62.5	27.777778	6.944444	0	0	0	13.888889	90.277778	0	34.722222	62.5	83.333333	41.666667	13.888889	0	0	0	6.944444	13.888889	6.944444	20.833333	20.833333	69.444444	13.888889	0	0	0	0	0	0	6.944444	13.888889	0	6.944444	0	48.611111	0	0	0	0	0	0	0	0	13.888889	0	0	0	0	0	0	13.888889	0	6.944444	48.611111	6.944444	27.777778	20.833333	48.611111	0	13.888889	0	6.944444	0	6.944444	0	6.944444	13.888889	0	6.944444	0	0	0	0	13.888889	0	0	0	0	0	0	0	27.777778	111.111111	20.833333	55.555556	0	41.666667	0	0	0	0	0	0	0	27.777778	27.777778	0	13.888889	20.833333	6.944444	0	0	0	0	0	48.611111	13.888889	0	0	6.944444	6.944444	0	0	0	0	0	0	0	0	0	6.944444	0	0	0	0	0	0	0	0	0	0	0	0	0	0	0	0	0	0	0	20.833333	0	0	0	0	0	0	20.833333	0	0	0	0	0	0	0	0	0	0	13.888889	0	0	0	0	0	0	0	0	0	0	0	0	0	0	0	0	0	0	0	0	0	0	0	6.944444	0	0	0	145.833333	48.611111	291.666667	104.166667	159.722222	69.444444	173.611111	111.111111	13.888889	0	13.888889	0	0	0	69.444444	0	20.833333	0	104.166667	13.888889
36225.txt	menores_notas	209	57.416268	14.354067	90.909091	23.923445	4.784689	28.708134	19.138756	0	0	0	0	9.569378	4.784689	0	0	0	4.784689	0	9.569378	9.569378	33.492823	0	14.354067	0	38.277512	14.354067	0	0	9.569378	4.784689	253.588517	71.770335	110.047847	28.708134	9.569378	23.923445	4.784689	52.631579	0	57.416268	23.923445	9.569378	33.492823	0	33.492823	28.708134	23.923445	23.923445	14.354067	4.784689	0	4.784689	19.138756	43.062201	0	14.354067	33.492823	52.631579	28.708134	33.492823	0	4.784689	0	0	19.138756	0	9.569378	9.569378	14.354067	4.784689	0	4.784689	0	0	0	0	9.569378	0	0	0	0	71.770335	4.784689	4.784689	0	0	0	0	0	0	4.784689	0	0	4.784689	14.354067	0	0	14.354067	0	0	19.138756	0	14.354067	38.277512	81.339713	0	14.354067	0	9.569378	0	0	23.923445	0	4.784689	0	9.569378	4.784689	0	0	0	4.784689	0	0	0	0	0	9.569378	19.138756	19.138756	81.339713	0	100.478469	0	28.708134	0	4.784689	0	0	0	0	0	0	9.569378	0	0	19.138756	14.354067	0	0	33.492823	0	0	14.354067	9.569378	0	0	4.784689	0	0	9.569378	0	0	0	0	33.492823	0	0	4.784689	0	0	0	0	0	0	0	0	0	0	0	0	0	0	0	0	0	0	0	4.784689	0	0	0	0	0	0	9.569378	0	0	4.784689	0	0	0	0	0	0	0	0	0	0	0	0	0	0	0	0	0	0	0	0	0	0	0	0	0	0	0	0	0	0	0	23.923445	0	0	0	162.679426	71.770335	291.866029	90.909091	148.325359	66.985646	181.818182	43.062201	14.354067	33.492823	0	0	0	0	14.354067	0	9.569378	33.492823	66.985646	38.277512
36238.txt	menores_notas	214	93.457944	14.018692	28.037383	0	14.018692	14.018692	0	0	0	0	0	4.672897	14.018692	0	4.672897	0	4.672897	0	4.672897	4.672897	42.056075	0	4.672897	4.672897	18.691589	4.672897	0	0	4.672897	0	233.64486	79.439252	102.803738	28.037383	4.672897	14.018692	4.672897	14.018692	18.691589	9.345794	32.71028	4.672897	32.71028	0	32.71028	14.018692	28.037383	28.037383	9.345794	4.672897	0	9.345794	23.364486	37.383178	0	4.672897	32.71028	102.803738	56.074766	28.037383	9.345794	9.345794	0	18.691589	42.056075	0	18.691589	18.691589	51.401869	0	0	4.672897	0	0	0	0	9.345794	9.345794	0	9.345794	0	84.11215	4.672897	0	0	0	0	4.672897	0	0	14.018692	0	0	0	18.691589	0	0	56.074766	9.345794	0	51.401869	0	14.018692	23.364486	98.130841	28.037383	28.037383	0	14.018692	4.672897	4.672897	23.364486	14.018692	9.345794	0	18.691589	18.691589	0	0	0	9.345794	0	0	0	0	0	4.672897	14.018692	14.018692	116.82243	0	28.037383	0	46.728972	9.345794	0	4.672897	0	0	0	0	9.345794	18.691589	4.672897	0	37.383178	9.345794	0	0	42.056075	4.672897	0	46.728972	4.672897	0	0	9.345794	0	9.345794	0	0	0	0	0	32.71028	4.672897	4.672897	0	0	0	0	0	0	0	0	0	0	0	0	0	0	4.672897	0	0	0	0	0	23.364486	0	0	0	0	0	4.672897	14.018692	0	0	4.672897	9.345794	0	0	0	0	0	0	0	0	0	0	0	0	0	0	0	0	0	0	0	0	0	0	0	0	0	0	0	0	0	0	0	0	0	0	135.514019	102.803738	233.64486	74.766355	200.934579	102.803738	144.859813	74.766355	65.420561	42.056075	0	0	0	4.672897	51.401869	4.672897	18.691589	23.364486	88.785047	9.345794
36248.txt	menores_notas	208	100.961538	0	43.269231	0	4.807692	19.230769	0	0	0	0	0	4.807692	14.423077	4.807692	4.807692	4.807692	9.615385	0	0	4.807692	24.038462	0	9.615385	0	19.230769	4.807692	0	0	4.807692	0	230.769231	105.769231	76.923077	38.461538	4.807692	9.615385	4.807692	9.615385	0	14.423077	0	9.615385	57.692308	4.807692	33.653846	9.615385	24.038462	4.807692	9.615385	14.423077	0	9.615385	19.230769	33.653846	0	9.615385	43.269231	120.192308	48.076923	38.461538	0	4.807692	4.807692	9.615385	0	4.807692	9.615385	19.230769	62.5	19.230769	0	0	0	0	0	0	9.615385	9.615385	0	4.807692	0	57.692308	0	0	0	19.230769	0	9.615385	0	0	4.807692	0	4.807692	9.615385	9.615385	0	0	0	0	0	67.307692	4.807692	19.230769	4.807692	86.538462	0	0	0	19.230769	0	24.038462	19.230769	4.807692	14.423077	0	9.615385	9.615385	0	0	0	14.423077	0	4.807692	0	0	0	9.615385	14.423077	14.423077	100.961538	14.423077	43.269231	0	38.461538	14.423077	4.807692	9.615385	4.807692	0	4.807692	0	0	4.807692	0	9.615385	24.038462	14.423077	0	0	24.038462	0	4.807692	67.307692	19.230769	0	0	24.038462	9.615385	0	0	0	0	0	0	4.807692	14.423077	4.807692	0	0	0	0	0	0	0	0	0	0	0	0	0	0	0	0	0	0	0	0	19.230769	0	0	0	0	0	0	24.038462	0	0	4.807692	4.807692	0	0	0	0	0	0	24.038462	0	0	0	0	0	0	0	0	0	0	0	0	0	0	0	0	0	0	0	0	0	0	0	0	0	0	0	144.230769	57.692308	235.576923	62.5	187.5	96.153846	158.653846	91.346154	0	24.038462	24.038462	0	0	0	67.307692	0	19.230769	24.038462	91.346154	24.038462
36278.txt	menores_notas	208	81.730769	4.807692	57.692308	0	9.615385	9.615385	0	0	0	0	0	0	4.807692	0	4.807692	0	0	0	14.423077	9.615385	14.423077	0	19.230769	0	4.807692	9.615385	0	0	9.615385	0	240.384615	72.115385	96.153846	14.423077	4.807692	4.807692	4.807692	76.923077	0	67.307692	14.423077	0	57.692308	0	100.961538	19.230769	33.653846	43.269231	4.807692	4.807692	0	0	9.615385	105.769231	0	4.807692	52.884615	96.153846	48.076923	24.038462	0	0	0	0	19.230769	0	9.615385	0	67.307692	0	4.807692	0	0	0	0	0	0	0	0	0	0	43.269231	4.807692	0	0	0	0	0	0	0	4.807692	0	0	0	9.615385	0	0	57.692308	0	0	19.230769	4.807692	38.461538	57.692308	48.076923	14.423077	52.884615	0	4.807692	4.807692	9.615385	4.807692	4.807692	9.615385	0	4.807692	4.807692	0	0	0	9.615385	0	0	0	0	0	0	4.807692	19.230769	144.230769	14.423077	57.692308	9.615385	43.269231	4.807692	4.807692	0	0	0	0	0	0	9.615385	4.807692	4.807692	24.038462	4.807692	0	0	14.423077	4.807692	0	14.423077	24.038462	0	0	4.807692	0	0	0	0	0	0	0	9.615385	0	4.807692	28.846154	0	0	0	0	0	0	0	0	0	0	0	0	0	0	0	0	0	0	0	0	0	0	0	0	0	4.807692	28.846154	0	0	0	4.807692	0	0	0	0	0	0	4.807692	0	0	0	0	0	0	0	0	0	0	0	0	0	0	0	0	0	0	0	0	0	0	0	4.807692	0	0	0	86.538462	43.269231	269.230769	134.615385	139.423077	48.076923	211.538462	67.307692	62.5	14.423077	4.807692	0	0	4.807692	28.846154	0	0	4.807692	115.384615	24.038462
36295.txt	menores_notas	354	90.39548	5.649718	73.446328	8.474576	14.124294	5.649718	5.649718	0	0	0	0	5.649718	0	11.299435	0	2.824859	2.824859	0	5.649718	8.474576	8.474576	0	2.824859	0	14.124294	5.649718	2.824859	0	5.649718	16.949153	302.259887	93.220339	127.118644	31.073446	2.824859	8.474576	5.649718	67.79661	8.474576	62.146893	39.548023	0	59.322034	19.774011	101.694915	14.124294	48.022599	11.299435	19.774011	8.474576	0	2.824859	31.073446	73.446328	0	19.774011	104.519774	76.271186	33.898305	16.949153	5.649718	0	0	2.824859	8.474576	0	2.824859	0	36.723164	11.299435	0	0	5.649718	0	0	0	0	0	0	0	0	56.497175	11.299435	2.824859	0	2.824859	0	0	0	0	0	0	0	11.299435	11.299435	0	0	22.59887	0	0	5.649718	2.824859	11.299435	19.774011	73.446328	5.649718	16.949153	0	5.649718	2.824859	8.474576	2.824859	0	0	0	0	5.649718	0	0	0	0	0	0	0	0	0	0	5.649718	0	81.920904	11.299435	79.096045	0	64.971751	0	5.649718	0	0	0	0	0	0	5.649718	0	2.824859	50.847458	14.124294	5.649718	0	8.474576	0	0	8.474576	8.474576	0	0	0	0	0	0	0	0	0	0	2.824859	5.649718	0	2.824859	0	0	0	0	0	0	0	0	0	0	0	0	0	0	0	0	0	0	2.824859	0	0	0	0	0	0	0	11.299435	0	0	2.824859	0	0	0	0	0	0	11.299435	2.824859	0	0	0	0	0	0	0	0	0	11.299435	0	0	0	0	0	0	0	0	0	0	0	0	0	5.649718	0	0	0	96.045198	70.621469	319.20904	121.468927	110.169492	22.59887	175.141243	84.745763	22.59887	8.474576	14.124294	11.299435	0	0	16.949153	0	0	5.649718	22.59887	5.649718
36307.txt	menores_notas	178	56.179775	5.617978	39.325843	33.707865	22.47191	5.617978	0	0	0	0	0	5.617978	28.089888	5.617978	0	5.617978	28.089888	0	22.47191	11.235955	28.089888	0	39.325843	0	16.853933	5.617978	5.617978	0	0	5.617978	202.247191	112.359551	28.089888	39.325843	16.853933	5.617978	11.235955	28.089888	0	39.325843	5.617978	0	33.707865	5.617978	84.269663	22.47191	44.94382	50.561798	5.617978	11.235955	0	0	28.089888	78.651685	0	16.853933	56.179775	129.213483	56.179775	28.089888	0	16.853933	11.235955	5.617978	16.853933	0	11.235955	16.853933	56.179775	11.235955	0	16.853933	0	0	0	0	0	5.617978	11.235955	0	0	101.123596	0	0	0	0	0	0	0	0	5.617978	5.617978	0	0	33.707865	0	0	11.235955	0	0	33.707865	11.235955	22.47191	5.617978	101.123596	0	11.235955	0	5.617978	0	0	5.617978	0	16.853933	0	11.235955	5.617978	5.617978	0	0	16.853933	0	0	0	0	0	0	0	16.853933	67.41573	16.853933	61.797753	0	33.707865	5.617978	0	0	5.617978	0	0	5.617978	11.235955	16.853933	5.617978	5.617978	28.089888	11.235955	0	0	28.089888	5.617978	0	44.94382	22.47191	0	0	33.707865	0	0	0	0	0	0	0	16.853933	11.235955	0	0	0	0	5.617978	0	0	0	0	0	0	0	0	0	5.617978	0	0	0	0	0	0	16.853933	0	0	0	0	0	0	22.47191	0	0	28.089888	0	0	0	0	0	0	0	5.617978	0	0	0	0	0	0	0	0	0	0	0	0	0	0	0	0	0	0	0	0	0	0	0	5.617978	0	0	0	101.123596	78.651685	207.865169	129.213483	185.393258	44.94382	140.449438	84.269663	11.235955	28.089888	5.617978	0	0	5.617978	44.94382	5.617978	16.853933	11.235955	73.033708	33.707865
36341.txt	menores_notas	278	82.733813	10.791367	71.942446	10.791367	14.388489	10.791367	0	0	0	0	0	0	28.776978	3.597122	0	3.597122	3.597122	0	17.985612	0	0	0	17.985612	0	3.597122	0	0	0	0	17.985612	287.769784	183.453237	53.956835	50.359712	7.194245	10.791367	25.179856	32.374101	0	35.971223	17.985612	14.388489	50.359712	0	35.971223	17.985612	39.568345	25.179856	0	0	0	0	21.582734	53.956835	0	14.388489	53.956835	129.496403	28.776978	28.776978	14.388489	10.791367	10.791367	0	17.985612	3.597122	0	3.597122	50.359712	0	0	10.791367	14.388489	0	0	0	0	3.597122	0	0	0	75.539568	3.597122	3.597122	0	0	0	0	0	0	7.194245	0	0	0	0	0	0	14.388489	21.582734	14.388489	43.165468	0	7.194245	21.582734	79.136691	7.194245	7.194245	0	7.194245	0	7.194245	3.597122	0	0	0	0	3.597122	0	0	0	0	0	0	0	0	0	0	3.597122	25.179856	71.942446	75.539568	89.928058	7.194245	39.568345	0	0	7.194245	0	3.597122	0	0	0	3.597122	28.776978	14.388489	32.374101	7.194245	10.791367	0	0	28.776978	0	35.971223	3.597122	3.597122	0	3.597122	0	28.776978	0	0	0	0	0	0	0	0	14.388489	0	10.791367	7.194245	0	0	3.597122	3.597122	0	0	0	0	0	25.179856	3.597122	0	0	0	0	0	3.597122	0	3.597122	0	3.597122	0	7.194245	17.985612	0	0	0	28.776978	0	0	0	0	0	0	39.568345	0	0	0	0	0	0	0	0	0	0	0	0	0	0	0	0	0	0	0	0	0	0	0	3.597122	3.597122	0	0	165.467626	32.374101	312.94964	93.52518	158.273381	39.568345	230.215827	71.942446	35.971223	0	39.568345	0	0	28.776978	35.971223	32.374101	3.597122	3.597122	71.942446	10.791367
36430.txt	menores_notas	167	125.748503	5.988024	119.760479	11.976048	0	5.988024	5.988024	0	0	0	0	11.976048	5.988024	11.976048	0	0	5.988024	0	0	0	11.976048	0	0	5.988024	5.988024	5.988024	0	0	5.988024	11.976048	317.365269	161.676647	107.784431	5.988024	5.988024	11.976048	0	59.88024	5.988024	65.868263	101.796407	17.964072	65.868263	5.988024	41.916168	17.964072	47.904192	0	41.916168	0	0	11.976048	41.916168	35.928144	0	29.94012	95.808383	53.892216	35.928144	41.916168	0	0	0	5.988024	0	0	0	0	29.94012	5.988024	0	0	0	0	0	0	0	0	0	0	0	59.88024	0	0	0	0	0	0	0	0	0	0	0	0	0	0	0	0	0	0	11.976048	5.988024	23.952096	5.988024	59.88024	0	0	0	0	0	5.988024	0	11.976048	11.976048	0	11.976048	0	0	0	0	11.976048	0	0	0	0	0	0	0	0	83.832335	0	119.760479	0	29.94012	0	11.976048	5.988024	0	5.988024	5.988024	0	0	0	0	0	23.952096	5.988024	0	0	11.976048	0	0	11.976048	23.952096	0	0	0	0	5.988024	0	0	0	0	0	5.988024	5.988024	5.988024	5.988024	0	0	0	0	0	0	0	0	0	0	0	0	0	0	0	0	0	0	0	0	0	0	0	0	0	0	5.988024	0	0	0	5.988024	0	0	0	0	0	0	5.988024	0	0	0	0	0	0	0	0	0	0	0	0	0	0	0	0	0	0	0	0	0	0	0	0	0	0	0	131.736527	53.892216	329.341317	95.808383	95.808383	41.916168	203.592814	41.916168	0	11.976048	5.988024	0	0	0	11.976048	0	0	0	41.916168	0
36522.txt	menores_notas	215	83.72093	0	27.906977	37.209302	4.651163	13.953488	9.302326	0	0	0	0	4.651163	4.651163	0	0	0	4.651163	0	18.604651	13.953488	18.604651	4.651163	41.860465	4.651163	23.255814	18.604651	0	0	18.604651	0	232.55814	130.232558	74.418605	27.906977	4.651163	0	0	69.767442	0	46.511628	0	0	46.511628	13.953488	55.813953	23.255814	32.55814	55.813953	0	0	0	0	18.604651	69.767442	13.953488	0	32.55814	106.976744	69.767442	46.511628	4.651163	4.651163	0	9.302326	27.906977	0	4.651163	13.953488	41.860465	4.651163	0	9.302326	0	0	4.651163	4.651163	4.651163	0	9.302326	4.651163	4.651163	83.72093	4.651163	0	0	27.906977	18.604651	0	0	0	4.651163	0	9.302326	0	4.651163	0	0	23.255814	0	0	37.209302	0	4.651163	9.302326	116.27907	0	23.255814	0	4.651163	0	0	13.953488	4.651163	37.209302	0	0	13.953488	0	0	0	32.55814	4.651163	0	0	0	4.651163	4.651163	13.953488	9.302326	69.767442	0	55.813953	0	18.604651	0	4.651163	9.302326	9.302326	0	0	0	9.302326	9.302326	23.255814	0	23.255814	9.302326	0	0	18.604651	23.255814	9.302326	27.906977	0	0	0	4.651163	0	4.651163	0	0	0	0	0	9.302326	4.651163	4.651163	0	0	4.651163	9.302326	0	0	0	0	0	4.651163	0	0	0	13.953488	0	0	0	0	0	0	13.953488	0	0	0	0	0	4.651163	13.953488	0	0	4.651163	0	0	0	0	0	0	0	0	0	0	0	0	0	0	0	0	0	0	0	0	0	0	0	0	0	0	0	0	0	0	0	9.302326	0	0	0	111.627907	83.72093	232.55814	111.627907	181.395349	60.465116	125.581395	83.72093	23.255814	18.604651	0	0	0	23.255814	51.162791	18.604651	18.604651	23.255814	51.162791	13.953488
36524.txt	menores_notas	205	53.658537	14.634146	19.512195	0	34.146341	14.634146	0	0	0	0	0	9.756098	39.02439	19.512195	9.756098	14.634146	24.390244	0	0	24.390244	24.390244	0	19.512195	4.878049	29.268293	14.634146	4.878049	0	9.756098	0	141.463415	58.536585	43.902439	43.902439	0	0	0	0	0	4.878049	0	0	48.780488	0	9.756098	4.878049	0	4.878049	0	0	0	0	9.756098	0	0	0	0	165.853659	48.780488	24.390244	4.878049	34.146341	24.390244	29.268293	0	9.756098	4.878049	19.512195	73.170732	0	0	29.268293	4.878049	0	4.878049	0	4.878049	14.634146	0	4.878049	0	53.658537	39.02439	53.658537	9.756098	9.756098	0	9.756098	0	0	0	4.878049	0	0	0	0	0	4.878049	0	4.878049	29.268293	0	9.756098	24.390244	170.731707	0	4.878049	0	48.780488	4.878049	0	29.268293	4.878049	39.02439	0	14.634146	19.512195	0	0	0	39.02439	4.878049	0	0	0	0	4.878049	14.634146	4.878049	58.536585	14.634146	19.512195	4.878049	58.536585	0	19.512195	4.878049	0	0	19.512195	0	9.756098	0	14.634146	0	4.878049	73.170732	0	0	24.390244	14.634146	0	29.268293	9.756098	0	0	48.780488	0	0	0	0	4.878049	0	0	19.512195	4.878049	0	0	0	4.878049	9.756098	0	0	0	0	0	0	0	0	0	14.634146	0	0	0	0	0	0	19.512195	0	0	0	0	0	0	4.878049	0	0	39.02439	0	0	0	0	0	0	0	0	0	0	0	0	0	0	0	0	0	0	0	0	0	0	0	0	0	0	0	0	0	0	0	0	4.878049	0	0	68.292683	121.95122	141.463415	14.634146	239.02439	156.097561	87.804878	126.829268	4.878049	24.390244	0	0	0	14.634146	29.268293	14.634146	19.512195	0	63.414634	53.658537
36547.txt	menores_notas	275	98.181818	7.272727	58.181818	18.181818	14.545455	10.909091	3.636364	0	0	0	0	0	14.545455	0	0	0	7.272727	0	0	7.272727	7.272727	0	7.272727	3.636364	14.545455	0	0	0	0	3.636364	312.727273	181.818182	98.181818	18.181818	18.181818	21.818182	10.909091	50.909091	14.545455	47.272727	14.545455	3.636364	40	10.909091	50.909091	10.909091	58.181818	43.636364	18.181818	3.636364	0	0	36.363636	72.727273	0	40	61.818182	65.454545	54.545455	21.818182	0	3.636364	14.545455	3.636364	14.545455	3.636364	14.545455	0	10.909091	21.818182	3.636364	0	0	0	0	0	0	0	3.636364	0	0	65.454545	3.636364	0	0	0	0	0	0	0	0	0	0	7.272727	14.545455	0	0	10.909091	3.636364	7.272727	0	0	25.454545	36.363636	69.090909	3.636364	7.272727	0	14.545455	0	3.636364	0	0	7.272727	0	0	0	0	0	0	7.272727	0	0	0	0	0	0	0	0	105.454545	10.909091	72.727273	0	36.363636	0	14.545455	0	0	0	0	0	0	0	3.636364	3.636364	36.363636	0	7.272727	0	7.272727	3.636364	0	0	14.545455	7.272727	0	10.909091	0	7.272727	0	0	0	0	0	3.636364	0	3.636364	3.636364	0	0	3.636364	0	0	0	0	0	0	0	0	0	3.636364	0	0	0	0	0	0	0	0	0	0	0	0	0	0	0	0	3.636364	10.909091	0	0	0	0	0	0	3.636364	0	0	0	0	0	0	0	0	0	0	0	0	0	0	0	0	0	0	0	0	0	0	0	0	0	0	0	163.636364	69.090909	316.363636	120	120	25.454545	189.090909	65.454545	10.909091	7.272727	3.636364	0	0	3.636364	0	3.636364	0	0	61.818182	10.909091
36578.txt	menores_notas	262	72.519084	19.083969	110.687023	15.267176	7.633588	11.450382	3.816794	3.816794	0	0	3.816794	3.816794	30.534351	0	0	0	19.083969	0	3.816794	11.450382	15.267176	3.816794	11.450382	15.267176	19.083969	3.816794	3.816794	0	3.816794	22.900763	297.709924	122.137405	125.954198	3.816794	11.450382	26.717557	7.633588	49.618321	0	49.618321	72.519084	22.900763	61.068702	19.083969	38.167939	7.633588	34.351145	26.717557	7.633588	3.816794	0	11.450382	19.083969	49.618321	0	19.083969	49.618321	61.068702	38.167939	19.083969	7.633588	7.633588	0	15.267176	19.083969	7.633588	0	7.633588	26.717557	7.633588	0	7.633588	3.816794	0	0	0	3.816794	3.816794	0	0	0	45.801527	11.450382	0	0	15.267176	11.450382	0	0	0	0	0	3.816794	7.633588	0	0	0	7.633588	7.633588	11.450382	19.083969	0	3.816794	11.450382	72.519084	0	7.633588	0	7.633588	0	0	0	0	11.450382	0	0	0	0	0	0	11.450382	0	0	0	0	0	0	0	3.816794	103.053435	30.534351	110.687023	15.267176	26.717557	0	0	0	0	0	3.816794	0	0	0	3.816794	0	22.900763	3.816794	0	0	15.267176	3.816794	3.816794	19.083969	3.816794	3.816794	7.633588	0	0	11.450382	0	0	3.816794	3.816794	0	3.816794	0	11.450382	3.816794	0	3.816794	0	0	0	0	0	0	0	0	0	0	3.816794	0	0	0	0	0	7.633588	7.633588	0	0	0	0	0	0	0	0	0	11.450382	19.083969	0	0	0	0	0	0	0	0	0	0	0	0	0	0	0	0	0	0	0	0	0	0	0	0	0	0	0	0	0	0	3.816794	11.450382	0	0	202.290076	72.519084	324.427481	76.335878	106.870229	22.900763	240.458015	34.351145	15.267176	15.267176	0	0	0	3.816794	19.083969	3.816794	7.633588	0	34.351145	30.534351
36590.txt	menores_notas	339	73.746313	5.899705	67.846608	11.79941	14.749263	0	2.949853	0	0	0	0	0	14.749263	2.949853	5.899705	0	8.849558	0	14.749263	11.79941	23.59882	0	17.699115	0	8.849558	5.899705	0	0	5.899705	41.297935	206.489676	120.943953	47.19764	26.548673	2.949853	0	5.899705	20.648968	2.949853	35.39823	41.297935	26.548673	35.39823	2.949853	38.348083	8.849558	32.448378	5.899705	14.749263	5.899705	0	2.949853	20.648968	50.147493	8.849558	26.548673	67.846608	73.746313	53.097345	23.59882	5.899705	2.949853	5.899705	8.849558	5.899705	8.849558	2.949853	2.949853	44.247788	5.899705	0	0	2.949853	0	0	0	2.949853	2.949853	2.949853	0	0	58.99705	5.899705	0	0	2.949853	2.949853	2.949853	0	0	8.849558	0	2.949853	0	2.949853	0	0	38.348083	5.899705	2.949853	17.699115	0	35.39823	23.59882	64.896755	17.699115	20.648968	0	0	2.949853	11.79941	17.699115	5.899705	8.849558	0	14.749263	11.79941	0	0	0	8.849558	0	0	0	0	0	2.949853	14.749263	11.79941	64.896755	73.746313	79.646018	0	38.348083	5.899705	17.699115	8.849558	2.949853	0	0	0	5.899705	0	8.849558	14.749263	35.39823	11.79941	14.749263	0	23.59882	8.849558	0	17.699115	29.498525	0	0	11.79941	2.949853	2.949853	0	0	0	0	0	23.59882	0	0	8.849558	0	2.949853	0	0	0	2.949853	0	0	0	0	0	0	5.899705	2.949853	0	0	0	0	0	0	0	0	0	2.949853	0	0	20.648968	0	0	5.899705	8.849558	0	0	0	0	0	8.849558	20.648968	0	0	0	0	0	0	0	0	0	0	0	0	0	0	0	0	0	0	0	0	0	0	0	0	2.949853	0	0	79.646018	73.746313	244.837758	82.59587	147.492625	73.746313	206.489676	117.9941	44.247788	23.59882	29.498525	0	0	8.849558	26.548673	5.899705	5.899705	14.749263	76.696165	14.749263
36616.txt	menores_notas	286	90.909091	27.972028	62.937063	0	17.482517	10.48951	6.993007	0	0	0	0	0	0	0	0	0	0	0	0	3.496503	31.468531	0	0	0	10.48951	0	0	0	0	3.496503	300.699301	132.867133	101.398601	10.48951	13.986014	3.496503	17.482517	59.440559	10.48951	90.909091	45.454545	3.496503	55.944056	0	101.398601	6.993007	45.454545	48.951049	0	6.993007	0	3.496503	0	101.398601	0	27.972028	59.440559	66.433566	31.468531	13.986014	3.496503	3.496503	0	0	13.986014	0	3.496503	3.496503	17.482517	6.993007	3.496503	3.496503	3.496503	0	3.496503	0	0	3.496503	0	0	0	55.944056	3.496503	0	0	0	0	0	0	0	0	0	0	0	13.986014	0	0	17.482517	0	0	10.48951	3.496503	17.482517	17.482517	59.440559	0	17.482517	0	13.986014	0	3.496503	0	3.496503	0	0	0	0	0	0	0	0	0	0	0	0	0	0	0	13.986014	115.384615	13.986014	62.937063	0	45.454545	6.993007	10.48951	6.993007	0	0	0	0	0	6.993007	0	6.993007	41.958042	10.48951	0	0	20.979021	0	0	10.48951	10.48951	0	0	0	0	0	0	0	0	0	0	17.482517	0	0	6.993007	0	0	0	0	0	0	0	0	0	0	0	0	0	0	0	0	0	0	0	3.496503	0	0	0	0	0	3.496503	20.979021	0	0	0	0	0	0	0	0	0	0	6.993007	0	0	0	0	0	0	0	0	0	0	0	0	0	0	0	0	0	0	0	0	0	0	0	6.993007	0	0	0	118.881119	34.965035	304.195804	108.391608	108.391608	27.972028	192.307692	83.916084	17.482517	20.979021	6.993007	0	0	0	24.475524	0	3.496503	0	48.951049	0
36704.txt	menores_notas	256	93.75	11.71875	74.21875	3.90625	7.8125	7.8125	3.90625	7.8125	0	0	0	3.90625	27.34375	0	0	0	23.4375	0	7.8125	3.90625	11.71875	0	3.90625	0	7.8125	3.90625	0	0	3.90625	23.4375	300.78125	140.625	140.625	15.625	11.71875	0	11.71875	50.78125	31.25	54.6875	31.25	7.8125	46.875	0	58.59375	15.625	31.25	19.53125	11.71875	7.8125	0	3.90625	39.0625	46.875	0	31.25	62.5	89.84375	27.34375	19.53125	0	3.90625	3.90625	0	19.53125	7.8125	0	3.90625	54.6875	7.8125	0	0	0	0	0	0	0	3.90625	0	0	0	66.40625	19.53125	0	0	0	0	0	0	0	0	0	0	0	0	0	0	15.625	7.8125	11.71875	23.4375	0	0	15.625	85.9375	3.90625	11.71875	0	7.8125	0	3.90625	3.90625	7.8125	3.90625	0	7.8125	3.90625	0	0	0	3.90625	0	0	0	0	0	0	0	11.71875	93.75	15.625	74.21875	0	50.78125	0	3.90625	15.625	0	0	0	0	0	0	7.8125	0	35.15625	11.71875	15.625	0	11.71875	3.90625	0	23.4375	0	0	0	0	0	23.4375	0	0	0	0	0	7.8125	3.90625	0	3.90625	0	0	0	0	0	0	0	0	0	0	0	0	3.90625	0	0	0	0	0	3.90625	3.90625	0	0	0	0	0	0	11.71875	0	0	3.90625	23.4375	0	0	0	0	0	0	0	0	0	0	0	0	0	0	0	0	0	0	0	0	0	0	0	0	0	0	0	0	0	0	0	0	0	0	179.6875	54.6875	320.3125	97.65625	117.1875	35.15625	183.59375	89.84375	23.4375	11.71875	0	0	0	3.90625	27.34375	3.90625	3.90625	0	39.0625	0
36721.txt	menores_notas	331	105.740181	0	81.570997	9.063444	9.063444	12.084592	6.042296	0	0	0	0	0	9.063444	0	6.042296	0	3.021148	0	9.063444	3.021148	18.126888	0	12.084592	0	12.084592	6.042296	0	0	6.042296	36.253776	259.818731	96.676737	99.697885	21.148036	9.063444	12.084592	0	63.444109	39.274924	33.232628	51.359517	33.232628	45.317221	0	48.338369	18.126888	60.422961	33.232628	12.084592	3.021148	0	6.042296	15.10574	93.655589	0	51.359517	90.634441	69.486405	42.296073	30.21148	0	0	0	3.021148	9.063444	12.084592	6.042296	0	54.380665	3.021148	6.042296	0	0	0	3.021148	3.021148	0	0	9.063444	0	3.021148	60.422961	9.063444	0	0	3.021148	3.021148	3.021148	0	0	12.084592	0	0	6.042296	0	0	0	0	0	9.063444	15.10574	3.021148	3.021148	6.042296	75.528701	0	0	0	3.021148	0	6.042296	0	3.021148	3.021148	0	0	0	0	0	0	3.021148	3.021148	0	0	0	0	0	0	0	96.676737	0	81.570997	6.042296	36.253776	0	3.021148	0	0	0	3.021148	0	0	9.063444	9.063444	3.021148	27.190332	6.042296	0	0	18.126888	9.063444	0	12.084592	3.021148	3.021148	0	0	0	3.021148	0	0	0	0	0	18.126888	0	0	3.021148	0	0	0	0	0	6.042296	0	3.021148	0	0	0	0	0	9.063444	0	0	3.021148	0	0	0	0	0	0	0	0	3.021148	12.084592	0	0	9.063444	0	0	0	0	0	0	0	6.042296	0	0	0	0	0	0	0	0	0	0	0	0	0	0	0	0	0	0	0	0	0	0	0	12.084592	0	0	0	105.740181	42.296073	317.220544	126.888218	114.803625	15.10574	178.247734	63.444109	0	18.126888	6.042296	0	0	9.063444	18.126888	9.063444	9.063444	0	27.190332	0
36727.txt	menores_notas	458	111.353712	4.366812	45.851528	4.366812	6.550218	15.283843	2.183406	0	0	0	0	0	13.100437	6.550218	2.183406	8.733624	8.733624	0	4.366812	6.550218	48.034934	2.183406	8.733624	4.366812	19.650655	6.550218	0	0	6.550218	17.467249	257.641921	96.069869	96.069869	43.668122	6.550218	2.183406	0	26.200873	0	24.017467	15.283843	6.550218	63.318777	0	13.100437	17.467249	17.467249	15.283843	4.366812	2.183406	0	6.550218	6.550218	24.017467	0	6.550218	19.650655	120.087336	48.034934	24.017467	4.366812	6.550218	0	2.183406	37.117904	4.366812	8.733624	4.366812	39.30131	13.100437	0	2.183406	0	0	2.183406	0	2.183406	2.183406	0	0	0	61.135371	15.283843	21.834061	0	0	8.733624	0	0	0	13.100437	2.183406	2.183406	0	8.733624	4.366812	0	32.751092	0	2.183406	41.484716	2.183406	10.917031	19.650655	100.436681	10.917031	21.834061	0	13.100437	0	6.550218	17.467249	0	6.550218	0	10.917031	8.733624	0	0	0	6.550218	0	0	0	0	0	2.183406	13.100437	13.100437	89.519651	6.550218	50.218341	4.366812	45.851528	6.550218	0	0	2.183406	0	0	0	4.366812	4.366812	8.733624	2.183406	39.30131	10.917031	8.733624	0	48.034934	8.733624	2.183406	41.484716	10.917031	0	0	6.550218	0	6.550218	0	0	0	0	0	30.567686	10.917031	6.550218	0	0	0	2.183406	0	0	4.366812	2.183406	0	0	0	0	0	4.366812	4.366812	0	0	2.183406	0	0	4.366812	0	2.183406	0	0	0	0	30.567686	0	0	6.550218	6.550218	0	0	0	0	0	0	8.733624	0	0	0	0	0	0	0	0	0	0	0	0	0	0	0	0	0	0	0	0	0	2.183406	0	6.550218	0	0	0	161.572052	30.567686	275.10917	48.034934	168.122271	56.768559	146.28821	74.235808	32.751092	48.034934	8.733624	0	2.183406	8.733624	52.401747	8.733624	4.366812	10.917031	72.052402	13.100437
36742.txt	menores_notas	255	90.196078	11.764706	58.823529	15.686275	0	15.686275	0	0	0	0	0	3.921569	23.529412	3.921569	0	3.921569	27.45098	0	7.843137	15.686275	39.215686	0	23.529412	15.686275	19.607843	11.764706	0	0	3.921569	3.921569	235.294118	145.098039	66.666667	23.529412	15.686275	31.372549	31.372549	78.431373	0	54.901961	27.45098	3.921569	50.980392	0	23.529412	3.921569	19.607843	19.607843	7.843137	3.921569	0	7.843137	15.686275	27.45098	0	0	19.607843	90.196078	47.058824	7.843137	0	11.764706	0	3.921569	7.843137	3.921569	3.921569	15.686275	35.294118	15.686275	0	0	0	0	0	0	3.921569	7.843137	0	3.921569	0	78.431373	0	3.921569	0	3.921569	0	7.843137	0	0	7.843137	0	0	15.686275	19.607843	0	0	0	7.843137	7.843137	19.607843	0	27.45098	23.529412	94.117647	0	0	0	0	0	0	11.764706	7.843137	11.764706	0	15.686275	7.843137	0	0	0	11.764706	0	0	0	0	0	3.921569	11.764706	7.843137	105.882353	15.686275	62.745098	3.921569	31.372549	0	0	0	0	0	7.843137	0	3.921569	0	3.921569	0	23.529412	7.843137	0	0	27.45098	3.921569	0	19.607843	19.607843	0	0	11.764706	0	23.529412	0	0	0	0	0	19.607843	0	7.843137	3.921569	0	0	0	0	0	0	0	0	0	0	0	0	3.921569	0	0	0	0	0	0	19.607843	0	0	0	0	0	0	0	0	0	23.529412	3.921569	0	0	0	0	0	0	0	0	0	0	0	0	0	0	0	0	0	0	0	0	0	0	0	0	0	0	0	0	0	0	19.607843	3.921569	0	0	101.960784	98.039216	286.27451	47.058824	164.705882	47.058824	184.313725	43.137255	7.843137	27.45098	0	0	0	3.921569	19.607843	0	15.686275	7.843137	70.588235	3.921569
36797.txt	menores_notas	196	112.244898	15.306122	20.408163	5.102041	15.306122	10.204082	0	5.102041	0	0	0	20.408163	20.408163	0	10.204082	0	10.204082	0	0	5.102041	10.204082	10.204082	10.204082	0	10.204082	20.408163	0	5.102041	15.306122	15.306122	193.877551	45.918367	127.55102	20.408163	0	10.204082	0	15.306122	0	10.204082	10.204082	0	56.122449	0	25.510204	30.612245	5.102041	25.510204	0	10.204082	0	0	0	35.714286	0	0	20.408163	122.44898	51.020408	45.918367	20.408163	10.204082	10.204082	5.102041	0	5.102041	20.408163	10.204082	40.816327	5.102041	0	10.204082	10.204082	5.102041	0	0	10.204082	0	0	10.204082	0	35.714286	45.918367	30.612245	0	0	0	15.306122	0	0	5.102041	10.204082	0	0	10.204082	10.204082	0	5.102041	0	5.102041	40.816327	0	10.204082	15.306122	127.55102	0	5.102041	0	10.204082	10.204082	15.306122	15.306122	5.102041	0	0	10.204082	15.306122	0	0	0	0	0	0	0	0	0	5.102041	20.408163	20.408163	91.836735	5.102041	20.408163	20.408163	56.122449	0	5.102041	0	5.102041	5.102041	0	0	0	20.408163	20.408163	5.102041	30.612245	25.510204	0	0	10.204082	20.408163	10.204082	35.714286	10.204082	0	5.102041	45.918367	0	0	0	0	0	0	0	0	5.102041	5.102041	0	0	5.102041	5.102041	0	0	0	0	5.102041	0	0	0	0	10.204082	10.204082	0	0	0	0	0	10.204082	0	0	0	0	0	0	15.306122	0	0	10.204082	5.102041	0	0	0	0	0	0	10.204082	0	0	0	0	0	0	0	0	20.408163	0	0	5.102041	0	5.102041	0	0	0	0	0	0	0	0	0	5.102041	5.102041	0	0	147.959184	66.326531	209.183673	66.326531	193.877551	81.632653	117.346939	117.346939	5.102041	10.204082	10.204082	25.510204	5.102041	20.408163	40.816327	20.408163	10.204082	20.408163	66.326531	76.530612
36827.txt	menores_notas	257	101.167315	7.782101	97.276265	0	0	3.891051	3.891051	7.782101	0	0	0	0	11.673152	0	0	0	7.782101	0	0	0	23.346304	0	0	0	3.891051	0	0	0	0	7.782101	299.610895	151.750973	93.385214	19.455253	7.782101	11.673152	3.891051	85.603113	15.564202	93.385214	50.583658	11.673152	19.455253	7.782101	38.910506	7.782101	77.821012	38.910506	7.782101	15.564202	3.891051	11.673152	15.564202	120.622568	0	66.14786	112.840467	81.712062	19.455253	11.673152	0	0	0	0	50.583658	0	3.891051	3.891051	42.801556	19.455253	0	0	0	0	0	0	3.891051	0	0	3.891051	0	15.564202	19.455253	0	0	0	0	3.891051	0	0	3.891051	0	0	0	3.891051	0	0	7.782101	3.891051	3.891051	7.782101	0	19.455253	31.128405	38.910506	0	11.673152	0	7.782101	0	11.673152	0	0	0	0	0	0	0	0	0	0	0	0	0	0	0	0	0	3.891051	81.712062	27.237354	97.276265	0	50.583658	0	0	0	0	0	0	0	0	11.673152	0	15.564202	35.019455	15.564202	0	0	23.346304	0	0	7.782101	15.564202	0	0	3.891051	0	15.564202	0	0	0	0	0	23.346304	0	0	15.564202	0	0	0	0	0	0	0	0	0	0	0	0	0	0	0	0	0	0	0	0	0	0	0	0	0	0	7.782101	0	0	3.891051	7.782101	0	0	0	0	0	0	15.564202	0	0	0	0	0	0	0	0	0	0	0	0	0	0	0	0	0	0	0	0	0	0	0	0	0	0	0	206.225681	35.019455	307.392996	143.968872	105.058366	19.455253	206.225681	77.821012	15.564202	23.346304	15.564202	0	0	0	7.782101	0	3.891051	0	58.365759	3.891051
36856.txt	menores_notas	269	81.784387	7.434944	74.349442	14.869888	11.152416	22.304833	7.434944	0	0	0	0	3.717472	3.717472	3.717472	0	0	3.717472	0	0	7.434944	29.739777	0	7.434944	7.434944	26.022305	3.717472	0	0	3.717472	29.739777	267.657993	81.784387	115.241636	11.152416	3.717472	14.869888	0	37.174721	11.152416	26.022305	111.524164	22.304833	52.04461	0	33.457249	7.434944	14.869888	14.869888	7.434944	7.434944	0	3.717472	3.717472	37.174721	11.152416	11.152416	29.739777	107.806691	37.174721	22.304833	7.434944	0	3.717472	14.869888	7.434944	3.717472	3.717472	11.152416	59.479554	22.304833	3.717472	0	3.717472	7.434944	0	0	3.717472	7.434944	3.717472	3.717472	0	55.762082	14.869888	0	0	3.717472	3.717472	7.434944	0	0	3.717472	0	3.717472	0	14.869888	3.717472	0	0	0	0	40.892193	3.717472	26.022305	0	85.501859	0	0	0	18.587361	0	22.304833	3.717472	3.717472	7.434944	0	11.152416	3.717472	0	0	0	7.434944	0	0	0	0	0	7.434944	14.869888	0	111.524164	0	78.066914	0	14.869888	0	0	7.434944	7.434944	0	7.434944	0	0	0	3.717472	0	11.152416	3.717472	3.717472	0	29.739777	3.717472	0	40.892193	22.304833	0	0	11.152416	0	0	0	0	0	0	0	18.587361	3.717472	7.434944	0	0	0	0	0	0	0	0	0	0	0	0	0	3.717472	0	0	0	0	0	0	14.869888	0	0	0	0	0	0	18.587361	0	0	3.717472	0	0	0	0	0	0	0	3.717472	0	0	0	0	0	0	0	0	0	0	0	0	0	0	0	0	0	0	0	0	0	0	0	3.717472	0	0	0	163.568773	52.04461	297.39777	48.327138	156.133829	70.63197	189.591078	44.609665	0	29.739777	3.717472	0	0	3.717472	40.892193	0	11.152416	11.152416	29.739777	14.869888
36867.txt	menores_notas	195	102.564103	0	66.666667	5.128205	10.25641	20.512821	0	15.384615	0	0	0	5.128205	15.384615	0	10.25641	0	5.128205	0	15.384615	5.128205	5.128205	0	5.128205	5.128205	20.512821	5.128205	0	0	5.128205	5.128205	266.666667	112.820513	138.461538	35.897436	0	10.25641	5.128205	66.666667	5.128205	61.538462	41.025641	15.384615	41.025641	15.384615	25.641026	5.128205	25.641026	5.128205	10.25641	0	0	0	10.25641	35.897436	0	20.512821	35.897436	107.692308	41.025641	15.384615	25.641026	5.128205	0	0	46.153846	25.641026	0	30.769231	71.794872	15.384615	0	0	15.384615	5.128205	0	5.128205	15.384615	15.384615	0	5.128205	0	51.282051	10.25641	0	0	0	0	20.512821	0	0	0	0	0	0	0	0	0	0	0	25.641026	61.538462	10.25641	30.769231	10.25641	82.051282	0	0	0	15.384615	0	20.512821	15.384615	0	20.512821	0	5.128205	15.384615	0	0	0	20.512821	0	0	0	0	0	0	10.25641	5.128205	102.564103	10.25641	66.666667	5.128205	35.897436	0	0	10.25641	0	0	0	0	0	0	15.384615	10.25641	20.512821	15.384615	0	0	5.128205	15.384615	10.25641	61.538462	30.769231	5.128205	0	20.512821	0	0	0	0	0	0	0	0	0	0	5.128205	0	10.25641	0	0	0	0	0	0	0	0	0	0	15.384615	0	0	0	0	0	0	35.897436	0	0	0	0	0	5.128205	35.897436	0	0	10.25641	5.128205	0	0	0	0	0	0	15.384615	0	0	0	0	0	0	0	0	0	0	0	0	0	0	0	0	0	0	0	0	0	10.25641	0	0	0	0	0	169.230769	46.153846	271.794872	51.282051	179.487179	76.923077	179.487179	56.410256	0	5.128205	15.384615	0	10.25641	15.384615	61.538462	20.512821	30.769231	15.384615	102.564103	25.641026
36872.txt	menores_notas	172	81.395349	0	58.139535	11.627907	11.627907	17.44186	5.813953	0	0	0	0	0	0	11.627907	0	5.813953	5.813953	0	11.627907	5.813953	63.953488	0	5.813953	17.44186	17.44186	17.44186	0	0	17.44186	11.627907	261.627907	52.325581	174.418605	5.813953	0	5.813953	0	40.697674	29.069767	34.883721	46.511628	0	29.069767	0	23.255814	0	23.255814	11.627907	5.813953	5.813953	0	0	5.813953	40.697674	0	5.813953	34.883721	162.790698	23.255814	5.813953	0	11.627907	0	11.627907	17.44186	0	0	17.44186	81.395349	11.627907	0	5.813953	0	0	0	0	5.813953	0	11.627907	0	0	116.27907	0	0	0	11.627907	0	0	0	0	0	0	0	0	23.255814	0	0	11.627907	0	0	29.069767	0	29.069767	5.813953	127.906977	0	11.627907	0	5.813953	0	5.813953	0	11.627907	5.813953	0	11.627907	0	5.813953	0	0	5.813953	0	0	0	0	0	5.813953	0	0	104.651163	23.255814	63.953488	5.813953	17.44186	0	5.813953	0	5.813953	0	0	0	0	5.813953	0	5.813953	5.813953	11.627907	0	0	63.953488	0	5.813953	17.44186	11.627907	0	5.813953	63.953488	0	0	0	0	0	0	0	40.697674	0	17.44186	0	0	0	0	0	0	0	0	0	0	0	0	0	0	0	0	0	0	0	0	5.813953	0	0	0	0	0	0	23.255814	0	0	0	0	0	0	0	0	0	0	5.813953	0	0	0	0	0	0	0	0	0	0	0	0	0	0	0	0	0	0	0	0	0	0	0	23.255814	0	0	0	81.395349	104.651163	279.069767	46.511628	191.860465	40.697674	186.046512	40.697674	11.627907	63.953488	5.813953	0	0	0	29.069767	0	17.44186	11.627907	63.953488	93.023256
36973.txt	menores_notas	257	116.731518	31.128405	93.385214	7.782101	0	3.891051	0	0	0	0	0	0	0	3.891051	0	3.891051	3.891051	0	0	3.891051	19.455253	0	3.891051	3.891051	7.782101	0	0	0	0	7.782101	319.066148	159.533074	81.712062	35.019455	7.782101	3.891051	19.455253	73.929961	11.673152	58.365759	46.692607	15.564202	46.692607	3.891051	54.474708	3.891051	31.128405	31.128405	11.673152	0	0	0	27.237354	50.583658	0	19.455253	31.128405	120.622568	19.455253	11.673152	3.891051	0	0	7.782101	27.237354	3.891051	0	3.891051	50.583658	15.564202	3.891051	0	3.891051	0	0	0	0	0	3.891051	0	0	23.346304	31.128405	7.782101	0	0	0	0	0	0	15.564202	0	0	0	0	0	0	11.673152	0	3.891051	11.673152	0	3.891051	50.583658	62.256809	15.564202	11.673152	0	3.891051	0	0	0	3.891051	7.782101	0	0	0	0	0	0	7.782101	0	0	0	0	0	0	0	3.891051	116.731518	0	101.167315	0	23.346304	0	7.782101	0	0	0	0	0	0	0	0	0	19.455253	7.782101	0	0	23.346304	0	0	11.673152	3.891051	3.891051	0	7.782101	0	0	0	0	0	0	0	11.673152	0	3.891051	38.910506	0	0	0	0	0	0	0	0	0	0	0	0	0	0	0	0	0	0	0	0	0	0	0	0	0	3.891051	7.782101	0	0	0	0	0	0	0	0	0	0	0	0	0	0	0	0	0	0	0	0	0	0	0	0	0	0	0	0	0	0	0	0	0	0	23.346304	3.891051	0	0	241.245136	31.128405	326.848249	81.712062	140.077821	15.564202	217.898833	31.128405	27.237354	23.346304	0	0	0	0	15.564202	0	3.891051	0	66.14786	35.019455
37010.txt	menores_notas	263	83.65019	7.604563	98.859316	3.802281	3.802281	0	0	0	0	0	0	0	11.406844	3.802281	11.406844	3.802281	11.406844	0	19.011407	3.802281	15.209125	0	11.406844	0	3.802281	7.604563	0	0	0	41.825095	281.368821	79.847909	79.847909	11.406844	3.802281	19.011407	3.802281	57.034221	3.802281	45.627376	57.034221	19.011407	41.825095	7.604563	41.825095	34.220532	34.220532	22.813688	11.406844	3.802281	0	7.604563	15.209125	64.638783	3.802281	22.813688	38.022814	87.452471	22.813688	26.61597	0	7.604563	3.802281	0	22.813688	0	0	11.406844	26.61597	3.802281	15.209125	7.604563	0	0	0	0	11.406844	0	0	3.802281	0	60.836502	0	0	0	3.802281	0	0	0	0	0	0	0	0	3.802281	0	0	11.406844	0	0	26.61597	0	30.418251	22.813688	64.638783	0	11.406844	0	0	0	7.604563	0	3.802281	3.802281	0	7.604563	3.802281	0	0	0	3.802281	0	0	0	0	0	0	0	0	102.661597	3.802281	98.859316	7.604563	34.220532	0	7.604563	7.604563	3.802281	0	0	0	0	0	0	3.802281	26.61597	11.406844	3.802281	0	15.209125	0	0	26.61597	30.418251	11.406844	0	3.802281	0	7.604563	0	0	3.802281	0	0	11.406844	3.802281	0	7.604563	0	0	0	0	0	0	0	0	0	0	0	0	0	0	0	0	0	0	0	11.406844	0	7.604563	0	0	0	0	15.209125	0	0	3.802281	15.209125	0	0	0	0	0	0	3.802281	0	0	0	0	0	0	0	0	0	0	0	0	0	0	0	0	3.802281	0	0	0	0	3.802281	0	22.813688	11.406844	0	0	91.254753	45.627376	323.193916	114.068441	136.882129	19.011407	205.323194	57.034221	11.406844	15.209125	3.802281	0	3.802281	0	30.418251	0	11.406844	3.802281	79.847909	7.604563
37034.txt	menores_notas	226	101.769912	8.849558	39.823009	17.699115	13.274336	13.274336	17.699115	4.424779	0	0	0	4.424779	4.424779	8.849558	8.849558	0	4.424779	0	4.424779	0	30.973451	0	4.424779	0	8.849558	8.849558	0	0	8.849558	26.548673	234.513274	101.769912	92.920354	35.39823	17.699115	8.849558	4.424779	30.973451	13.274336	17.699115	26.548673	0	57.522124	13.274336	13.274336	4.424779	26.548673	17.699115	0	17.699115	0	0	8.849558	48.672566	0	8.849558	44.247788	128.318584	39.823009	13.274336	4.424779	13.274336	0	22.123894	26.548673	4.424779	8.849558	8.849558	66.371681	13.274336	0	22.123894	4.424779	0	4.424779	0	0	4.424779	0	4.424779	0	92.920354	4.424779	0	0	0	22.123894	0	4.424779	0	13.274336	0	0	0	0	4.424779	0	4.424779	0	0	61.946903	0	0	4.424779	97.345133	8.849558	0	4.424779	13.274336	0	8.849558	26.548673	0	8.849558	0	8.849558	22.123894	4.424779	0	0	8.849558	0	0	0	0	0	0	22.123894	8.849558	84.070796	4.424779	39.823009	4.424779	30.973451	0	0	17.699115	0	0	0	4.424779	4.424779	17.699115	4.424779	4.424779	8.849558	17.699115	8.849558	0	30.973451	4.424779	0	39.823009	0	0	0	22.123894	4.424779	0	0	0	8.849558	0	0	22.123894	8.849558	0	0	0	0	4.424779	0	0	0	0	0	0	0	0	0	4.424779	0	0	0	4.424779	4.424779	0	8.849558	0	0	0	0	0	13.274336	17.699115	0	0	4.424779	0	0	0	8.849558	0	0	0	8.849558	0	0	0	0	0	0	0	0	0	0	0	0	0	0	0	0	0	0	0	0	0	0	0	13.274336	4.424779	0	0	150.442478	61.946903	261.061947	61.946903	181.415929	75.221239	123.893805	92.920354	8.849558	30.973451	8.849558	0	0	4.424779	39.823009	4.424779	8.849558	30.973451	66.371681	48.672566
37043.txt	menores_notas	250	144	12	32	0	12	12	0	4	0	0	0	16	20	4	8	4	12	0	8	8	20	4	16	0	12	16	4	0	12	52	200	88	144	52	0	4	0	28	0	16	12	0	64	0	16	8	8	20	4	0	0	0	8	16	0	4	8	136	32	20	28	0	4	12	32	4	8	4	56	28	4	4	4	12	4	0	0	0	4	0	0	36	56	24	4	0	8	0	0	0	0	0	0	0	8	4	0	8	0	4	44	8	12	12	124	0	8	0	24	0	4	16	4	16	0	4	12	0	0	0	16	0	0	0	0	0	4	4	0	80	8	32	0	32	0	4	4	0	0	0	0	0	4	0	12	20	12	4	0	20	0	0	44	12	0	0	20	0	0	0	0	0	4	0	16	4	0	4	0	0	0	0	0	0	0	0	0	0	0	0	0	0	0	0	0	0	0	4	0	0	0	0	0	0	24	0	0	20	0	0	0	0	0	0	0	12	0	0	0	0	0	4	0	0	8	0	0	0	0	0	0	0	0	0	0	0	0	0	0	0	0	0	0	188	84	272	36	188	68	120	60	8	20	12	12	0	0	44	0	4	16	68	12
37063.txt	menores_notas	260	100	0	80.769231	11.538462	19.230769	0	0	0	0	0	0	11.538462	19.230769	0	7.692308	0	11.538462	0	3.846154	3.846154	30.769231	0	11.538462	0	3.846154	11.538462	7.692308	0	3.846154	7.692308	276.923077	96.153846	126.923077	26.923077	3.846154	3.846154	0	26.923077	0	42.307692	19.230769	7.692308	34.615385	0	23.076923	15.384615	26.923077	23.076923	3.846154	0	0	0	7.692308	42.307692	0	3.846154	34.615385	123.076923	30.769231	23.076923	3.846154	11.538462	7.692308	7.692308	34.615385	0	3.846154	3.846154	88.461538	3.846154	0	11.538462	3.846154	0	3.846154	0	3.846154	0	0	3.846154	0	76.923077	11.538462	0	0	0	0	0	0	0	3.846154	0	0	0	7.692308	0	0	7.692308	0	0	46.153846	3.846154	11.538462	11.538462	88.461538	0	0	0	3.846154	0	3.846154	0	7.692308	7.692308	0	0	0	0	0	0	7.692308	0	0	0	0	0	0	3.846154	0	100	7.692308	80.769231	0	46.153846	0	15.384615	0	0	7.692308	0	3.846154	0	0	3.846154	3.846154	38.461538	7.692308	0	0	30.769231	3.846154	0	46.153846	11.538462	11.538462	3.846154	19.230769	0	0	0	0	0	0	0	19.230769	11.538462	0	11.538462	0	0	0	0	0	0	0	0	0	0	0	0	3.846154	0	0	0	0	0	0	3.846154	0	0	0	0	0	7.692308	38.461538	0	0	15.384615	3.846154	0	0	0	0	0	0	7.692308	0	0	0	0	0	0	0	0	0	0	0	0	0	0	0	0	0	0	0	0	0	0	0	15.384615	0	0	0	176.923077	76.923077	284.615385	65.384615	146.153846	26.923077	184.615385	80.769231	7.692308	30.769231	7.692308	0	0	3.846154	50	3.846154	3.846154	0	73.076923	23.076923
37078.txt	menores_notas	237	80.168776	16.877637	101.265823	8.438819	12.658228	12.658228	4.219409	4.219409	0	0	0	4.219409	29.535865	0	0	4.219409	16.877637	0	8.438819	0	33.755274	0	4.219409	16.877637	12.658228	8.438819	0	0	8.438819	4.219409	295.35865	126.582278	84.388186	25.316456	16.877637	4.219409	12.658228	25.316456	4.219409	33.755274	4.219409	21.097046	59.07173	4.219409	46.413502	4.219409	33.755274	29.535865	4.219409	4.219409	0	8.438819	8.438819	63.291139	0	16.877637	37.974684	101.265823	25.316456	4.219409	12.658228	4.219409	4.219409	0	12.658228	0	4.219409	12.658228	33.755274	4.219409	0	4.219409	12.658228	0	0	0	8.438819	4.219409	0	4.219409	0	63.291139	4.219409	0	0	0	0	0	0	0	4.219409	0	0	4.219409	0	0	0	4.219409	4.219409	4.219409	29.535865	0	21.097046	25.316456	63.291139	0	4.219409	0	8.438819	0	8.438819	8.438819	0	0	0	12.658228	4.219409	0	0	0	0	0	0	0	0	0	0	4.219409	12.658228	71.729958	16.877637	109.704641	4.219409	37.974684	0	4.219409	4.219409	4.219409	0	0	0	0	4.219409	4.219409	0	33.755274	4.219409	0	0	33.755274	4.219409	0	29.535865	16.877637	4.219409	0	4.219409	0	25.316456	0	0	0	0	0	4.219409	4.219409	25.316456	8.438819	0	4.219409	0	0	0	0	0	0	0	0	0	0	4.219409	0	0	0	0	0	0	12.658228	0	0	0	0	0	8.438819	12.658228	0	4.219409	25.316456	4.219409	0	0	0	0	0	0	8.438819	0	0	0	0	0	0	0	0	0	0	0	0	0	0	0	0	0	0	0	0	0	0	0	0	4.219409	0	0	198.312236	67.510549	299.578059	75.949367	143.459916	50.632911	189.873418	59.07173	8.438819	33.755274	8.438819	0	0	4.219409	29.535865	4.219409	12.658228	8.438819	75.949367	12.658228
37094.txt	menores_notas	182	49.450549	10.989011	60.43956	10.989011	16.483516	16.483516	5.494505	0	0	0	5.494505	10.989011	21.978022	0	5.494505	0	16.483516	0	5.494505	16.483516	27.472527	5.494505	16.483516	0	32.967033	10.989011	10.989011	0	0	0	252.747253	142.857143	60.43956	43.956044	0	0	5.494505	21.978022	0	21.978022	27.472527	0	38.461538	5.494505	54.945055	16.483516	38.461538	32.967033	0	0	0	5.494505	16.483516	54.945055	5.494505	16.483516	43.956044	126.373626	32.967033	32.967033	0	16.483516	5.494505	0	21.978022	21.978022	10.989011	21.978022	54.945055	16.483516	0	10.989011	5.494505	0	0	0	5.494505	10.989011	0	10.989011	0	71.428571	10.989011	0	0	10.989011	0	0	0	0	10.989011	0	5.494505	0	32.967033	0	0	0	0	0	49.450549	10.989011	27.472527	5.494505	98.901099	0	0	0	0	0	5.494505	0	0	16.483516	0	10.989011	0	5.494505	0	0	16.483516	0	0	0	0	0	10.989011	0	5.494505	65.934066	10.989011	65.934066	0	43.956044	5.494505	5.494505	5.494505	5.494505	0	0	0	10.989011	5.494505	10.989011	5.494505	21.978022	16.483516	0	0	27.472527	10.989011	0	54.945055	27.472527	0	0	43.956044	0	5.494505	0	0	5.494505	5.494505	5.494505	21.978022	0	0	0	0	0	10.989011	0	0	0	0	0	0	0	0	0	10.989011	0	0	0	0	5.494505	0	32.967033	0	0	0	0	0	0	5.494505	0	0	21.978022	0	0	0	0	0	0	0	10.989011	0	0	0	0	0	0	0	0	0	0	0	0	0	0	0	0	0	0	0	0	0	0	0	10.989011	0	0	0	60.43956	93.406593	252.747253	87.912088	192.307692	49.450549	131.868132	93.406593	0	27.472527	10.989011	0	0	10.989011	60.43956	10.989011	21.978022	5.494505	93.406593	60.43956
37099.txt	menores_notas	195	76.923077	20.512821	87.179487	30.769231	0	20.512821	15.384615	0	0	0	0	5.128205	5.128205	0	0	0	5.128205	0	5.128205	15.384615	20.512821	0	0	0	35.897436	10.25641	0	0	10.25641	5.128205	271.794872	87.179487	82.051282	30.769231	5.128205	10.25641	0	71.794872	10.25641	46.153846	30.769231	10.25641	41.025641	5.128205	10.25641	30.769231	35.897436	10.25641	10.25641	5.128205	0	0	5.128205	35.897436	0	30.769231	56.410256	123.076923	20.512821	15.384615	5.128205	0	0	10.25641	25.641026	0	10.25641	5.128205	46.153846	20.512821	0	0	0	0	5.128205	0	0	5.128205	0	0	0	41.025641	35.897436	0	0	0	0	5.128205	0	0	0	0	0	10.25641	0	0	0	0	0	0	15.384615	10.25641	25.641026	25.641026	82.051282	0	0	0	5.128205	5.128205	15.384615	5.128205	0	5.128205	0	0	0	0	0	0	5.128205	0	0	0	0	0	0	5.128205	15.384615	92.307692	0	102.564103	5.128205	35.897436	0	30.769231	10.25641	0	0	0	0	10.25641	0	5.128205	5.128205	25.641026	10.25641	0	0	20.512821	5.128205	0	25.641026	20.512821	0	10.25641	5.128205	0	0	0	0	0	0	0	20.512821	0	0	15.384615	0	5.128205	0	0	0	0	0	0	0	0	0	0	5.128205	0	0	0	0	0	0	5.128205	0	5.128205	0	0	0	0	10.25641	0	0	5.128205	0	0	0	0	0	0	0	25.641026	0	0	0	0	0	0	0	0	0	0	0	0	0	0	0	0	0	0	0	0	0	0	0	10.25641	0	0	0	184.615385	71.794872	276.923077	71.794872	153.846154	46.153846	194.871795	97.435897	0	20.512821	25.641026	0	0	5.128205	30.769231	10.25641	5.128205	0	76.923077	20.512821
37158.txt	menores_notas	245	73.469388	8.163265	81.632653	20.408163	8.163265	0	0	0	0	0	0	0	4.081633	0	4.081633	0	0	0	4.081633	4.081633	8.163265	0	0	0	4.081633	0	0	0	0	8.163265	269.387755	175.510204	134.693878	16.326531	4.081633	0	0	106.122449	4.081633	85.714286	40.816327	16.326531	24.489796	0	61.22449	0	48.979592	28.571429	8.163265	8.163265	0	4.081633	24.489796	77.55102	0	16.326531	69.387755	61.22449	20.408163	4.081633	4.081633	0	0	8.163265	4.081633	8.163265	0	8.163265	40.816327	4.081633	0	0	4.081633	0	0	0	8.163265	0	0	0	0	20.408163	4.081633	0	0	0	0	4.081633	0	0	4.081633	0	0	0	4.081633	0	0	8.163265	0	8.163265	16.326531	0	44.897959	16.326531	28.571429	0	8.163265	0	0	0	4.081633	0	0	0	0	0	0	0	0	0	0	0	0	0	0	0	0	0	0	102.040816	32.653061	89.795918	4.081633	57.142857	4.081633	4.081633	0	0	0	0	0	0	24.489796	0	0	53.061224	12.244898	0	0	8.163265	0	0	16.326531	44.897959	8.163265	0	12.244898	0	0	0	0	0	0	0	0	4.081633	0	8.163265	0	0	0	0	0	0	0	0	0	0	0	0	0	0	0	0	0	0	4.081633	8.163265	0	0	0	0	0	0	4.081633	0	0	0	4.081633	0	0	0	0	0	0	0	0	0	0	0	0	0	0	0	0	0	0	0	0	0	0	0	0	0	0	0	0	0	0	8.163265	0	0	0	163.265306	24.489796	355.102041	102.040816	93.877551	4.081633	220.408163	89.795918	8.163265	8.163265	0	0	0	0	16.326531	0	8.163265	0	77.55102	24.489796
37212.txt	menores_notas	276	83.333333	25.362319	43.478261	7.246377	43.478261	21.73913	0	0	0	0	0	10.869565	10.869565	10.869565	0	7.246377	7.246377	0	10.869565	14.492754	10.869565	7.246377	10.869565	0	32.608696	32.608696	7.246377	0	14.492754	18.115942	239.130435	90.57971	61.594203	47.101449	3.623188	3.623188	32.608696	36.231884	3.623188	43.478261	47.101449	3.623188	76.086957	0	36.231884	28.985507	3.623188	50.724638	0	7.246377	0	3.623188	10.869565	28.985507	3.623188	0	14.492754	112.318841	65.217391	50.724638	39.855072	3.623188	3.623188	10.869565	7.246377	0	14.492754	3.623188	25.362319	3.623188	0	3.623188	25.362319	3.623188	3.623188	0	0	0	3.623188	0	0	47.101449	54.347826	21.73913	0	0	0	7.246377	7.246377	0	0	0	0	0	7.246377	10.869565	0	14.492754	0	0	10.869565	3.623188	18.115942	28.985507	130.434783	3.623188	10.869565	0	18.115942	10.869565	7.246377	18.115942	0	3.623188	0	7.246377	18.115942	0	0	0	3.623188	0	3.623188	0	3.623188	0	0	14.492754	3.623188	83.333333	10.869565	54.347826	0	28.985507	0	7.246377	10.869565	0	0	0	0	0	0	3.623188	3.623188	21.73913	10.869565	0	0	7.246377	3.623188	0	14.492754	18.115942	7.246377	0	14.492754	0	7.246377	0	0	0	3.623188	0	3.623188	0	0	7.246377	0	3.623188	0	0	0	0	0	0	0	0	0	0	3.623188	0	0	0	3.623188	0	0	0	0	0	0	0	0	0	7.246377	0	0	10.869565	0	0	0	0	0	0	0	10.869565	0	0	0	0	0	7.246377	0	0	0	0	0	0	0	0	0	0	0	0	0	0	0	0	0	18.115942	0	0	0	152.173913	76.086957	253.623188	72.463768	188.405797	50.724638	137.681159	54.347826	14.492754	7.246377	10.869565	7.246377	0	3.623188	14.492754	3.623188	3.623188	21.73913	61.594203	0
37224.txt	menores_notas	270	66.666667	11.111111	85.185185	0	18.518519	11.111111	0	0	0	0	0	0	7.407407	14.814815	0	14.814815	7.407407	0	0	0	37.037037	0	3.703704	0	7.407407	0	0	0	0	3.703704	285.185185	155.555556	74.074074	7.407407	7.407407	14.814815	11.111111	92.592593	11.111111	55.555556	18.518519	7.407407	44.444444	0	29.62963	14.814815	44.444444	25.925926	14.814815	0	0	3.703704	18.518519	55.555556	0	18.518519	51.851852	70.37037	33.333333	18.518519	0	3.703704	3.703704	7.407407	7.407407	11.111111	18.518519	14.814815	14.814815	7.407407	0	0	0	0	0	0	7.407407	3.703704	3.703704	7.407407	0	85.185185	0	0	0	0	0	0	0	0	11.111111	0	0	0	0	0	0	11.111111	3.703704	3.703704	11.111111	0	33.333333	18.518519	85.185185	7.407407	14.814815	0	3.703704	0	7.407407	3.703704	11.111111	3.703704	0	0	3.703704	0	0	0	3.703704	0	0	0	0	0	0	7.407407	0	92.592593	25.925926	85.185185	11.111111	14.814815	7.407407	7.407407	11.111111	0	0	0	0	7.407407	0	11.111111	11.111111	18.518519	0	3.703704	0	37.037037	7.407407	0	7.407407	33.333333	0	0	7.407407	0	3.703704	0	0	0	0	0	37.037037	0	0	3.703704	0	0	0	0	0	7.407407	0	0	0	0	0	0	0	7.407407	0	0	0	0	0	7.407407	0	0	0	0	0	0	3.703704	0	0	11.111111	0	0	0	0	0	0	7.407407	11.111111	0	0	0	0	0	0	0	0	0	7.407407	0	0	0	0	0	0	0	0	0	0	0	0	0	3.703704	11.111111	0	0	77.777778	25.925926	288.888889	88.888889	151.851852	37.037037	192.592593	74.074074	25.925926	37.037037	18.518519	7.407407	0	7.407407	11.111111	7.407407	14.814815	3.703704	62.962963	25.925926
37260.txt	menores_notas	228	48.245614	8.77193	21.929825	13.157895	39.473684	4.385965	4.385965	0	0	0	17.54386	17.54386	17.54386	13.157895	0	17.54386	13.157895	0	17.54386	35.087719	26.315789	13.157895	35.087719	0	39.473684	21.929825	13.157895	4.385965	0	0	201.754386	57.017544	96.491228	30.701754	4.385965	13.157895	4.385965	8.77193	4.385965	8.77193	13.157895	0	57.017544	0	13.157895	13.157895	13.157895	26.315789	8.77193	0	0	0	8.77193	17.54386	4.385965	0	13.157895	149.122807	74.561404	48.245614	0	8.77193	0	13.157895	17.54386	8.77193	0	17.54386	61.403509	8.77193	13.157895	21.929825	0	0	4.385965	0	8.77193	8.77193	0	8.77193	0	118.421053	4.385965	0	0	4.385965	8.77193	13.157895	0	0	0	0	0	0	13.157895	0	0	0	0	8.77193	39.473684	4.385965	43.859649	0	140.350877	0	0	0	17.54386	0	0	17.54386	0	30.701754	0	8.77193	13.157895	0	0	0	26.315789	4.385965	0	0	0	4.385965	4.385965	4.385965	0	61.403509	4.385965	30.701754	0	39.473684	0	8.77193	8.77193	8.77193	0	0	0	0	0	13.157895	13.157895	21.929825	26.315789	0	0	26.315789	13.157895	0	35.087719	43.859649	0	0	4.385965	0	13.157895	0	0	0	30.701754	0	13.157895	13.157895	0	0	0	0	4.385965	0	0	4.385965	0	0	0	0	0	0	13.157895	0	0	0	4.385965	0	4.385965	13.157895	0	0	0	0	0	0	4.385965	0	0	17.54386	0	0	0	0	0	8.77193	0	13.157895	0	0	0	0	0	0	0	0	0	0	0	0	0	0	0	0	0	0	0	0	0	0	0	21.929825	0	0	0	78.947368	144.736842	201.754386	43.859649	223.684211	78.947368	96.491228	92.105263	0	26.315789	13.157895	0	0	13.157895	35.087719	8.77193	17.54386	17.54386	83.333333	4.385965
37345.txt	menores_notas	133	60.150376	0	45.112782	7.518797	15.037594	52.631579	7.518797	0	0	0	0	7.518797	0	15.037594	0	15.037594	0	0	7.518797	7.518797	37.593985	0	15.037594	0	52.631579	7.518797	0	0	7.518797	15.037594	300.75188	135.338346	97.744361	75.18797	15.037594	7.518797	0	37.593985	0	37.593985	22.556391	15.037594	37.593985	0	15.037594	7.518797	15.037594	15.037594	0	0	0	7.518797	7.518797	22.556391	0	0	15.037594	135.338346	15.037594	7.518797	0	0	0	7.518797	52.631579	0	7.518797	30.075188	67.669173	0	0	0	0	0	0	0	7.518797	7.518797	15.037594	7.518797	0	45.112782	7.518797	15.037594	15.037594	0	0	0	0	0	7.518797	0	0	15.037594	0	0	0	0	0	0	37.593985	7.518797	37.593985	22.556391	75.18797	0	0	0	0	0	0	7.518797	0	7.518797	0	0	7.518797	0	0	0	7.518797	0	0	0	0	0	0	0	0	105.263158	22.556391	52.631579	7.518797	45.112782	0	0	0	0	0	0	0	0	7.518797	7.518797	0	22.556391	22.556391	0	0	37.593985	7.518797	0	45.112782	37.593985	7.518797	0	37.593985	0	0	0	0	0	0	0	22.556391	7.518797	7.518797	7.518797	0	0	0	0	0	0	0	0	0	0	0	0	0	7.518797	0	0	0	0	15.037594	15.037594	0	0	0	0	0	0	15.037594	0	0	0	0	0	0	0	0	0	0	0	0	0	0	0	0	0	0	0	0	0	0	0	0	0	0	0	0	0	0	0	0	0	0	37.593985	0	0	0	60.150376	75.18797	315.789474	37.593985	180.451128	15.037594	180.451128	60.150376	0	37.593985	0	0	0	7.518797	45.112782	7.518797	30.075188	7.518797	105.263158	75.18797
37377.txt	menores_notas	270	96.296296	3.703704	85.185185	25.925926	3.703704	14.814815	11.111111	3.703704	0	0	0	0	18.518519	0	11.111111	0	0	0	3.703704	0	3.703704	3.703704	7.407407	0	14.814815	3.703704	0	0	3.703704	3.703704	274.074074	144.444444	62.962963	22.222222	14.814815	14.814815	22.222222	55.555556	11.111111	62.962963	22.222222	0	51.851852	25.925926	77.777778	40.740741	22.222222	62.962963	7.407407	7.407407	0	0	25.925926	51.851852	3.703704	11.111111	44.444444	62.962963	48.148148	37.037037	3.703704	7.407407	0	0	14.814815	0	11.111111	3.703704	18.518519	3.703704	0	0	0	0	0	3.703704	0	0	0	0	3.703704	48.148148	0	3.703704	0	3.703704	0	3.703704	0	0	7.407407	0	0	0	22.222222	11.111111	0	11.111111	3.703704	0	29.62963	0	11.111111	18.518519	55.555556	0	14.814815	0	0	0	3.703704	25.925926	3.703704	0	0	0	3.703704	3.703704	0	0	0	0	0	0	0	0	0	22.222222	7.407407	107.407407	44.444444	96.296296	0	22.222222	0	7.407407	0	0	0	3.703704	0	0	11.111111	3.703704	3.703704	14.814815	7.407407	0	14.814815	3.703704	3.703704	0	29.62963	11.111111	11.111111	0	0	0	7.407407	0	0	0	3.703704	0	3.703704	0	0	11.111111	0	0	0	0	0	0	0	0	0	0	0	0	0	0	0	0	0	0	0	0	3.703704	7.407407	3.703704	0	0	7.407407	11.111111	0	0	7.407407	11.111111	0	0	0	0	0	0	3.703704	0	0	0	0	0	0	0	0	0	0	0	0	0	0	0	0	0	0	0	0	0	0	0	0	0	0	0	185.185185	29.62963	277.777778	118.518519	114.814815	44.444444	237.037037	59.259259	18.518519	3.703704	3.703704	0	0	3.703704	29.62963	0	3.703704	29.62963	59.259259	0
37442.txt	menores_notas	185	145.945946	10.810811	70.27027	0	5.405405	32.432432	16.216216	0	0	0	0	0	5.405405	0	0	0	0	0	5.405405	10.810811	16.216216	0	16.216216	0	32.432432	0	0	0	0	16.216216	275.675676	113.513514	124.324324	21.621622	5.405405	0	0	43.243243	5.405405	43.243243	32.432432	16.216216	43.243243	5.405405	5.405405	5.405405	0	5.405405	0	0	0	0	5.405405	0	5.405405	0	10.810811	91.891892	32.432432	16.216216	0	16.216216	5.405405	5.405405	10.810811	0	5.405405	0	54.054054	10.810811	16.216216	10.810811	0	0	0	0	0	0	0	0	0	54.054054	5.405405	0	0	0	0	0	0	0	5.405405	0	0	0	16.216216	0	0	0	5.405405	0	27.027027	5.405405	48.648649	0	59.459459	0	0	0	0	5.405405	21.621622	16.216216	16.216216	5.405405	0	10.810811	0	0	0	0	5.405405	0	0	0	0	0	5.405405	16.216216	10.810811	86.486486	10.810811	70.27027	0	37.837838	0	0	0	0	0	10.810811	0	0	0	0	0	21.621622	16.216216	5.405405	0	16.216216	0	0	27.027027	48.648649	0	0	32.432432	0	5.405405	0	0	0	0	0	16.216216	0	0	0	0	0	0	0	0	0	0	0	0	0	0	0	0	0	0	0	0	10.810811	0	0	0	0	0	0	0	10.810811	16.216216	5.405405	0	5.405405	0	0	0	0	0	0	0	16.216216	0	0	0	0	0	0	0	0	0	0	0	0	0	0	0	0	0	0	0	0	0	0	0	0	0	0	0	227.027027	48.648649	297.297297	16.216216	140.540541	70.27027	162.162162	54.054054	5.405405	16.216216	16.216216	0	0	0	27.027027	0	0	21.621622	75.675676	32.432432
37489.txt	menores_notas	332	54.216867	12.048193	21.084337	6.024096	24.096386	12.048193	6.024096	0	0	0	0	24.096386	36.144578	33.13253	18.072289	42.168675	15.060241	0	6.024096	18.072289	12.048193	15.060241	30.120482	0	18.072289	24.096386	12.048193	0	9.036145	6.024096	186.746988	54.216867	72.289157	30.120482	0	3.012048	6.024096	0	0	3.012048	15.060241	0	24.096386	0	21.084337	18.072289	3.012048	12.048193	9.036145	0	3.012048	0	9.036145	15.060241	0	0	3.012048	165.662651	63.253012	36.144578	15.060241	12.048193	15.060241	3.012048	6.024096	3.012048	6.024096	3.012048	63.253012	12.048193	6.024096	15.060241	3.012048	0	3.012048	3.012048	0	0	0	3.012048	3.012048	45.180723	54.216867	54.216867	0	0	0	0	0	0	9.036145	6.024096	0	0	21.084337	3.012048	0	6.024096	0	6.024096	27.108434	0	30.120482	12.048193	153.614458	0	6.024096	0	21.084337	18.072289	3.012048	30.120482	0	15.060241	0	0	9.036145	0	0	0	15.060241	0	0	0	0	0	0	18.072289	12.048193	84.337349	0	24.096386	0	21.084337	0	12.048193	0	0	0	6.024096	0	0	9.036145	12.048193	3.012048	9.036145	18.072289	0	0	12.048193	3.012048	6.024096	24.096386	30.120482	0	0	60.240964	0	15.060241	0	0	0	6.024096	0	12.048193	0	0	3.012048	0	0	3.012048	0	0	0	0	0	0	0	12.048193	0	3.012048	9.036145	0	0	3.012048	6.024096	3.012048	0	3.012048	0	0	0	0	0	3.012048	0	3.012048	33.13253	0	0	0	3.012048	0	0	0	3.012048	0	0	0	0	0	3.012048	0	0	0	0	0	0	0	0	0	0	0	0	0	0	0	0	0	0	6.024096	0	0	66.26506	153.614458	192.771084	42.168675	234.939759	81.325301	108.433735	51.204819	6.024096	12.048193	3.012048	3.012048	0	12.048193	27.108434	15.060241	6.024096	9.036145	69.277108	6.024096
37602.txt	menores_notas	253	43.478261	31.620553	90.909091	3.952569	3.952569	0	0	0	0	0	0	0	11.857708	0	0	0	7.905138	0	15.810277	3.952569	11.857708	0	19.762846	0	3.952569	0	0	0	0	11.857708	292.490119	110.671937	79.051383	31.620553	15.810277	11.857708	0	71.146245	23.715415	63.241107	19.762846	35.573123	43.478261	3.952569	27.667984	11.857708	51.383399	19.762846	7.905138	3.952569	0	11.857708	11.857708	67.193676	3.952569	35.573123	71.146245	55.335968	23.715415	19.762846	3.952569	7.905138	0	3.952569	19.762846	3.952569	0	19.762846	27.667984	31.620553	0	0	0	0	0	3.952569	11.857708	3.952569	0	7.905138	0	43.478261	0	0	0	3.952569	0	3.952569	0	0	7.905138	0	3.952569	7.905138	0	0	0	0	0	0	43.478261	7.905138	19.762846	11.857708	55.335968	3.952569	0	0	7.905138	7.905138	19.762846	7.905138	7.905138	0	0	3.952569	7.905138	0	0	0	0	0	0	0	0	0	0	3.952569	11.857708	110.671937	7.905138	90.909091	3.952569	39.525692	3.952569	3.952569	0	0	0	0	0	0	15.810277	11.857708	3.952569	47.43083	3.952569	0	0	11.857708	11.857708	0	43.478261	19.762846	7.905138	0	0	0	7.905138	0	0	0	0	0	3.952569	7.905138	0	7.905138	0	0	0	0	0	3.952569	0	0	0	0	0	0	3.952569	7.905138	0	0	0	0	3.952569	15.810277	3.952569	0	0	0	0	0	43.478261	0	0	7.905138	7.905138	0	0	0	0	0	7.905138	3.952569	0	0	0	0	0	0	0	0	0	7.905138	0	0	0	0	0	0	0	0	0	0	0	0	0	0	3.952569	0	0	166.007905	43.478261	304.347826	90.909091	134.387352	47.43083	209.486166	67.193676	3.952569	19.762846	11.857708	7.905138	0	11.857708	67.193676	3.952569	19.762846	7.905138	75.098814	3.952569
37664.txt	menores_notas	194	103.092784	10.309278	113.402062	0	0	0	0	0	0	0	0	0	20.618557	0	0	0	20.618557	0	0	5.154639	10.309278	0	0	0	5.154639	0	0	0	0	0	304.123711	211.340206	61.85567	10.309278	20.618557	5.154639	15.463918	97.938144	0	92.783505	36.082474	15.463918	56.701031	20.618557	72.164948	10.309278	72.164948	41.237113	5.154639	10.309278	0	5.154639	46.391753	103.092784	0	56.701031	103.092784	82.474227	15.463918	20.618557	0	0	5.154639	0	0	0	0	5.154639	46.391753	5.154639	0	0	0	0	0	5.154639	0	5.154639	0	0	5.154639	41.237113	10.309278	0	0	0	0	0	0	0	5.154639	0	0	0	0	0	0	20.618557	0	0	30.927835	0	5.154639	30.927835	51.546392	0	20.618557	0	5.154639	0	25.773196	0	0	5.154639	0	0	0	5.154639	5.154639	0	5.154639	0	0	5.154639	0	0	0	0	10.309278	77.319588	10.309278	113.402062	0	20.618557	0	5.154639	5.154639	0	0	0	0	10.309278	10.309278	0	0	15.463918	5.154639	5.154639	0	10.309278	0	0	30.927835	5.154639	5.154639	0	5.154639	0	20.618557	0	0	0	0	0	0	0	0	10.309278	0	0	0	0	0	0	0	0	0	0	0	0	0	0	0	0	0	0	0	5.154639	0	0	0	0	0	15.463918	25.773196	0	0	0	20.618557	0	0	0	0	0	0	0	0	0	0	0	0	0	0	0	0	0	0	0	0	0	0	0	0	0	0	0	0	0	0	0	0	0	0	226.804124	36.082474	304.123711	159.793814	103.092784	46.391753	201.030928	56.701031	20.618557	10.309278	0	0	0	0	30.927835	0	10.309278	15.463918	67.010309	5.154639
37677.txt	menores_notas	256	74.21875	11.71875	54.6875	15.625	7.8125	11.71875	19.53125	0	0	0	3.90625	19.53125	15.625	0	0	3.90625	3.90625	0	11.71875	11.71875	19.53125	0	7.8125	3.90625	19.53125	27.34375	11.71875	0	15.625	11.71875	207.03125	89.84375	54.6875	46.875	11.71875	0	7.8125	11.71875	0	3.90625	39.0625	11.71875	62.5	0	27.34375	15.625	7.8125	11.71875	7.8125	0	0	3.90625	11.71875	23.4375	0	0	7.8125	140.625	50.78125	31.25	19.53125	19.53125	0	11.71875	0	7.8125	3.90625	11.71875	39.0625	15.625	0	15.625	3.90625	0	7.8125	0	7.8125	0	0	3.90625	0	58.59375	50.78125	19.53125	7.8125	7.8125	3.90625	7.8125	0	0	0	0	0	7.8125	0	0	0	54.6875	0	11.71875	39.0625	0	7.8125	42.96875	144.53125	7.8125	46.875	0	11.71875	7.8125	19.53125	7.8125	3.90625	19.53125	3.90625	11.71875	0	0	0	3.90625	11.71875	7.8125	3.90625	0	3.90625	7.8125	3.90625	3.90625	7.8125	66.40625	3.90625	58.59375	3.90625	39.0625	0	11.71875	7.8125	3.90625	0	0	0	0	0	23.4375	3.90625	7.8125	31.25	0	0	19.53125	15.625	3.90625	31.25	7.8125	0	0	19.53125	0	3.90625	0	0	3.90625	7.8125	0	15.625	0	0	7.8125	0	3.90625	11.71875	0	0	0	0	0	3.90625	0	0	0	19.53125	0	0	0	3.90625	0	0	7.8125	0	0	0	0	0	0	7.8125	0	0	11.71875	3.90625	0	0	0	0	0	0	7.8125	0	0	0	3.90625	0	0	0	0	0	0	0	0	0	0	0	0	0	0	0	0	0	0	0	0	0	0	0	85.9375	58.59375	218.75	50.78125	226.5625	85.9375	128.90625	70.3125	54.6875	19.53125	11.71875	0	0	19.53125	35.15625	19.53125	11.71875	15.625	89.84375	23.4375
37694.txt	menores_notas	296	84.459459	13.513514	43.918919	16.891892	10.135135	6.756757	3.378378	0	0	0	0	13.513514	10.135135	3.378378	0	3.378378	10.135135	0	3.378378	0	20.27027	0	20.27027	3.378378	6.756757	16.891892	0	0	16.891892	3.378378	246.621622	131.756757	57.432432	37.162162	6.756757	10.135135	13.513514	23.648649	6.756757	20.27027	0	10.135135	43.918919	3.378378	50.675676	13.513514	33.783784	23.648649	23.648649	16.891892	0	13.513514	37.162162	60.810811	0	13.513514	84.459459	125	57.432432	20.27027	3.378378	6.756757	0	3.378378	23.648649	0	16.891892	0	54.054054	13.513514	0	6.756757	0	10.135135	0	0	0	0	6.756757	0	0	43.918919	30.405405	10.135135	0	0	0	0	0	0	10.135135	0	0	0	23.648649	10.135135	0	37.162162	0	0	30.405405	0	37.162162	27.027027	84.459459	0	20.27027	0	6.756757	0	6.756757	16.891892	3.378378	0	0	3.378378	16.891892	0	0	0	0	0	0	0	0	0	0	16.891892	10.135135	74.324324	16.891892	50.675676	0	33.783784	0	3.378378	3.378378	0	0	3.378378	3.378378	6.756757	20.27027	10.135135	0	20.27027	13.513514	3.378378	0	20.27027	10.135135	0	30.405405	10.135135	0	0	0	0	0	0	0	0	0	0	10.135135	6.756757	3.378378	0	0	0	0	0	0	10.135135	0	0	0	0	0	0	0	10.135135	0	0	0	0	0	0	0	0	0	0	0	3.378378	16.891892	0	0	10.135135	0	0	0	0	0	0	6.756757	3.378378	0	0	0	0	0	0	0	0	0	3.378378	0	0	0	0	0	0	0	0	0	0	0	0	0	6.756757	0	0	0	141.891892	70.945946	250	111.486486	182.432432	33.783784	141.891892	77.702703	37.162162	20.27027	10.135135	3.378378	0	10.135135	30.405405	10.135135	6.756757	16.891892	94.594595	6.756757
37734.txt	menores_notas	180	105.555556	11.111111	83.333333	5.555556	5.555556	11.111111	5.555556	11.111111	0	0	0	5.555556	11.111111	0	0	0	11.111111	0	0	0	16.666667	0	0	0	11.111111	5.555556	0	0	5.555556	11.111111	316.666667	183.333333	83.333333	11.111111	22.222222	5.555556	5.555556	83.333333	16.666667	55.555556	44.444444	0	72.222222	22.222222	83.333333	5.555556	27.777778	38.888889	22.222222	11.111111	0	0	27.777778	77.777778	0	11.111111	66.666667	88.888889	50	27.777778	5.555556	0	5.555556	5.555556	22.222222	11.111111	0	0	44.444444	11.111111	0	0	0	0	0	0	0	0	0	0	0	66.666667	22.222222	0	0	0	0	0	0	0	11.111111	0	0	33.333333	0	0	0	11.111111	5.555556	11.111111	0	0	11.111111	27.777778	88.888889	0	11.111111	0	16.666667	0	5.555556	5.555556	0	0	0	5.555556	5.555556	0	0	0	0	0	0	0	0	5.555556	5.555556	0	27.777778	88.888889	27.777778	88.888889	0	16.666667	22.222222	5.555556	0	0	0	0	0	0	0	11.111111	0	33.333333	5.555556	0	0	16.666667	11.111111	0	0	11.111111	0	5.555556	0	0	11.111111	0	0	0	0	0	16.666667	0	0	5.555556	0	0	0	0	0	0	0	0	5.555556	0	0	0	11.111111	0	0	0	0	0	0	0	0	0	0	0	0	0	0	0	0	0	11.111111	0	0	0	0	5.555556	0	0	0	0	0	0	0	0	0	0	0	0	0	0	0	0	0	0	0	0	0	0	0	0	0	0	0	0	0	200	33.333333	327.777778	111.111111	133.333333	44.444444	183.333333	44.444444	16.666667	16.666667	5.555556	0	0	11.111111	0	11.111111	0	16.666667	38.888889	0
37858.txt	menores_notas	188	53.191489	5.319149	69.148936	5.319149	5.319149	21.276596	0	0	0	0	0	5.319149	26.595745	5.319149	10.638298	5.319149	10.638298	0	5.319149	5.319149	26.595745	0	10.638298	0	21.276596	5.319149	0	0	5.319149	0	271.276596	117.021277	47.87234	53.191489	5.319149	10.638298	5.319149	21.276596	0	26.595745	26.595745	10.638298	53.191489	0	42.553191	15.957447	26.595745	37.234043	0	0	0	5.319149	10.638298	58.510638	0	10.638298	37.234043	85.106383	47.87234	26.595745	0	0	0	0	26.595745	15.957447	15.957447	15.957447	42.553191	5.319149	0	0	0	0	10.638298	0	10.638298	0	5.319149	0	0	53.191489	10.638298	0	0	10.638298	0	0	0	0	26.595745	0	0	0	0	0	5.319149	0	0	21.276596	53.191489	0	10.638298	31.914894	74.468085	0	0	0	0	0	0	5.319149	10.638298	10.638298	0	10.638298	0	0	0	0	10.638298	0	0	0	0	0	0	5.319149	10.638298	101.06383	0	69.148936	0	26.595745	5.319149	10.638298	0	0	5.319149	5.319149	0	5.319149	5.319149	10.638298	10.638298	31.914894	10.638298	0	0	26.595745	10.638298	0	37.234043	10.638298	0	5.319149	5.319149	0	10.638298	0	0	0	0	0	21.276596	0	0	31.914894	0	0	0	0	0	5.319149	0	0	0	0	0	0	0	10.638298	0	0	0	0	0	10.638298	0	0	0	0	0	0	31.914894	0	0	15.957447	10.638298	0	0	0	0	0	0	10.638298	0	0	0	0	0	0	0	0	0	0	0	0	0	0	0	0	0	0	0	0	0	0	0	5.319149	0	0	0	58.510638	79.787234	271.276596	85.106383	186.170213	42.553191	170.212766	85.106383	0	26.595745	10.638298	0	0	10.638298	47.87234	10.638298	15.957447	0	95.744681	5.319149
37949.txt	menores_notas	194	134.020619	20.618557	36.082474	15.463918	0	15.463918	10.309278	5.154639	0	0	0	0	0	0	0	0	0	0	20.618557	0	15.463918	0	20.618557	5.154639	10.309278	0	0	0	0	15.463918	278.350515	92.783505	149.484536	10.309278	20.618557	0	5.154639	56.701031	15.463918	46.391753	36.082474	0	56.701031	15.463918	56.701031	15.463918	15.463918	36.082474	5.154639	0	0	0	10.309278	46.391753	0	15.463918	36.082474	87.628866	67.010309	20.618557	0	0	5.154639	0	15.463918	10.309278	5.154639	5.154639	61.85567	15.463918	0	0	0	0	0	0	0	5.154639	0	0	0	56.701031	25.773196	0	0	0	0	0	0	0	0	0	0	10.309278	25.773196	0	0	25.773196	0	10.309278	20.618557	0	36.082474	15.463918	82.474227	0	25.773196	0	0	0	20.618557	5.154639	5.154639	5.154639	0	5.154639	5.154639	0	0	0	5.154639	0	0	0	0	5.154639	0	0	0	97.938144	0	46.391753	0	46.391753	0	10.309278	5.154639	0	0	0	0	0	0	5.154639	10.309278	41.237113	5.154639	0	0	15.463918	5.154639	0	20.618557	30.927835	0	0	15.463918	0	0	0	0	0	0	0	0	0	0	0	0	0	0	0	0	0	0	0	0	0	0	0	5.154639	0	0	0	0	0	5.154639	5.154639	0	0	0	0	0	5.154639	15.463918	0	0	0	0	0	0	0	0	0	0	10.309278	0	0	0	0	0	0	0	0	0	0	0	0	0	0	0	0	0	0	0	0	0	0	0	0	0	0	0	190.721649	36.082474	293.814433	72.164948	154.639175	41.237113	144.329897	67.010309	25.773196	15.463918	10.309278	0	0	5.154639	20.618557	0	5.154639	10.309278	72.164948	10.309278
37994.txt	menores_notas	329	51.671733	33.43465	48.632219	0	39.513678	21.276596	3.039514	0	0	0	0	12.158055	18.237082	6.079027	6.079027	6.079027	12.158055	0	12.158055	9.118541	21.276596	0	15.197568	3.039514	30.395137	18.237082	0	0	15.197568	36.474164	209.726444	54.711246	82.066869	57.75076	3.039514	18.237082	6.079027	12.158055	3.039514	21.276596	42.553191	3.039514	51.671733	0	30.395137	6.079027	3.039514	9.118541	12.158055	3.039514	0	0	18.237082	15.197568	3.039514	0	21.276596	151.975684	30.395137	18.237082	9.118541	18.237082	24.316109	36.474164	18.237082	6.079027	9.118541	3.039514	63.829787	6.079027	0	12.158055	0	3.039514	15.197568	0	3.039514	0	0	3.039514	0	24.316109	60.790274	39.513678	9.118541	0	0	3.039514	0	0	6.079027	3.039514	0	3.039514	6.079027	6.079027	0	0	0	9.118541	27.355623	0	15.197568	3.039514	139.817629	0	0	0	27.355623	15.197568	3.039514	12.158055	6.079027	6.079027	0	0	0	0	3.039514	0	6.079027	0	0	3.039514	0	6.079027	3.039514	6.079027	6.079027	91.18541	24.316109	48.632219	6.079027	33.43465	0	3.039514	3.039514	0	0	6.079027	0	6.079027	0	12.158055	6.079027	12.158055	24.316109	0	0	21.276596	12.158055	0	27.355623	15.197568	0	6.079027	36.474164	3.039514	12.158055	0	0	0	0	0	9.118541	6.079027	3.039514	0	0	3.039514	3.039514	0	0	0	0	0	0	0	6.079027	0	6.079027	6.079027	0	0	9.118541	6.079027	0	3.039514	0	0	0	3.039514	0	0	21.276596	0	3.039514	18.237082	0	0	0	0	0	0	0	9.118541	6.079027	0	3.039514	0	0	15.197568	0	0	3.039514	0	0	0	0	0	0	0	0	0	0	0	0	0	0	3.039514	0	0	0	85.106383	82.066869	249.240122	39.513678	188.449848	79.027356	155.015198	69.908815	0	21.276596	18.237082	24.316109	0	12.158055	27.355623	12.158055	3.039514	9.118541	45.592705	39.513678
37999.txt	menores_notas	332	78.313253	24.096386	54.216867	6.024096	18.072289	6.024096	6.024096	0	0	0	0	15.060241	15.060241	6.024096	0	6.024096	12.048193	0	3.012048	18.072289	3.012048	3.012048	15.060241	0	12.048193	15.060241	15.060241	0	0	3.012048	210.843373	60.240964	87.349398	15.060241	3.012048	12.048193	12.048193	15.060241	0	18.072289	30.120482	6.024096	33.13253	0	30.120482	15.060241	9.036145	15.060241	0	3.012048	3.012048	0	18.072289	21.084337	3.012048	6.024096	15.060241	147.590361	48.192771	39.156627	6.024096	18.072289	12.048193	33.13253	3.012048	3.012048	6.024096	6.024096	42.168675	18.072289	0	18.072289	0	0	3.012048	0	0	3.012048	0	0	0	6.024096	102.409639	39.156627	6.024096	0	0	3.012048	0	0	0	3.012048	0	6.024096	6.024096	3.012048	0	0	3.012048	3.012048	39.156627	0	6.024096	12.048193	150.60241	0	0	0	6.024096	3.012048	0	15.060241	0	15.060241	0	9.036145	15.060241	0	6.024096	0	9.036145	6.024096	0	6.024096	0	0	6.024096	6.024096	12.048193	90.361446	12.048193	54.216867	0	45.180723	0	6.024096	6.024096	3.012048	0	12.048193	0	0	3.012048	21.084337	0	9.036145	36.144578	0	0	3.012048	18.072289	3.012048	36.144578	6.024096	0	0	78.313253	0	6.024096	0	0	3.012048	0	0	3.012048	0	0	3.012048	0	0	9.036145	0	0	3.012048	0	0	6.024096	0	0	0	18.072289	0	0	0	0	0	0	3.012048	3.012048	0	0	0	0	9.036145	21.084337	0	3.012048	12.048193	3.012048	0	0	0	0	0	0	3.012048	0	0	0	0	3.012048	0	0	0	0	0	0	0	0	3.012048	0	0	0	0	0	0	0	0	0	0	0	3.012048	0	156.626506	69.277108	213.855422	60.240964	204.819277	57.228916	153.614458	96.385542	3.012048	3.012048	3.012048	3.012048	3.012048	18.072289	39.156627	18.072289	6.024096	21.084337	57.228916	81.325301
38002.txt	menores_notas	300	73.333333	3.333333	20	0	26.666667	13.333333	3.333333	0	0	0	0	10	40	13.333333	16.666667	10	23.333333	0	0	3.333333	13.333333	0	0	0	16.666667	13.333333	0	0	13.333333	33.333333	230	56.666667	163.333333	26.666667	0	10	6.666667	6.666667	0	3.333333	40	0	50	0	63.333333	40	23.333333	43.333333	6.666667	0	3.333333	6.666667	6.666667	60	0	0	36.666667	140	36.666667	30	3.333333	3.333333	0	6.666667	20	0	23.333333	10	73.333333	3.333333	3.333333	3.333333	0	3.333333	0	0	3.333333	6.666667	0	3.333333	0	56.666667	20	13.333333	0	3.333333	3.333333	0	0	0	3.333333	0	0	0	13.333333	6.666667	0	23.333333	0	3.333333	46.666667	0	33.333333	23.333333	93.333333	0	23.333333	0	20	0	6.666667	0	0	3.333333	0	6.666667	0	0	0	0	3.333333	0	0	0	0	0	0	0	6.666667	93.333333	0	20	0	70	6.666667	10	3.333333	0	0	6.666667	0	3.333333	6.666667	0	3.333333	63.333333	20	0	0	13.333333	0	0	46.666667	33.333333	13.333333	3.333333	0	0	16.666667	0	0	0	0	0	13.333333	0	0	0	0	0	0	0	0	0	0	0	0	0	0	0	0	0	0	0	0	0	3.333333	20	0	0	0	0	0	0	20	0	0	23.333333	16.666667	0	0	16.666667	0	0	0	3.333333	0	0	0	0	0	0	0	0	0	0	0	0	0	0	0	0	0	0	0	0	0	0	0	3.333333	3.333333	0	0	96.666667	80	263.333333	106.666667	190	36.666667	113.333333	110	23.333333	13.333333	3.333333	0	0	0	56.666667	0	10	0	103.333333	6.666667
38036.txt	menores_notas	222	112.612613	9.009009	49.54955	0	18.018018	9.009009	13.513514	18.018018	0	0	0	4.504505	27.027027	0	13.513514	0	18.018018	0	0	9.009009	22.522523	0	4.504505	0	18.018018	0	0	0	0	4.504505	247.747748	58.558559	121.621622	40.540541	4.504505	4.504505	4.504505	22.522523	4.504505	31.531532	13.513514	4.504505	40.540541	4.504505	49.54955	13.513514	9.009009	27.027027	4.504505	9.009009	0	0	9.009009	58.558559	4.504505	0	49.54955	103.603604	58.558559	18.018018	0	9.009009	0	4.504505	27.027027	4.504505	0	13.513514	72.072072	9.009009	0	9.009009	0	0	0	0	9.009009	0	0	13.513514	0	63.063063	18.018018	0	0	0	0	13.513514	0	0	4.504505	4.504505	0	0	9.009009	0	0	13.513514	4.504505	4.504505	40.540541	0	18.018018	18.018018	94.594595	4.504505	9.009009	0	0	0	9.009009	4.504505	0	22.522523	0	9.009009	0	0	0	0	22.522523	0	0	0	0	0	4.504505	4.504505	4.504505	76.576577	0	49.54955	4.504505	49.54955	0	4.504505	9.009009	4.504505	0	4.504505	0	0	9.009009	0	4.504505	27.027027	22.522523	0	0	22.522523	0	0	40.540541	13.513514	0	0	22.522523	0	4.504505	4.504505	0	0	0	0	4.504505	4.504505	0	0	0	0	0	0	0	0	0	0	0	0	0	0	0	0	0	0	0	4.504505	0	18.018018	0	0	0	0	0	0	13.513514	0	0	13.513514	9.009009	0	0	4.504505	0	0	0	4.504505	0	0	0	0	0	0	0	0	0	0	0	0	0	0	0	0	0	0	0	0	0	0	0	13.513514	0	0	0	171.171171	54.054054	252.252252	81.081081	175.675676	49.54955	126.126126	85.585586	18.018018	22.522523	4.504505	0	0	0	40.540541	0	13.513514	18.018018	72.072072	49.54955
38158.txt	menores_notas	269	130.111524	7.434944	78.066914	14.869888	0	22.304833	0	0	0	0	0	3.717472	3.717472	3.717472	0	0	0	0	3.717472	0	18.587361	0	3.717472	3.717472	22.304833	0	0	0	0	7.434944	312.267658	111.524164	141.263941	26.022305	26.022305	0	7.434944	52.04461	3.717472	29.739777	89.219331	0	55.762082	7.434944	44.609665	3.717472	40.892193	18.587361	3.717472	0	0	7.434944	7.434944	85.501859	3.717472	18.587361	63.197026	70.63197	29.739777	22.304833	3.717472	0	3.717472	0	26.022305	11.152416	26.022305	0	52.04461	11.152416	3.717472	7.434944	0	0	0	0	0	0	0	0	0	78.066914	0	3.717472	0	0	0	0	0	0	0	0	0	0	59.479554	0	0	0	0	3.717472	14.869888	0	37.174721	7.434944	81.784387	0	0	0	7.434944	0	3.717472	7.434944	0	0	0	0	7.434944	0	0	0	0	0	0	0	0	0	0	7.434944	0	111.524164	7.434944	89.219331	0	22.304833	0	0	3.717472	0	0	3.717472	0	0	0	0	0	7.434944	14.869888	7.434944	0	18.587361	0	0	14.869888	37.174721	3.717472	0	3.717472	0	3.717472	0	0	0	0	0	11.152416	0	7.434944	7.434944	0	0	0	0	0	0	0	0	0	0	0	0	0	0	0	0	0	0	0	0	0	0	0	0	0	3.717472	29.739777	0	3.717472	3.717472	0	0	0	0	0	0	0	0	0	0	0	0	0	0	0	0	0	0	0	0	0	0	0	0	0	0	0	0	0	3.717472	0	0	0	0	0	215.613383	29.739777	323.420074	96.654275	141.263941	14.869888	204.460967	37.174721	0	18.587361	0	0	3.717472	0	14.869888	0	0	7.434944	59.479554	0
38172.txt	menores_notas	324	61.728395	24.691358	37.037037	9.259259	12.345679	9.259259	6.17284	0	0	0	0	9.259259	12.345679	3.08642	3.08642	0	0	0	6.17284	33.950617	21.604938	6.17284	43.209877	3.08642	21.604938	24.691358	0	0	24.691358	18.518519	194.444444	64.814815	89.506173	46.296296	0	6.17284	9.259259	12.345679	0	3.08642	24.691358	3.08642	70.987654	3.08642	24.691358	27.777778	15.432099	21.604938	3.08642	9.259259	6.17284	0	6.17284	27.777778	0	0	27.777778	151.234568	52.469136	33.950617	12.345679	18.518519	12.345679	33.950617	6.17284	6.17284	12.345679	6.17284	46.296296	9.259259	0	15.432099	0	0	0	0	0	6.17284	3.08642	0	0	12.345679	43.209877	70.987654	18.518519	0	12.345679	27.777778	0	0	0	3.08642	3.08642	15.432099	0	0	0	9.259259	6.17284	9.259259	37.037037	6.17284	6.17284	33.950617	163.580247	0	9.259259	0	9.259259	33.950617	9.259259	3.08642	0	9.259259	0	3.08642	0	0	0	9.259259	6.17284	3.08642	0	0	0	6.17284	0	0	18.518519	83.333333	18.518519	40.123457	3.08642	24.691358	0	3.08642	3.08642	3.08642	3.08642	6.17284	0	0	0	15.432099	0	9.259259	18.518519	0	0	21.604938	15.432099	6.17284	37.037037	6.17284	6.17284	3.08642	33.950617	0	9.259259	0	0	0	0	0	6.17284	9.259259	6.17284	6.17284	0	0	9.259259	0	0	0	0	0	0	0	0	0	12.345679	0	0	0	0	0	3.08642	6.17284	0	0	0	0	0	3.08642	30.864198	0	0	6.17284	9.259259	0	0	0	0	0	0	0	0	0	0	0	0	0	0	0	0	0	0	0	0	0	0	0	0	0	0	0	0	0	0	0	0	0	0	123.45679	108.024691	212.962963	64.814815	228.395062	61.728395	141.975309	58.641975	15.432099	21.604938	0	0	0	15.432099	37.037037	9.259259	6.17284	9.259259	77.160494	37.037037
38193.txt	menores_notas	366	106.557377	16.393443	76.502732	16.393443	8.196721	5.464481	5.464481	0	0	0	0	0	10.928962	2.73224	2.73224	5.464481	8.196721	0	5.464481	0	24.590164	5.464481	2.73224	0	5.464481	2.73224	0	0	2.73224	38.251366	245.901639	87.431694	90.163934	24.590164	8.196721	0	10.928962	57.377049	40.983607	71.038251	38.251366	16.393443	32.786885	8.196721	35.519126	8.196721	54.644809	16.393443	8.196721	10.928962	2.73224	10.928962	24.590164	57.377049	5.464481	30.054645	73.770492	76.502732	30.054645	21.857923	13.661202	0	2.73224	8.196721	24.590164	2.73224	0	13.661202	46.448087	2.73224	0	2.73224	0	0	0	0	10.928962	2.73224	0	2.73224	0	54.644809	8.196721	2.73224	0	2.73224	0	0	0	0	5.464481	0	0	0	0	0	0	8.196721	0	0	24.590164	2.73224	19.125683	21.857923	68.306011	0	13.661202	0	5.464481	0	16.393443	5.464481	2.73224	10.928962	0	10.928962	5.464481	0	0	0	10.928962	0	0	0	0	0	0	0	5.464481	103.825137	5.464481	76.502732	0	21.857923	0	5.464481	2.73224	0	0	0	0	0	5.464481	2.73224	5.464481	16.393443	8.196721	2.73224	0	24.590164	2.73224	2.73224	21.857923	19.125683	0	0	2.73224	0	0	0	0	0	2.73224	0	21.857923	0	0	13.661202	0	0	0	0	0	0	2.73224	0	0	0	0	0	2.73224	0	0	0	0	0	2.73224	8.196721	0	0	0	0	0	5.464481	10.928962	2.73224	0	8.196721	5.464481	0	0	0	0	0	0	19.125683	2.73224	0	0	0	0	0	0	0	0	0	0	0	0	0	0	0	0	0	0	0	0	0	0	5.464481	0	0	0	199.453552	46.448087	286.885246	95.628415	128.415301	49.180328	180.327869	46.448087	13.661202	24.590164	21.857923	0	0	2.73224	21.857923	2.73224	13.661202	5.464481	68.306011	2.73224
38196.txt	menores_notas	156	57.692308	12.820513	44.871795	0	6.410256	38.461538	0	0	0	0	0	6.410256	38.461538	0	0	0	25.641026	0	0	19.230769	25.641026	0	19.230769	0	57.692308	6.410256	0	0	6.410256	0	269.230769	147.435897	70.512821	12.820513	32.051282	6.410256	0	51.282051	0	32.051282	6.410256	19.230769	38.461538	19.230769	32.051282	6.410256	19.230769	32.051282	12.820513	6.410256	0	0	6.410256	51.282051	0	12.820513	25.641026	141.025641	32.051282	19.230769	0	0	0	0	32.051282	6.410256	19.230769	12.820513	83.333333	0	0	12.820513	0	0	0	0	6.410256	6.410256	0	0	0	57.692308	6.410256	12.820513	0	0	0	6.410256	0	0	19.230769	0	0	0	0	0	0	0	12.820513	6.410256	44.871795	0	25.641026	0	83.333333	0	0	0	12.820513	0	6.410256	6.410256	0	12.820513	0	0	6.410256	0	6.410256	0	12.820513	0	0	6.410256	0	0	6.410256	6.410256	0	89.74359	6.410256	44.871795	0	44.871795	6.410256	12.820513	0	6.410256	0	0	0	0	12.820513	0	0	38.461538	25.641026	0	0	25.641026	0	12.820513	44.871795	25.641026	0	6.410256	12.820513	0	12.820513	0	0	0	0	0	19.230769	6.410256	0	0	0	0	0	0	0	0	0	0	0	0	0	0	0	0	0	0	0	0	0	12.820513	0	0	0	0	0	0	25.641026	0	0	38.461538	0	0	0	0	0	0	0	0	0	0	0	0	0	0	0	0	0	0	0	0	0	0	0	0	0	0	0	0	0	0	0	0	0	0	0	70.512821	96.153846	269.230769	64.102564	173.076923	44.871795	141.025641	83.333333	12.820513	25.641026	0	0	0	0	44.871795	0	12.820513	12.820513	70.512821	12.820513
38204.txt	menores_notas	216	78.703704	4.62963	83.333333	13.888889	4.62963	18.518519	0	0	0	0	0	0	9.259259	4.62963	4.62963	0	4.62963	0	0	4.62963	50.925926	0	4.62963	13.888889	23.148148	0	0	0	0	4.62963	291.666667	143.518519	101.851852	18.518519	9.259259	9.259259	4.62963	64.814815	9.259259	69.444444	46.296296	4.62963	37.037037	0	46.296296	13.888889	32.407407	37.037037	4.62963	4.62963	0	0	18.518519	55.555556	0	23.148148	41.666667	97.222222	27.777778	13.888889	0	4.62963	0	9.259259	50.925926	9.259259	4.62963	4.62963	74.074074	18.518519	0	0	0	0	0	0	4.62963	0	4.62963	4.62963	0	50.925926	13.888889	4.62963	0	9.259259	27.777778	0	0	0	9.259259	0	0	0	0	0	0	9.259259	0	9.259259	23.148148	0	13.888889	13.888889	78.703704	0	9.259259	0	4.62963	0	0	0	0	4.62963	0	13.888889	0	0	0	0	4.62963	0	0	0	0	0	9.259259	0	18.518519	101.851852	9.259259	87.962963	4.62963	37.037037	9.259259	0	0	0	9.259259	0	0	9.259259	0	4.62963	4.62963	37.037037	9.259259	0	0	46.296296	4.62963	0	23.148148	13.888889	9.259259	0	9.259259	0	0	0	0	4.62963	0	0	37.037037	4.62963	4.62963	9.259259	0	0	0	0	0	4.62963	0	0	0	0	0	0	0	4.62963	0	0	0	0	0	4.62963	0	0	0	0	0	0	0	0	0	9.259259	0	0	0	0	0	0	0	4.62963	0	0	0	0	0	0	0	0	0	0	0	0	0	0	0	0	0	0	0	0	0	0	0	4.62963	0	0	0	83.333333	74.074074	300.925926	87.962963	138.888889	27.777778	199.074074	69.444444	9.259259	55.555556	4.62963	0	0	4.62963	23.148148	4.62963	9.259259	9.259259	50.925926	13.888889
38226.txt	menores_notas	213	103.286385	18.779343	28.169014	4.694836	37.558685	23.474178	4.694836	0	0	0	4.694836	14.084507	0	14.084507	0	0	4.694836	0	4.694836	14.084507	9.389671	4.694836	4.694836	0	32.86385	18.779343	14.084507	0	4.694836	9.389671	230.046948	65.7277	98.591549	56.338028	9.389671	4.694836	0	18.779343	4.694836	28.169014	18.779343	0	70.422535	0	23.474178	4.694836	14.084507	14.084507	0	4.694836	0	9.389671	4.694836	32.86385	0	0	18.779343	169.014085	28.169014	14.084507	0	9.389671	14.084507	9.389671	14.084507	4.694836	14.084507	23.474178	42.253521	18.779343	0	9.389671	0	0	14.084507	0	4.694836	9.389671	0	9.389671	0	65.7277	32.86385	9.389671	0	9.389671	4.694836	0	0	0	4.694836	0	0	0	9.389671	0	0	9.389671	0	4.694836	51.643192	14.084507	32.86385	9.389671	122.065728	0	9.389671	0	23.474178	0	4.694836	14.084507	0	4.694836	0	9.389671	9.389671	0	0	0	4.694836	0	0	0	0	4.694836	0	9.389671	9.389671	51.643192	23.474178	32.86385	0	37.558685	9.389671	14.084507	4.694836	0	0	0	0	0	0	9.389671	0	28.169014	32.86385	4.694836	0	9.389671	9.389671	0	51.643192	32.86385	0	0	23.474178	0	0	0	0	0	4.694836	0	9.389671	0	0	0	0	0	4.694836	4.694836	0	0	0	0	0	0	0	0	4.694836	4.694836	0	0	0	0	0	18.779343	0	0	0	0	0	0	18.779343	0	0	0	0	0	0	0	0	0	0	0	0	0	0	0	0	0	0	0	0	0	0	0	0	0	0	0	0	0	0	0	0	0	0	4.694836	0	0	0	150.234742	61.032864	253.521127	42.253521	215.962441	56.338028	103.286385	79.812207	9.389671	9.389671	0	0	0	9.389671	51.643192	9.389671	23.474178	14.084507	93.896714	23.474178
38284.txt	menores_notas	301	93.023256	3.322259	99.667774	9.966777	6.644518	6.644518	0	0	0	0	0	0	0	3.322259	0	0	0	0	9.966777	0	29.900332	0	3.322259	0	6.644518	0	0	0	0	0	292.358804	106.312292	132.890365	36.54485	23.255814	16.611296	0	63.122924	9.966777	39.86711	23.255814	6.644518	29.900332	0	56.478405	9.966777	53.156146	36.54485	9.966777	6.644518	0	3.322259	16.611296	93.023256	3.322259	29.900332	76.41196	96.345515	19.933555	6.644518	0	3.322259	0	3.322259	13.289037	0	3.322259	9.966777	79.734219	3.322259	3.322259	3.322259	0	0	6.644518	0	6.644518	3.322259	0	6.644518	0	56.478405	3.322259	3.322259	0	0	0	0	0	0	0	0	0	0	0	0	0	9.966777	0	0	23.255814	0	26.578073	13.289037	63.122924	3.322259	6.644518	0	13.289037	0	6.644518	13.289037	3.322259	0	0	6.644518	6.644518	0	0	0	0	0	0	0	0	0	0	6.644518	6.644518	59.800664	39.86711	102.990033	3.322259	43.189369	0	6.644518	0	0	0	0	0	3.322259	3.322259	0	3.322259	33.222591	9.966777	0	0	29.900332	0	0	13.289037	26.578073	0	0	0	0	0	0	0	0	0	0	26.578073	3.322259	0	0	0	0	0	0	0	0	0	0	0	0	0	0	0	0	0	0	3.322259	0	0	9.966777	0	0	0	0	0	0	9.966777	0	0	0	0	0	0	0	0	0	0	6.644518	0	0	0	0	0	0	0	0	0	0	0	0	0	0	0	0	0	0	0	0	0	0	0	0	0	0	0	196.013289	46.511628	292.358804	119.601329	126.245847	49.833887	205.980066	59.800664	9.966777	29.900332	6.644518	0	0	0	23.255814	0	9.966777	6.644518	63.122924	0
38310.txt	menores_notas	269	104.089219	11.152416	55.762082	18.587361	3.717472	22.304833	3.717472	0	0	0	0	0	7.434944	3.717472	0	0	0	0	18.587361	7.434944	37.174721	0	22.304833	0	18.587361	3.717472	0	0	3.717472	11.152416	256.505576	167.286245	81.784387	33.457249	7.434944	7.434944	0	40.892193	0	55.762082	18.587361	7.434944	66.914498	11.152416	33.457249	26.022305	18.587361	33.457249	11.152416	0	0	3.717472	3.717472	48.327138	0	14.869888	44.609665	92.936803	55.762082	52.04461	0	7.434944	0	0	33.457249	0	7.434944	14.869888	37.174721	3.717472	0	3.717472	0	0	0	3.717472	11.152416	0	0	3.717472	3.717472	104.089219	0	0	0	0	3.717472	0	0	0	18.587361	0	0	0	0	0	0	14.869888	7.434944	0	22.304833	0	11.152416	14.869888	104.089219	3.717472	11.152416	0	11.152416	3.717472	3.717472	22.304833	3.717472	0	0	3.717472	22.304833	0	0	0	0	0	0	0	0	0	0	18.587361	14.869888	85.501859	14.869888	70.63197	0	26.022305	7.434944	3.717472	3.717472	0	0	3.717472	0	0	0	7.434944	3.717472	22.304833	11.152416	0	0	37.174721	7.434944	0	22.304833	3.717472	0	0	11.152416	0	7.434944	0	0	0	0	0	33.457249	3.717472	0	3.717472	0	0	3.717472	0	0	3.717472	0	0	0	0	0	0	3.717472	3.717472	0	0	0	0	0	14.869888	3.717472	0	0	0	0	0	3.717472	0	0	7.434944	0	0	0	0	0	0	0	14.869888	0	0	0	0	0	0	0	0	0	0	0	0	0	0	0	0	0	0	0	0	0	0	0	0	0	0	0	115.241636	66.914498	267.657993	78.066914	163.568773	52.04461	171.003717	48.327138	22.304833	37.174721	14.869888	0	0	7.434944	22.304833	7.434944	14.869888	22.304833	48.327138	11.152416
38340.txt	menores_notas	249	64.257028	0	84.337349	16.064257	16.064257	8.032129	4.016064	0	0	0	0	8.032129	24.096386	4.016064	8.032129	12.048193	12.048193	0	0	8.032129	12.048193	0	0	0	16.064257	8.032129	0	0	8.032129	0	261.044177	140.562249	108.433735	12.048193	8.032129	4.016064	4.016064	76.305221	4.016064	68.273092	4.016064	0	40.160643	12.048193	16.064257	16.064257	24.096386	24.096386	4.016064	0	0	0	4.016064	28.11245	0	4.016064	20.080321	120.481928	52.208835	28.11245	4.016064	0	8.032129	0	20.080321	8.032129	4.016064	32.128514	56.2249	8.032129	4.016064	0	0	4.016064	0	0	4.016064	8.032129	20.080321	4.016064	0	108.433735	0	0	0	0	0	0	0	0	4.016064	0	0	0	0	4.016064	0	28.11245	0	8.032129	40.160643	20.080321	16.064257	16.064257	108.433735	8.032129	20.080321	0	4.016064	8.032129	4.016064	4.016064	12.048193	8.032129	0	16.064257	8.032129	0	4.016064	0	8.032129	0	0	4.016064	0	4.016064	4.016064	4.016064	16.064257	96.385542	12.048193	84.337349	4.016064	52.208835	0	12.048193	16.064257	0	0	0	0	0	4.016064	12.048193	0	24.096386	36.144578	4.016064	0	12.048193	12.048193	0	40.160643	16.064257	0	0	32.128514	0	4.016064	0	0	0	0	0	8.032129	0	0	0	0	0	0	0	0	0	0	0	0	0	0	0	8.032129	4.016064	0	0	0	0	4.016064	20.080321	0	0	0	0	0	0	52.208835	0	0	24.096386	0	0	0	4.016064	0	0	0	0	0	0	0	0	4.016064	0	0	0	0	0	0	0	0	8.032129	0	0	0	0	0	0	0	0	0	16.064257	0	0	0	148.594378	52.208835	261.044177	48.192771	184.738956	64.257028	184.738956	96.385542	28.11245	12.048193	0	4.016064	8.032129	12.048193	72.289157	12.048193	32.128514	12.048193	72.289157	56.2249
38395.txt	menores_notas	203	123.152709	0	68.965517	9.852217	14.778325	9.852217	14.778325	0	0	0	4.926108	9.852217	4.926108	4.926108	0	0	4.926108	0	14.778325	9.852217	9.852217	14.778325	29.55665	0	19.704433	9.852217	4.926108	0	4.926108	4.926108	280.788177	147.783251	93.596059	24.630542	9.852217	19.704433	4.926108	14.778325	14.778325	9.852217	14.778325	0	68.965517	0	64.039409	14.778325	0	19.704433	29.55665	4.926108	0	0	49.261084	14.778325	14.778325	0	44.334975	59.1133	34.482759	39.408867	0	19.704433	0	4.926108	0	0	9.852217	0	24.630542	4.926108	0	4.926108	0	0	0	0	0	0	0	0	0	73.891626	0	0	0	0	19.704433	4.926108	0	0	0	0	0	0	19.704433	0	0	29.55665	0	0	14.778325	4.926108	24.630542	19.704433	88.669951	9.852217	19.704433	0	9.852217	4.926108	4.926108	9.852217	4.926108	4.926108	0	4.926108	9.852217	0	4.926108	0	4.926108	0	0	4.926108	0	0	9.852217	9.852217	0	73.891626	0	68.965517	4.926108	34.482759	0	14.778325	0	0	0	0	0	0	4.926108	4.926108	0	29.55665	4.926108	0	0	9.852217	4.926108	0	14.778325	24.630542	0	4.926108	9.852217	0	0	0	0	0	14.778325	0	4.926108	4.926108	0	4.926108	0	0	4.926108	0	0	0	0	0	0	0	0	0	4.926108	0	0	0	0	0	0	0	0	4.926108	0	0	0	0	0	0	0	4.926108	0	0	0	0	0	0	0	0	4.926108	0	0	0	0	0	0	0	0	0	0	0	0	0	0	0	0	0	0	0	0	0	0	0	0	0	0	192.118227	73.891626	285.714286	78.817734	142.857143	49.261084	142.857143	54.187192	29.55665	9.852217	4.926108	0	0	4.926108	14.778325	9.852217	0	9.852217	59.1133	14.778325
38439.txt	menores_notas	254	102.362205	15.748031	62.992126	3.937008	11.811024	3.937008	0	7.874016	0	0	0	0	7.874016	0	0	0	3.937008	0	3.937008	0	35.433071	0	3.937008	3.937008	3.937008	0	0	0	0	19.685039	283.464567	165.354331	94.488189	15.748031	3.937008	7.874016	15.748031	82.677165	11.811024	43.307087	51.181102	0	47.244094	0	11.811024	7.874016	70.866142	11.811024	0	7.874016	0	3.937008	0	82.677165	0	59.055118	78.740157	86.614173	55.11811	19.685039	0	0	0	0	7.874016	7.874016	3.937008	11.811024	35.433071	11.811024	0	3.937008	0	0	0	0	3.937008	7.874016	0	0	0	51.181102	27.559055	7.874016	0	0	0	3.937008	0	0	3.937008	0	0	0	23.622047	7.874016	0	27.559055	7.874016	7.874016	19.685039	0	27.559055	27.559055	86.614173	7.874016	19.685039	0	3.937008	0	7.874016	15.748031	3.937008	0	0	3.937008	15.748031	0	0	0	0	0	0	0	0	0	0	23.622047	3.937008	98.425197	3.937008	62.992126	0	31.496063	3.937008	11.811024	0	0	0	3.937008	0	3.937008	7.874016	0	0	19.685039	15.748031	0	0	35.433071	0	0	19.685039	27.559055	0	0	7.874016	0	7.874016	0	0	0	0	0	27.559055	3.937008	3.937008	0	0	0	0	0	0	0	0	0	0	0	0	0	0	0	0	0	0	0	0	11.811024	0	0	0	0	0	0	7.874016	0	0	7.874016	0	0	0	0	0	0	0	0	0	0	0	0	0	0	0	0	0	0	0	0	0	0	0	0	0	0	0	0	0	0	0	0	0	0	0	118.110236	47.244094	303.149606	90.551181	157.480315	35.433071	165.354331	62.992126	35.433071	35.433071	0	0	0	0	19.685039	0	11.811024	15.748031	74.80315	7.874016
38445.txt	menores_notas	191	99.47644	5.235602	52.356021	10.471204	20.942408	5.235602	10.471204	0	0	0	0	10.471204	15.706806	15.706806	10.471204	0	5.235602	0	10.471204	10.471204	10.471204	0	15.706806	0	10.471204	10.471204	10.471204	0	0	20.942408	240.837696	125.65445	94.240838	10.471204	15.706806	0	5.235602	41.884817	5.235602	47.120419	26.17801	26.17801	52.356021	0	57.591623	10.471204	10.471204	15.706806	10.471204	10.471204	0	0	10.471204	47.120419	5.235602	10.471204	47.120419	73.298429	41.884817	31.413613	0	5.235602	0	5.235602	15.706806	0	20.942408	0	57.591623	0	0	5.235602	0	0	0	0	0	0	0	0	0	57.591623	5.235602	5.235602	0	0	10.471204	0	0	0	5.235602	0	5.235602	0	0	0	0	5.235602	0	5.235602	41.884817	0	26.17801	10.471204	68.062827	0	5.235602	0	10.471204	0	10.471204	5.235602	0	5.235602	0	0	5.235602	0	0	0	5.235602	0	0	0	0	0	0	5.235602	0	78.534031	31.413613	78.534031	0	41.884817	0	20.942408	0	0	0	5.235602	0	0	5.235602	10.471204	0	41.884817	5.235602	5.235602	0	10.471204	10.471204	0	36.649215	26.17801	0	0	15.706806	0	5.235602	0	0	0	0	0	10.471204	0	0	5.235602	0	0	5.235602	0	0	0	0	0	0	0	0	0	5.235602	5.235602	0	0	0	0	0	5.235602	0	0	5.235602	0	0	5.235602	26.17801	0	0	15.706806	0	0	0	0	0	0	0	5.235602	0	0	0	0	0	0	0	0	0	0	0	0	0	0	0	0	0	0	0	0	0	0	0	0	0	0	0	157.068063	68.062827	261.780105	78.534031	151.832461	31.413613	183.246073	78.534031	5.235602	10.471204	5.235602	0	0	10.471204	41.884817	5.235602	5.235602	5.235602	78.534031	15.706806
38451.txt	menores_notas	169	35.502959	11.83432	112.426036	5.91716	0	5.91716	5.91716	0	0	0	0	0	17.751479	0	0	0	0	0	0	5.91716	17.751479	0	0	5.91716	5.91716	0	0	0	0	29.585799	301.775148	136.094675	82.840237	0	5.91716	17.751479	0	82.840237	23.668639	59.171598	76.923077	29.585799	17.751479	11.83432	65.088757	11.83432	71.005917	5.91716	35.502959	23.668639	0	5.91716	59.171598	76.923077	0	59.171598	142.011834	88.757396	17.751479	11.83432	0	0	17.751479	0	23.668639	0	0	5.91716	29.585799	11.83432	0	0	0	0	0	0	0	0	5.91716	0	0	35.502959	11.83432	0	0	0	0	0	0	0	11.83432	0	0	0	0	0	0	5.91716	5.91716	5.91716	11.83432	0	23.668639	11.83432	47.337278	0	5.91716	0	5.91716	5.91716	0	0	0	0	0	11.83432	0	0	0	0	0	0	0	0	0	0	0	0	0	112.426036	29.585799	112.426036	5.91716	29.585799	0	0	5.91716	0	0	0	0	0	11.83432	11.83432	0	29.585799	0	0	0	17.751479	11.83432	0	11.83432	23.668639	5.91716	5.91716	5.91716	0	17.751479	0	0	0	0	0	0	0	11.83432	5.91716	0	0	0	0	0	0	0	0	0	0	0	0	5.91716	5.91716	0	0	0	0	0	5.91716	0	5.91716	0	0	0	0	0	0	0	0	17.751479	0	0	0	0	0	0	0	0	0	0	0	0	0	0	0	0	0	0	0	0	0	0	0	0	0	0	0	0	0	0	0	5.91716	0	0	47.337278	41.420118	331.360947	147.928994	106.508876	23.668639	242.60355	47.337278	11.83432	17.751479	0	0	0	11.83432	11.83432	11.83432	5.91716	0	47.337278	23.668639
38469.txt	menores_notas	292	89.041096	10.273973	54.794521	3.424658	6.849315	0	0	3.424658	0	0	0	3.424658	23.972603	0	3.424658	0	20.547945	0	6.849315	3.424658	30.821918	0	17.123288	6.849315	3.424658	3.424658	0	0	3.424658	20.547945	287.671233	126.712329	136.986301	51.369863	0	3.424658	3.424658	47.945205	13.69863	27.39726	30.821918	20.547945	51.369863	6.849315	23.972603	17.123288	41.09589	20.547945	3.424658	0	0	3.424658	17.123288	47.945205	3.424658	37.671233	44.520548	99.315068	30.821918	30.821918	10.273973	6.849315	3.424658	3.424658	23.972603	0	0	3.424658	51.369863	0	6.849315	3.424658	3.424658	0	0	0	3.424658	0	0	3.424658	0	78.767123	20.547945	0	0	0	0	0	0	0	0	0	0	0	0	0	0	13.69863	3.424658	3.424658	20.547945	0	10.273973	23.972603	99.315068	6.849315	10.273973	0	6.849315	0	13.69863	10.273973	6.849315	13.69863	3.424658	3.424658	10.273973	3.424658	3.424658	0	13.69863	0	0	3.424658	0	0	6.849315	3.424658	10.273973	95.890411	10.273973	58.219178	3.424658	27.39726	0	0	10.273973	0	0	3.424658	0	0	6.849315	6.849315	6.849315	20.547945	6.849315	3.424658	0	30.821918	6.849315	0	20.547945	10.273973	6.849315	0	6.849315	0	13.69863	0	0	0	0	0	10.273973	6.849315	10.273973	10.273973	0	3.424658	3.424658	0	0	0	0	0	0	0	0	0	6.849315	0	0	0	0	0	0	3.424658	0	3.424658	0	3.424658	3.424658	3.424658	10.273973	0	0	13.69863	10.273973	0	0	0	0	0	0	10.273973	0	0	0	0	0	0	0	0	0	0	0	0	0	0	0	0	0	0	0	0	0	0	0	0	3.424658	0	0	154.109589	75.342466	308.219178	82.191781	130.136986	71.917808	160.958904	65.068493	20.547945	30.821918	10.273973	0	0	6.849315	20.547945	6.849315	3.424658	20.547945	54.794521	13.69863
38495.txt	menores_notas	165	139.393939	6.060606	60.606061	12.121212	18.181818	0	6.060606	0	0	0	0	0	0	0	0	0	0	0	18.181818	6.060606	18.181818	0	18.181818	0	6.060606	0	0	0	0	12.121212	315.151515	157.575758	139.393939	18.181818	12.121212	0	6.060606	66.666667	0	60.606061	36.363636	0	72.727273	6.060606	48.484848	0	24.242424	12.121212	6.060606	12.121212	0	0	6.060606	60.606061	12.121212	18.181818	54.545455	72.727273	42.424242	18.181818	6.060606	6.060606	0	0	18.181818	12.121212	0	0	48.484848	6.060606	0	0	6.060606	0	0	0	0	0	0	0	0	54.545455	12.121212	6.060606	0	0	0	0	0	0	0	0	0	0	24.242424	0	0	12.121212	0	6.060606	6.060606	0	30.30303	6.060606	72.727273	12.121212	0	0	18.181818	0	12.121212	6.060606	0	6.060606	0	0	6.060606	6.060606	0	0	6.060606	0	0	0	0	0	0	6.060606	24.242424	96.969697	0	66.666667	0	42.424242	0	0	0	0	0	0	0	0	6.060606	12.121212	6.060606	24.242424	18.181818	0	0	18.181818	12.121212	0	6.060606	18.181818	0	0	0	0	0	0	0	0	0	0	18.181818	0	0	0	0	12.121212	0	0	0	0	0	0	0	0	0	0	12.121212	0	0	0	0	0	0	0	0	0	0	0	0	0	6.060606	0	0	0	0	0	0	0	0	0	0	18.181818	0	0	0	0	0	0	0	0	0	0	0	0	0	0	0	0	0	0	0	0	0	0	0	6.060606	0	0	0	206.060606	42.424242	327.272727	72.727273	115.151515	66.666667	163.636364	66.666667	12.121212	18.181818	18.181818	0	0	12.121212	6.060606	12.121212	0	12.121212	42.424242	0
38499.txt	menores_notas	307	81.433225	3.257329	42.345277	6.514658	22.801303	32.57329	3.257329	0	0	0	0	6.514658	13.029316	13.029316	3.257329	13.029316	9.771987	0	3.257329	0	39.087948	0	3.257329	0	32.57329	6.514658	3.257329	0	3.257329	13.029316	260.586319	97.71987	91.205212	22.801303	13.029316	29.315961	3.257329	58.631922	13.029316	39.087948	39.087948	6.514658	42.345277	0	68.403909	13.029316	42.345277	19.543974	22.801303	9.771987	0	3.257329	35.830619	71.661238	0	26.058632	78.175896	97.71987	26.058632	16.286645	0	0	0	0	22.801303	3.257329	0	13.029316	35.830619	3.257329	0	0	0	0	0	0	0	6.514658	3.257329	3.257329	0	68.403909	6.514658	0	0	0	0	0	0	0	3.257329	0	0	0	3.257329	0	0	6.514658	0	0	26.058632	0	6.514658	16.286645	74.918567	6.514658	3.257329	6.514658	29.315961	0	6.514658	19.543974	0	6.514658	0	0	16.286645	0	0	0	3.257329	3.257329	0	0	0	0	0	16.286645	39.087948	117.263844	16.286645	55.374593	0	39.087948	6.514658	0	0	0	0	0	0	6.514658	6.514658	0	0	42.345277	3.257329	0	0	35.830619	0	0	26.058632	3.257329	9.771987	0	9.771987	0	0	0	0	0	0	0	29.315961	6.514658	0	9.771987	0	0	0	0	0	0	0	0	0	0	0	0	0	0	0	0	0	0	13.029316	9.771987	0	0	0	0	0	0	19.543974	0	0	9.771987	0	0	0	0	0	0	0	3.257329	0	0	0	0	0	0	0	0	0	0	0	0	0	0	0	0	0	0	0	0	0	0	0	0	0	0	0	84.690554	78.175896	273.615635	120.521173	123.778502	48.859935	172.638436	58.631922	6.514658	35.830619	3.257329	0	0	0	39.087948	0	13.029316	16.286645	48.859935	13.029316
38506.txt	menores_notas	226	101.769912	4.424779	57.522124	4.424779	8.849558	22.123894	0	4.424779	0	0	0	0	22.123894	0	4.424779	0	8.849558	0	0	8.849558	8.849558	4.424779	4.424779	0	17.699115	0	0	0	0	0	256.637168	137.168142	39.823009	26.548673	4.424779	0	17.699115	39.823009	0	61.946903	35.39823	13.274336	88.495575	0	17.699115	13.274336	13.274336	13.274336	0	8.849558	0	0	4.424779	30.973451	0	4.424779	35.39823	141.59292	66.371681	17.699115	8.849558	4.424779	13.274336	4.424779	17.699115	0	0	0	70.79646	8.849558	13.274336	0	0	0	0	0	0	0	0	0	0	70.79646	13.274336	0	0	8.849558	0	4.424779	0	0	0	4.424779	4.424779	13.274336	8.849558	0	0	30.973451	13.274336	4.424779	48.672566	4.424779	8.849558	44.247788	97.345133	4.424779	26.548673	0	8.849558	0	0	35.39823	0	17.699115	0	4.424779	13.274336	0	0	0	17.699115	0	0	0	0	17.699115	0	8.849558	13.274336	88.495575	0	57.522124	0	53.097345	0	8.849558	0	0	0	4.424779	0	0	4.424779	4.424779	0	39.823009	13.274336	4.424779	4.424779	8.849558	4.424779	4.424779	48.672566	8.849558	0	0	4.424779	0	13.274336	0	0	0	0	0	8.849558	0	0	0	0	0	0	0	0	0	0	0	0	0	0	0	0	4.424779	0	0	0	0	4.424779	0	0	0	0	0	0	4.424779	22.123894	0	0	17.699115	4.424779	0	0	0	0	0	0	0	0	0	0	0	0	0	0	0	0	0	0	0	0	0	0	0	0	0	0	0	0	0	0	17.699115	0	0	0	106.19469	44.247788	256.637168	48.672566	207.964602	70.79646	146.017699	79.646018	44.247788	8.849558	0	0	0	4.424779	48.672566	4.424779	0	30.973451	106.19469	17.699115
38536.txt	menores_notas	320	100	3.125	81.25	3.125	3.125	21.875	6.25	0	0	0	0	6.25	6.25	0	3.125	0	3.125	0	3.125	3.125	21.875	0	6.25	0	25	9.375	0	0	6.25	15.625	253.125	84.375	93.75	46.875	6.25	9.375	9.375	37.5	0	37.5	31.25	9.375	78.125	12.5	12.5	40.625	18.75	34.375	0	0	0	0	6.25	25	9.375	9.375	18.75	56.25	87.5	53.125	6.25	15.625	6.25	3.125	15.625	15.625	0	9.375	25	12.5	3.125	0	3.125	0	0	3.125	0	0	15.625	0	3.125	90.625	25	3.125	0	12.5	0	0	0	0	6.25	0	3.125	0	9.375	0	0	21.875	9.375	28.125	9.375	0	15.625	31.25	131.25	3.125	18.75	0	12.5	0	0	12.5	9.375	9.375	3.125	0	9.375	0	3.125	0	9.375	0	0	3.125	0	0	3.125	12.5	6.25	59.375	6.25	81.25	0	12.5	0	18.75	25	3.125	0	0	0	0	3.125	21.875	6.25	12.5	0	0	3.125	21.875	21.875	0	9.375	12.5	6.25	3.125	0	0	25	0	0	0	0	0	18.75	0	0	12.5	0	0	12.5	0	3.125	6.25	0	0	0	0	0	0	15.625	6.25	0	0	0	0	0	0	0	3.125	0	0	0	0	6.25	0	0	6.25	21.875	0	0	0	0	0	0	9.375	0	0	0	0	0	0	0	0	0	0	0	0	0	0	0	0	0	0	0	0	0	0	0	6.25	0	0	0	103.125	43.75	275	71.875	168.75	46.875	146.875	71.875	34.375	21.875	9.375	0	0	21.875	18.75	21.875	21.875	15.625	56.25	6.25
38555.txt	menores_notas	191	78.534031	15.706806	47.120419	5.235602	15.706806	0	0	0	0	0	0	5.235602	31.413613	20.942408	5.235602	0	26.17801	5.235602	0	15.706806	41.884817	0	10.471204	0	15.706806	5.235602	0	0	5.235602	0	251.308901	104.712042	41.884817	31.413613	15.706806	26.17801	0	41.884817	0	31.413613	10.471204	0	78.534031	10.471204	47.120419	10.471204	26.17801	0	0	15.706806	0	0	15.706806	57.591623	0	5.235602	83.769634	99.47644	20.942408	26.17801	10.471204	10.471204	0	15.706806	10.471204	0	10.471204	5.235602	57.591623	10.471204	15.706806	5.235602	5.235602	5.235602	5.235602	0	5.235602	0	0	0	0	52.356021	5.235602	0	0	5.235602	0	0	0	0	15.706806	0	0	0	0	0	5.235602	0	5.235602	0	47.120419	10.471204	31.413613	0	62.827225	0	0	0	10.471204	0	0	0	0	5.235602	0	5.235602	0	0	5.235602	0	0	5.235602	0	5.235602	0	0	5.235602	0	10.471204	130.890052	41.884817	47.120419	0	15.706806	5.235602	0	0	0	0	0	0	10.471204	0	10.471204	0	10.471204	10.471204	5.235602	0	41.884817	10.471204	0	47.120419	31.413613	0	0	10.471204	0	10.471204	0	0	0	0	0	15.706806	0	15.706806	0	0	5.235602	0	0	0	0	0	0	0	0	0	0	10.471204	0	0	0	0	0	0	5.235602	0	0	0	0	0	0	26.17801	0	0	20.942408	15.706806	0	0	0	0	0	0	0	0	0	0	0	0	0	0	0	0	0	0	0	0	0	0	0	0	0	0	0	0	0	0	0	0	0	0	141.361257	104.712042	251.308901	83.769634	157.068063	31.413613	219.895288	47.120419	5.235602	41.884817	0	0	0	10.471204	47.120419	10.471204	5.235602	10.471204	78.534031	10.471204
38632.txt	menores_notas	207	57.971014	14.492754	53.140097	19.323671	14.492754	9.661836	9.661836	0	0	0	4.830918	0	14.492754	4.830918	0	9.661836	9.661836	0	14.492754	33.816425	33.816425	0	33.816425	9.661836	38.647343	4.830918	0	0	0	0	260.869565	135.2657	96.618357	38.647343	4.830918	9.661836	0	62.801932	0	57.971014	28.985507	0	62.801932	14.492754	28.985507	9.661836	14.492754	19.323671	4.830918	0	0	0	9.661836	33.816425	4.830918	9.661836	38.647343	120.772947	72.463768	24.154589	4.830918	4.830918	0	9.661836	0	24.154589	4.830918	0	28.985507	19.323671	0	4.830918	0	4.830918	0	0	0	0	0	4.830918	0	48.309179	28.985507	33.816425	4.830918	9.661836	0	0	4.830918	0	0	0	4.830918	0	28.985507	0	0	48.309179	0	4.830918	14.492754	0	19.323671	24.154589	125.603865	0	48.309179	0	0	14.492754	9.661836	4.830918	0	4.830918	0	9.661836	4.830918	0	0	0	0	4.830918	0	0	0	0	0	0	19.323671	82.125604	24.154589	67.63285	4.830918	24.154589	0	9.661836	4.830918	4.830918	0	0	4.830918	0	0	4.830918	14.492754	14.492754	19.323671	0	0	33.816425	0	4.830918	14.492754	19.323671	0	0	4.830918	0	4.830918	0	0	0	0	0	14.492754	14.492754	4.830918	0	0	0	0	0	0	0	0	0	0	0	0	0	0	0	0	0	0	0	0	0	0	0	0	0	0	0	28.985507	0	0	14.492754	0	0	0	0	0	0	0	24.154589	0	0	0	0	0	0	0	0	0	0	0	0	0	0	0	0	0	0	0	0	0	0	0	0	4.830918	4.830918	0	72.463768	111.111111	260.869565	57.971014	193.236715	43.478261	169.082126	67.63285	48.309179	33.816425	24.154589	0	0	0	14.492754	0	4.830918	4.830918	57.971014	9.661836
38637.txt	menores_notas	243	98.765432	0	12.345679	8.230453	16.460905	4.115226	0	0	0	0	0	8.230453	37.037037	0	0	0	16.460905	4.115226	8.230453	16.460905	45.26749	0	8.230453	0	20.576132	8.230453	0	0	8.230453	4.115226	242.798354	106.995885	102.880658	20.576132	12.345679	0	0	37.037037	4.115226	16.460905	57.613169	4.115226	78.1893	0	16.460905	4.115226	4.115226	16.460905	8.230453	0	0	0	8.230453	12.345679	0	0	4.115226	181.069959	37.037037	16.460905	4.115226	4.115226	0	4.115226	16.460905	4.115226	4.115226	12.345679	98.765432	8.230453	8.230453	0	4.115226	4.115226	0	0	4.115226	0	12.345679	4.115226	0	57.613169	32.921811	45.26749	0	0	0	0	0	0	4.115226	0	4.115226	0	0	0	0	28.806584	16.460905	12.345679	49.382716	16.460905	8.230453	16.460905	135.802469	0	24.691358	0	20.576132	0	12.345679	4.115226	0	16.460905	0	4.115226	4.115226	0	0	0	16.460905	0	0	0	0	0	0	0	4.115226	90.534979	12.345679	12.345679	0	49.382716	0	16.460905	4.115226	0	0	4.115226	4.115226	0	0	0	4.115226	28.806584	20.576132	0	0	45.26749	0	0	49.382716	8.230453	4.115226	0	16.460905	0	20.576132	0	0	4.115226	0	0	4.115226	12.345679	0	4.115226	0	0	0	0	0	0	0	0	0	0	0	0	0	0	0	0	0	0	0	4.115226	0	0	0	0	0	0	57.613169	0	0	37.037037	0	0	0	0	0	0	0	8.230453	0	0	0	0	0	0	0	0	0	0	0	0	0	0	0	0	0	0	0	0	0	0	0	4.115226	0	4.115226	0	111.111111	119.341564	255.144033	24.691358	218.106996	57.613169	115.226337	82.304527	41.152263	45.26749	8.230453	0	0	0	49.382716	0	16.460905	4.115226	74.074074	20.576132
38670.txt	menores_notas	255	78.431373	11.764706	78.431373	0	0	11.764706	3.921569	0	0	0	0	3.921569	3.921569	0	0	0	0	0	0	3.921569	19.607843	0	3.921569	7.843137	15.686275	3.921569	0	0	3.921569	11.764706	266.666667	121.568627	105.882353	27.45098	11.764706	3.921569	7.843137	50.980392	31.372549	50.980392	54.901961	3.921569	31.372549	19.607843	90.196078	15.686275	50.980392	43.137255	27.45098	3.921569	0	0	31.372549	82.352941	0	31.372549	82.352941	82.352941	66.666667	15.686275	3.921569	0	0	7.843137	15.686275	0	7.843137	23.529412	47.058824	0	0	0	3.921569	0	3.921569	0	7.843137	11.764706	3.921569	3.921569	0	62.745098	7.843137	0	0	0	0	3.921569	0	0	0	0	3.921569	7.843137	11.764706	0	0	23.529412	0	0	31.372549	0	19.607843	23.529412	78.431373	3.921569	23.529412	0	19.607843	0	19.607843	15.686275	7.843137	7.843137	0	11.764706	11.764706	3.921569	0	0	7.843137	0	0	0	0	0	3.921569	7.843137	23.529412	70.588235	7.843137	78.431373	0	62.745098	3.921569	0	7.843137	0	0	0	7.843137	0	23.529412	3.921569	3.921569	35.294118	7.843137	0	0	19.607843	3.921569	0	31.372549	15.686275	0	0	3.921569	0	3.921569	0	0	0	0	0	3.921569	0	7.843137	0	0	7.843137	0	0	0	0	0	0	0	0	0	0	3.921569	0	0	0	0	0	3.921569	23.529412	0	0	0	0	0	0	19.607843	0	0	3.921569	0	0	0	0	0	0	0	3.921569	0	0	0	0	0	0	0	0	0	0	0	0	0	0	0	0	0	0	0	0	0	0	0	3.921569	0	0	0	168.627451	31.372549	278.431373	129.411765	149.019608	86.27451	156.862745	90.196078	27.45098	19.607843	3.921569	0	0	3.921569	43.137255	7.843137	27.45098	15.686275	66.666667	7.843137
38674.txt	menores_notas	247	68.825911	16.194332	80.97166	0	4.048583	16.194332	0	0	0	0	0	0	16.194332	0	8.097166	0	12.145749	0	16.194332	4.048583	12.145749	4.048583	4.048583	0	16.194332	0	0	0	0	8.097166	279.352227	137.651822	125.506073	24.291498	0	4.048583	0	40.48583	24.291498	40.48583	20.242915	4.048583	40.48583	4.048583	52.631579	24.291498	48.582996	40.48583	8.097166	8.097166	0	0	16.194332	80.97166	0	28.340081	80.97166	113.360324	48.582996	32.388664	0	4.048583	0	20.242915	32.388664	4.048583	20.242915	4.048583	60.728745	8.097166	4.048583	4.048583	0	0	0	4.048583	8.097166	0	0	4.048583	0	56.680162	8.097166	0	0	8.097166	16.194332	0	0	0	8.097166	0	4.048583	0	8.097166	4.048583	0	4.048583	0	8.097166	60.728745	0	24.291498	4.048583	76.923077	0	4.048583	0	12.145749	4.048583	0	12.145749	0	4.048583	0	12.145749	4.048583	0	0	0	4.048583	0	0	0	0	0	4.048583	12.145749	8.097166	101.214575	0	85.020243	4.048583	20.242915	0	0	0	4.048583	0	8.097166	8.097166	0	0	0	0	16.194332	4.048583	0	0	12.145749	0	0	60.728745	20.242915	0	8.097166	12.145749	0	12.145749	4.048583	0	4.048583	0	4.048583	8.097166	4.048583	0	0	0	0	0	0	0	0	0	0	0	0	0	0	0	0	0	0	0	0	0	12.145749	0	0	0	4.048583	0	4.048583	36.437247	0	0	8.097166	8.097166	0	0	0	0	0	0	0	0	0	0	0	0	0	0	0	0	0	0	0	0	0	0	0	0	0	0	0	0	0	0	8.097166	0	0	0	165.991903	64.777328	287.449393	125.506073	174.089069	40.48583	186.234818	40.48583	4.048583	12.145749	0	0	0	0	60.728745	0	8.097166	16.194332	89.068826	24.291498
38677.txt	menores_notas	232	68.965517	8.62069	51.724138	8.62069	43.103448	38.793103	4.310345	0	0	0	0	8.62069	12.931034	4.310345	0	8.62069	8.62069	4.310345	0	4.310345	21.551724	4.310345	8.62069	8.62069	25.862069	8.62069	4.310345	4.310345	4.310345	0	254.310345	90.517241	94.827586	25.862069	8.62069	8.62069	0	38.793103	4.310345	34.482759	12.931034	0	60.344828	0	12.931034	17.241379	8.62069	4.310345	0	8.62069	0	0	12.931034	8.62069	0	0	34.482759	94.827586	56.034483	21.551724	8.62069	17.241379	12.931034	8.62069	0	17.241379	0	8.62069	8.62069	17.241379	0	12.931034	0	4.310345	0	0	0	4.310345	4.310345	0	0	81.896552	17.241379	0	0	8.62069	8.62069	0	0	0	12.931034	4.310345	4.310345	8.62069	0	0	0	8.62069	0	17.241379	12.931034	0	8.62069	30.172414	107.758621	0	8.62069	0	21.551724	0	4.310345	17.241379	0	17.241379	4.310345	0	12.931034	0	0	0	17.241379	0	4.310345	0	0	0	0	8.62069	0	64.655172	0	60.344828	4.310345	30.172414	4.310345	8.62069	0	4.310345	0	4.310345	12.931034	8.62069	0	12.931034	0	21.551724	21.551724	0	0	21.551724	12.931034	4.310345	12.931034	8.62069	0	0	25.862069	4.310345	4.310345	0	0	8.62069	0	0	0	4.310345	12.931034	21.551724	0	0	8.62069	0	0	0	0	4.310345	0	0	0	0	4.310345	8.62069	0	0	0	0	0	8.62069	0	0	0	0	0	0	0	0	0	12.931034	0	0	0	0	0	0	0	4.310345	0	0	0	0	0	4.310345	0	0	0	0	0	0	0	0	0	0	0	0	0	0	0	0	0	0	0	0	0	129.310345	68.965517	275.862069	38.793103	155.172414	64.655172	125	86.206897	8.62069	21.551724	4.310345	4.310345	0	12.931034	12.931034	12.931034	8.62069	17.241379	51.724138	0
38764.txt	menores_notas	200	90	5	75	5	10	15	0	0	0	0	0	15	25	5	10	0	25	0	0	5	30	0	5	0	20	5	5	0	0	0	270	80	140	50	10	0	0	20	0	10	60	0	40	0	30	10	10	15	0	5	0	0	5	25	0	0	15	195	25	15	5	10	0	15	20	0	15	15	120	15	0	5	5	0	0	0	10	5	0	10	0	55	35	0	0	0	5	0	0	0	0	0	0	0	5	0	0	10	0	0	65	0	75	15	90	0	10	0	5	0	5	20	0	15	0	5	5	0	0	0	10	5	0	0	0	0	10	15	0	40	0	75	0	60	5	0	0	0	0	0	0	5	0	5	0	40	25	5	0	30	5	0	55	75	5	0	15	15	5	0	0	0	0	0	25	0	0	5	0	0	5	0	0	0	0	0	0	0	0	0	0	0	0	0	0	0	10	15	0	0	0	0	0	0	0	0	0	20	5	0	0	10	0	0	0	5	0	0	0	0	0	0	0	0	0	0	0	0	0	0	0	0	0	0	0	0	0	0	0	40	5	0	0	170	90	270	40	240	55	115	80	10	30	5	0	0	5	55	5	15	30	155	25
38786.txt	menores_notas	257	124.513619	0	73.929961	7.782101	11.673152	0	3.891051	0	0	0	0	0	15.564202	0	0	0	15.564202	0	7.782101	0	15.564202	0	0	3.891051	0	0	0	0	0	31.128405	241.245136	167.315175	116.731518	15.564202	11.673152	3.891051	11.673152	85.603113	19.455253	66.14786	46.692607	19.455253	42.801556	23.346304	23.346304	19.455253	62.256809	35.019455	3.891051	0	0	3.891051	7.782101	77.821012	3.891051	31.128405	70.038911	70.038911	19.455253	23.346304	0	7.782101	3.891051	0	35.019455	3.891051	0	19.455253	23.346304	7.782101	3.891051	11.673152	0	3.891051	3.891051	0	15.564202	0	3.891051	0	0	66.14786	3.891051	0	0	0	0	0	0	0	3.891051	0	0	0	0	0	0	0	0	7.782101	31.128405	0	3.891051	7.782101	70.038911	0	0	0	3.891051	0	3.891051	0	0	0	0	0	0	0	0	0	0	0	0	0	0	0	0	3.891051	0	97.276265	11.673152	77.821012	0	42.801556	0	3.891051	3.891051	0	0	0	0	0	11.673152	7.782101	3.891051	38.910506	3.891051	0	0	15.564202	7.782101	0	31.128405	0	0	0	7.782101	0	15.564202	0	0	0	0	0	7.782101	3.891051	3.891051	3.891051	0	0	0	0	0	3.891051	0	0	3.891051	0	0	0	3.891051	3.891051	0	0	0	0	0	23.346304	0	0	0	0	0	3.891051	7.782101	0	0	11.673152	3.891051	0	0	0	0	0	0	3.891051	0	0	0	0	0	0	0	0	0	0	0	0	0	0	0	0	0	0	0	0	0	0	0	0	0	0	0	198.44358	38.910506	334.63035	105.058366	112.840467	11.673152	186.770428	66.14786	0	15.564202	3.891051	0	0	7.782101	31.128405	7.782101	19.455253	0	42.801556	7.782101
38794.txt	menores_notas	193	51.813472	51.813472	46.632124	20.725389	0	5.181347	0	5.181347	0	0	0	5.181347	20.725389	5.181347	0	0	10.362694	0	25.906736	0	10.362694	5.181347	25.906736	0	5.181347	5.181347	0	0	5.181347	10.362694	238.341969	119.170984	62.176166	20.725389	5.181347	10.362694	10.362694	36.26943	10.362694	36.26943	51.813472	15.544041	62.176166	0	62.176166	10.362694	31.088083	10.362694	0	5.181347	0	0	20.725389	41.450777	5.181347	15.544041	46.632124	77.720207	56.994819	15.544041	0	15.544041	0	0	10.362694	20.725389	0	46.632124	41.450777	10.362694	0	5.181347	0	0	0	0	20.725389	25.906736	15.544041	10.362694	0	82.901554	20.725389	0	0	0	10.362694	0	0	0	10.362694	0	0	0	0	0	0	31.088083	0	25.906736	62.176166	0	5.181347	20.725389	103.626943	0	31.088083	0	20.725389	0	15.544041	5.181347	5.181347	5.181347	0	5.181347	5.181347	0	5.181347	0	5.181347	0	0	5.181347	0	0	5.181347	5.181347	20.725389	113.989637	0	62.176166	0	10.362694	5.181347	10.362694	0	0	0	0	0	0	5.181347	15.544041	0	20.725389	5.181347	0	0	10.362694	10.362694	20.725389	56.994819	5.181347	0	0	0	0	10.362694	0	0	0	0	0	10.362694	0	0	5.181347	0	0	10.362694	0	0	0	0	0	0	0	0	0	5.181347	5.181347	0	0	0	0	0	46.632124	0	0	0	0	0	5.181347	5.181347	0	0	10.362694	10.362694	0	0	0	0	0	0	0	0	0	0	0	0	0	0	0	0	0	0	0	0	0	0	0	0	0	0	0	0	0	0	5.181347	0	0	0	103.626943	72.53886	248.704663	72.53886	181.34715	62.176166	176.165803	46.632124	31.088083	10.362694	0	0	0	10.362694	56.994819	10.362694	46.632124	10.362694	88.082902	5.181347
38891.txt	menores_notas	220	104.545455	9.090909	63.636364	18.181818	13.636364	9.090909	0	0	0	0	0	0	9.090909	0	0	0	0	0	9.090909	0	9.090909	0	9.090909	0	9.090909	0	0	0	0	9.090909	313.636364	113.636364	109.090909	31.818182	13.636364	0	0	68.181818	0	63.636364	18.181818	4.545455	86.363636	0	40.909091	31.818182	18.181818	31.818182	4.545455	9.090909	0	0	9.090909	40.909091	0	4.545455	31.818182	59.090909	59.090909	31.818182	0	0	4.545455	0	0	9.090909	0	18.181818	40.909091	4.545455	0	0	0	0	0	0	9.090909	9.090909	0	9.090909	0	77.272727	0	0	0	0	0	0	0	0	4.545455	0	0	0	27.272727	0	0	22.727273	9.090909	18.181818	27.272727	0	18.181818	22.727273	77.272727	0	9.090909	0	0	0	4.545455	4.545455	0	0	0	0	4.545455	4.545455	4.545455	4.545455	0	0	0	4.545455	0	4.545455	0	4.545455	13.636364	90.909091	18.181818	63.636364	13.636364	63.636364	0	9.090909	9.090909	0	0	0	0	9.090909	0	0	0	50	22.727273	0	0	9.090909	0	0	27.272727	13.636364	0	0	9.090909	0	13.636364	0	0	0	0	0	4.545455	4.545455	4.545455	0	0	0	0	0	0	0	0	0	0	0	0	0	0	0	0	0	0	0	0	18.181818	0	0	0	0	0	0	9.090909	0	0	0	9.090909	0	0	0	0	0	0	4.545455	0	0	0	0	0	0	0	0	0	0	0	0	0	0	0	0	0	0	0	0	0	0	0	9.090909	0	0	0	113.636364	18.181818	322.727273	86.363636	136.363636	31.818182	163.636364	90.909091	18.181818	9.090909	4.545455	0	0	0	27.272727	0	18.181818	22.727273	68.181818	31.818182
38917.txt	menores_notas	273	117.216117	7.326007	47.619048	0	10.989011	0	0	0	0	0	0	0	14.652015	0	0	0	0	0	10.989011	3.663004	29.304029	0	10.989011	10.989011	3.663004	0	0	0	0	14.652015	241.758242	128.205128	80.586081	32.967033	21.978022	3.663004	7.326007	54.945055	0	40.29304	14.652015	7.326007	84.249084	0	73.260073	21.978022	47.619048	18.315018	21.978022	21.978022	0	3.663004	51.282051	69.59707	3.663004	40.29304	124.542125	102.564103	18.315018	36.630037	10.989011	3.663004	18.315018	3.663004	14.652015	0	3.663004	3.663004	62.271062	3.663004	0	0	7.326007	0	0	0	3.663004	0	0	3.663004	0	69.59707	3.663004	3.663004	3.663004	21.978022	0	3.663004	0	0	0	0	10.989011	0	0	0	0	40.29304	29.304029	3.663004	14.652015	0	0	25.641026	102.564103	18.315018	21.978022	0	25.641026	0	3.663004	0	0	18.315018	0	3.663004	0	0	3.663004	0	18.315018	0	0	3.663004	0	0	0	0	18.315018	69.59707	0	54.945055	0	43.956044	0	3.663004	0	0	0	3.663004	0	0	10.989011	14.652015	14.652015	32.967033	10.989011	3.663004	0	29.304029	14.652015	0	14.652015	0	3.663004	0	7.326007	0	29.304029	0	0	0	0	0	14.652015	3.663004	10.989011	3.663004	0	0	0	0	0	3.663004	3.663004	0	0	0	0	0	14.652015	0	0	0	0	0	0	3.663004	0	3.663004	0	0	0	3.663004	14.652015	0	0	0	0	0	0	0	0	0	0	14.652015	0	0	0	0	0	0	0	0	0	0	0	0	0	0	0	0	0	0	0	0	0	0	0	10.989011	0	0	0	172.161172	58.608059	256.410256	142.857143	157.509158	62.271062	124.542125	95.238095	69.59707	29.304029	14.652015	0	0	14.652015	21.978022	14.652015	3.663004	3.663004	40.29304	10.989011
38928.txt	menores_notas	354	118.644068	5.649718	62.146893	14.124294	5.649718	11.299435	11.299435	5.649718	0	2.824859	0	2.824859	19.774011	0	2.824859	0	16.949153	0	0	2.824859	16.949153	0	5.649718	2.824859	14.124294	2.824859	0	0	2.824859	22.59887	288.135593	115.819209	146.892655	22.59887	5.649718	8.474576	2.824859	53.672316	5.649718	16.949153	39.548023	11.299435	70.621469	0	28.248588	11.299435	31.073446	25.423729	0	0	0	5.649718	2.824859	48.022599	0	19.774011	33.898305	112.99435	28.248588	25.423729	5.649718	0	5.649718	2.824859	36.723164	5.649718	5.649718	5.649718	64.971751	5.649718	0	0	0	5.649718	0	2.824859	0	0	5.649718	0	2.824859	84.745763	5.649718	0	0	5.649718	0	0	0	0	5.649718	0	0	0	8.474576	0	0	28.248588	2.824859	2.824859	5.649718	0	16.949153	25.423729	96.045198	22.59887	11.299435	0	5.649718	0	2.824859	5.649718	5.649718	8.474576	0	11.299435	5.649718	0	0	0	8.474576	0	0	0	0	2.824859	2.824859	2.824859	8.474576	84.745763	14.124294	64.971751	0	33.898305	0	0	5.649718	2.824859	0	0	0	8.474576	0	5.649718	2.824859	8.474576	16.949153	5.649718	0	16.949153	5.649718	0	2.824859	14.124294	5.649718	0	0	0	2.824859	0	0	0	0	0	16.949153	0	2.824859	8.474576	0	0	0	0	2.824859	0	2.824859	0	0	0	0	0	2.824859	2.824859	0	0	0	0	0	2.824859	0	0	0	0	0	0	2.824859	2.824859	0	16.949153	2.824859	0	0	0	0	0	0	2.824859	0	0	0	0	0	0	0	0	0	0	0	0	0	0	0	0	2.824859	0	0	0	0	2.824859	0	0	0	0	0	186.440678	50.847458	313.559322	62.146893	141.242938	50.847458	163.841808	59.322034	28.248588	16.949153	2.824859	0	2.824859	5.649718	8.474576	2.824859	8.474576	11.299435	48.022599	0
38957.txt	menores_notas	210	52.380952	19.047619	42.857143	0	57.142857	14.285714	9.52381	0	0	0	0	9.52381	33.333333	9.52381	14.285714	9.52381	14.285714	4.761905	4.761905	9.52381	19.047619	14.285714	9.52381	0	23.809524	9.52381	4.761905	0	4.761905	9.52381	209.52381	80.952381	52.380952	14.285714	23.809524	4.761905	4.761905	19.047619	4.761905	9.52381	23.809524	4.761905	19.047619	0	19.047619	28.571429	9.52381	9.52381	0	0	4.761905	0	0	33.333333	0	4.761905	33.333333	128.571429	28.571429	14.285714	14.285714	4.761905	4.761905	4.761905	19.047619	9.52381	0	4.761905	52.380952	4.761905	0	14.285714	4.761905	4.761905	4.761905	0	0	0	4.761905	0	0	80.952381	4.761905	0	0	4.761905	0	0	0	0	4.761905	0	4.761905	0	0	0	0	9.52381	0	9.52381	9.52381	0	23.809524	42.857143	95.238095	4.761905	4.761905	0	14.285714	0	9.52381	28.571429	9.52381	23.809524	0	19.047619	19.047619	4.761905	0	0	23.809524	4.761905	0	0	0	9.52381	0	19.047619	9.52381	80.952381	4.761905	57.142857	0	19.047619	0	14.285714	4.761905	4.761905	0	4.761905	0	0	4.761905	0	4.761905	4.761905	19.047619	4.761905	0	19.047619	0	4.761905	9.52381	23.809524	28.571429	0	33.333333	0	4.761905	0	0	0	9.52381	0	14.285714	4.761905	0	19.047619	0	0	0	0	0	0	0	0	0	0	0	0	0	0	0	0	0	0	0	0	0	0	0	0	0	0	4.761905	0	0	28.571429	4.761905	0	0	0	0	0	0	9.52381	4.761905	0	0	0	0	0	0	0	0	0	0	0	0	0	0	0	0	0	0	0	0	0	0	0	0	0	0	71.428571	109.52381	219.047619	57.142857	176.190476	109.52381	142.857143	61.904762	9.52381	19.047619	14.285714	0	0	0	9.52381	0	4.761905	33.333333	76.190476	33.333333
38970.txt	menores_notas	241	74.688797	20.746888	70.539419	12.448133	4.149378	8.298755	4.149378	0	0	0	0	0	29.045643	0	0	4.149378	20.746888	0	0	8.298755	24.896266	0	8.298755	0	16.59751	0	0	0	0	37.344398	278.008299	128.630705	82.987552	12.448133	0	8.298755	16.59751	62.240664	0	45.643154	53.941909	53.941909	41.493776	4.149378	37.344398	0	4.149378	20.746888	0	0	0	0	12.448133	20.746888	4.149378	4.149378	12.448133	87.136929	16.59751	8.298755	0	8.298755	0	0	4.149378	0	0	12.448133	45.643154	4.149378	0	12.448133	0	0	0	0	4.149378	8.298755	0	4.149378	0	33.195021	12.448133	4.149378	0	4.149378	0	0	0	0	8.298755	0	0	0	0	0	0	16.59751	4.149378	0	33.195021	0	12.448133	16.59751	53.941909	0	16.59751	0	0	0	16.59751	8.298755	0	12.448133	0	20.746888	0	0	0	0	12.448133	4.149378	0	0	0	4.149378	4.149378	12.448133	0	141.078838	8.298755	70.539419	0	24.896266	0	16.59751	0	0	0	0	0	8.298755	4.149378	0	4.149378	24.896266	0	0	0	24.896266	0	0	29.045643	12.448133	0	4.149378	0	0	8.298755	0	0	0	0	0	24.896266	0	0	4.149378	0	0	0	0	0	0	0	0	0	0	0	0	0	0	0	0	0	0	0	12.448133	0	4.149378	0	0	0	0	12.448133	0	0	24.896266	4.149378	0	0	0	0	0	0	4.149378	0	0	0	0	0	0	0	0	0	0	0	0	0	0	0	0	0	0	0	0	0	0	0	4.149378	0	0	0	165.975104	66.390041	315.352697	41.493776	116.182573	66.390041	219.917012	58.091286	20.746888	24.896266	4.149378	0	0	0	29.045643	0	12.448133	8.298755	62.240664	0
39063.txt	menores_notas	241	103.73444	4.149378	62.240664	16.59751	4.149378	45.643154	4.149378	0	0	0	0	4.149378	12.448133	8.298755	0	8.298755	8.298755	0	8.298755	8.298755	20.746888	0	16.59751	4.149378	45.643154	8.298755	0	0	8.298755	0	278.008299	107.883817	161.825726	33.195021	8.298755	8.298755	0	33.195021	0	20.746888	24.896266	4.149378	41.493776	0	20.746888	8.298755	8.298755	12.448133	8.298755	0	0	0	4.149378	16.59751	0	0	12.448133	95.435685	91.286307	29.045643	0	4.149378	8.298755	0	12.448133	8.298755	8.298755	16.59751	37.344398	8.298755	12.448133	12.448133	0	0	0	0	4.149378	0	12.448133	8.298755	0	95.435685	8.298755	0	0	0	0	0	0	0	0	0	0	0	45.643154	0	0	37.344398	4.149378	16.59751	24.896266	0	53.941909	29.045643	103.73444	4.149378	29.045643	0	12.448133	0	0	12.448133	4.149378	16.59751	0	0	8.298755	0	0	0	12.448133	4.149378	0	0	0	0	0	8.298755	4.149378	74.688797	12.448133	62.240664	4.149378	37.344398	0	12.448133	4.149378	0	0	0	0	4.149378	0	4.149378	0	24.896266	20.746888	0	0	20.746888	4.149378	0	24.896266	37.344398	8.298755	4.149378	0	0	8.298755	0	0	0	0	0	12.448133	8.298755	4.149378	8.298755	0	0	0	0	0	0	0	0	0	0	0	0	4.149378	0	0	0	0	0	0	12.448133	0	0	0	0	0	4.149378	16.59751	0	0	8.298755	8.298755	0	0	0	0	0	0	0	4.149378	0	0	0	0	0	0	0	0	0	0	0	0	0	0	0	0	0	0	0	0	0	0	4.149378	0	0	0	170.124481	66.390041	278.008299	29.045643	211.618257	45.643154	149.377593	58.091286	41.493776	20.746888	4.149378	0	0	4.149378	20.746888	4.149378	16.59751	0	107.883817	8.298755
39065.txt	menores_notas	208	76.923077	24.038462	38.461538	4.807692	0	9.615385	0	0	0	0	0	0	9.615385	0	4.807692	0	4.807692	0	14.423077	9.615385	24.038462	4.807692	28.846154	0	14.423077	0	0	0	0	14.423077	235.576923	81.730769	129.807692	28.846154	14.423077	0	4.807692	28.846154	0	28.846154	57.692308	9.615385	38.461538	0	52.884615	19.230769	33.653846	33.653846	0	0	0	9.615385	9.615385	43.269231	0	14.423077	38.461538	120.192308	72.115385	62.5	0	0	0	0	9.615385	14.423077	0	19.230769	76.923077	4.807692	0	4.807692	0	0	0	0	4.807692	4.807692	9.615385	4.807692	0	72.115385	9.615385	0	0	4.807692	0	9.615385	14.423077	4.807692	9.615385	0	0	0	0	0	0	14.423077	0	0	48.076923	4.807692	14.423077	4.807692	96.153846	0	14.423077	0	19.230769	0	9.615385	28.846154	0	19.230769	0	9.615385	0	0	0	0	19.230769	0	0	0	0	0	4.807692	33.653846	28.846154	76.923077	14.423077	38.461538	0	19.230769	4.807692	0	14.423077	4.807692	0	0	0	9.615385	24.038462	0	14.423077	24.038462	0	0	0	24.038462	0	0	48.076923	14.423077	0	4.807692	9.615385	0	4.807692	4.807692	0	4.807692	4.807692	0	19.230769	0	4.807692	0	0	0	0	0	0	0	0	0	0	0	0	0	0	0	0	0	0	0	0	9.615385	0	0	0	0	0	0	19.230769	0	0	9.615385	0	0	0	0	0	0	0	19.230769	0	0	0	0	0	0	0	0	0	0	0	0	0	0	0	0	0	0	0	0	0	0	0	4.807692	0	0	0	139.423077	72.115385	250	76.923077	187.5	96.153846	125	91.346154	14.423077	24.038462	19.230769	0	0	0	48.076923	0	19.230769	4.807692	67.307692	19.230769
39124.txt	menores_notas	297	124.579125	23.569024	63.973064	6.734007	6.734007	10.10101	10.10101	6.734007	0	0	0	3.367003	16.835017	0	3.367003	0	10.10101	3.367003	0	10.10101	16.835017	3.367003	6.734007	3.367003	16.835017	6.734007	3.367003	0	3.367003	20.20202	249.158249	70.707071	101.010101	47.138047	3.367003	6.734007	3.367003	37.037037	0	30.30303	30.30303	10.10101	90.909091	0	20.20202	26.936027	16.835017	26.936027	6.734007	3.367003	0	6.734007	10.10101	30.30303	0	13.468013	43.771044	117.845118	50.505051	37.037037	16.835017	6.734007	6.734007	3.367003	10.10101	3.367003	0	10.10101	43.771044	26.936027	0	6.734007	10.10101	0	0	0	3.367003	3.367003	0	3.367003	0	23.569024	70.707071	33.670034	0	0	0	0	6.734007	0	3.367003	0	0	0	3.367003	0	0	13.468013	3.367003	0	10.10101	3.367003	13.468013	16.835017	127.946128	0	13.468013	0	23.569024	0	0	6.734007	3.367003	20.20202	0	3.367003	3.367003	0	0	0	20.20202	0	0	0	0	0	3.367003	6.734007	10.10101	57.239057	0	63.973064	0	50.505051	0	0	10.10101	0	0	0	3.367003	6.734007	0	3.367003	0	16.835017	37.037037	0	0	16.835017	3.367003	3.367003	13.468013	13.468013	0	0	26.936027	0	13.468013	0	0	16.835017	0	0	10.10101	3.367003	0	0	0	0	0	0	0	0	0	0	0	0	0	0	0	3.367003	0	0	0	0	0	6.734007	0	0	0	0	0	3.367003	3.367003	0	0	6.734007	10.10101	0	0	0	0	0	0	3.367003	0	0	0	0	0	0	0	0	0	0	0	0	0	0	0	0	0	0	0	0	3.367003	0	0	6.734007	0	0	0	148.148148	47.138047	269.360269	67.340067	178.451178	60.606061	121.212121	70.707071	16.835017	16.835017	3.367003	0	3.367003	3.367003	13.468013	0	10.10101	6.734007	43.771044	33.670034
39164.txt	menores_notas	124	72.580645	16.129032	48.387097	0	24.193548	16.129032	8.064516	0	0	0	0	16.129032	16.129032	8.064516	0	0	8.064516	0	0	0	32.258065	8.064516	8.064516	8.064516	16.129032	16.129032	0	0	16.129032	0	241.935484	177.419355	48.387097	16.129032	0	16.129032	16.129032	0	16.129032	8.064516	16.129032	0	24.193548	0	8.064516	8.064516	0	8.064516	0	8.064516	0	0	0	8.064516	0	0	8.064516	161.290323	40.322581	32.258065	0	56.451613	0	24.193548	8.064516	8.064516	16.129032	0	40.322581	8.064516	0	40.322581	0	0	0	0	0	0	0	0	0	104.83871	0	0	0	0	0	0	0	0	0	0	0	0	0	0	0	16.129032	8.064516	8.064516	40.322581	0	48.387097	8.064516	104.83871	0	16.129032	0	24.193548	16.129032	16.129032	0	8.064516	32.258065	0	8.064516	0	0	0	0	16.129032	16.129032	0	0	0	0	8.064516	0	40.322581	96.774194	8.064516	48.387097	0	40.322581	8.064516	24.193548	0	0	0	8.064516	0	0	0	0	0	32.258065	40.322581	0	0	32.258065	0	8.064516	40.322581	48.387097	0	0	0	0	16.129032	0	8.064516	0	0	0	8.064516	8.064516	0	0	0	0	0	0	0	0	0	0	0	0	0	0	0	0	0	0	0	16.129032	16.129032	0	0	0	0	0	0	0	48.387097	0	0	16.129032	0	0	0	0	0	0	0	0	0	0	0	0	0	0	0	0	0	0	0	0	0	0	0	0	0	0	0	0	0	0	0	16.129032	0	0	0	137.096774	88.709677	241.935484	24.193548	201.612903	104.83871	153.225806	80.645161	24.193548	32.258065	0	0	0	0	64.516129	0	0	8.064516	96.774194	0
39302.txt	menores_notas	299	70.234114	6.688963	60.200669	0	36.789298	13.377926	3.344482	0	0	0	0	6.688963	20.06689	10.033445	20.06689	10.033445	0	0	6.688963	20.06689	23.411371	3.344482	13.377926	6.688963	26.755853	6.688963	0	3.344482	3.344482	0	260.869565	113.712375	130.434783	56.856187	10.033445	6.688963	0	33.444816	0	26.755853	6.688963	3.344482	40.133779	0	50.167224	26.755853	26.755853	30.100334	16.722408	0	0	3.344482	30.100334	46.822742	3.344482	16.722408	43.478261	110.367893	46.822742	23.411371	10.033445	3.344482	10.033445	0	33.444816	10.033445	10.033445	10.033445	60.200669	6.688963	3.344482	6.688963	0	6.688963	0	0	6.688963	0	3.344482	3.344482	0	63.545151	0	0	0	0	6.688963	0	0	0	13.377926	0	0	0	33.444816	0	0	10.033445	0	3.344482	20.06689	3.344482	43.478261	23.411371	63.545151	0	10.033445	0	13.377926	0	3.344482	16.722408	0	16.722408	0	6.688963	3.344482	0	0	0	16.722408	0	0	0	0	0	3.344482	10.033445	13.377926	76.923077	0	60.200669	6.688963	36.789298	3.344482	6.688963	0	0	0	0	0	3.344482	3.344482	0	0	20.06689	13.377926	6.688963	0	23.411371	0	3.344482	23.411371	40.133779	10.033445	0	6.688963	0	0	0	0	0	0	0	16.722408	3.344482	3.344482	10.033445	0	0	0	0	0	0	0	0	0	0	0	0	0	0	0	0	0	0	0	10.033445	0	0	0	0	0	0	20.06689	0	0	13.377926	6.688963	0	0	0	0	0	0	6.688963	0	0	0	0	3.344482	6.688963	0	0	0	0	0	0	0	0	0	0	0	0	0	0	0	0	0	3.344482	6.688963	0	0	76.923077	93.645485	260.869565	103.67893	163.879599	60.200669	140.468227	60.200669	10.033445	23.411371	6.688963	10.033445	0	0	33.444816	0	10.033445	3.344482	90.301003	16.722408
39349.txt	menores_notas	180	77.777778	22.222222	33.333333	16.666667	0	44.444444	0	0	0	0	0	0	0	0	0	0	0	0	27.777778	0	33.333333	0	22.222222	5.555556	44.444444	11.111111	0	0	11.111111	0	261.111111	133.333333	116.666667	27.777778	0	5.555556	16.666667	38.888889	22.222222	44.444444	16.666667	11.111111	33.333333	0	44.444444	0	11.111111	16.666667	22.222222	5.555556	0	0	27.777778	22.222222	0	5.555556	38.888889	83.333333	50	27.777778	0	0	5.555556	5.555556	5.555556	5.555556	0	44.444444	83.333333	0	0	0	0	0	0	5.555556	22.222222	16.666667	0	5.555556	5.555556	77.777778	0	0	0	0	0	0	0	0	11.111111	0	5.555556	0	11.111111	0	0	50	0	5.555556	55.555556	0	16.666667	27.777778	77.777778	0	50	0	16.666667	0	11.111111	11.111111	5.555556	0	5.555556	11.111111	0	0	0	0	0	0	5.555556	0	0	0	0	11.111111	0	105.555556	5.555556	44.444444	0	33.333333	0	5.555556	11.111111	5.555556	0	0	0	0	11.111111	0	0	11.111111	27.777778	0	0	33.333333	0	0	55.555556	11.111111	0	0	5.555556	0	0	0	0	0	0	0	27.777778	0	0	5.555556	0	0	0	0	0	0	0	0	0	0	0	0	0	0	0	0	0	0	0	44.444444	5.555556	0	0	0	0	0	5.555556	0	0	0	0	0	0	0	0	0	0	16.666667	0	0	0	0	0	0	0	0	0	0	0	0	0	0	0	0	0	0	0	0	0	0	0	0	0	0	0	100	66.666667	261.111111	55.555556	188.888889	61.111111	155.555556	66.666667	50	33.333333	16.666667	0	0	0	55.555556	0	44.444444	5.555556	100	5.555556
39379.txt	menores_notas	329	103.343465	9.118541	57.75076	3.039514	3.039514	21.276596	12.158055	0	0	0	0	3.039514	6.079027	12.158055	3.039514	9.118541	9.118541	3.039514	15.197568	24.316109	15.197568	3.039514	21.276596	3.039514	42.553191	12.158055	0	0	12.158055	0	197.568389	75.987842	97.264438	33.43465	3.039514	6.079027	3.039514	15.197568	3.039514	15.197568	33.43465	0	79.027356	3.039514	24.316109	12.158055	6.079027	21.276596	3.039514	0	0	3.039514	0	30.395137	0	3.039514	9.118541	142.857143	45.592705	30.395137	0	12.158055	0	3.039514	6.079027	6.079027	24.316109	18.237082	33.43465	9.118541	3.039514	9.118541	0	0	0	0	6.079027	3.039514	3.039514	12.158055	0	75.987842	6.079027	0	0	12.158055	6.079027	18.237082	0	0	0	3.039514	0	0	12.158055	0	0	9.118541	0	0	39.513678	6.079027	27.355623	12.158055	112.462006	3.039514	6.079027	0	12.158055	0	6.079027	18.237082	12.158055	21.276596	0	15.197568	9.118541	0	3.039514	0	18.237082	3.039514	0	3.039514	0	0	9.118541	18.237082	15.197568	97.264438	6.079027	60.790274	0	36.474164	6.079027	6.079027	9.118541	3.039514	0	0	0	0	9.118541	9.118541	3.039514	18.237082	27.355623	0	0	12.158055	9.118541	3.039514	27.355623	21.276596	0	3.039514	15.197568	3.039514	3.039514	3.039514	0	0	0	0	6.079027	6.079027	3.039514	3.039514	0	0	3.039514	0	0	0	0	0	0	0	0	0	9.118541	0	0	0	0	3.039514	3.039514	15.197568	0	0	0	0	0	0	12.158055	0	0	6.079027	0	0	0	3.039514	0	0	0	3.039514	3.039514	0	0	0	0	0	0	0	0	0	0	0	0	0	0	0	0	0	0	0	0	0	0	0	0	0	0	115.50152	115.50152	215.805471	39.513678	185.410334	85.106383	164.133739	82.066869	9.118541	15.197568	6.079027	0	0	9.118541	39.513678	3.039514	18.237082	0	79.027356	9.118541
39436.txt	menores_notas	186	75.268817	5.376344	43.010753	16.129032	37.634409	16.129032	0	0	0	0	0	5.376344	10.752688	10.752688	5.376344	10.752688	5.376344	0	10.752688	0	5.376344	0	16.129032	0	16.129032	16.129032	0	0	16.129032	5.376344	263.44086	118.27957	107.526882	26.88172	5.376344	10.752688	0	21.505376	0	32.258065	26.88172	0	48.387097	16.129032	59.139785	0	21.505376	32.258065	5.376344	5.376344	0	10.752688	26.88172	48.387097	0	5.376344	32.258065	112.903226	26.88172	5.376344	0	10.752688	0	0	16.129032	5.376344	16.129032	26.88172	48.387097	10.752688	0	10.752688	0	0	0	0	10.752688	10.752688	5.376344	5.376344	0	48.387097	16.129032	32.258065	0	5.376344	0	5.376344	0	0	0	0	5.376344	0	21.505376	0	0	0	0	5.376344	32.258065	5.376344	10.752688	5.376344	118.27957	0	0	0	37.634409	5.376344	5.376344	5.376344	0	10.752688	0	5.376344	5.376344	0	0	0	5.376344	5.376344	0	0	0	0	0	0	10.752688	80.645161	0	64.516129	5.376344	48.387097	0	0	21.505376	5.376344	0	0	5.376344	0	0	10.752688	0	26.88172	21.505376	0	0	5.376344	5.376344	0	32.258065	10.752688	0	0	53.763441	0	0	0	0	0	0	0	0	5.376344	5.376344	0	0	0	5.376344	0	0	0	0	0	0	0	0	0	5.376344	0	0	0	0	0	10.752688	26.88172	0	0	0	0	0	0	26.88172	0	0	10.752688	0	0	0	0	0	0	0	0	0	0	0	0	0	0	0	0	0	0	0	0	0	0	0	0	0	0	0	0	0	0	0	5.376344	5.376344	0	0	123.655914	43.010753	268.817204	80.645161	161.290323	69.892473	150.537634	86.021505	0	5.376344	0	0	0	5.376344	37.634409	5.376344	26.88172	5.376344	53.763441	16.129032
39446.txt	menores_notas	144	76.388889	13.888889	62.5	13.888889	0	0	6.944444	0	0	0	0	0	27.777778	13.888889	0	0	20.833333	0	6.944444	6.944444	6.944444	13.888889	6.944444	0	6.944444	0	0	0	0	0	263.888889	173.611111	48.611111	20.833333	0	0	6.944444	48.611111	0	27.777778	0	6.944444	48.611111	6.944444	34.722222	0	13.888889	27.777778	6.944444	0	6.944444	0	6.944444	48.611111	6.944444	6.944444	27.777778	138.888889	48.611111	20.833333	0	34.722222	6.944444	6.944444	0	13.888889	13.888889	6.944444	62.5	6.944444	0	6.944444	0	0	0	0	6.944444	0	0	0	0	76.388889	0	0	0	0	13.888889	6.944444	0	0	6.944444	0	0	0	27.777778	0	0	0	0	20.833333	48.611111	0	48.611111	6.944444	83.333333	0	0	0	13.888889	0	27.777778	27.777778	0	13.888889	0	6.944444	0	0	0	0	13.888889	0	0	0	0	0	6.944444	20.833333	27.777778	111.111111	0	69.444444	0	48.611111	0	0	0	0	0	6.944444	0	6.944444	0	13.888889	6.944444	13.888889	34.722222	0	0	6.944444	13.888889	13.888889	48.611111	34.722222	6.944444	0	20.833333	0	6.944444	0	0	0	0	0	0	6.944444	0	6.944444	0	0	13.888889	0	0	0	0	0	0	0	0	0	13.888889	0	0	0	0	0	0	27.777778	0	0	0	0	0	6.944444	20.833333	6.944444	0	13.888889	13.888889	0	0	0	0	0	0	20.833333	0	0	0	0	0	0	0	0	13.888889	0	0	0	0	0	0	0	0	0	0	0	0	0	0	6.944444	0	0	0	152.777778	83.333333	263.888889	55.555556	194.444444	97.222222	180.555556	69.444444	0	6.944444	20.833333	13.888889	0	13.888889	48.611111	27.777778	6.944444	0	104.166667	27.777778
39493.txt	menores_notas	120	108.333333	0	66.666667	0	16.666667	25	0	0	0	0	0	8.333333	8.333333	0	0	0	8.333333	0	8.333333	8.333333	33.333333	0	8.333333	0	33.333333	8.333333	0	0	8.333333	25	250	91.666667	91.666667	41.666667	0	8.333333	16.666667	25	0	16.666667	75	25	41.666667	0	8.333333	16.666667	25	16.666667	8.333333	0	0	0	0	33.333333	0	0	25	108.333333	58.333333	25	0	8.333333	0	0	8.333333	0	33.333333	16.666667	66.666667	0	0	0	0	0	0	0	0	16.666667	0	0	0	75	8.333333	0	0	0	0	0	0	0	0	0	0	0	50	0	0	33.333333	0	0	58.333333	0	50	25	83.333333	16.666667	33.333333	0	8.333333	0	16.666667	16.666667	0	8.333333	0	0	16.666667	0	0	0	8.333333	0	0	0	0	0	0	8.333333	8.333333	116.666667	0	66.666667	0	16.666667	0	0	8.333333	0	0	0	0	0	0	0	0	0	16.666667	0	0	33.333333	0	0	58.333333	41.666667	0	0	16.666667	0	0	0	8.333333	0	0	0	16.666667	8.333333	0	8.333333	0	0	0	0	0	0	0	0	0	0	0	0	0	0	0	0	0	0	0	33.333333	0	0	0	0	0	8.333333	25	0	0	8.333333	0	0	0	0	0	0	0	8.333333	0	0	0	0	0	0	0	0	0	0	0	0	0	0	0	0	0	0	0	0	0	0	0	0	0	0	0	175	108.333333	275	50	208.333333	41.666667	183.333333	25	33.333333	33.333333	8.333333	0	0	0	58.333333	41.666667	50	16.666667	133.333333	16.666667
39502.txt	menores_notas	234	59.82906	38.461538	72.649573	12.820513	4.273504	25.641026	0	0	0	0	0	0	8.547009	0	8.547009	0	0	0	8.547009	0	51.282051	0	8.547009	8.547009	25.641026	0	0	0	0	12.820513	256.410256	119.65812	81.196581	34.188034	0	8.547009	8.547009	34.188034	0	29.91453	55.555556	0	38.461538	0	51.282051	12.820513	38.461538	38.461538	17.094017	0	0	4.273504	21.367521	59.82906	0	29.91453	38.461538	106.837607	47.008547	21.367521	8.547009	0	8.547009	4.273504	8.547009	0	12.820513	4.273504	55.555556	4.273504	0	8.547009	0	0	8.547009	0	4.273504	0	0	4.273504	0	72.649573	21.367521	4.273504	0	0	0	0	0	0	0	4.273504	0	0	17.094017	0	0	51.282051	4.273504	12.820513	21.367521	0	12.820513	25.641026	98.290598	42.735043	8.547009	0	17.094017	0	29.91453	4.273504	0	0	0	12.820513	4.273504	0	0	0	0	0	0	0	0	0	0	4.273504	29.91453	89.74359	25.641026	81.196581	0	29.91453	4.273504	0	4.273504	0	0	0	0	0	4.273504	4.273504	8.547009	21.367521	4.273504	0	0	51.282051	4.273504	8.547009	21.367521	0	0	0	8.547009	0	4.273504	0	0	0	0	0	42.735043	0	8.547009	4.273504	0	0	0	0	0	0	0	0	0	0	0	0	0	4.273504	0	0	0	0	0	4.273504	0	4.273504	0	4.273504	0	0	8.547009	0	0	4.273504	4.273504	0	0	0	0	4.273504	0	25.641026	0	0	0	0	0	0	0	0	0	0	0	0	0	0	0	0	0	0	0	0	0	0	0	0	0	0	0	98.290598	81.196581	269.230769	94.017094	162.393162	72.649573	192.307692	51.282051	55.555556	51.282051	29.91453	0	0	4.273504	25.641026	4.273504	4.273504	4.273504	59.82906	8.547009
39516.txt	menores_notas	258	58.139535	11.627907	27.131783	7.751938	7.751938	7.751938	0	0	0	0	0	46.511628	19.379845	31.007752	11.627907	34.883721	11.627907	0	19.379845	23.255814	15.503876	11.627907	31.007752	7.751938	23.255814	46.511628	3.875969	27.131783	11.627907	27.131783	158.914729	62.015504	69.767442	34.883721	0	0	0	7.751938	0	11.627907	27.131783	0	38.75969	0	11.627907	19.379845	0	19.379845	0	0	0	0	3.875969	3.875969	3.875969	0	7.751938	166.666667	85.271318	50.387597	0	11.627907	3.875969	7.751938	15.503876	15.503876	0	11.627907	108.527132	11.627907	3.875969	15.503876	0	0	0	0	0	7.751938	3.875969	0	0	120.155039	11.627907	11.627907	0	3.875969	15.503876	3.875969	19.379845	11.627907	19.379845	0	0	0	15.503876	0	0	11.627907	0	11.627907	42.635659	0	31.007752	11.627907	151.162791	0	11.627907	0	27.131783	3.875969	3.875969	3.875969	7.751938	31.007752	0	7.751938	3.875969	0	0	0	31.007752	0	0	0	0	0	3.875969	3.875969	3.875969	81.395349	0	27.131783	3.875969	15.503876	0	7.751938	3.875969	7.751938	0	0	0	0	7.751938	11.627907	3.875969	3.875969	23.255814	0	0	15.503876	11.627907	0	42.635659	27.131783	0	7.751938	27.131783	3.875969	0	0	0	11.627907	11.627907	0	7.751938	0	7.751938	0	0	0	3.875969	0	0	0	0	0	0	0	0	0	7.751938	3.875969	0	0	0	0	0	11.627907	0	0	0	0	0	0	7.751938	0	0	11.627907	3.875969	0	0	7.751938	0	3.875969	0	3.875969	0	0	0	3.875969	0	11.627907	0	0	0	0	0	0	0	3.875969	0	0	0	0	0	0	0	0	0	11.627907	7.751938	0	0	69.767442	178.294574	186.046512	34.883721	275.193798	89.147287	108.527132	46.511628	11.627907	15.503876	7.751938	11.627907	3.875969	11.627907	46.511628	11.627907	11.627907	7.751938	85.271318	65.891473
39615.txt	menores_notas	217	73.732719	13.824885	87.557604	13.824885	13.824885	9.21659	0	0	0	0	0	0	18.43318	4.608295	0	4.608295	18.43318	0	4.608295	9.21659	23.041475	0	9.21659	9.21659	13.824885	13.824885	0	0	13.824885	0	258.064516	129.032258	69.124424	27.64977	32.258065	9.21659	4.608295	46.082949	4.608295	46.082949	9.21659	0	78.341014	18.43318	69.124424	0	41.474654	18.43318	23.041475	4.608295	0	9.21659	23.041475	82.949309	4.608295	23.041475	82.949309	96.774194	50.691244	18.43318	9.21659	4.608295	4.608295	0	4.608295	4.608295	4.608295	13.824885	27.64977	0	4.608295	4.608295	4.608295	0	0	0	4.608295	9.21659	0	0	0	105.990783	4.608295	0	0	0	0	0	0	0	9.21659	0	0	0	13.824885	0	0	41.474654	9.21659	9.21659	13.824885	0	9.21659	18.43318	110.599078	13.824885	27.64977	0	9.21659	0	9.21659	0	4.608295	9.21659	0	4.608295	0	0	0	0	9.21659	0	0	0	0	0	0	0	18.43318	59.907834	32.258065	87.557604	13.824885	73.732719	0	4.608295	9.21659	0	0	4.608295	0	9.21659	4.608295	9.21659	4.608295	36.866359	23.041475	0	0	23.041475	9.21659	0	13.824885	4.608295	0	0	0	0	13.824885	0	0	0	0	0	13.824885	0	9.21659	0	0	0	4.608295	0	0	0	0	0	0	0	0	0	9.21659	0	0	0	0	0	0	13.824885	0	0	0	0	0	0	0	0	0	13.824885	9.21659	0	0	0	0	0	0	9.21659	0	0	0	0	0	0	0	0	0	0	0	0	0	0	0	0	0	0	0	0	0	0	0	23.041475	0	0	0	175.115207	59.907834	258.064516	105.990783	161.290323	50.691244	170.506912	110.599078	50.691244	23.041475	9.21659	0	0	9.21659	13.824885	4.608295	13.824885	0	41.474654	23.041475
39648.txt	menores_notas	183	87.431694	16.393443	87.431694	5.464481	10.928962	10.928962	5.464481	0	0	0	0	0	10.928962	0	0	0	10.928962	0	5.464481	27.322404	49.180328	0	0	0	38.251366	10.928962	0	0	10.928962	0	245.901639	136.612022	98.360656	16.393443	5.464481	0	10.928962	21.857923	0	5.464481	21.857923	0	21.857923	0	10.928962	5.464481	16.393443	5.464481	0	0	0	0	0	32.786885	0	5.464481	32.786885	136.612022	43.715847	27.322404	10.928962	32.786885	0	5.464481	0	5.464481	5.464481	21.857923	60.10929	16.393443	0	27.322404	10.928962	0	0	0	10.928962	5.464481	0	10.928962	0	98.360656	0	0	0	16.393443	21.857923	0	0	0	0	0	5.464481	0	5.464481	0	0	32.786885	0	10.928962	65.57377	5.464481	10.928962	21.857923	114.754098	5.464481	27.322404	0	0	0	5.464481	0	0	5.464481	0	5.464481	0	0	0	0	5.464481	0	0	0	0	0	0	0	0	76.502732	0	87.431694	0	21.857923	0	5.464481	16.393443	0	0	5.464481	21.857923	0	10.928962	10.928962	10.928962	10.928962	10.928962	5.464481	0	49.180328	10.928962	10.928962	54.644809	10.928962	5.464481	0	43.715847	0	5.464481	0	0	16.393443	0	0	27.322404	21.857923	0	10.928962	0	10.928962	0	0	0	0	0	0	0	0	0	0	10.928962	0	0	0	0	0	0	16.393443	0	0	0	0	0	0	5.464481	0	0	0	10.928962	0	0	0	0	0	0	16.393443	0	0	0	0	0	0	0	0	0	0	0	0	0	0	0	0	0	0	0	0	0	0	0	0	0	0	0	103.825137	92.896175	245.901639	38.251366	202.185792	16.393443	163.934426	109.289617	32.786885	49.180328	16.393443	0	0	10.928962	54.644809	10.928962	21.857923	0	98.360656	60.10929
39695.txt	menores_notas	262	95.419847	15.267176	57.251908	7.633588	7.633588	22.900763	30.534351	0	0	0	0	0	3.816794	0	3.816794	0	0	0	0	7.633588	30.534351	0	0	0	26.717557	0	0	0	0	7.633588	278.625954	141.221374	125.954198	22.900763	15.267176	15.267176	3.816794	45.801527	0	22.900763	38.167939	7.633588	41.984733	3.816794	41.984733	11.450382	41.984733	22.900763	3.816794	3.816794	0	7.633588	19.083969	68.70229	0	11.450382	49.618321	103.053435	26.717557	19.083969	0	3.816794	0	0	41.984733	0	7.633588	3.816794	53.435115	26.717557	0	3.816794	0	0	0	0	3.816794	0	0	3.816794	0	68.70229	19.083969	0	0	0	0	0	0	0	11.450382	0	0	0	7.633588	0	0	15.267176	0	3.816794	11.450382	0	19.083969	26.717557	87.78626	7.633588	11.450382	0	0	0	7.633588	15.267176	0	3.816794	0	7.633588	7.633588	0	0	0	3.816794	0	0	0	0	0	3.816794	15.267176	0	83.969466	7.633588	57.251908	0	34.351145	3.816794	3.816794	7.633588	0	0	0	0	7.633588	0	7.633588	3.816794	22.900763	19.083969	0	0	30.534351	7.633588	0	11.450382	15.267176	0	0	0	0	0	0	0	0	0	0	30.534351	0	0	0	0	0	3.816794	0	0	3.816794	0	0	0	0	0	0	3.816794	3.816794	0	0	0	0	0	3.816794	0	0	0	0	0	3.816794	15.267176	0	0	3.816794	0	0	0	0	0	0	0	3.816794	0	0	0	0	0	0	0	0	0	0	0	0	0	0	0	0	0	0	0	0	0	0	0	0	0	0	0	110.687023	41.984733	286.259542	99.236641	137.40458	38.167939	148.854962	68.70229	15.267176	30.534351	3.816794	0	0	7.633588	19.083969	7.633588	3.816794	19.083969	57.251908	0
39701.txt	menores_notas	206	77.669903	4.854369	38.834951	9.708738	0	29.126214	9.708738	4.854369	0	0	0	9.708738	0	4.854369	0	0	0	0	9.708738	9.708738	19.417476	4.854369	4.854369	4.854369	38.834951	9.708738	4.854369	4.854369	0	0	271.84466	97.087379	116.504854	14.563107	14.563107	0	9.708738	19.417476	0	14.563107	38.834951	4.854369	48.543689	0	29.126214	33.980583	4.854369	29.126214	19.417476	4.854369	0	0	14.563107	19.417476	0	0	29.126214	131.067961	48.543689	38.834951	0	0	0	4.854369	9.708738	4.854369	4.854369	14.563107	101.941748	0	0	0	0	0	0	0	4.854369	0	4.854369	4.854369	0	72.815534	9.708738	0	0	0	0	4.854369	0	0	19.417476	4.854369	0	0	0	0	0	9.708738	0	9.708738	43.68932	0	4.854369	24.271845	87.378641	0	9.708738	0	9.708738	4.854369	0	4.854369	4.854369	4.854369	0	4.854369	0	4.854369	0	0	4.854369	4.854369	0	0	0	0	4.854369	4.854369	14.563107	67.961165	38.834951	43.68932	0	48.543689	9.708738	0	9.708738	0	9.708738	9.708738	0	0	9.708738	4.854369	4.854369	33.980583	19.417476	0	0	19.417476	4.854369	0	38.834951	4.854369	0	0	9.708738	0	0	0	0	0	0	0	14.563107	4.854369	0	9.708738	0	0	0	0	0	4.854369	0	0	0	0	0	0	0	4.854369	0	0	0	0	0	19.417476	0	0	0	0	0	4.854369	19.417476	0	0	0	0	0	0	0	0	0	0	4.854369	0	0	0	0	0	0	0	0	0	0	0	0	0	0	0	0	0	0	0	0	0	0	0	9.708738	0	0	0	82.524272	63.106796	271.84466	67.961165	179.61165	48.543689	145.631068	106.796117	9.708738	19.417476	4.854369	0	0	4.854369	43.68932	4.854369	14.563107	9.708738	72.815534	19.417476
39722.txt	menores_notas	320	81.25	18.75	34.375	3.125	15.625	15.625	3.125	6.25	0	0	6.25	3.125	31.25	9.375	6.25	15.625	9.375	0	0	3.125	25	0	6.25	6.25	18.75	3.125	0	0	3.125	3.125	240.625	109.375	112.5	37.5	9.375	6.25	0	15.625	12.5	15.625	18.75	0	71.875	0	12.5	15.625	31.25	15.625	0	9.375	3.125	9.375	9.375	40.625	0	12.5	46.875	162.5	43.75	21.875	12.5	25	6.25	6.25	15.625	12.5	6.25	12.5	65.625	3.125	0	15.625	3.125	0	0	0	6.25	0	6.25	0	0	118.75	15.625	0	0	6.25	0	0	0	0	9.375	0	3.125	0	0	0	0	18.75	15.625	3.125	31.25	0	12.5	18.75	140.625	0	18.75	0	21.875	6.25	3.125	6.25	0	15.625	3.125	9.375	3.125	0	0	0	6.25	9.375	3.125	0	0	3.125	0	0	3.125	87.5	0	37.5	0	34.375	3.125	9.375	3.125	0	0	6.25	3.125	0	0	12.5	0	21.875	15.625	3.125	0	25	9.375	0	31.25	12.5	3.125	3.125	25	6.25	18.75	0	0	0	6.25	0	9.375	6.25	6.25	3.125	0	0	9.375	0	0	0	0	0	0	0	0	0	9.375	0	0	3.125	0	0	6.25	12.5	0	0	0	0	0	3.125	15.625	0	0	15.625	6.25	0	3.125	0	0	0	0	0	0	0	0	0	0	0	0	0	0	0	0	0	0	0	0	0	0	0	0	0	0	0	0	6.25	0	0	0	100	46.875	243.75	65.625	206.25	62.5	125	75	34.375	25	0	0	0	12.5	43.75	12.5	12.5	9.375	62.5	34.375
39727.txt	menores_notas	261	126.436782	0	45.977011	19.157088	3.831418	19.157088	11.494253	0	0	0	0	3.831418	22.988506	0	3.831418	7.662835	11.494253	0	3.831418	7.662835	7.662835	3.831418	11.494253	3.831418	26.819923	3.831418	3.831418	0	0	3.831418	264.367816	95.785441	122.605364	11.494253	19.157088	3.831418	0	7.662835	0	30.651341	22.988506	22.988506	45.977011	11.494253	22.988506	15.32567	19.157088	11.494253	11.494253	0	0	0	7.662835	30.651341	3.831418	7.662835	30.651341	145.59387	22.988506	22.988506	3.831418	19.157088	0	7.662835	15.32567	3.831418	11.494253	3.831418	95.785441	15.32567	3.831418	15.32567	0	0	0	0	0	7.662835	0	0	0	68.965517	22.988506	0	0	0	7.662835	0	0	0	3.831418	0	7.662835	0	7.662835	0	0	22.988506	0	0	38.314176	0	34.482759	19.157088	91.954023	0	22.988506	0	0	0	3.831418	11.494253	3.831418	15.32567	0	0	3.831418	0	0	0	15.32567	0	0	0	0	0	0	7.662835	0	80.45977	22.988506	57.471264	0	34.482759	3.831418	11.494253	3.831418	3.831418	0	0	0	0	0	7.662835	0	22.988506	26.819923	0	0	7.662835	7.662835	3.831418	11.494253	34.482759	0	0	38.314176	0	7.662835	0	0	0	0	0	3.831418	0	3.831418	3.831418	0	0	3.831418	0	0	0	0	0	0	0	0	0	3.831418	3.831418	0	0	0	0	0	3.831418	0	0	0	0	0	0	22.988506	0	0	22.988506	0	0	0	0	0	0	0	0	3.831418	0	0	0	0	0	0	0	0	0	0	0	0	0	0	0	0	0	0	0	0	0	0	3.831418	0	0	0	126.436782	57.471264	272.030651	53.639847	187.739464	34.482759	160.91954	65.1341	22.988506	7.662835	3.831418	0	0	7.662835	34.482759	7.662835	7.662835	3.831418	91.954023	42.145594
39786.txt	menores_notas	146	75.342466	6.849315	41.09589	6.849315	6.849315	34.246575	6.849315	0	0	0	0	0	6.849315	0	0	6.849315	0	0	6.849315	6.849315	13.69863	0	13.69863	0	41.09589	6.849315	0	0	6.849315	0	267.123288	171.232877	89.041096	27.39726	0	0	6.849315	47.945205	13.69863	47.945205	13.69863	6.849315	47.945205	0	61.643836	20.547945	41.09589	13.69863	6.849315	0	0	0	6.849315	54.794521	0	27.39726	68.493151	102.739726	54.794521	20.547945	0	0	0	0	27.39726	0	0	13.69863	82.191781	6.849315	0	0	0	0	6.849315	0	6.849315	6.849315	0	0	0	68.493151	0	0	0	0	0	0	0	0	6.849315	0	0	13.69863	0	0	0	61.643836	0	0	20.547945	0	27.39726	54.794521	68.493151	0	61.643836	0	6.849315	0	0	0	6.849315	27.39726	0	13.69863	0	0	0	0	27.39726	0	0	0	0	0	0	0	0	109.589041	0	41.09589	6.849315	27.39726	6.849315	20.547945	6.849315	6.849315	0	0	0	6.849315	6.849315	0	6.849315	34.246575	27.39726	0	0	13.69863	0	0	20.547945	27.39726	6.849315	0	6.849315	0	0	0	0	0	0	0	6.849315	6.849315	0	6.849315	0	0	0	0	0	0	0	0	0	0	0	0	0	0	0	0	0	0	0	13.69863	0	0	0	0	0	0	6.849315	0	0	6.849315	0	0	0	0	0	0	0	6.849315	0	0	0	0	0	0	0	0	0	0	0	0	0	0	0	0	0	0	0	0	0	0	0	6.849315	0	0	0	82.191781	41.09589	267.123288	82.191781	178.082192	54.794521	150.684932	89.041096	61.643836	13.69863	6.849315	0	0	0	20.547945	0	13.69863	0	102.739726	13.69863
39833.txt	menores_notas	230	47.826087	13.043478	91.304348	8.695652	0	13.043478	4.347826	0	0	0	4.347826	0	4.347826	4.347826	4.347826	0	4.347826	0	8.695652	4.347826	34.782609	8.695652	30.434783	0	17.391304	4.347826	0	0	0	26.086957	252.173913	104.347826	73.913043	30.434783	4.347826	13.043478	4.347826	73.913043	0	56.521739	34.782609	30.434783	39.130435	13.043478	13.043478	8.695652	43.478261	13.043478	4.347826	8.695652	0	0	17.391304	47.826087	0	30.434783	52.173913	39.130435	56.521739	13.043478	0	8.695652	4.347826	8.695652	17.391304	13.043478	0	8.695652	30.434783	26.086957	0	8.695652	0	0	0	0	8.695652	0	4.347826	0	0	65.217391	21.73913	0	0	0	17.391304	4.347826	0	0	4.347826	4.347826	0	17.391304	0	0	0	21.73913	0	8.695652	30.434783	4.347826	0	34.782609	91.304348	0	21.73913	0	4.347826	4.347826	4.347826	8.695652	0	8.695652	0	13.043478	0	0	0	4.347826	8.695652	0	0	0	0	4.347826	0	4.347826	8.695652	82.608696	52.173913	91.304348	0	34.782609	0	8.695652	8.695652	4.347826	0	4.347826	0	0	0	8.695652	0	21.73913	8.695652	0	0	30.434783	8.695652	8.695652	30.434783	0	0	4.347826	8.695652	0	0	0	0	0	4.347826	0	21.73913	0	0	4.347826	0	0	4.347826	0	0	4.347826	0	0	0	0	0	0	4.347826	4.347826	0	0	0	0	0	8.695652	0	0	0	0	0	0	8.695652	0	0	4.347826	0	0	0	4.347826	0	0	0	0	0	0	0	0	0	0	0	0	0	0	0	0	0	0	0	0	0	0	0	0	0	0	0	4.347826	4.347826	0	0	60.869565	86.956522	278.26087	73.913043	165.217391	39.130435	213.043478	69.565217	21.73913	30.434783	0	0	0	8.695652	34.782609	8.695652	13.043478	0	65.217391	21.73913
39912.txt	menores_notas	152	59.210526	13.157895	52.631579	32.894737	0	13.157895	6.578947	0	0	0	0	13.157895	19.736842	13.157895	0	26.315789	6.578947	0	0	13.157895	13.157895	13.157895	0	13.157895	13.157895	13.157895	0	0	13.157895	13.157895	210.526316	52.631579	92.105263	46.052632	19.736842	0	0	19.736842	0	19.736842	32.894737	0	32.894737	0	72.368421	13.157895	13.157895	13.157895	19.736842	0	0	0	13.157895	59.210526	0	6.578947	52.631579	131.578947	46.052632	39.473684	26.315789	13.157895	13.157895	19.736842	6.578947	13.157895	0	0	52.631579	0	0	19.736842	13.157895	6.578947	0	0	13.157895	0	0	0	0	65.789474	59.210526	13.157895	0	0	0	0	0	0	0	0	0	0	0	0	0	13.157895	0	19.736842	39.473684	6.578947	0	6.578947	138.157895	0	13.157895	0	13.157895	0	6.578947	13.157895	6.578947	0	0	0	13.157895	0	0	0	0	0	0	0	0	0	0	13.157895	0	92.105263	13.157895	65.789474	19.736842	65.789474	0	6.578947	6.578947	0	0	0	0	0	0	13.157895	0	32.894737	39.473684	0	0	6.578947	13.157895	19.736842	46.052632	0	0	0	52.631579	0	0	0	0	0	0	0	6.578947	0	0	0	0	13.157895	0	0	0	0	0	0	0	0	0	0	13.157895	0	0	0	0	0	0	0	0	0	0	6.578947	0	0	32.894737	0	0	19.736842	0	0	0	0	0	0	0	0	0	0	0	0	0	0	0	0	0	0	0	0	0	0	0	0	0	0	0	0	0	0	0	6.578947	19.736842	0	0	157.894737	85.526316	223.684211	85.526316	190.789474	39.473684	171.052632	92.105263	13.157895	13.157895	0	0	0	13.157895	46.052632	13.157895	13.157895	13.157895	52.631579	72.368421
39914.txt	menores_notas	167	53.892216	23.952096	71.856287	5.988024	5.988024	17.964072	0	0	0	0	0	5.988024	11.976048	0	11.976048	0	0	0	0	0	29.94012	0	0	0	17.964072	5.988024	0	0	5.988024	0	299.401198	113.772455	119.760479	29.94012	0	11.976048	5.988024	95.808383	5.988024	89.820359	35.928144	5.988024	17.964072	11.976048	71.856287	5.988024	41.916168	11.976048	41.916168	0	0	0	41.916168	53.892216	0	17.964072	41.916168	89.820359	17.964072	11.976048	5.988024	5.988024	17.964072	5.988024	23.952096	0	0	17.964072	47.904192	5.988024	0	0	5.988024	0	0	0	17.964072	0	5.988024	17.964072	0	35.928144	11.976048	11.976048	0	5.988024	0	0	0	0	5.988024	0	0	0	0	0	0	11.976048	0	0	23.952096	0	23.952096	11.976048	65.868263	0	11.976048	0	0	0	5.988024	11.976048	11.976048	5.988024	0	17.964072	0	0	0	0	5.988024	0	0	0	0	0	5.988024	11.976048	11.976048	113.772455	53.892216	71.856287	0	35.928144	17.964072	0	5.988024	0	0	0	0	0	5.988024	0	0	47.904192	5.988024	0	0	29.94012	0	0	23.952096	23.952096	0	0	29.94012	0	0	0	0	5.988024	0	0	29.94012	0	0	0	0	0	0	0	0	0	0	0	0	0	0	0	0	0	0	0	0	0	0	35.928144	0	0	0	0	0	0	11.976048	0	0	11.976048	0	0	0	0	0	0	0	0	0	0	0	0	0	0	0	0	0	0	0	0	0	0	0	0	0	0	0	0	0	0	0	5.988024	0	0	0	149.700599	59.88024	299.401198	95.808383	125.748503	53.892216	215.568862	65.868263	11.976048	29.94012	0	0	0	0	29.94012	0	23.952096	17.964072	59.88024	41.916168
39956.txt	menores_notas	181	66.298343	16.574586	44.198895	16.574586	0	44.198895	0	5.524862	0	0	0	0	16.574586	0	0	0	11.049724	0	0	0	22.099448	0	0	5.524862	44.198895	0	0	0	0	11.049724	287.292818	176.79558	99.447514	33.149171	16.574586	5.524862	44.198895	44.198895	0	44.198895	55.248619	11.049724	49.723757	0	5.524862	38.674033	44.198895	27.624309	5.524862	11.049724	0	11.049724	5.524862	77.348066	0	27.624309	77.348066	60.773481	49.723757	38.674033	11.049724	0	0	0	11.049724	11.049724	5.524862	0	33.149171	5.524862	0	0	0	0	0	0	0	0	11.049724	11.049724	0	55.248619	5.524862	5.524862	0	0	0	0	0	0	5.524862	0	0	11.049724	0	0	0	5.524862	5.524862	5.524862	27.624309	0	5.524862	33.149171	66.298343	0	5.524862	0	16.574586	5.524862	5.524862	0	5.524862	0	0	0	0	5.524862	0	0	0	0	0	0	0	0	0	0	5.524862	132.596685	22.099448	44.198895	0	33.149171	0	0	0	0	0	0	0	0	5.524862	11.049724	5.524862	33.149171	0	5.524862	0	22.099448	11.049724	0	27.624309	0	16.574586	16.574586	0	0	16.574586	0	0	0	0	0	16.574586	5.524862	0	22.099448	0	0	0	0	0	11.049724	0	0	5.524862	0	0	0	5.524862	5.524862	0	0	0	0	0	0	0	5.524862	0	0	0	0	22.099448	0	0	5.524862	11.049724	0	0	0	0	0	0	11.049724	0	0	0	0	0	0	0	0	0	0	0	0	0	0	0	0	0	0	0	0	0	0	0	22.099448	0	0	0	82.872928	38.674033	298.342541	121.546961	138.121547	38.674033	187.845304	49.723757	11.049724	22.099448	11.049724	0	0	11.049724	27.624309	16.574586	22.099448	5.524862	66.298343	22.099448
39985.txt	menores_notas	189	84.656085	5.291005	58.201058	15.873016	15.873016	15.873016	10.582011	0	0	0	0	15.873016	10.582011	0	0	0	0	0	0	10.582011	10.582011	0	0	0	26.455026	15.873016	10.582011	0	5.291005	26.455026	280.42328	142.857143	95.238095	10.582011	0	5.291005	15.873016	52.910053	0	52.910053	63.492063	0	52.910053	0	26.455026	5.291005	21.164021	15.873016	0	0	0	0	5.291005	42.328042	0	5.291005	26.455026	121.693122	84.656085	26.455026	0	0	5.291005	5.291005	0	10.582011	21.164021	15.873016	79.365079	10.582011	0	5.291005	0	0	0	0	0	15.873016	0	0	0	89.94709	10.582011	0	0	0	10.582011	0	0	0	0	0	0	0	42.328042	0	0	31.746032	10.582011	10.582011	47.619048	0	47.619048	15.873016	100.529101	0	31.746032	0	10.582011	0	0	0	0	15.873016	0	0	0	0	0	0	15.873016	0	0	0	0	0	0	0	0	137.566138	0	63.492063	0	21.164021	10.582011	15.873016	10.582011	0	0	0	0	0	0	10.582011	15.873016	26.455026	15.873016	0	0	10.582011	0	0	47.619048	31.746032	0	0	10.582011	0	15.873016	0	0	0	0	0	10.582011	0	0	0	0	0	0	0	0	0	0	0	0	0	0	0	0	0	0	0	0	0	0	15.873016	0	0	0	0	0	0	42.328042	0	0	10.582011	0	0	0	0	0	5.291005	0	15.873016	0	0	0	0	0	0	0	0	0	0	0	0	0	0	0	0	0	0	0	0	0	0	0	5.291005	0	0	0	148.148148	47.619048	296.296296	52.910053	211.640212	26.455026	142.857143	84.656085	42.328042	10.582011	15.873016	0	0	0	68.783069	0	15.873016	0	111.111111	10.582011
40126.txt	menores_notas	245	102.040816	20.408163	53.061224	16.326531	32.653061	20.408163	0	0	0	0	0	0	28.571429	4.081633	4.081633	4.081633	20.408163	0	0	4.081633	16.326531	0	4.081633	4.081633	24.489796	0	0	0	0	0	273.469388	122.44898	69.387755	48.979592	8.163265	4.081633	12.244898	48.979592	0	57.142857	16.326531	0	53.061224	0	44.897959	16.326531	12.244898	24.489796	16.326531	0	0	0	16.326531	40.816327	4.081633	0	16.326531	89.795918	44.897959	28.571429	8.163265	4.081633	0	0	8.163265	4.081633	4.081633	4.081633	57.142857	20.408163	0	4.081633	0	0	4.081633	0	0	0	4.081633	0	0	73.469388	16.326531	0	0	0	0	0	0	0	0	0	0	0	0	0	0	0	4.081633	8.163265	40.816327	0	4.081633	28.571429	89.795918	0	0	0	0	0	4.081633	20.408163	4.081633	16.326531	0	4.081633	4.081633	0	0	0	16.326531	0	0	0	0	0	0	8.163265	0	106.122449	8.163265	57.142857	0	32.653061	0	16.326531	0	0	0	0	0	0	0	8.163265	0	20.408163	12.244898	0	0	16.326531	8.163265	0	40.816327	0	0	0	4.081633	0	24.489796	0	0	0	0	0	8.163265	4.081633	4.081633	16.326531	0	4.081633	0	0	0	0	0	0	4.081633	0	0	0	8.163265	0	0	0	4.081633	0	0	4.081633	0	4.081633	0	0	0	8.163265	16.326531	0	0	24.489796	4.081633	0	0	0	0	0	4.081633	0	4.081633	0	0	0	0	0	0	0	0	4.081633	0	0	0	0	0	0	0	0	0	0	0	0	0	0	0	0	0	122.44898	77.55102	273.469388	77.55102	134.693878	44.897959	171.428571	57.142857	4.081633	16.326531	8.163265	4.081633	0	8.163265	40.816327	8.163265	4.081633	4.081633	73.469388	4.081633
40256.txt	menores_notas	244	69.672131	16.393443	45.081967	12.295082	4.098361	20.491803	8.196721	0	0	0	0	32.786885	36.885246	8.196721	12.295082	12.295082	20.491803	0	16.393443	28.688525	20.491803	8.196721	36.885246	12.295082	45.081967	49.180328	20.491803	0	12.295082	24.590164	180.327869	86.065574	73.770492	36.885246	8.196721	4.098361	0	20.491803	0	16.393443	16.393443	4.098361	57.377049	0	20.491803	36.885246	0	20.491803	4.098361	0	0	0	8.196721	12.295082	0	0	8.196721	151.639344	69.672131	36.885246	8.196721	24.590164	16.393443	4.098361	16.393443	4.098361	20.491803	4.098361	49.180328	16.393443	0	12.295082	0	4.098361	0	0	4.098361	0	0	4.098361	0	110.655738	24.590164	4.098361	0	12.295082	32.786885	0	0	0	0	0	12.295082	0	24.590164	8.196721	0	8.196721	0	8.196721	40.983607	0	16.393443	4.098361	151.639344	0	8.196721	0	12.295082	4.098361	12.295082	20.491803	4.098361	20.491803	0	4.098361	4.098361	0	4.098361	0	20.491803	0	0	4.098361	0	4.098361	0	16.393443	20.491803	45.081967	12.295082	45.081967	0	32.786885	0	8.196721	4.098361	4.098361	0	8.196721	0	4.098361	0	12.295082	0	12.295082	28.688525	0	0	20.491803	12.295082	8.196721	36.885246	16.393443	0	0	24.590164	0	12.295082	0	0	0	4.098361	0	8.196721	0	12.295082	0	0	0	12.295082	0	0	0	0	0	0	0	0	0	12.295082	0	0	0	0	0	0	4.098361	0	4.098361	0	0	0	0	8.196721	0	0	32.786885	4.098361	0	0	0	0	0	0	0	0	0	0	0	0	4.098361	0	0	0	0	0	0	0	0	0	0	0	0	0	0	0	0	0	4.098361	0	0	0	86.065574	155.737705	204.918033	53.278689	221.311475	81.967213	94.262295	69.672131	8.196721	20.491803	0	4.098361	0	12.295082	40.983607	12.295082	4.098361	20.491803	61.47541	4.098361
40270.txt	menores_notas	180	105.555556	22.222222	127.777778	11.111111	0	16.666667	16.666667	0	0	0	0	0	11.111111	0	0	0	5.555556	0	5.555556	5.555556	5.555556	0	5.555556	0	16.666667	0	0	0	0	0	311.111111	161.111111	133.333333	38.888889	0	0	27.777778	83.333333	5.555556	61.111111	16.666667	0	22.222222	11.111111	44.444444	0	38.888889	33.333333	5.555556	0	0	5.555556	27.777778	44.444444	0	0	38.888889	55.555556	11.111111	0	0	0	5.555556	5.555556	5.555556	0	0	16.666667	38.888889	5.555556	0	0	0	0	0	0	11.111111	5.555556	0	5.555556	0	33.333333	5.555556	0	0	0	0	0	0	0	0	0	0	0	11.111111	0	0	0	5.555556	0	33.333333	0	11.111111	5.555556	38.888889	5.555556	0	0	5.555556	0	5.555556	0	5.555556	5.555556	0	0	0	0	0	0	5.555556	0	0	0	0	0	0	0	0	116.666667	38.888889	127.777778	0	27.777778	5.555556	5.555556	0	0	0	0	16.666667	0	16.666667	0	0	38.888889	0	0	0	5.555556	0	0	22.222222	11.111111	5.555556	0	11.111111	0	5.555556	0	0	0	0	0	5.555556	0	0	0	0	0	0	0	0	0	0	0	0	0	0	0	0	0	0	0	0	0	0	16.666667	0	0	0	0	0	0	0	0	0	5.555556	5.555556	0	0	0	0	0	0	0	0	0	0	0	0	0	0	0	0	0	0	0	0	0	0	0	0	0	0	0	0	0	0	0	0	0	0	127.777778	27.777778	322.222222	72.222222	88.888889	22.222222	266.666667	72.222222	11.111111	5.555556	0	0	0	0	22.222222	0	16.666667	0	50	11.111111
40362.txt	menores_notas	210	80.952381	9.52381	9.52381	0	9.52381	9.52381	0	0	0	0	0	85.714286	80.952381	19.047619	57.142857	23.809524	19.047619	0	0	4.761905	19.047619	0	9.52381	0	9.52381	95.238095	33.333333	0	61.904762	0	161.904762	33.333333	119.047619	33.333333	0	0	4.761905	4.761905	0	9.52381	0	0	28.571429	0	14.285714	19.047619	4.761905	14.285714	0	0	0	0	4.761905	4.761905	4.761905	0	4.761905	171.428571	57.142857	47.619048	14.285714	19.047619	4.761905	0	9.52381	0	4.761905	14.285714	90.47619	4.761905	4.761905	23.809524	0	14.285714	4.761905	0	9.52381	4.761905	4.761905	9.52381	0	190.47619	4.761905	0	0	9.52381	0	0	0	0	0	4.761905	4.761905	0	4.761905	0	0	4.761905	0	0	23.809524	0	4.761905	14.285714	204.761905	4.761905	0	0	4.761905	4.761905	14.285714	14.285714	9.52381	38.095238	0	0	9.52381	0	0	0	33.333333	4.761905	0	0	0	4.761905	0	9.52381	4.761905	38.095238	0	9.52381	0	28.571429	19.047619	9.52381	4.761905	4.761905	0	4.761905	0	0	4.761905	19.047619	0	9.52381	47.619048	0	0	19.047619	19.047619	0	23.809524	0	0	0	19.047619	0	9.52381	0	0	0	0	4.761905	9.52381	9.52381	0	0	0	0	19.047619	0	0	0	0	0	0	0	0	0	19.047619	0	0	0	4.761905	0	0	14.285714	0	0	0	0	0	0	0	0	0	71.428571	9.52381	0	9.52381	0	0	0	0	0	0	0	0	0	0	4.761905	0	0	9.52381	0	0	0	0	0	0	0	0	0	0	0	0	0	0	0	0	0	0	100	214.285714	161.904762	38.095238	242.857143	85.714286	47.619048	76.190476	4.761905	19.047619	0	14.285714	0	19.047619	23.809524	19.047619	14.285714	14.285714	19.047619	0
40368.txt	menores_notas	222	108.108108	13.513514	58.558559	18.018018	9.009009	18.018018	0	4.504505	0	0	0	0	22.522523	4.504505	4.504505	4.504505	13.513514	0	9.009009	9.009009	13.513514	0	9.009009	4.504505	22.522523	4.504505	0	0	4.504505	0	256.756757	148.648649	85.585586	27.027027	22.522523	4.504505	36.036036	54.054054	0	40.540541	27.027027	0	58.558559	0	49.54955	9.009009	36.036036	27.027027	0	13.513514	0	0	18.018018	67.567568	4.504505	22.522523	49.54955	94.594595	36.036036	13.513514	13.513514	4.504505	4.504505	4.504505	9.009009	0	4.504505	4.504505	67.567568	0	0	0	0	0	4.504505	0	4.504505	0	0	0	0	63.063063	4.504505	0	0	4.504505	0	0	0	0	4.504505	0	0	0	9.009009	0	0	27.027027	9.009009	0	40.540541	4.504505	13.513514	18.018018	72.072072	0	27.027027	0	4.504505	0	9.009009	18.018018	4.504505	4.504505	0	4.504505	13.513514	9.009009	9.009009	0	4.504505	0	0	9.009009	0	4.504505	0	13.513514	18.018018	76.576577	0	67.567568	0	72.072072	0	9.009009	0	0	4.504505	0	0	0	18.018018	0	0	49.54955	18.018018	0	0	13.513514	0	0	40.540541	9.009009	0	0	0	0	22.522523	0	0	0	0	0	9.009009	4.504505	0	4.504505	0	0	0	0	0	0	0	0	0	0	0	0	0	0	0	0	4.504505	0	0	4.504505	0	0	0	0	0	0	18.018018	0	0	13.513514	9.009009	0	0	0	0	0	0	0	0	0	0	0	0	0	0	0	0	0	0	0	0	0	0	0	0	0	0	0	0	0	0	9.009009	0	0	0	121.621622	54.054054	261.261261	94.594595	135.135135	67.567568	144.144144	90.09009	36.036036	13.513514	0	0	0	0	45.045045	0	4.504505	31.531532	72.072072	9.009009
40426.txt	menores_notas	195	71.794872	46.153846	15.384615	25.641026	25.641026	20.512821	0	0	0	0	0	5.128205	10.25641	0	0	0	10.25641	0	10.25641	5.128205	5.128205	0	15.384615	0	25.641026	5.128205	0	0	5.128205	5.128205	220.512821	56.410256	138.461538	15.384615	0	0	5.128205	5.128205	0	5.128205	41.025641	0	61.538462	0	25.641026	20.512821	0	15.384615	15.384615	0	0	0	15.384615	10.25641	5.128205	0	15.384615	148.717949	66.666667	46.153846	0	20.512821	10.25641	10.25641	41.025641	0	25.641026	30.769231	71.794872	5.128205	0	15.384615	0	10.25641	0	5.128205	20.512821	10.25641	0	5.128205	5.128205	71.794872	15.384615	5.128205	0	0	10.25641	5.128205	0	0	5.128205	0	0	0	20.512821	5.128205	0	10.25641	0	0	66.666667	5.128205	35.897436	15.384615	97.435897	0	10.25641	0	0	5.128205	15.384615	25.641026	0	0	0	20.512821	5.128205	0	0	0	0	0	0	0	0	20.512821	10.25641	5.128205	20.512821	102.564103	0	30.769231	5.128205	35.897436	0	5.128205	5.128205	5.128205	5.128205	10.25641	0	0	5.128205	15.384615	5.128205	10.25641	30.769231	0	0	5.128205	5.128205	5.128205	56.410256	25.641026	0	0	41.025641	0	0	0	0	0	0	0	5.128205	0	0	10.25641	0	0	5.128205	0	0	0	0	0	0	0	0	0	5.128205	0	0	0	0	0	0	25.641026	0	5.128205	0	0	0	0	20.512821	0	0	10.25641	0	0	0	0	0	0	0	15.384615	0	0	0	0	0	0	0	0	0	0	0	0	0	0	0	0	0	0	0	0	5.128205	0	0	0	0	0	0	117.948718	41.025641	225.641026	51.282051	220.512821	66.666667	133.333333	92.307692	10.25641	5.128205	15.384615	0	5.128205	5.128205	56.410256	10.25641	35.897436	35.897436	117.948718	46.153846
40461.txt	menores_notas	284	66.901408	7.042254	80.985915	0	14.084507	3.521127	7.042254	0	0	0	0	3.521127	38.732394	3.521127	14.084507	3.521127	10.56338	0	7.042254	3.521127	17.605634	0	7.042254	3.521127	7.042254	3.521127	0	0	3.521127	7.042254	285.211268	161.971831	88.028169	21.126761	10.56338	3.521127	14.084507	66.901408	0	59.859155	14.084507	0	63.380282	0	28.169014	24.647887	24.647887	28.169014	7.042254	3.521127	0	0	10.56338	45.774648	0	7.042254	49.295775	126.760563	35.211268	28.169014	7.042254	14.084507	10.56338	14.084507	17.605634	0	0	10.56338	70.422535	3.521127	0	3.521127	0	3.521127	3.521127	0	0	7.042254	0	3.521127	0	95.070423	10.56338	0	0	0	0	0	0	0	0	0	0	0	0	0	0	14.084507	10.56338	21.126761	49.295775	0	0	21.126761	105.633803	0	14.084507	0	14.084507	0	3.521127	14.084507	3.521127	17.605634	0	7.042254	14.084507	0	0	0	17.605634	0	0	0	0	0	3.521127	10.56338	3.521127	63.380282	10.56338	80.985915	14.084507	52.816901	3.521127	10.56338	3.521127	0	0	7.042254	0	0	10.56338	7.042254	3.521127	38.732394	17.605634	0	0	17.605634	7.042254	0	45.774648	0	0	0	14.084507	3.521127	21.126761	0	0	0	0	0	7.042254	3.521127	7.042254	10.56338	0	0	3.521127	0	0	0	0	0	0	0	0	0	7.042254	0	0	0	3.521127	10.56338	0	10.56338	0	14.084507	0	3.521127	0	0	10.56338	0	0	10.56338	28.169014	0	0	0	0	0	0	3.521127	0	0	0	0	7.042254	0	0	0	7.042254	0	0	0	0	0	0	0	0	0	0	0	0	0	0	0	0	0	0	154.929577	91.549296	292.253521	80.985915	169.014085	52.816901	151.408451	98.591549	24.647887	17.605634	3.521127	7.042254	0	7.042254	45.774648	3.521127	10.56338	17.605634	70.422535	31.690141
40496.txt	menores_notas	173	121.387283	0	40.462428	11.560694	5.780347	17.34104	5.780347	0	0	0	0	0	17.34104	0	5.780347	0	5.780347	0	0	11.560694	23.121387	0	0	11.560694	28.901734	0	0	0	0	0	265.895954	138.728324	69.364162	34.682081	11.560694	5.780347	11.560694	46.242775	0	46.242775	11.560694	0	69.364162	11.560694	52.023121	23.121387	17.34104	34.682081	11.560694	5.780347	0	0	17.34104	52.023121	0	17.34104	40.462428	69.364162	75.144509	40.462428	0	5.780347	5.780347	5.780347	17.34104	0	11.560694	0	52.023121	5.780347	0	11.560694	0	0	0	0	0	0	0	0	0	98.265896	0	0	0	0	0	0	0	0	11.560694	0	0	0	69.364162	0	0	34.682081	0	5.780347	11.560694	0	46.242775	17.34104	98.265896	0	34.682081	0	0	0	5.780347	17.34104	0	5.780347	0	5.780347	0	5.780347	0	0	5.780347	0	0	0	5.780347	0	0	17.34104	11.560694	109.82659	0	40.462428	11.560694	46.242775	0	0	0	0	0	0	0	0	5.780347	5.780347	5.780347	17.34104	28.901734	0	0	23.121387	5.780347	0	11.560694	46.242775	0	0	17.34104	0	11.560694	0	0	0	0	0	5.780347	5.780347	11.560694	0	0	0	0	0	0	0	0	0	0	0	0	0	0	5.780347	0	0	0	5.780347	5.780347	0	0	0	0	0	0	0	11.560694	0	0	17.34104	0	0	0	0	0	0	0	5.780347	0	0	0	0	0	0	0	0	0	0	0	0	0	0	0	0	0	0	0	0	0	0	0	0	0	0	0	121.387283	52.023121	271.676301	92.485549	184.971098	46.242775	150.289017	63.583815	34.682081	23.121387	5.780347	0	0	5.780347	23.121387	5.780347	0	11.560694	75.144509	23.121387
40523.txt	menores_notas	172	93.023256	11.627907	93.023256	17.44186	0	29.069767	0	0	0	0	0	0	17.44186	0	0	0	5.813953	0	11.627907	5.813953	11.627907	0	23.255814	0	17.44186	0	0	0	0	0	325.581395	203.488372	98.837209	23.255814	11.627907	0	34.883721	52.325581	0	46.511628	40.697674	0	52.325581	5.813953	23.255814	5.813953	34.883721	11.627907	11.627907	5.813953	0	0	11.627907	40.697674	0	29.069767	46.511628	122.093023	23.255814	11.627907	5.813953	5.813953	0	0	17.44186	11.627907	29.069767	0	63.953488	5.813953	5.813953	0	0	0	0	0	0	0	0	0	0	69.767442	0	0	0	0	0	0	0	0	5.813953	0	0	11.627907	0	0	0	0	23.255814	5.813953	29.069767	0	34.883721	5.813953	69.767442	0	0	0	5.813953	0	11.627907	11.627907	11.627907	5.813953	0	0	11.627907	0	0	0	5.813953	0	0	0	0	0	0	11.627907	5.813953	75.581395	17.44186	98.837209	0	23.255814	0	5.813953	0	0	0	0	0	11.627907	0	0	5.813953	17.44186	5.813953	0	0	11.627907	0	0	29.069767	34.883721	0	0	0	0	23.255814	0	0	0	0	0	11.627907	0	0	0	0	0	0	0	0	0	0	0	0	0	0	0	0	0	0	0	0	0	11.627907	0	0	0	0	0	0	11.627907	23.255814	0	0	17.44186	0	0	0	0	0	0	0	11.627907	0	0	0	0	0	0	0	0	0	0	0	0	0	0	0	0	0	0	0	0	0	0	0	11.627907	0	0	0	197.674419	69.767442	325.581395	58.139535	145.348837	46.511628	191.860465	46.511628	23.255814	11.627907	11.627907	0	0	0	29.069767	0	0	11.627907	69.767442	11.627907
40617.txt	menores_notas	293	68.259386	20.477816	61.433447	10.238908	13.651877	3.412969	6.825939	0	0	0	0	10.238908	17.064846	3.412969	0	3.412969	17.064846	0	3.412969	17.064846	17.064846	3.412969	17.064846	3.412969	10.238908	13.651877	6.825939	0	6.825939	34.129693	208.191126	68.259386	64.846416	54.607509	10.238908	6.825939	0	23.890785	10.238908	17.064846	40.955631	13.651877	47.78157	0	6.825939	10.238908	10.238908	3.412969	0	3.412969	0	0	0	13.651877	0	3.412969	17.064846	187.713311	44.368601	23.890785	13.651877	34.129693	3.412969	30.716724	3.412969	0	3.412969	10.238908	47.78157	10.238908	3.412969	37.542662	3.412969	3.412969	10.238908	0	0	6.825939	0	3.412969	0	85.324232	47.78157	20.477816	0	0	20.477816	0	0	0	0	0	0	0	6.825939	0	0	10.238908	0	0	68.259386	6.825939	6.825939	6.825939	153.583618	6.825939	3.412969	0	20.477816	0	3.412969	13.651877	0	34.129693	0	3.412969	13.651877	0	3.412969	0	27.303754	6.825939	0	3.412969	0	0	0	10.238908	13.651877	102.389078	3.412969	61.433447	0	20.477816	0	6.825939	10.238908	0	0	3.412969	0	0	3.412969	6.825939	0	13.651877	13.651877	0	0	17.064846	6.825939	6.825939	68.259386	6.825939	0	3.412969	71.672355	0	13.651877	0	0	0	0	0	10.238908	3.412969	3.412969	0	0	0	6.825939	0	0	0	0	0	0	0	0	0	6.825939	0	0	0	13.651877	3.412969	6.825939	6.825939	0	3.412969	0	0	0	0	23.890785	0	0	13.651877	3.412969	0	0	0	0	0	3.412969	0	0	0	0	0	0	0	0	0	0	3.412969	0	0	0	0	0	0	0	0	0	0	0	3.412969	0	0	0	0	0	150.170648	71.672355	242.320819	23.890785	235.494881	81.911263	167.235495	51.194539	10.238908	17.064846	3.412969	3.412969	3.412969	6.825939	68.259386	6.825939	10.238908	17.064846	13.651877	71.672355
40688.txt	menores_notas	250	92	4	76	4	8	16	16	0	0	0	0	8	4	12	4	8	4	0	0	8	32	4	4	12	20	4	4	0	0	32	264	124	124	20	0	16	0	48	36	48	28	0	52	16	28	32	32	20	16	8	0	4	16	52	0	16	64	72	52	40	0	0	0	4	8	4	8	4	24	8	0	0	0	0	4	4	0	4	4	0	0	76	8	4	0	12	4	0	0	0	0	0	4	0	0	8	0	16	0	4	20	0	0	12	100	0	16	0	12	0	8	4	0	8	0	12	4	0	4	0	8	0	0	4	0	0	4	8	8	84	8	76	8	28	0	0	4	0	0	4	0	0	8	4	0	20	12	0	0	32	4	4	20	0	0	0	24	0	0	0	0	0	0	0	12	4	16	0	0	0	0	0	0	0	0	4	0	0	0	0	4	0	0	0	4	0	4	0	0	0	0	0	0	0	0	0	0	4	0	0	0	4	0	0	0	0	0	0	0	0	0	0	0	0	0	0	0	0	0	0	0	0	0	0	0	0	0	0	0	16	0	0	0	172	84	296	100	128	56	168	44	16	32	0	0	0	4	20	4	4	8	32	60
40690.txt	menores_notas	225	66.666667	17.777778	48.888889	17.777778	4.444444	4.444444	4.444444	0	0	0	0	4.444444	17.777778	4.444444	0	0	4.444444	0	8.888889	0	26.666667	0	13.333333	0	4.444444	4.444444	0	0	4.444444	4.444444	235.555556	133.333333	102.222222	26.666667	4.444444	0	8.888889	26.666667	0	40	4.444444	4.444444	40	8.888889	71.111111	13.333333	4.444444	66.666667	8.888889	4.444444	0	0	31.111111	44.444444	0	4.444444	4.444444	137.777778	44.444444	26.666667	13.333333	13.333333	8.888889	4.444444	8.888889	0	0	8.888889	62.222222	4.444444	0	8.888889	8.888889	0	0	4.444444	4.444444	4.444444	4.444444	0	0	71.111111	8.888889	0	0	0	0	0	0	0	4.444444	0	0	8.888889	13.333333	0	0	0	0	17.777778	53.333333	0	35.555556	26.666667	80	0	0	0	4.444444	0	4.444444	13.333333	4.444444	8.888889	0	13.333333	4.444444	0	0	0	8.888889	0	0	0	0	0	0	8.888889	13.333333	128.888889	26.666667	48.888889	8.888889	48.888889	0	4.444444	0	0	0	4.444444	0	4.444444	0	13.333333	4.444444	35.555556	8.888889	0	4.444444	26.666667	13.333333	0	48.888889	35.555556	13.333333	0	13.333333	0	13.333333	0	0	0	0	0	4.444444	17.777778	4.444444	13.333333	0	4.444444	8.888889	0	0	0	0	0	0	0	0	0	13.333333	0	0	0	0	0	0	8.888889	0	8.888889	0	0	0	8.888889	26.666667	0	0	8.888889	0	0	0	0	0	0	0	4.444444	0	0	0	0	0	0	0	0	0	0	0	0	0	0	0	0	0	0	0	0	0	0	0	0	4.444444	0	0	84.444444	66.666667	240	88.888889	200	44.444444	182.222222	84.444444	0	26.666667	4.444444	0	0	13.333333	48.888889	13.333333	13.333333	13.333333	111.111111	13.333333
40765.txt	menores_notas	229	100.436681	8.733624	69.868996	0	13.100437	21.834061	4.366812	4.366812	0	0	4.366812	0	13.100437	0	4.366812	0	8.733624	0	8.733624	4.366812	17.467249	0	8.733624	17.467249	26.200873	13.100437	0	0	4.366812	0	288.209607	152.838428	96.069869	26.200873	4.366812	4.366812	8.733624	34.934498	8.733624	34.934498	30.567686	0	34.934498	4.366812	82.969432	17.467249	8.733624	39.30131	8.733624	4.366812	0	0	17.467249	74.235808	0	8.733624	13.100437	78.60262	26.200873	26.200873	4.366812	4.366812	0	4.366812	17.467249	4.366812	4.366812	0	34.934498	4.366812	0	4.366812	4.366812	0	0	0	0	0	0	0	0	8.733624	13.100437	13.100437	0	8.733624	0	4.366812	0	0	8.733624	0	0	0	0	8.733624	0	17.467249	0	4.366812	21.834061	4.366812	17.467249	39.30131	48.034934	0	17.467249	0	8.733624	0	17.467249	8.733624	4.366812	0	0	0	8.733624	0	4.366812	0	0	0	0	4.366812	0	0	4.366812	8.733624	4.366812	104.803493	39.30131	69.868996	4.366812	26.200873	0	4.366812	4.366812	0	0	0	0	8.733624	0	4.366812	13.100437	8.733624	21.834061	0	0	17.467249	4.366812	4.366812	21.834061	17.467249	0	0	4.366812	0	0	0	0	0	0	0	8.733624	0	0	30.567686	0	0	0	0	0	4.366812	0	0	0	0	0	0	0	4.366812	0	0	0	0	0	0	0	4.366812	0	0	0	0	17.467249	0	0	8.733624	4.366812	0	0	0	0	0	0	13.100437	0	0	0	0	0	0	0	0	0	0	0	0	0	0	0	0	0	0	0	0	0	0	0	8.733624	0	0	0	109.170306	48.034934	288.209607	109.170306	104.803493	43.668122	205.240175	61.135371	17.467249	17.467249	13.100437	0	0	4.366812	21.834061	4.366812	0	13.100437	78.60262	4.366812
40803.txt	menores_notas	158	113.924051	6.329114	75.949367	0	0	12.658228	0	0	0	0	0	0	12.658228	0	0	0	12.658228	0	0	6.329114	18.987342	0	0	6.329114	18.987342	0	0	0	0	12.658228	291.139241	139.240506	75.949367	6.329114	0	6.329114	0	94.936709	0	101.265823	37.974684	6.329114	56.962025	25.316456	25.316456	25.316456	31.64557	12.658228	0	0	0	0	6.329114	44.303797	0	25.316456	56.962025	101.265823	37.974684	37.974684	0	12.658228	0	0	18.987342	0	0	6.329114	44.303797	0	0	6.329114	0	0	0	0	0	0	6.329114	0	0	50.632911	6.329114	0	0	6.329114	0	0	0	0	31.64557	0	0	12.658228	0	0	0	12.658228	6.329114	0	25.316456	0	6.329114	12.658228	63.291139	0	12.658228	0	12.658228	0	0	12.658228	0	6.329114	0	0	6.329114	0	0	0	6.329114	0	0	0	0	6.329114	0	12.658228	6.329114	126.582278	0	75.949367	0	44.303797	0	12.658228	0	0	0	0	0	12.658228	6.329114	6.329114	6.329114	31.64557	18.987342	0	0	18.987342	6.329114	0	25.316456	6.329114	0	0	6.329114	0	6.329114	0	0	0	0	0	12.658228	0	0	0	0	0	6.329114	0	0	0	0	0	0	0	0	0	6.329114	0	0	0	0	0	0	6.329114	0	0	0	0	0	0	12.658228	0	0	12.658228	6.329114	0	0	0	0	0	0	6.329114	0	0	0	0	0	0	0	0	0	0	0	0	0	0	0	0	0	0	0	0	0	0	0	6.329114	0	0	0	196.202532	37.974684	303.797468	75.949367	139.240506	31.64557	202.531646	82.278481	18.987342	18.987342	6.329114	0	0	6.329114	25.316456	6.329114	6.329114	12.658228	44.303797	12.658228
40865.txt	menores_notas	250	72	4	60	4	12	12	12	0	0	0	0	8	12	4	0	0	8	0	8	12	40	0	8	4	24	8	0	0	8	32	224	132	32	36	8	12	8	52	12	28	40	20	36	4	32	44	20	32	4	8	0	0	8	44	4	20	32	68	36	44	4	4	0	4	4	8	4	8	28	4	0	8	4	0	0	0	8	0	4	0	0	92	4	0	0	0	0	8	0	0	0	0	0	0	12	0	0	4	4	12	24	0	20	32	104	0	8	0	16	0	8	8	4	12	0	4	8	0	0	0	12	0	0	0	0	0	0	8	8	100	8	68	4	52	0	8	4	0	0	0	0	0	4	8	12	44	16	4	0	40	8	0	24	20	0	0	12	0	8	0	0	0	0	0	24	12	4	8	0	4	4	0	0	0	0	0	0	0	0	0	8	0	0	0	0	0	0	0	0	8	0	4	0	0	8	0	0	12	0	0	0	0	0	0	4	12	0	0	0	0	0	0	0	0	0	0	0	0	0	4	0	0	0	0	0	0	0	0	0	20	4	0	0	136	100	264	88	156	56	176	92	12	40	16	0	4	8	24	8	12	8	76	36
40869.txt	menores_notas	295	77.966102	16.949153	74.576271	3.389831	3.389831	13.559322	6.779661	0	0	0	0	0	10.169492	6.779661	0	6.779661	10.169492	0	16.949153	10.169492	6.779661	0	16.949153	0	20.338983	10.169492	0	0	6.779661	0	288.135593	149.152542	118.644068	16.949153	20.338983	3.389831	13.559322	44.067797	3.389831	37.288136	20.338983	6.779661	47.457627	6.779661	40.677966	23.728814	44.067797	23.728814	6.779661	16.949153	3.389831	0	10.169492	74.576271	3.389831	37.288136	77.966102	115.254237	33.898305	30.508475	0	10.169492	0	0	10.169492	3.389831	3.389831	6.779661	40.677966	13.559322	0	10.169492	0	0	3.389831	0	0	6.779661	0	0	0	64.40678	10.169492	10.169492	0	0	0	3.389831	0	0	3.389831	0	0	0	0	0	0	27.118644	3.389831	6.779661	30.508475	0	13.559322	23.728814	88.135593	0	27.118644	0	10.169492	0	0	23.728814	0	3.389831	0	3.389831	20.338983	3.389831	0	0	3.389831	0	0	0	0	0	0	13.559322	13.559322	105.084746	27.118644	74.576271	0	33.898305	0	0	0	0	0	6.779661	0	0	6.779661	6.779661	6.779661	23.728814	10.169492	0	0	6.779661	6.779661	0	30.508475	10.169492	0	0	0	0	6.779661	0	0	0	0	0	6.779661	0	0	10.169492	0	0	6.779661	0	0	0	0	0	0	0	0	0	6.779661	0	0	0	0	3.389831	0	6.779661	0	3.389831	0	0	0	0	20.338983	0	0	6.779661	3.389831	0	0	0	0	0	0	10.169492	0	0	0	0	0	0	0	0	0	0	0	0	0	0	0	0	0	0	0	0	0	0	0	23.728814	0	0	0	94.915254	54.237288	288.135593	108.474576	152.542373	54.237288	193.220339	57.627119	30.508475	6.779661	10.169492	0	0	6.779661	40.677966	6.779661	6.779661	23.728814	67.79661	23.728814
40887.txt	menores_notas	317	75.709779	12.618297	88.328076	6.309148	6.309148	6.309148	3.154574	9.463722	0	0	0	9.463722	6.309148	0	0	0	6.309148	0	6.309148	12.618297	12.618297	3.154574	3.154574	0	12.618297	9.463722	0	0	9.463722	37.85489	242.902208	182.9653	31.545741	50.473186	6.309148	0	3.154574	50.473186	0	47.318612	12.618297	9.463722	56.782334	0	63.091483	18.927445	34.700315	25.236593	12.618297	6.309148	0	0	15.772871	75.709779	0	22.082019	53.62776	66.246057	28.391167	18.927445	12.618297	3.154574	3.154574	3.154574	18.927445	9.463722	0	0	28.391167	3.154574	0	3.154574	9.463722	3.154574	3.154574	0	0	0	0	0	0	56.782334	6.309148	0	0	9.463722	0	0	0	0	12.618297	0	6.309148	0	0	0	0	9.463722	0	9.463722	9.463722	0	0	28.391167	72.555205	0	9.463722	0	6.309148	3.154574	9.463722	6.309148	6.309148	18.927445	0	6.309148	9.463722	0	0	0	18.927445	0	0	0	0	0	0	3.154574	25.236593	56.782334	18.927445	88.328076	6.309148	37.85489	12.618297	0	15.772871	9.463722	0	0	0	6.309148	9.463722	9.463722	9.463722	25.236593	15.772871	0	0	12.618297	9.463722	3.154574	9.463722	0	9.463722	0	9.463722	0	6.309148	0	0	0	0	0	12.618297	0	0	6.309148	0	0	3.154574	0	0	3.154574	0	0	0	0	0	0	0	9.463722	0	0	0	3.154574	0	0	0	0	0	0	0	3.154574	3.154574	0	0	3.154574	3.154574	0	0	0	0	0	12.618297	9.463722	0	0	0	0	0	0	0	0	0	12.618297	0	0	0	0	0	0	0	0	0	0	0	0	0	0	0	0	0	88.328076	53.62776	277.602524	113.564669	100.946372	50.473186	167.192429	110.410095	9.463722	12.618297	22.082019	12.618297	0	9.463722	12.618297	9.463722	0	9.463722	37.85489	15.772871
40898.txt	menores_notas	294	91.836735	6.802721	64.62585	17.006803	0	6.802721	6.802721	0	0	0	0	3.401361	3.401361	3.401361	0	3.401361	0	0	13.605442	10.204082	37.414966	0	3.401361	13.605442	17.006803	10.204082	0	0	10.204082	17.006803	255.102041	108.843537	81.632653	27.210884	10.204082	6.802721	10.204082	34.013605	0	40.816327	34.013605	13.605442	44.217687	0	44.217687	10.204082	27.210884	27.210884	17.006803	0	0	10.204082	27.210884	44.217687	0	10.204082	44.217687	105.442177	85.034014	37.414966	3.401361	3.401361	3.401361	13.605442	10.204082	0	6.802721	3.401361	34.013605	6.802721	6.802721	27.210884	3.401361	0	0	0	0	0	3.401361	0	0	88.435374	10.204082	0	0	0	13.605442	0	0	0	0	0	0	34.013605	27.210884	0	0	51.020408	0	0	27.210884	0	20.408163	51.020408	98.639456	0	51.020408	0	0	0	13.605442	17.006803	0	13.605442	0	10.204082	10.204082	3.401361	0	0	10.204082	3.401361	0	0	0	0	0	6.802721	0	88.435374	17.006803	71.428571	6.802721	30.612245	3.401361	6.802721	3.401361	0	0	0	0	0	0	3.401361	0	20.408163	13.605442	0	0	34.013605	3.401361	0	13.605442	17.006803	0	0	6.802721	0	0	0	0	0	0	0	17.006803	6.802721	10.204082	6.802721	0	3.401361	0	0	0	0	0	0	0	0	0	0	3.401361	0	0	0	0	0	0	3.401361	0	0	0	0	6.802721	0	17.006803	0	0	3.401361	0	0	0	0	0	0	0	3.401361	0	0	0	0	0	0	0	0	0	0	0	0	0	0	0	0	0	0	0	0	0	0	0	13.605442	0	0	0	98.639456	71.428571	272.108844	81.632653	190.47619	44.217687	173.469388	47.619048	51.020408	34.013605	3.401361	0	0	3.401361	34.013605	3.401361	3.401361	20.408163	98.639456	23.809524
40906.txt	menores_notas	218	110.091743	4.587156	68.807339	4.587156	4.587156	9.174312	4.587156	0	0	0	0	0	13.761468	4.587156	0	4.587156	13.761468	9.174312	4.587156	0	18.348624	0	9.174312	0	9.174312	4.587156	0	0	4.587156	27.522936	266.055046	82.568807	123.853211	64.220183	13.761468	4.587156	4.587156	27.522936	0	27.522936	13.761468	4.587156	77.981651	0	22.93578	32.110092	0	13.761468	4.587156	9.174312	0	0	13.761468	9.174312	0	0	32.110092	96.330275	68.807339	32.110092	9.174312	4.587156	4.587156	4.587156	0	13.761468	4.587156	13.761468	64.220183	0	0	0	4.587156	0	0	0	0	9.174312	4.587156	0	0	87.155963	13.761468	0	0	0	0	0	0	0	4.587156	0	0	9.174312	13.761468	0	0	27.522936	0	13.761468	41.284404	0	18.348624	22.93578	100.917431	0	27.522936	0	4.587156	0	9.174312	4.587156	0	9.174312	0	13.761468	0	0	4.587156	0	9.174312	4.587156	0	0	0	9.174312	4.587156	4.587156	36.697248	77.981651	18.348624	68.807339	0	41.284404	0	0	0	0	0	4.587156	0	9.174312	0	9.174312	0	36.697248	4.587156	0	0	18.348624	4.587156	4.587156	41.284404	13.761468	0	0	0	0	9.174312	0	0	0	0	0	18.348624	0	0	0	0	0	4.587156	0	0	0	0	0	0	0	0	0	4.587156	0	0	0	0	0	0	13.761468	0	0	0	0	0	18.348624	13.761468	0	0	13.761468	0	0	0	0	0	0	9.174312	0	0	0	0	0	0	0	0	0	0	9.174312	0	0	0	0	0	0	0	0	0	0	0	0	0	0	0	0	0	114.678899	68.807339	293.577982	45.87156	178.899083	55.045872	155.963303	64.220183	32.110092	18.348624	9.174312	9.174312	0	4.587156	41.284404	4.587156	13.761468	22.93578	82.568807	0
40926.txt	menores_notas	191	115.183246	10.471204	73.298429	15.706806	5.235602	10.471204	0	0	0	0	0	0	0	0	0	0	0	0	0	0	41.884817	0	0	5.235602	10.471204	0	0	0	0	15.706806	267.015707	68.062827	78.534031	15.706806	10.471204	5.235602	0	73.298429	20.942408	41.884817	47.120419	10.471204	47.120419	15.706806	26.17801	5.235602	20.942408	10.471204	5.235602	5.235602	0	0	10.471204	36.649215	0	10.471204	31.413613	125.65445	47.120419	26.17801	5.235602	0	0	0	15.706806	0	5.235602	15.706806	57.591623	5.235602	5.235602	0	0	0	0	0	5.235602	10.471204	0	5.235602	0	78.534031	5.235602	0	0	0	0	10.471204	0	0	5.235602	0	0	0	0	0	5.235602	57.591623	0	0	41.884817	0	0	52.356021	94.240838	5.235602	52.356021	0	10.471204	0	20.942408	5.235602	5.235602	10.471204	0	0	0	0	0	0	10.471204	0	0	0	0	0	0	5.235602	20.942408	120.418848	10.471204	78.534031	0	10.471204	5.235602	5.235602	0	0	0	5.235602	0	0	5.235602	0	5.235602	10.471204	10.471204	0	0	41.884817	0	0	41.884817	0	5.235602	10.471204	10.471204	0	0	0	0	0	0	0	31.413613	0	5.235602	15.706806	0	0	0	0	0	0	0	0	0	0	0	0	0	0	0	0	0	0	5.235602	15.706806	0	0	0	0	0	0	15.706806	0	0	0	0	0	0	0	0	5.235602	0	10.471204	0	0	0	0	0	0	0	0	0	0	0	0	0	0	0	0	0	0	0	0	0	0	0	15.706806	0	0	0	125.65445	73.298429	282.722513	57.591623	188.481675	52.356021	209.424084	36.649215	57.591623	41.884817	15.706806	0	0	0	41.884817	0	15.706806	5.235602	94.240838	26.17801
40929.txt	menores_notas	217	69.124424	18.43318	55.299539	9.21659	13.824885	9.21659	4.608295	0	0	0	0	9.21659	9.21659	0	0	0	9.21659	4.608295	0	13.824885	13.824885	0	0	4.608295	18.43318	9.21659	4.608295	4.608295	0	36.866359	239.631336	50.691244	124.423963	41.474654	0	18.43318	4.608295	41.474654	4.608295	18.43318	50.691244	4.608295	55.299539	4.608295	13.824885	18.43318	18.43318	13.824885	4.608295	4.608295	0	0	0	32.258065	0	9.21659	32.258065	156.682028	36.866359	27.64977	4.608295	18.43318	18.43318	13.824885	18.43318	13.824885	13.824885	13.824885	36.866359	13.824885	4.608295	13.824885	0	0	0	0	13.824885	0	0	9.21659	0	50.691244	41.474654	23.041475	0	4.608295	0	0	0	0	4.608295	0	4.608295	0	23.041475	9.21659	0	4.608295	0	0	41.474654	4.608295	32.258065	9.21659	119.815668	0	4.608295	0	9.21659	9.21659	0	9.21659	18.43318	4.608295	0	9.21659	9.21659	0	0	4.608295	4.608295	0	0	0	0	4.608295	4.608295	4.608295	9.21659	92.165899	13.824885	64.516129	0	13.824885	0	0	0	4.608295	0	4.608295	0	0	9.21659	36.866359	0	4.608295	9.21659	4.608295	0	18.43318	32.258065	0	41.474654	32.258065	0	0	27.64977	0	9.21659	0	0	0	0	4.608295	4.608295	4.608295	0	0	0	0	18.43318	0	0	0	0	0	0	0	0	0	27.64977	4.608295	0	0	0	0	0	13.824885	0	0	0	0	0	0	4.608295	0	0	9.21659	4.608295	0	0	0	0	0	0	4.608295	0	0	0	0	0	4.608295	0	0	0	0	0	0	0	0	0	0	0	0	0	0	0	0	0	0	0	0	0	142.857143	27.64977	276.497696	50.691244	202.764977	64.516129	170.506912	27.64977	4.608295	18.43318	4.608295	4.608295	0	32.258065	41.474654	18.43318	13.824885	18.43318	82.949309	27.64977
40978.txt	menores_notas	170	76.470588	0	58.823529	11.764706	5.882353	23.529412	5.882353	0	0	0	0	0	17.647059	0	0	0	17.647059	0	5.882353	0	35.294118	0	0	0	23.529412	0	0	0	0	0	270.588235	117.647059	70.588235	23.529412	0	5.882353	5.882353	58.823529	0	58.823529	35.294118	0	47.058824	11.764706	41.176471	47.058824	35.294118	41.176471	5.882353	11.764706	0	0	11.764706	58.823529	0	23.529412	52.941176	111.764706	58.823529	41.176471	11.764706	11.764706	17.647059	5.882353	11.764706	0	5.882353	5.882353	52.941176	0	0	5.882353	0	0	0	0	5.882353	0	0	0	0	100	0	0	0	0	0	5.882353	0	0	0	0	0	0	17.647059	5.882353	0	29.411765	11.764706	11.764706	35.294118	0	17.647059	23.529412	105.882353	0	29.411765	0	17.647059	0	11.764706	11.764706	0	11.764706	0	5.882353	0	0	0	0	11.764706	0	0	0	0	0	0	11.764706	23.529412	129.411765	0	64.705882	11.764706	11.764706	0	0	11.764706	0	0	0	0	0	0	5.882353	0	5.882353	5.882353	0	0	35.294118	5.882353	0	29.411765	11.764706	0	0	0	0	23.529412	0	0	5.882353	0	0	29.411765	5.882353	0	11.764706	0	0	5.882353	0	0	0	0	0	0	0	0	0	5.882353	0	0	0	0	0	0	0	0	5.882353	5.882353	0	0	0	5.882353	0	0	17.647059	0	0	0	0	0	0	0	0	0	0	0	0	0	0	0	0	0	0	0	0	0	0	0	0	0	0	0	0	0	0	0	5.882353	0	0	0	135.294118	58.823529	270.588235	117.647059	182.352941	58.823529	188.235294	29.411765	41.176471	35.294118	0	0	0	5.882353	29.411765	5.882353	5.882353	11.764706	76.470588	23.529412
41011.txt	menores_notas	178	106.741573	16.853933	22.47191	0	28.089888	5.617978	0	0	0	0	0	5.617978	16.853933	0	0	5.617978	16.853933	0	11.235955	5.617978	33.707865	0	11.235955	0	11.235955	5.617978	0	0	5.617978	5.617978	275.280899	112.359551	50.561798	33.707865	11.235955	0	5.617978	61.797753	5.617978	39.325843	28.089888	0	39.325843	11.235955	61.797753	22.47191	16.853933	61.797753	16.853933	0	0	0	16.853933	61.797753	5.617978	16.853933	33.707865	129.213483	16.853933	22.47191	0	22.47191	0	5.617978	11.235955	0	0	11.235955	73.033708	0	0	0	0	0	0	0	0	5.617978	0	5.617978	0	56.179775	16.853933	0	5.617978	0	0	0	0	0	0	0	5.617978	0	0	0	0	0	0	0	44.94382	0	16.853933	0	78.651685	0	0	0	5.617978	0	5.617978	0	0	5.617978	0	5.617978	0	0	0	0	5.617978	0	0	0	0	0	0	0	0	129.213483	5.617978	22.47191	5.617978	50.561798	0	0	0	0	0	0	0	0	0	5.617978	5.617978	33.707865	16.853933	0	0	33.707865	5.617978	0	44.94382	16.853933	0	0	0	0	5.617978	0	0	0	0	0	11.235955	22.47191	0	0	0	0	5.617978	0	0	0	0	0	0	0	0	0	5.617978	0	0	0	0	11.235955	0	11.235955	0	0	0	0	0	0	11.235955	0	0	16.853933	5.617978	0	0	0	0	0	0	5.617978	0	0	0	0	0	0	0	0	0	0	0	0	0	0	0	0	0	0	0	0	0	0	0	11.235955	5.617978	0	0	146.067416	78.651685	280.898876	101.123596	146.067416	22.47191	157.303371	61.797753	0	33.707865	5.617978	0	0	5.617978	44.94382	5.617978	11.235955	0	61.797753	16.853933
41093.txt	menores_notas	179	117.318436	16.759777	61.452514	5.586592	0	5.586592	5.586592	0	0	0	0	0	22.346369	0	0	0	11.173184	0	0	5.586592	5.586592	0	0	5.586592	11.173184	5.586592	0	0	5.586592	5.586592	290.502793	195.530726	72.625698	11.173184	5.586592	11.173184	16.759777	94.972067	0	83.798883	33.519553	0	67.039106	0	55.865922	5.586592	16.759777	33.519553	16.759777	0	0	5.586592	33.519553	44.692737	0	5.586592	50.27933	111.731844	22.346369	5.586592	0	5.586592	0	11.173184	27.932961	5.586592	22.346369	11.173184	27.932961	11.173184	11.173184	5.586592	0	0	5.586592	0	11.173184	0	0	0	0	67.039106	0	0	0	5.586592	0	0	0	0	33.519553	0	0	0	11.173184	0	0	11.173184	16.759777	5.586592	11.173184	0	27.932961	5.586592	72.625698	0	11.173184	0	0	0	11.173184	0	0	0	0	11.173184	0	0	0	0	0	0	0	0	0	0	11.173184	0	5.586592	94.972067	0	67.039106	0	44.692737	0	16.759777	0	0	0	0	0	11.173184	5.586592	27.932961	0	16.759777	27.932961	0	0	5.586592	27.932961	0	11.173184	27.932961	0	0	16.759777	0	27.932961	0	0	0	0	0	0	0	0	0	0	0	0	22.346369	0	0	0	0	0	5.586592	0	0	5.586592	22.346369	0	0	0	0	0	11.173184	0	0	0	0	0	0	0	0	0	16.759777	5.586592	0	0	0	0	0	0	11.173184	0	0	0	0	0	0	0	0	0	0	0	0	0	0	0	0	0	0	0	0	0	0	0	0	0	0	0	134.078212	39.106145	296.089385	83.798883	145.251397	33.519553	162.011173	78.212291	27.932961	5.586592	11.173184	0	0	27.932961	11.173184	27.932961	11.173184	11.173184	44.692737	16.759777
41096.txt	menores_notas	208	100.961538	19.230769	43.269231	9.615385	0	28.846154	0	0	0	0	0	0	9.615385	0	0	0	4.807692	0	4.807692	4.807692	28.846154	0	4.807692	0	33.653846	0	0	0	0	0	250	168.269231	28.846154	43.269231	19.230769	4.807692	14.423077	24.038462	4.807692	24.038462	0	9.615385	76.923077	4.807692	48.076923	19.230769	28.846154	28.846154	4.807692	9.615385	0	4.807692	14.423077	72.115385	0	4.807692	72.115385	125	33.653846	24.038462	4.807692	0	0	14.423077	24.038462	0	4.807692	9.615385	67.307692	4.807692	0	0	0	0	4.807692	0	0	0	9.615385	0	0	52.884615	24.038462	0	0	0	0	0	0	0	9.615385	0	0	0	0	9.615385	0	19.230769	0	4.807692	43.269231	0	4.807692	24.038462	76.923077	0	19.230769	0	4.807692	0	9.615385	28.846154	0	9.615385	0	4.807692	14.423077	0	0	0	9.615385	0	0	0	0	4.807692	4.807692	24.038462	14.423077	115.384615	0	43.269231	0	38.461538	0	9.615385	0	0	4.807692	0	0	9.615385	4.807692	4.807692	0	28.846154	9.615385	0	0	28.846154	4.807692	0	43.269231	4.807692	9.615385	0	4.807692	0	4.807692	0	0	4.807692	0	0	14.423077	9.615385	0	9.615385	0	0	0	0	0	0	0	0	4.807692	0	0	0	4.807692	0	0	0	0	0	0	0	0	0	0	0	0	4.807692	24.038462	0	0	9.615385	0	0	0	0	0	0	0	4.807692	0	0	0	0	0	0	0	0	0	0	0	0	0	0	0	0	0	0	0	0	0	0	0	9.615385	0	0	0	120.192308	48.076923	250	100.961538	158.653846	72.115385	158.653846	72.115385	19.230769	28.846154	4.807692	0	0	4.807692	43.269231	4.807692	9.615385	24.038462	72.115385	9.615385
45044.txt	menores_notas	217	64.516129	13.824885	32.258065	9.21659	4.608295	23.041475	23.041475	0	0	0	0	0	0	4.608295	0	4.608295	0	0	0	9.21659	23.041475	0	18.43318	0	32.258065	0	0	0	0	0	281.105991	119.815668	82.949309	27.64977	13.824885	18.43318	13.824885	18.43318	4.608295	36.866359	13.824885	13.824885	36.866359	0	36.866359	18.43318	32.258065	27.64977	4.608295	0	0	4.608295	23.041475	46.082949	0	23.041475	46.082949	87.557604	69.124424	36.866359	4.608295	9.21659	9.21659	0	4.608295	23.041475	4.608295	9.21659	41.474654	0	0	9.21659	4.608295	0	0	4.608295	4.608295	0	0	4.608295	4.608295	96.774194	0	0	0	0	0	0	0	0	9.21659	0	0	0	4.608295	0	0	32.258065	0	23.041475	23.041475	0	18.43318	18.43318	96.774194	13.824885	18.43318	0	13.824885	0	9.21659	23.041475	9.21659	0	0	9.21659	4.608295	0	4.608295	0	0	0	0	4.608295	0	4.608295	0	23.041475	18.43318	92.165899	0	41.474654	4.608295	27.64977	4.608295	18.43318	4.608295	0	0	4.608295	0	9.21659	9.21659	4.608295	4.608295	32.258065	0	4.608295	0	23.041475	4.608295	0	23.041475	13.824885	0	0	0	0	0	0	0	0	0	0	23.041475	0	0	0	0	0	4.608295	0	0	0	0	0	0	0	0	0	4.608295	0	0	0	0	0	0	4.608295	0	0	0	0	0	0	9.21659	0	0	0	0	0	0	0	0	4.608295	0	4.608295	0	0	4.608295	0	0	0	0	0	0	0	0	0	0	0	0	0	0	0	0	0	0	0	0	4.608295	0	0	0	110.599078	36.866359	285.714286	87.557604	161.290323	69.124424	133.640553	87.557604	32.258065	23.041475	13.824885	0	0	4.608295	23.041475	4.608295	9.21659	32.258065	59.907834	9.21659
45075.txt	menores_notas	224	80.357143	13.392857	80.357143	17.857143	4.464286	17.857143	0	0	0	0	0	4.464286	0	8.928571	0	0	0	0	0	4.464286	31.25	0	4.464286	8.928571	22.321429	8.928571	0	0	4.464286	4.464286	290.178571	133.928571	84.821429	17.857143	13.392857	4.464286	8.928571	35.714286	0	31.25	71.428571	22.321429	35.714286	0	31.25	17.857143	58.035714	4.464286	0	8.928571	4.464286	0	8.928571	62.5	0	26.785714	80.357143	84.821429	49.107143	4.464286	0	0	0	4.464286	8.928571	8.928571	13.392857	13.392857	31.25	4.464286	0	0	0	0	0	0	0	8.928571	4.464286	0	0	58.035714	17.857143	0	0	0	0	0	0	0	4.464286	0	0	0	4.464286	0	0	0	0	4.464286	17.857143	4.464286	17.857143	4.464286	75.892857	0	0	0	13.392857	0	0	4.464286	0	17.857143	0	17.857143	0	0	0	0	17.857143	0	0	0	0	0	0	4.464286	8.928571	80.357143	0	80.357143	22.321429	53.571429	0	8.928571	0	0	0	4.464286	0	0	26.785714	4.464286	4.464286	49.107143	8.928571	0	0	31.25	0	0	17.857143	17.857143	4.464286	4.464286	17.857143	0	0	0	0	0	0	0	22.321429	0	8.928571	4.464286	0	0	0	0	0	0	0	0	0	0	0	0	0	0	0	0	0	0	0	4.464286	0	0	0	0	0	4.464286	8.928571	0	0	0	0	0	0	0	0	0	0	4.464286	0	0	0	0	0	0	0	0	0	0	0	0	0	0	0	0	0	0	0	0	0	0	0	13.392857	22.321429	0	0	93.75	53.571429	294.642857	89.285714	120.535714	53.571429	160.714286	102.678571	0	31.25	4.464286	0	0	0	17.857143	0	13.392857	0	40.178571	53.571429
45078.txt	menores_notas	249	84.337349	4.016064	40.160643	12.048193	4.016064	16.064257	12.048193	0	0	0	0	0	16.064257	4.016064	0	8.032129	12.048193	0	4.016064	0	16.064257	0	8.032129	12.048193	24.096386	0	0	0	0	20.080321	285.140562	108.433735	148.594378	40.160643	12.048193	32.128514	0	28.11245	20.080321	24.096386	32.128514	8.032129	68.273092	0	36.144578	8.032129	32.128514	28.11245	4.016064	0	0	16.064257	12.048193	44.176707	0	16.064257	32.128514	112.449799	48.192771	24.096386	8.032129	20.080321	4.016064	0	4.016064	4.016064	4.016064	16.064257	48.192771	4.016064	0	12.048193	8.032129	0	0	0	8.032129	0	8.032129	8.032129	0	84.337349	8.032129	0	0	0	0	0	0	0	4.016064	0	0	4.016064	0	0	0	32.128514	4.016064	4.016064	32.128514	4.016064	16.064257	32.128514	92.369478	4.016064	28.11245	0	8.032129	0	4.016064	12.048193	4.016064	12.048193	0	20.080321	4.016064	4.016064	0	4.016064	12.048193	0	0	0	0	0	16.064257	16.064257	8.032129	96.385542	12.048193	48.192771	0	44.176707	4.016064	12.048193	0	0	0	0	0	0	0	8.032129	0	36.144578	12.048193	4.016064	0	16.064257	8.032129	0	32.128514	16.064257	0	0	20.080321	0	4.016064	0	0	0	0	0	0	4.016064	12.048193	0	0	0	0	0	0	0	8.032129	0	0	0	0	0	4.016064	4.016064	0	0	0	8.032129	0	12.048193	0	0	0	0	0	0	16.064257	0	0	16.064257	0	0	0	0	0	0	0	0	4.016064	0	0	0	0	0	0	0	0	0	0	0	0	0	0	0	0	0	0	0	0	0	0	0	0	0	0	88.353414	44.176707	305.220884	64.257028	172.690763	68.273092	152.610442	64.257028	48.192771	16.064257	4.016064	0	0	8.032129	40.160643	12.048193	16.064257	12.048193	76.305221	4.016064
45124.txt	menores_notas	242	103.305785	24.793388	28.92562	12.396694	12.396694	16.528926	16.528926	0	0	0	0	8.264463	20.661157	0	4.132231	0	8.264463	0	4.132231	4.132231	24.793388	0	12.396694	4.132231	20.661157	8.264463	0	0	8.264463	12.396694	247.933884	103.305785	119.834711	45.454545	4.132231	8.264463	0	41.322314	4.132231	24.793388	45.454545	4.132231	78.512397	0	33.057851	12.396694	28.92562	33.057851	0	0	0	0	12.396694	45.454545	4.132231	16.528926	41.322314	115.702479	70.247934	33.057851	4.132231	16.528926	8.264463	4.132231	12.396694	4.132231	16.528926	0	12.396694	16.528926	4.132231	4.132231	0	4.132231	0	0	0	4.132231	0	0	0	41.322314	45.454545	0	0	16.528926	0	8.264463	0	0	4.132231	8.264463	4.132231	4.132231	4.132231	4.132231	0	28.92562	4.132231	4.132231	12.396694	0	12.396694	33.057851	111.570248	4.132231	24.793388	0	0	0	0	24.793388	8.264463	12.396694	8.264463	0	4.132231	0	0	0	12.396694	0	8.264463	0	0	0	0	20.661157	0	78.512397	0	33.057851	0	45.454545	0	4.132231	0	8.264463	0	4.132231	0	0	0	4.132231	0	24.793388	20.661157	0	0	24.793388	4.132231	0	12.396694	8.264463	0	0	8.264463	0	16.528926	0	0	0	0	0	20.661157	0	4.132231	0	0	0	4.132231	0	0	0	0	0	0	0	0	0	4.132231	0	0	0	0	0	4.132231	4.132231	0	0	0	0	0	0	8.264463	0	0	20.661157	4.132231	0	0	0	0	0	0	0	4.132231	0	0	0	0	0	0	0	0	0	0	0	0	0	0	0	0	0	0	0	0	0	0	0	0	0	0	128.099174	66.115702	260.330579	78.512397	185.950413	53.719008	111.570248	66.115702	33.057851	24.793388	4.132231	0	0	4.132231	12.396694	4.132231	4.132231	8.264463	57.85124	8.264463
45241.txt	menores_notas	289	110.726644	24.221453	20.761246	0	6.920415	10.380623	3.460208	6.920415	0	0	0	48.442907	20.761246	3.460208	10.380623	3.460208	10.380623	0	0	0	13.84083	17.301038	13.84083	6.920415	10.380623	48.442907	3.460208	0	44.982699	44.982699	148.788927	34.602076	148.788927	41.522491	0	0	0	3.460208	0	0	13.84083	0	55.363322	0	34.602076	10.380623	0	17.301038	3.460208	3.460208	0	0	3.460208	17.301038	0	0	10.380623	200.692042	41.522491	27.681661	13.84083	13.84083	10.380623	51.903114	10.380623	10.380623	20.761246	20.761246	55.363322	34.602076	0	0	3.460208	3.460208	13.84083	0	6.920415	6.920415	3.460208	10.380623	0	27.681661	103.806228	24.221453	0	10.380623	0	0	3.460208	0	0	0	0	0	6.920415	3.460208	0	0	0	6.920415	65.743945	3.460208	17.301038	6.920415	166.089965	0	0	0	20.761246	17.301038	3.460208	6.920415	0	13.84083	0	3.460208	6.920415	0	0	0	13.84083	0	0	0	0	0	0	0	3.460208	76.124567	0	20.761246	0	55.363322	0	10.380623	3.460208	0	0	20.761246	0	0	0	0	13.84083	20.761246	44.982699	0	0	13.84083	0	13.84083	62.283737	17.301038	0	0	31.141869	0	0	0	0	0	10.380623	0	3.460208	6.920415	0	0	0	0	0	0	0	0	0	0	0	0	0	0	0	0	0	0	0	13.84083	6.920415	13.84083	0	0	0	0	0	0	13.84083	0	0	10.380623	10.380623	0	0	0	0	3.460208	0	20.761246	0	0	0	0	0	0	0	0	0	0	0	0	0	0	0	0	0	0	0	0	3.460208	0	0	0	0	6.920415	0	155.709343	114.186851	193.771626	44.982699	252.595156	65.743945	96.885813	103.806228	0	13.84083	20.761246	0	0	0	76.124567	0	20.761246	6.920415	89.965398	31.141869
45268.txt	menores_notas	241	74.688797	4.149378	41.493776	0	20.746888	4.149378	8.298755	0	0	0	0	12.448133	12.448133	16.59751	24.896266	4.149378	0	0	24.896266	12.448133	33.195021	4.149378	29.045643	4.149378	12.448133	12.448133	4.149378	0	8.298755	0	182.572614	103.73444	49.792531	24.896266	8.298755	4.149378	0	24.896266	0	20.746888	37.344398	4.149378	33.195021	0	29.045643	12.448133	4.149378	24.896266	0	4.149378	0	0	8.298755	24.896266	4.149378	0	8.298755	120.33195	62.240664	33.195021	4.149378	8.298755	4.149378	8.298755	4.149378	4.149378	0	29.045643	62.240664	0	0	8.298755	0	4.149378	0	0	4.149378	4.149378	8.298755	12.448133	0	99.585062	0	0	0	20.746888	8.298755	0	0	0	0	4.149378	12.448133	0	29.045643	0	0	8.298755	0	4.149378	49.792531	4.149378	20.746888	8.298755	124.481328	0	8.298755	0	20.746888	0	4.149378	29.045643	4.149378	24.896266	4.149378	12.448133	8.298755	0	0	0	24.896266	0	4.149378	0	4.149378	0	0	20.746888	0	62.240664	12.448133	41.493776	0	62.240664	0	8.298755	16.59751	12.448133	0	0	4.149378	0	0	4.149378	0	37.344398	33.195021	0	12.448133	33.195021	4.149378	0	49.792531	16.59751	0	0	66.390041	0	0	0	0	0	0	0	20.746888	12.448133	4.149378	0	0	0	0	0	0	0	0	0	0	0	0	0	0	0	0	0	0	0	0	37.344398	0	0	0	0	0	0	8.298755	0	0	8.298755	4.149378	0	0	0	0	0	0	8.298755	0	0	0	0	4.149378	0	0	0	0	0	0	0	0	0	0	0	0	0	0	0	0	0	0	8.298755	0	0	0	120.33195	120.33195	182.572614	45.643154	211.618257	99.585062	112.033195	107.883817	8.298755	33.195021	8.298755	4.149378	0	4.149378	53.941909	0	29.045643	12.448133	78.838174	74.688797
45357.txt	menores_notas	161	74.534161	24.84472	68.322981	6.21118	0	12.42236	6.21118	6.21118	0	0	0	0	6.21118	6.21118	0	6.21118	6.21118	0	18.63354	12.42236	18.63354	0	24.84472	6.21118	24.84472	6.21118	0	0	0	18.63354	273.291925	167.701863	62.111801	37.267081	18.63354	0	18.63354	37.267081	0	18.63354	18.63354	0	43.478261	0	24.84472	6.21118	80.745342	12.42236	12.42236	12.42236	0	0	12.42236	86.956522	0	55.900621	93.167702	62.111801	49.689441	18.63354	0	0	0	0	0	18.63354	0	6.21118	31.055901	18.63354	0	0	0	0	0	0	0	6.21118	0	0	0	43.478261	24.84472	0	0	0	0	6.21118	0	0	12.42236	0	0	12.42236	12.42236	0	0	12.42236	0	18.63354	18.63354	0	6.21118	12.42236	74.534161	0	12.42236	0	0	0	6.21118	6.21118	0	6.21118	0	6.21118	6.21118	0	0	0	6.21118	0	0	0	0	0	0	6.21118	6.21118	93.167702	31.055901	93.167702	6.21118	43.478261	0	0	0	0	0	0	0	12.42236	12.42236	18.63354	0	31.055901	6.21118	6.21118	0	18.63354	18.63354	0	18.63354	6.21118	0	0	12.42236	0	6.21118	0	0	0	0	0	12.42236	0	6.21118	0	0	0	0	0	0	6.21118	0	0	12.42236	0	0	0	12.42236	6.21118	0	0	0	0	0	6.21118	0	0	0	0	0	0	12.42236	0	0	6.21118	0	0	0	0	0	0	0	0	0	0	0	0	0	0	0	0	0	0	0	0	0	0	0	0	0	0	0	0	0	0	0	0	0	0	0	99.378882	62.111801	291.925466	105.590062	124.223602	24.84472	217.391304	93.167702	12.42236	18.63354	0	0	0	18.63354	18.63354	18.63354	6.21118	6.21118	37.267081	18.63354
45389.txt	menores_notas	221	113.122172	9.049774	54.298643	22.624434	9.049774	9.049774	0	0	0	0	0	0	22.624434	0	0	0	0	0	18.099548	0	27.149321	0	9.049774	4.524887	9.049774	0	0	0	0	0	303.167421	135.746606	99.547511	22.624434	4.524887	9.049774	4.524887	54.298643	18.099548	45.248869	31.674208	13.574661	49.773756	4.524887	67.873303	13.574661	31.674208	31.674208	9.049774	0	0	0	9.049774	58.823529	0	13.574661	36.199095	90.497738	18.099548	9.049774	0	18.099548	0	0	9.049774	0	0	4.524887	54.298643	0	0	0	0	0	0	0	0	4.524887	0	0	0	72.39819	0	0	0	4.524887	0	4.524887	0	0	0	0	0	0	9.049774	0	0	4.524887	22.624434	0	4.524887	0	4.524887	22.624434	81.447964	0	4.524887	0	9.049774	0	4.524887	9.049774	9.049774	9.049774	4.524887	9.049774	4.524887	0	0	0	9.049774	0	4.524887	0	4.524887	0	0	4.524887	0	122.171946	4.524887	54.298643	0	36.199095	0	13.574661	13.574661	0	0	0	0	0	9.049774	4.524887	4.524887	22.624434	22.624434	0	0	27.149321	4.524887	0	4.524887	4.524887	13.574661	4.524887	4.524887	0	22.624434	0	0	0	0	0	18.099548	4.524887	0	18.099548	0	0	4.524887	0	0	0	0	0	0	0	0	0	4.524887	0	0	0	0	0	0	9.049774	0	0	0	0	0	0	0	0	0	0	22.624434	0	0	0	0	0	0	4.524887	0	0	0	0	0	0	0	0	0	0	0	0	0	0	0	0	0	0	0	0	0	0	0	13.574661	0	0	0	176.470588	67.873303	303.167421	81.447964	113.122172	49.773756	180.995475	81.447964	27.149321	27.149321	4.524887	0	0	4.524887	9.049774	4.524887	4.524887	9.049774	31.674208	18.099548
45519.txt	menores_notas	184	70.652174	10.869565	152.173913	16.304348	0	5.434783	0	0	0	0	0	0	0	0	0	0	0	0	0	0	27.173913	0	0	0	5.434783	0	0	0	0	16.304348	298.913043	152.173913	70.652174	32.608696	16.304348	32.608696	0	92.391304	10.869565	86.956522	59.782609	5.434783	43.478261	5.434783	43.478261	10.869565	38.043478	21.73913	5.434783	0	0	0	10.869565	70.652174	0	38.043478	65.217391	76.086957	43.478261	32.608696	5.434783	0	0	5.434783	21.73913	0	0	5.434783	21.73913	10.869565	0	0	5.434783	0	0	5.434783	0	5.434783	0	0	0	32.608696	32.608696	10.869565	0	0	0	0	0	0	0	5.434783	0	0	0	0	0	16.304348	0	0	16.304348	0	10.869565	27.173913	76.086957	0	16.304348	5.434783	10.869565	0	10.869565	16.304348	5.434783	5.434783	0	0	16.304348	0	0	0	5.434783	0	0	0	0	0	0	5.434783	10.869565	70.652174	27.173913	163.043478	5.434783	38.043478	0	5.434783	5.434783	0	0	0	0	5.434783	0	10.869565	5.434783	27.173913	10.869565	0	0	27.173913	10.869565	0	16.304348	10.869565	0	0	0	0	0	0	0	0	0	0	27.173913	0	0	10.869565	0	0	0	0	0	5.434783	0	0	0	0	0	0	5.434783	5.434783	0	0	0	0	0	10.869565	5.434783	0	0	0	0	0	0	0	0	0	0	0	0	0	0	0	0	10.869565	0	0	0	0	0	0	0	0	0	0	0	0	0	0	0	0	0	0	0	0	0	0	0	5.434783	0	0	0	233.695652	27.173913	315.217391	92.391304	130.434783	48.913043	244.565217	65.217391	16.304348	27.173913	10.869565	0	0	10.869565	16.304348	10.869565	5.434783	16.304348	38.043478	10.869565
45531.txt	menores_notas	286	108.391608	10.48951	45.454545	24.475524	6.993007	6.993007	3.496503	3.496503	0	0	0	0	13.986014	6.993007	0	6.993007	3.496503	0	6.993007	20.979021	17.482517	0	20.979021	0	17.482517	0	0	0	0	17.482517	248.251748	122.377622	69.93007	27.972028	0	3.496503	6.993007	62.937063	0	52.447552	31.468531	17.482517	52.447552	3.496503	20.979021	3.496503	17.482517	13.986014	10.48951	3.496503	0	0	17.482517	27.972028	6.993007	13.986014	24.475524	101.398601	66.433566	17.482517	0	17.482517	6.993007	3.496503	27.972028	10.48951	6.993007	3.496503	59.440559	10.48951	3.496503	0	3.496503	0	6.993007	0	3.496503	0	6.993007	3.496503	0	66.433566	13.986014	0	0	6.993007	0	0	0	0	6.993007	0	6.993007	38.461538	6.993007	0	3.496503	20.979021	20.979021	10.48951	27.972028	0	17.482517	41.958042	83.916084	0	20.979021	0	10.48951	0	10.48951	6.993007	6.993007	6.993007	0	6.993007	3.496503	0	0	0	6.993007	0	0	0	0	0	3.496503	3.496503	17.482517	73.426573	27.972028	62.937063	0	38.461538	0	10.48951	6.993007	6.993007	6.993007	0	0	0	0	6.993007	3.496503	20.979021	24.475524	0	0	17.482517	6.993007	0	27.972028	17.482517	0	0	6.993007	0	17.482517	0	0	6.993007	0	0	13.986014	3.496503	0	10.48951	0	0	3.496503	0	0	0	0	0	0	0	0	0	3.496503	0	0	0	0	0	10.48951	6.993007	0	0	0	0	0	0	24.475524	0	0	13.986014	3.496503	0	0	0	0	0	0	6.993007	0	0	0	0	0	0	0	0	0	0	0	0	0	0	0	0	0	0	0	0	0	0	0	6.993007	0	0	0	118.881119	76.923077	265.734266	48.951049	178.321678	52.447552	160.839161	76.923077	41.958042	17.482517	6.993007	0	0	6.993007	38.461538	6.993007	10.48951	6.993007	87.412587	20.979021
45638.txt	menores_notas	345	127.536232	5.797101	66.666667	8.695652	23.188406	11.594203	0	2.898551	0	0	0	2.898551	11.594203	2.898551	8.695652	0	5.797101	0	0	5.797101	14.492754	0	0	0	17.391304	0	0	0	0	8.695652	286.956522	130.434783	101.449275	31.884058	11.594203	0	0	57.971014	0	52.173913	28.985507	20.289855	37.681159	8.695652	55.072464	17.391304	23.188406	26.086957	2.898551	8.695652	0	2.898551	17.391304	60.869565	2.898551	11.594203	60.869565	81.15942	28.985507	20.289855	5.797101	5.797101	5.797101	5.797101	34.782609	0	0	8.695652	57.971014	0	0	2.898551	0	0	0	0	8.695652	0	0	8.695652	0	26.086957	26.086957	5.797101	0	2.898551	0	0	0	0	8.695652	2.898551	0	0	5.797101	0	0	8.695652	2.898551	5.797101	28.985507	0	14.492754	5.797101	60.869565	0	8.695652	0	14.492754	0	5.797101	2.898551	0	0	0	0	2.898551	0	0	0	0	0	0	0	0	0	0	2.898551	8.695652	95.652174	8.695652	72.463768	0	60.869565	0	0	5.797101	0	0	0	0	17.391304	2.898551	2.898551	5.797101	46.376812	14.492754	0	0	14.492754	2.898551	0	26.086957	11.594203	0	0	23.188406	0	5.797101	0	0	0	0	0	11.594203	2.898551	0	2.898551	0	0	2.898551	0	0	0	0	0	0	0	0	0	2.898551	0	0	0	0	0	2.898551	11.594203	0	0	0	0	0	0	11.594203	0	0	2.898551	8.695652	0	0	2.898551	0	0	0	5.797101	0	0	0	0	0	0	0	0	0	0	0	0	0	0	0	0	0	0	0	0	0	0	0	0	0	0	0	133.333333	37.681159	295.652174	89.855072	118.84058	23.188406	176.811594	95.652174	11.594203	14.492754	5.797101	0	0	2.898551	28.985507	2.898551	8.695652	2.898551	49.275362	26.086957
45667.txt	menores_notas	254	94.488189	7.874016	82.677165	7.874016	0	7.874016	0	0	0	0	0	19.685039	19.685039	0	7.874016	0	19.685039	0	15.748031	7.874016	15.748031	0	23.622047	0	11.811024	23.622047	0	0	23.622047	15.748031	263.779528	141.732283	122.047244	27.559055	23.622047	0	19.685039	27.559055	7.874016	39.370079	15.748031	11.811024	27.559055	0	43.307087	7.874016	7.874016	19.685039	11.811024	15.748031	0	0	23.622047	27.559055	0	3.937008	39.370079	129.92126	31.496063	15.748031	0	31.496063	3.937008	0	15.748031	7.874016	15.748031	3.937008	47.244094	19.685039	0	11.811024	0	0	7.874016	0	0	3.937008	0	0	0	59.055118	35.433071	0	0	0	0	0	0	0	3.937008	0	3.937008	0	11.811024	11.811024	0	3.937008	0	7.874016	31.496063	7.874016	19.685039	3.937008	94.488189	0	3.937008	0	0	0	7.874016	7.874016	0	23.622047	0	11.811024	0	0	0	0	23.622047	0	0	0	0	0	0	7.874016	7.874016	94.488189	11.811024	82.677165	7.874016	39.370079	3.937008	3.937008	0	3.937008	3.937008	3.937008	0	0	3.937008	0	3.937008	27.559055	15.748031	0	0	15.748031	0	0	39.370079	19.685039	0	0	11.811024	0	0	0	0	0	0	0	15.748031	0	0	0	0	0	0	0	0	0	0	0	0	0	0	0	0	0	0	0	3.937008	0	3.937008	3.937008	0	0	0	0	0	0	11.811024	0	0	19.685039	0	0	0	7.874016	0	0	0	3.937008	0	0	0	0	0	0	0	0	0	0	0	0	0	0	0	0	0	0	0	0	0	0	0	7.874016	0	0	0	185.03937	62.992126	279.527559	59.055118	165.354331	51.181102	188.976378	66.929134	3.937008	15.748031	3.937008	0	0	0	39.370079	0	3.937008	7.874016	35.433071	35.433071
45746.txt	menores_notas	168	59.52381	5.952381	83.333333	11.904762	5.952381	23.809524	0	0	0	0	0	0	5.952381	5.952381	0	0	0	0	5.952381	17.857143	11.904762	0	11.904762	0	35.714286	0	0	0	0	23.809524	267.857143	142.857143	41.666667	35.714286	47.619048	5.952381	0	29.761905	0	41.666667	53.571429	11.904762	23.809524	0	35.714286	5.952381	47.619048	11.904762	0	5.952381	0	11.904762	5.952381	77.380952	0	29.761905	71.428571	119.047619	41.666667	17.857143	17.857143	5.952381	0	5.952381	17.857143	11.904762	17.857143	5.952381	77.380952	29.761905	5.952381	5.952381	5.952381	0	5.952381	0	0	5.952381	0	0	0	41.666667	0	0	0	0	0	0	0	0	17.857143	0	0	0	17.857143	0	0	0	5.952381	0	29.761905	0	77.380952	5.952381	47.619048	0	0	0	11.904762	0	11.904762	5.952381	0	5.952381	0	11.904762	0	0	0	0	5.952381	0	0	0	0	0	0	5.952381	5.952381	83.333333	5.952381	89.285714	0	41.666667	17.857143	0	0	0	0	0	0	5.952381	5.952381	0	0	29.761905	17.857143	5.952381	0	11.904762	0	5.952381	29.761905	77.380952	0	0	0	0	5.952381	0	0	0	0	0	11.904762	0	0	0	0	0	0	0	0	0	0	0	0	0	0	0	0	0	0	0	0	0	0	11.904762	0	0	0	0	0	0	11.904762	0	0	0	0	0	0	0	0	0	5.952381	5.952381	0	0	0	0	0	0	0	0	0	0	0	0	0	0	0	0	0	0	0	0	0	0	0	0	0	0	0	148.809524	41.666667	297.619048	89.285714	166.666667	53.571429	178.571429	77.380952	5.952381	11.904762	11.904762	0	0	0	35.714286	0	5.952381	0	113.095238	0
45996.txt	menores_notas	163	92.02454	6.134969	67.484663	12.269939	18.404908	24.539877	6.134969	0	0	0	0	12.269939	6.134969	0	0	0	6.134969	6.134969	6.134969	6.134969	18.404908	0	6.134969	0	30.674847	12.269939	0	0	12.269939	0	312.883436	190.184049	104.294479	18.404908	6.134969	6.134969	0	79.754601	0	85.889571	18.404908	6.134969	36.809816	12.269939	49.079755	0	24.539877	30.674847	6.134969	0	0	0	12.269939	61.349693	0	24.539877	36.809816	92.02454	24.539877	6.134969	0	0	0	6.134969	30.674847	0	0	18.404908	61.349693	12.269939	0	0	0	0	0	0	0	18.404908	0	0	0	67.484663	0	0	0	18.404908	0	0	0	0	0	0	0	0	24.539877	0	0	6.134969	0	0	30.674847	0	18.404908	6.134969	79.754601	0	6.134969	0	6.134969	0	0	6.134969	0	12.269939	0	12.269939	6.134969	0	0	0	12.269939	0	0	0	0	0	0	0	12.269939	110.429448	30.674847	73.619632	0	30.674847	0	6.134969	0	0	0	0	0	0	6.134969	0	0	18.404908	18.404908	0	0	18.404908	0	0	30.674847	18.404908	0	6.134969	12.269939	6.134969	0	0	0	6.134969	0	0	18.404908	0	0	0	0	0	0	0	0	0	0	0	0	0	0	0	0	0	0	0	0	0	0	18.404908	0	0	0	0	0	0	12.269939	0	0	0	6.134969	0	0	0	0	0	0	6.134969	0	0	0	0	0	0	0	0	0	0	0	0	0	0	0	0	0	0	0	0	0	0	0	0	0	0	0	165.644172	110.429448	312.883436	73.619632	134.969325	49.079755	196.319018	42.944785	6.134969	18.404908	6.134969	0	0	0	30.674847	0	18.404908	6.134969	55.214724	18.404908
46034.txt	menores_notas	236	93.220339	12.711864	63.559322	12.711864	4.237288	12.711864	8.474576	0	0	0	0	0	8.474576	0	4.237288	0	4.237288	0	4.237288	8.474576	25.423729	21.186441	8.474576	0	21.186441	8.474576	0	0	8.474576	16.949153	250	93.220339	110.169492	25.423729	4.237288	16.949153	0	21.186441	0	12.711864	55.084746	16.949153	46.610169	0	46.610169	33.898305	21.186441	21.186441	25.423729	8.474576	0	4.237288	25.423729	38.135593	8.474576	8.474576	59.322034	93.220339	55.084746	55.084746	4.237288	12.711864	4.237288	12.711864	8.474576	0	0	0	25.423729	0	0	4.237288	0	0	4.237288	0	0	0	0	0	0	80.508475	8.474576	0	0	8.474576	0	16.949153	0	0	8.474576	0	0	0	8.474576	0	0	4.237288	0	8.474576	21.186441	4.237288	8.474576	12.711864	114.40678	0	4.237288	0	12.711864	4.237288	4.237288	12.711864	0	21.186441	0	0	12.711864	0	0	0	12.711864	8.474576	0	0	0	0	0	0	12.711864	88.983051	0	76.271186	4.237288	21.186441	4.237288	8.474576	0	4.237288	0	0	0	0	4.237288	4.237288	0	21.186441	4.237288	0	0	25.423729	4.237288	12.711864	21.186441	8.474576	4.237288	0	12.711864	0	4.237288	0	0	4.237288	12.711864	0	12.711864	4.237288	0	4.237288	0	4.237288	0	0	0	0	0	0	0	0	0	0	4.237288	0	0	0	4.237288	4.237288	0	0	0	0	4.237288	0	0	0	8.474576	0	0	8.474576	0	0	0	0	0	0	0	4.237288	0	0	0	0	0	0	0	0	0	0	0	0	0	0	0	0	0	0	0	0	4.237288	0	0	0	0	0	0	169.491525	80.508475	271.186441	97.457627	156.779661	59.322034	165.254237	42.372881	4.237288	25.423729	4.237288	0	4.237288	4.237288	25.423729	4.237288	0	12.711864	42.372881	21.186441
46108.txt	menores_notas	280	82.142857	3.571429	82.142857	21.428571	10.714286	0	0	0	0	0	0	0	10.714286	0	0	0	3.571429	0	7.142857	7.142857	21.428571	0	10.714286	0	0	3.571429	0	0	3.571429	0	250	100	85.714286	21.428571	28.571429	7.142857	7.142857	60.714286	0	35.714286	17.857143	0	53.571429	3.571429	25	21.428571	57.142857	28.571429	7.142857	21.428571	0	3.571429	21.428571	67.857143	0	32.142857	78.571429	117.857143	57.142857	21.428571	0	7.142857	10.714286	7.142857	17.857143	0	7.142857	10.714286	75	7.142857	0	3.571429	0	0	0	0	7.142857	3.571429	0	0	0	64.285714	10.714286	21.428571	0	3.571429	0	3.571429	0	0	25	0	0	0	3.571429	3.571429	0	67.857143	3.571429	10.714286	25	3.571429	7.142857	46.428571	89.285714	14.285714	35.714286	0	7.142857	0	14.285714	0	3.571429	10.714286	0	7.142857	0	0	0	0	10.714286	0	0	0	0	0	3.571429	0	21.428571	64.285714	10.714286	82.142857	0	32.142857	0	7.142857	0	0	0	3.571429	0	3.571429	10.714286	21.428571	0	21.428571	10.714286	0	0	21.428571	21.428571	0	25	3.571429	0	0	14.285714	0	21.428571	0	0	0	0	0	21.428571	0	0	10.714286	0	0	7.142857	0	0	14.285714	0	0	0	0	0	0	7.142857	14.285714	0	0	0	0	0	10.714286	0	0	0	0	0	0	21.428571	0	0	10.714286	14.285714	0	0	0	0	0	3.571429	3.571429	0	0	0	0	0	0	0	0	0	3.571429	0	0	0	0	0	0	0	0	0	0	0	0	0	10.714286	0	0	0	167.857143	42.857143	250	114.285714	157.142857	42.857143	157.142857	78.571429	67.857143	21.428571	7.142857	3.571429	0	21.428571	32.142857	21.428571	10.714286	3.571429	82.142857	14.285714
46249.txt	menores_notas	244	77.868852	4.098361	65.57377	12.295082	16.393443	28.688525	4.098361	0	0	0	0	0	16.393443	0	4.098361	0	8.196721	0	8.196721	8.196721	8.196721	0	8.196721	0	32.786885	0	0	0	0	0	307.377049	147.540984	114.754098	32.786885	4.098361	8.196721	4.098361	57.377049	12.295082	57.377049	12.295082	8.196721	40.983607	0	24.590164	12.295082	40.983607	16.393443	8.196721	4.098361	0	0	8.196721	57.377049	4.098361	28.688525	53.278689	102.459016	40.983607	16.393443	12.295082	12.295082	8.196721	0	16.393443	4.098361	16.393443	0	53.278689	0	4.098361	8.196721	4.098361	4.098361	0	0	0	0	0	0	0	61.47541	8.196721	0	0	4.098361	0	0	0	0	8.196721	4.098361	4.098361	0	32.786885	0	0	24.590164	8.196721	4.098361	8.196721	4.098361	36.885246	16.393443	65.57377	0	16.393443	0	0	4.098361	8.196721	20.491803	0	4.098361	0	4.098361	12.295082	0	0	0	4.098361	0	0	0	0	8.196721	0	12.295082	4.098361	90.163934	8.196721	69.672131	0	57.377049	0	4.098361	4.098361	4.098361	0	0	0	8.196721	0	4.098361	0	36.885246	24.590164	4.098361	0	8.196721	4.098361	0	12.295082	36.885246	8.196721	0	0	0	8.196721	0	0	0	0	0	8.196721	0	0	4.098361	0	4.098361	0	0	0	0	0	0	0	0	0	0	4.098361	0	0	0	0	0	0	0	0	0	0	0	0	8.196721	8.196721	0	0	16.393443	0	0	0	0	0	0	0	8.196721	0	0	0	0	0	0	0	0	0	0	0	0	0	0	0	0	0	0	0	0	0	0	0	0	0	0	0	81.967213	40.983607	307.377049	77.868852	147.540984	40.983607	168.032787	81.967213	32.786885	8.196721	8.196721	0	0	4.098361	12.295082	4.098361	0	20.491803	65.57377	0
46255.txt	menores_notas	271	95.940959	14.760148	70.110701	3.690037	7.380074	14.760148	3.690037	0	0	0	0	11.070111	22.140221	0	0	0	22.140221	0	3.690037	11.070111	22.140221	3.690037	11.070111	0	18.450185	11.070111	0	0	11.070111	77.490775	191.881919	62.730627	73.800738	29.520295	0	3.690037	0	11.070111	0	11.070111	29.520295	0	73.800738	0	25.830258	22.140221	0	29.520295	0	3.690037	0	0	3.690037	22.140221	0	0	11.070111	114.391144	55.350554	25.830258	0	3.690037	7.380074	3.690037	11.070111	7.380074	22.140221	11.070111	44.280443	0	0	11.070111	0	0	0	0	0	3.690037	7.380074	3.690037	0	29.520295	66.420664	22.140221	0	3.690037	0	3.690037	0	0	0	0	0	0	11.070111	7.380074	0	55.350554	0	3.690037	33.210332	3.690037	18.450185	25.830258	125.461255	22.140221	33.210332	0	11.070111	0	3.690037	7.380074	3.690037	3.690037	0	3.690037	0	0	0	0	3.690037	0	0	0	0	0	0	7.380074	3.690037	81.180812	3.690037	70.110701	0	47.97048	0	7.380074	0	3.690037	0	3.690037	0	0	7.380074	3.690037	7.380074	25.830258	25.830258	0	0	22.140221	3.690037	0	33.210332	11.070111	0	0	7.380074	0	0	0	0	0	3.690037	0	14.760148	7.380074	0	0	0	0	3.690037	0	0	0	0	0	0	0	0	0	3.690037	0	0	0	0	0	7.380074	3.690037	0	0	0	7.380074	0	0	7.380074	0	0	18.450185	3.690037	0	0	0	0	0	0	7.380074	0	0	0	0	0	0	0	0	0	0	0	0	0	0	0	0	0	0	0	0	0	0	0	7.380074	0	0	0	110.701107	77.490775	269.372694	47.97048	206.642066	33.210332	154.98155	81.180812	55.350554	22.140221	7.380074	0	0	3.690037	33.210332	7.380074	14.760148	7.380074	81.180812	14.760148
46273.txt	menores_notas	214	84.11215	0	56.074766	23.364486	9.345794	32.71028	4.672897	0	0	0	0	0	42.056075	9.345794	9.345794	14.018692	18.691589	0	4.672897	28.037383	65.420561	4.672897	28.037383	0	56.074766	9.345794	0	0	0	0	247.663551	70.093458	107.476636	32.71028	4.672897	14.018692	0	28.037383	4.672897	28.037383	9.345794	4.672897	51.401869	0	23.364486	4.672897	9.345794	9.345794	4.672897	0	0	0	9.345794	14.018692	4.672897	0	9.345794	102.803738	65.420561	37.383178	0	9.345794	0	4.672897	0	4.672897	4.672897	4.672897	65.420561	0	0	0	0	0	0	0	0	4.672897	0	0	0	121.495327	0	0	0	4.672897	0	0	0	0	0	0	0	0	18.691589	0	0	18.691589	18.691589	9.345794	9.345794	4.672897	18.691589	14.018692	126.168224	0	18.691589	0	0	0	0	14.018692	0	0	0	0	4.672897	0	0	0	0	0	0	0	0	0	0	9.345794	32.71028	79.439252	37.383178	56.074766	0	42.056075	0	0	0	0	0	0	0	0	9.345794	4.672897	4.672897	28.037383	14.018692	0	9.345794	65.420561	4.672897	4.672897	9.345794	18.691589	4.672897	0	0	0	23.364486	0	0	4.672897	0	0	56.074766	9.345794	0	0	0	0	0	0	0	4.672897	0	0	0	0	0	0	4.672897	0	0	0	0	0	0	4.672897	0	0	0	0	0	0	9.345794	0	0	37.383178	4.672897	0	0	0	0	0	0	9.345794	0	0	0	0	0	0	0	0	0	0	0	0	0	0	0	0	0	0	0	0	0	0	0	0	0	0	0	140.186916	186.915888	261.682243	28.037383	168.224299	14.018692	186.915888	60.747664	37.383178	65.420561	9.345794	0	0	4.672897	14.018692	4.672897	4.672897	4.672897	42.056075	4.672897
46276.txt	menores_notas	310	106.451613	9.677419	70.967742	6.451613	6.451613	3.225806	3.225806	0	0	0	0	3.225806	3.225806	0	3.225806	0	0	0	9.677419	0	41.935484	0	12.903226	3.225806	3.225806	3.225806	0	0	3.225806	3.225806	280.645161	122.580645	132.258065	22.580645	19.354839	3.225806	3.225806	45.16129	22.580645	45.16129	6.451613	3.225806	38.709677	12.903226	38.709677	6.451613	35.483871	32.258065	0	6.451613	0	3.225806	16.129032	58.064516	3.225806	19.354839	51.612903	109.677419	25.806452	22.580645	0	6.451613	6.451613	3.225806	19.354839	3.225806	3.225806	19.354839	51.612903	3.225806	3.225806	0	0	3.225806	3.225806	3.225806	9.677419	0	3.225806	6.451613	3.225806	51.612903	9.677419	3.225806	0	0	0	0	3.225806	0	3.225806	3.225806	9.677419	6.451613	6.451613	0	0	32.258065	0	0	45.16129	9.677419	22.580645	22.580645	67.741935	0	32.258065	0	6.451613	0	6.451613	0	0	12.903226	0	0	0	0	0	0	12.903226	0	0	0	0	3.225806	0	3.225806	6.451613	83.870968	9.677419	74.193548	0	48.387097	3.225806	6.451613	0	3.225806	0	3.225806	0	0	3.225806	3.225806	3.225806	51.612903	3.225806	0	0	41.935484	0	0	41.935484	22.580645	0	0	3.225806	0	0	0	0	0	0	0	32.258065	6.451613	3.225806	3.225806	0	0	0	0	0	0	0	0	0	3.225806	0	0	0	0	0	0	0	0	0	19.354839	3.225806	3.225806	0	0	0	3.225806	19.354839	3.225806	0	0	3.225806	0	0	0	0	0	0	3.225806	0	0	0	0	0	0	0	0	0	0	0	0	0	0	0	0	0	0	0	0	0	0	0	9.677419	0	0	0	116.129032	64.516129	283.870968	87.096774	164.516129	32.258065	167.741935	70.967742	32.258065	41.935484	3.225806	0	0	3.225806	41.935484	3.225806	19.354839	3.225806	90.322581	9.677419
46288.txt	menores_notas	167	83.832335	29.94012	59.88024	11.976048	5.988024	11.976048	17.964072	0	0	0	0	0	17.964072	0	0	0	17.964072	0	17.964072	5.988024	23.952096	0	17.964072	0	17.964072	5.988024	0	0	5.988024	23.952096	251.497006	59.88024	89.820359	41.916168	0	5.988024	0	23.952096	0	17.964072	41.916168	0	35.928144	0	47.904192	0	5.988024	29.94012	11.976048	0	0	0	23.952096	29.94012	5.988024	0	11.976048	107.784431	17.964072	17.964072	5.988024	5.988024	0	5.988024	23.952096	0	23.952096	11.976048	59.88024	35.928144	0	0	5.988024	0	0	0	5.988024	5.988024	0	5.988024	0	29.94012	23.952096	23.952096	0	5.988024	0	5.988024	0	0	5.988024	0	0	0	0	5.988024	0	0	5.988024	0	41.916168	5.988024	23.952096	11.976048	89.820359	0	0	0	0	0	5.988024	0	5.988024	11.976048	0	11.976048	0	0	0	0	11.976048	0	0	0	0	0	0	5.988024	0	107.784431	0	59.88024	0	35.928144	0	0	17.964072	0	0	5.988024	0	11.976048	0	5.988024	5.988024	23.952096	11.976048	0	0	23.952096	5.988024	0	41.916168	23.952096	0	0	11.976048	0	11.976048	0	0	0	0	0	23.952096	0	0	11.976048	0	5.988024	0	0	0	0	0	0	0	0	0	0	5.988024	0	0	0	0	0	0	11.976048	0	0	0	0	0	0	47.904192	0	0	11.976048	5.988024	0	0	0	0	0	0	17.964072	5.988024	0	0	0	0	0	0	0	0	0	0	0	0	0	0	0	0	0	0	0	0	0	0	5.988024	0	0	0	113.772455	71.856287	275.449102	53.892216	161.676647	41.916168	167.664671	83.832335	5.988024	23.952096	23.952096	0	0	5.988024	65.868263	5.988024	11.976048	0	77.844311	17.964072
46290.txt	menores_notas	246	73.170732	32.520325	56.910569	8.130081	8.130081	28.455285	4.065041	0	0	0	4.065041	4.065041	4.065041	4.065041	0	0	8.130081	0	4.065041	24.390244	36.585366	0	16.260163	8.130081	44.715447	20.325203	0	0	20.325203	4.065041	231.707317	126.01626	73.170732	24.390244	0	4.065041	4.065041	52.845528	4.065041	44.715447	20.325203	0	89.430894	0	24.390244	20.325203	8.130081	4.065041	4.065041	8.130081	0	4.065041	16.260163	8.130081	0	4.065041	20.325203	126.01626	60.97561	36.585366	8.130081	20.325203	4.065041	16.260163	16.260163	0	4.065041	16.260163	44.715447	12.195122	0	20.325203	4.065041	0	4.065041	4.065041	8.130081	8.130081	0	8.130081	0	97.560976	4.065041	0	0	16.260163	16.260163	0	0	0	0	0	8.130081	0	4.065041	0	0	4.065041	0	0	52.845528	4.065041	12.195122	28.455285	117.886179	8.130081	4.065041	0	24.390244	4.065041	0	12.195122	16.260163	12.195122	4.065041	0	12.195122	0	4.065041	0	4.065041	8.130081	0	4.065041	0	4.065041	4.065041	8.130081	8.130081	56.910569	12.195122	56.910569	0	44.715447	4.065041	4.065041	8.130081	0	0	0	0	0	0	8.130081	8.130081	28.455285	20.325203	0	0	36.585366	8.130081	0	52.845528	8.130081	12.195122	0	16.260163	0	0	8.130081	0	0	0	0	20.325203	4.065041	8.130081	8.130081	0	4.065041	4.065041	0	0	0	0	0	0	0	0	0	4.065041	4.065041	0	0	0	0	4.065041	28.455285	0	0	0	0	0	4.065041	12.195122	0	0	4.065041	0	0	0	0	0	0	0	8.130081	0	0	0	0	0	0	0	0	0	0	0	0	0	0	0	0	0	0	0	0	0	0	0	4.065041	0	0	0	105.691057	44.715447	235.772358	44.715447	203.252033	81.300813	121.95122	69.105691	12.195122	36.585366	8.130081	0	0	8.130081	52.845528	8.130081	16.260163	20.325203	93.495935	28.455285
46626.txt	menores_notas	284	98.591549	31.690141	38.732394	3.521127	7.042254	3.521127	3.521127	3.521127	0	0	3.521127	10.56338	3.521127	0	0	0	3.521127	0	10.56338	14.084507	17.605634	0	14.084507	3.521127	17.605634	10.56338	0	0	10.56338	7.042254	242.957746	102.112676	80.985915	42.253521	10.56338	3.521127	10.56338	10.56338	0	38.732394	28.169014	14.084507	52.816901	3.521127	59.859155	24.647887	35.211268	31.690141	7.042254	3.521127	0	10.56338	21.126761	66.901408	7.042254	24.647887	59.859155	84.507042	70.422535	59.859155	0	7.042254	0	7.042254	28.169014	3.521127	3.521127	7.042254	49.295775	10.56338	0	7.042254	0	0	0	0	0	3.521127	17.605634	0	0	80.985915	7.042254	0	0	0	7.042254	7.042254	0	0	10.56338	0	7.042254	0	7.042254	0	0	3.521127	0	17.605634	38.732394	3.521127	3.521127	10.56338	105.633803	0	3.521127	0	14.084507	0	7.042254	14.084507	0	17.605634	0	17.605634	10.56338	0	3.521127	0	14.084507	3.521127	0	3.521127	0	3.521127	10.56338	10.56338	10.56338	49.295775	0	42.253521	0	28.169014	7.042254	7.042254	3.521127	7.042254	0	0	0	7.042254	3.521127	17.605634	3.521127	21.126761	14.084507	10.56338	0	17.605634	17.605634	0	38.732394	0	0	3.521127	14.084507	0	3.521127	0	0	0	0	3.521127	7.042254	3.521127	3.521127	0	0	0	7.042254	0	0	7.042254	0	0	3.521127	3.521127	0	0	10.56338	7.042254	0	0	0	0	3.521127	10.56338	0	7.042254	0	0	0	7.042254	7.042254	3.521127	0	3.521127	0	0	0	0	0	0	7.042254	10.56338	0	0	0	0	0	0	0	0	0	7.042254	0	0	0	0	0	0	0	0	0	0	0	0	0	7.042254	0	0	0	126.760563	56.338028	250	112.676056	161.971831	73.943662	91.549296	95.070423	3.521127	17.605634	17.605634	7.042254	0	17.605634	49.295775	28.169014	21.126761	3.521127	49.295775	0
46687.txt	menores_notas	246	77.235772	12.195122	85.365854	20.325203	4.065041	8.130081	0	4.065041	0	0	0	0	8.130081	0	0	0	4.065041	0	4.065041	0	12.195122	0	4.065041	0	4.065041	0	0	0	0	0	296.747967	158.536585	105.691057	44.715447	16.260163	12.195122	20.325203	52.845528	4.065041	20.325203	52.845528	4.065041	48.780488	0	36.585366	28.455285	48.780488	40.650407	8.130081	12.195122	0	16.260163	12.195122	73.170732	0	28.455285	73.170732	89.430894	73.170732	44.715447	4.065041	8.130081	4.065041	4.065041	20.325203	4.065041	4.065041	8.130081	44.715447	16.260163	0	0	4.065041	0	0	0	4.065041	4.065041	0	0	0	81.300813	4.065041	0	0	0	0	0	0	0	12.195122	0	0	8.130081	12.195122	0	0	28.455285	8.130081	4.065041	28.455285	0	24.390244	20.325203	85.365854	28.455285	8.130081	0	0	0	12.195122	0	0	0	0	0	0	0	0	0	0	0	0	0	0	0	0	0	8.130081	85.365854	28.455285	85.365854	4.065041	20.325203	0	4.065041	8.130081	0	0	0	0	0	8.130081	20.325203	4.065041	12.195122	8.130081	0	0	12.195122	20.325203	0	28.455285	12.195122	0	0	8.130081	0	12.195122	0	0	4.065041	0	0	12.195122	0	0	4.065041	0	0	12.195122	0	0	8.130081	0	0	0	0	0	0	16.260163	4.065041	0	0	0	0	0	8.130081	0	8.130081	0	0	0	4.065041	24.390244	0	0	4.065041	8.130081	0	0	0	0	0	0	4.065041	0	0	0	0	0	0	0	0	0	0	0	0	0	0	0	0	0	0	0	0	0	0	0	16.260163	0	0	0	89.430894	20.325203	296.747967	113.821138	170.731707	20.325203	191.056911	44.715447	44.715447	12.195122	4.065041	0	0	20.325203	40.650407	32.520325	8.130081	0	44.715447	4.065041
46699.txt	menores_notas	250	108	0	56	16	0	20	0	0	0	0	0	0	28	0	0	0	20	0	20	0	28	0	16	0	16	8	0	0	8	20	292	108	96	52	16	4	4	60	0	60	28	16	64	8	56	12	24	28	0	8	0	4	4	52	0	4	32	104	56	24	0	8	4	12	28	0	4	8	52	8	0	4	4	0	0	0	4	4	0	0	0	76	16	0	0	0	0	0	0	0	16	0	0	32	16	0	0	0	4	0	32	0	12	20	92	0	0	0	8	0	12	0	8	8	0	0	4	0	0	0	8	0	0	0	0	0	0	0	16	72	12	76	0	36	0	8	0	0	0	0	0	16	4	8	4	20	16	0	0	28	8	0	32	12	4	0	0	0	24	4	0	4	0	0	24	4	0	4	0	0	4	0	0	0	4	0	0	0	0	0	8	0	0	0	0	0	0	12	0	4	0	0	0	0	4	0	0	20	8	0	0	0	0	4	0	12	0	0	0	0	0	0	0	0	0	0	0	0	0	0	0	0	0	0	0	0	0	0	0	12	0	0	0	164	80	312	68	172	44	152	76	4	28	16	0	0	8	32	8	8	4	64	20
46705.txt	menores_notas	222	94.594595	0	81.081081	4.504505	18.018018	13.513514	0	0	0	0	0	0	18.018018	0	4.504505	0	13.513514	0	4.504505	4.504505	18.018018	0	9.009009	4.504505	18.018018	0	0	0	0	0	297.297297	157.657658	117.117117	18.018018	13.513514	9.009009	13.513514	40.540541	4.504505	63.063063	18.018018	0	40.540541	0	67.567568	4.504505	27.027027	36.036036	0	9.009009	0	4.504505	22.522523	76.576577	4.504505	22.522523	36.036036	94.594595	36.036036	22.522523	4.504505	13.513514	0	0	22.522523	0	4.504505	9.009009	45.045045	4.504505	0	4.504505	4.504505	0	0	0	4.504505	4.504505	0	0	0	58.558559	0	0	0	0	0	0	0	0	18.018018	0	4.504505	0	9.009009	0	0	18.018018	0	0	27.027027	4.504505	18.018018	18.018018	58.558559	0	0	0	13.513514	0	4.504505	4.504505	0	4.504505	4.504505	9.009009	4.504505	0	0	4.504505	4.504505	0	4.504505	0	4.504505	0	0	4.504505	4.504505	103.603604	4.504505	81.081081	0	27.027027	0	4.504505	0	4.504505	0	0	0	0	4.504505	9.009009	0	18.018018	13.513514	0	0	18.018018	9.009009	0	27.027027	18.018018	0	0	9.009009	0	4.504505	0	0	0	0	0	9.009009	4.504505	4.504505	0	0	4.504505	4.504505	0	0	0	0	0	0	0	0	0	0	9.009009	0	0	0	0	0	9.009009	0	0	0	0	0	0	18.018018	0	0	13.513514	4.504505	0	0	0	0	4.504505	0	0	0	0	0	0	0	0	4.504505	0	0	0	0	0	0	0	0	0	0	0	0	0	0	0	0	4.504505	0	0	0	175.675676	49.54955	297.297297	103.603604	139.63964	49.54955	189.189189	40.540541	18.018018	18.018018	4.504505	4.504505	0	9.009009	45.045045	9.009009	9.009009	9.009009	63.063063	0
46724.txt	menores_notas	158	94.936709	18.987342	50.632911	18.987342	25.316456	12.658228	0	0	0	0	0	0	18.987342	0	0	0	12.658228	0	12.658228	0	18.987342	0	12.658228	0	12.658228	0	0	0	0	0	316.455696	151.898734	132.911392	25.316456	6.329114	0	12.658228	37.974684	0	50.632911	25.316456	0	56.962025	0	31.64557	12.658228	18.987342	25.316456	6.329114	0	0	0	18.987342	31.64557	0	12.658228	25.316456	75.949367	37.974684	37.974684	0	6.329114	0	0	0	0	6.329114	0	44.303797	12.658228	0	6.329114	0	0	0	0	0	0	0	0	0	69.620253	12.658228	0	0	0	0	0	0	0	0	0	0	0	12.658228	0	0	12.658228	6.329114	6.329114	18.987342	0	12.658228	6.329114	82.278481	0	12.658228	0	18.987342	0	6.329114	6.329114	12.658228	6.329114	0	0	6.329114	0	0	0	0	6.329114	0	0	0	0	0	6.329114	12.658228	107.594937	50.632911	50.632911	18.987342	31.64557	0	6.329114	0	0	0	0	0	0	0	6.329114	0	31.64557	0	0	0	18.987342	6.329114	0	0	6.329114	0	6.329114	0	0	6.329114	0	0	0	0	0	18.987342	0	0	0	0	0	6.329114	0	0	0	0	0	0	0	0	0	6.329114	0	0	0	0	0	0	0	0	0	0	0	0	18.987342	37.974684	0	37.974684	12.658228	6.329114	0	0	0	0	0	0	6.329114	0	0	0	0	0	0	0	0	0	0	0	0	0	0	0	0	0	0	0	0	0	0	0	0	18.987342	0	0	164.556962	94.936709	316.455696	63.291139	120.253165	50.632911	202.531646	44.303797	18.987342	18.987342	6.329114	0	0	6.329114	37.974684	6.329114	0	6.329114	31.64557	0
46743.txt	menores_notas	251	71.713147	7.968127	59.760956	35.856574	3.984064	19.920319	0	3.984064	0	0	0	0	3.984064	0	0	0	3.984064	0	3.984064	15.936255	23.904382	0	19.920319	3.984064	11.952191	0	0	0	0	31.87251	231.075697	115.537849	15.936255	35.856574	11.952191	3.984064	0	15.936255	0	23.904382	63.74502	15.936255	51.792829	11.952191	43.824701	27.888446	23.904382	35.856574	7.968127	11.952191	0	3.984064	11.952191	51.792829	0	0	35.856574	95.61753	47.808765	35.856574	0	7.968127	0	7.968127	11.952191	0	7.968127	0	39.840637	15.936255	0	7.968127	0	0	0	0	0	0	3.984064	0	0	35.856574	27.888446	3.984064	0	3.984064	0	7.968127	0	0	7.968127	3.984064	0	7.968127	11.952191	0	0	11.952191	0	0	31.87251	0	19.920319	27.888446	79.681275	0	11.952191	0	7.968127	0	3.984064	11.952191	0	15.936255	0	15.936255	3.984064	0	3.984064	0	11.952191	3.984064	0	3.984064	0	0	7.968127	3.984064	7.968127	95.61753	19.920319	79.681275	3.984064	47.808765	3.984064	3.984064	7.968127	3.984064	3.984064	0	0	0	0	3.984064	0	27.888446	15.936255	0	0	23.904382	3.984064	0	31.87251	19.920319	0	3.984064	11.952191	0	0	0	0	0	0	3.984064	19.920319	0	0	7.968127	0	0	0	0	0	0	0	0	0	0	0	0	3.984064	0	0	0	0	0	0	0	0	0	0	0	0	3.984064	19.920319	0	0	3.984064	0	0	0	0	0	0	7.968127	0	0	0	0	0	0	0	0	0	0	7.968127	0	0	0	0	0	0	0	0	0	0	0	0	0	3.984064	3.984064	0	0	79.681275	59.760956	262.948207	87.649402	147.410359	55.776892	187.250996	71.713147	11.952191	23.904382	7.968127	7.968127	0	3.984064	51.792829	0	3.984064	11.952191	79.681275	7.968127
46946.txt	menores_notas	295	98.305085	16.949153	67.79661	10.169492	16.949153	10.169492	0	0	0	0	0	0	10.169492	0	3.389831	0	6.779661	0	6.779661	6.779661	13.559322	0	10.169492	3.389831	13.559322	3.389831	0	0	3.389831	3.389831	277.966102	166.101695	77.966102	27.118644	6.779661	6.779661	23.728814	57.627119	10.169492	40.677966	6.779661	3.389831	50.847458	6.779661	64.40678	23.728814	37.288136	50.847458	13.559322	3.389831	0	10.169492	30.508475	71.186441	3.389831	3.389831	61.016949	94.915254	27.118644	16.949153	3.389831	0	3.389831	0	10.169492	13.559322	0	3.389831	74.576271	16.949153	0	3.389831	3.389831	0	6.779661	0	3.389831	0	0	3.389831	0	47.457627	13.559322	13.559322	0	0	0	0	0	0	13.559322	0	0	0	0	0	0	0	0	13.559322	20.338983	0	13.559322	3.389831	74.576271	0	0	0	13.559322	0	3.389831	6.779661	0	10.169492	0	13.559322	6.779661	0	0	0	6.779661	3.389831	0	0	0	0	0	3.389831	0	94.915254	20.338983	67.79661	6.779661	40.677966	0	3.389831	0	0	0	3.389831	0	3.389831	0	10.169492	3.389831	27.118644	20.338983	0	0	13.559322	10.169492	0	20.338983	13.559322	0	0	3.389831	0	10.169492	0	3.389831	0	0	0	6.779661	0	3.389831	0	0	0	0	0	0	3.389831	0	0	6.779661	0	0	0	6.779661	3.389831	0	0	0	0	0	3.389831	0	3.389831	0	0	0	0	10.169492	0	0	10.169492	3.389831	0	0	3.389831	0	0	0	3.389831	0	0	0	0	0	0	0	0	0	0	0	0	0	0	0	0	0	0	0	0	0	0	0	0	0	0	0	115.254237	44.067797	281.355932	125.423729	122.033898	44.067797	179.661017	64.40678	0	13.559322	3.389831	0	0	10.169492	30.508475	10.169492	3.389831	6.779661	37.288136	16.949153
47010.txt	menores_notas	380	110.526316	13.157895	42.105263	2.631579	10.526316	26.315789	5.263158	0	0	0	0	0	2.631579	10.526316	0	5.263158	2.631579	0	2.631579	10.526316	10.526316	0	0	0	44.736842	2.631579	0	0	2.631579	5.263158	315.789474	131.578947	118.421053	34.210526	10.526316	15.789474	7.894737	89.473684	5.263158	68.421053	44.736842	0	55.263158	0	44.736842	7.894737	47.368421	7.894737	0	5.263158	0	7.894737	13.157895	63.157895	0	23.684211	52.631579	84.210526	31.578947	31.578947	5.263158	0	0	0	15.789474	2.631579	2.631579	2.631579	57.894737	10.526316	2.631579	2.631579	0	5.263158	0	0	2.631579	0	0	0	0	65.789474	0	0	0	0	0	7.894737	15.789474	2.631579	5.263158	0	0	0	0	0	0	7.894737	0	0	15.789474	0	10.526316	23.684211	73.684211	5.263158	2.631579	0	0	2.631579	2.631579	7.894737	2.631579	5.263158	0	0	7.894737	0	0	0	5.263158	0	0	0	0	0	0	7.894737	13.157895	102.631579	7.894737	44.736842	0	34.210526	2.631579	0	5.263158	0	0	2.631579	0	2.631579	0	2.631579	0	31.578947	5.263158	0	0	10.526316	2.631579	0	15.789474	10.526316	2.631579	0	0	0	0	0	0	0	0	0	7.894737	0	2.631579	10.526316	0	0	0	0	0	0	0	0	0	0	0	0	0	0	0	0	0	0	2.631579	2.631579	0	0	0	0	0	2.631579	5.263158	0	0	2.631579	0	0	0	0	0	0	0	5.263158	0	0	0	0	0	0	0	0	0	0	0	0	0	0	0	0	0	0	0	0	0	2.631579	0	0	2.631579	0	0	123.684211	36.842105	326.315789	84.210526	121.052632	31.578947	160.526316	47.368421	7.894737	10.526316	5.263158	0	2.631579	2.631579	15.789474	0	2.631579	7.894737	50	2.631579
47046.txt	menores_notas	264	75.757576	11.363636	49.242424	7.575758	22.727273	7.575758	0	0	0	0	0	15.151515	18.939394	11.363636	0	7.575758	18.939394	0	7.575758	11.363636	37.878788	0	7.575758	0	15.151515	18.939394	7.575758	0	7.575758	3.787879	246.212121	132.575758	49.242424	45.454545	3.787879	3.787879	3.787879	18.939394	0	22.727273	18.939394	3.787879	34.090909	0	37.878788	3.787879	15.151515	15.151515	0	0	0	3.787879	15.151515	37.878788	0	7.575758	15.151515	125	26.515152	3.787879	3.787879	11.363636	3.787879	7.575758	22.727273	0	11.363636	7.575758	75.757576	11.363636	0	15.151515	0	0	3.787879	0	0	7.575758	0	0	0	56.818182	7.575758	7.575758	0	0	0	0	0	0	26.515152	0	3.787879	0	3.787879	0	0	3.787879	15.151515	7.575758	34.090909	0	22.727273	18.939394	71.969697	0	3.787879	0	22.727273	3.787879	7.575758	0	3.787879	15.151515	0	11.363636	0	0	3.787879	0	15.151515	0	0	3.787879	0	0	3.787879	3.787879	15.151515	90.909091	7.575758	49.242424	0	49.242424	0	0	3.787879	3.787879	0	0	0	7.575758	3.787879	26.515152	3.787879	30.30303	18.939394	0	0	37.878788	18.939394	0	34.090909	22.727273	3.787879	0	11.363636	0	15.151515	7.575758	0	0	0	0	26.515152	11.363636	0	15.151515	0	0	3.787879	0	0	0	0	0	0	0	0	0	7.575758	11.363636	0	0	3.787879	0	0	22.727273	0	0	0	0	0	0	11.363636	0	0	11.363636	7.575758	0	0	0	0	0	0	11.363636	0	0	0	0	0	0	0	0	0	0	0	0	0	3.787879	0	0	0	0	0	0	0	0	0	7.575758	0	0	0	87.121212	94.69697	250	56.818182	159.090909	75.757576	147.727273	71.969697	18.939394	37.878788	11.363636	0	3.787879	30.30303	41.666667	3.787879	7.575758	3.787879	75.757576	26.515152
47068.txt	menores_notas	197	106.598985	5.076142	60.913706	5.076142	5.076142	20.304569	0	0	0	0	0	5.076142	5.076142	0	0	0	5.076142	0	15.228426	10.152284	15.228426	0	20.304569	0	30.456853	5.076142	0	0	5.076142	0	274.111675	116.751269	96.446701	25.380711	5.076142	5.076142	10.152284	55.837563	0	55.837563	30.456853	10.152284	55.837563	5.076142	30.456853	25.380711	35.532995	25.380711	10.152284	0	0	0	15.228426	50.761421	0	0	65.989848	91.370558	40.609137	30.456853	0	0	0	5.076142	25.380711	0	5.076142	5.076142	65.989848	5.076142	15.228426	0	0	0	0	0	0	5.076142	0	0	0	50.761421	0	0	0	0	0	0	0	0	20.304569	0	0	0	30.456853	0	0	10.152284	0	0	25.380711	10.152284	25.380711	5.076142	50.761421	5.076142	0	0	5.076142	0	10.152284	5.076142	10.152284	5.076142	0	5.076142	5.076142	0	0	0	5.076142	0	0	0	0	0	0	10.152284	0	106.598985	0	60.913706	0	60.913706	0	0	0	0	0	0	0	0	0	20.304569	5.076142	45.685279	15.228426	5.076142	0	15.228426	15.228426	0	35.532995	10.152284	0	0	0	0	0	0	0	0	0	0	15.228426	0	0	0	0	0	0	0	0	0	0	0	0	0	0	0	0	15.228426	0	15.228426	0	0	0	10.152284	0	0	5.076142	0	0	0	15.228426	0	0	5.076142	0	0	0	0	0	0	0	15.228426	0	0	0	0	0	0	0	0	0	0	0	0	0	0	0	0	0	0	0	0	0	0	0	15.228426	0	0	0	111.675127	50.761421	274.111675	91.370558	137.055838	50.761421	167.51269	91.370558	5.076142	15.228426	15.228426	0	0	15.228426	35.532995	15.228426	5.076142	5.076142	65.989848	15.228426
47123.txt	menores_notas	225	80	0	53.333333	13.333333	17.777778	4.444444	13.333333	8.888889	0	0	0	13.333333	8.888889	4.444444	4.444444	0	4.444444	0	44.444444	13.333333	22.222222	0	4.444444	0	13.333333	17.777778	0	0	13.333333	0	226.666667	128.888889	40	44.444444	4.444444	8.888889	4.444444	57.777778	0	71.111111	4.444444	0	53.333333	0	48.888889	31.111111	35.555556	71.111111	4.444444	0	0	0	26.666667	66.666667	0	0	35.555556	84.444444	44.444444	40	0	0	0	0	17.777778	4.444444	0	0	40	8.888889	0	0	0	0	0	0	0	0	0	0	0	62.222222	13.333333	0	0	0	0	0	0	0	13.333333	0	0	0	0	0	0	26.666667	0	4.444444	13.333333	4.444444	8.888889	26.666667	75.555556	0	26.666667	0	8.888889	0	13.333333	13.333333	4.444444	8.888889	0	4.444444	4.444444	4.444444	0	0	8.888889	0	0	0	0	0	4.444444	13.333333	13.333333	102.222222	8.888889	53.333333	0	40	8.888889	8.888889	4.444444	0	0	4.444444	8.888889	0	0	8.888889	4.444444	35.555556	13.333333	0	0	22.222222	8.888889	0	13.333333	8.888889	0	0	0	0	4.444444	0	0	0	0	0	13.333333	4.444444	0	4.444444	0	0	0	0	0	0	0	0	0	0	0	0	0	8.888889	0	0	0	0	0	0	0	0	0	0	0	0	17.777778	0	0	8.888889	0	0	0	0	0	0	8.888889	13.333333	4.444444	0	0	0	0	0	0	0	0	8.888889	0	0	0	0	0	0	0	0	0	0	0	0	0	8.888889	0	0	0	133.333333	93.333333	226.666667	115.555556	128.888889	62.222222	160	88.888889	26.666667	22.222222	26.666667	8.888889	0	8.888889	17.777778	0	0	4.444444	48.888889	8.888889
