filename	subcorpus	wcount	v001	v002	v003	v004	v005	v006	v007_1	v007_2	v007_3	v007_4	v008	v009	v010	v011	v012	v013	v014	v015	v016	v017	v018	v019	v020	v021	v022	v023	v024	v025	v026	v027	v028	v029	v030	v031	v032	v033	v034	v035	v036	v037	v038	v039	v040	v041	v042	v043	v044	v045	v046	v047	v048	v049	v050	v051	v052	v053	v054	v055	v056	v057	v058	v059	v060	v061	v062	v063	v064	v065	v066	v067	v068	v069	v070	v071	v072	v073	v074	v075	v076	v077	v078	v079	v080	v081	v082	v083	v084	v085	v086	v087	v088	v089	v090	v091	v092	v093	v094	v095	v096	v097	v098	v099	v100	v101	v102	v103	v104	v105	v106	v107	v108	v109	v110	v111	v112	v113	v114	v115	v116	v117	v118	v119	v120	v121	v122	v123	v124	v125	v126	v127	v128	v129	v130	v131	v132	v133	v134	v135	v136	v137	v138	v139	v140	v141	v142	v143	v144	v145	v146	v147	v148	v149	v150	v151	v152	v153	v154	v155	v156	v157	v158	v159	v160	v161	v162	v163	v164	v165	v166	v167	v168	v169	v170	v171	v172	v173	v174	v175	v176	v177	v178	v179	v180	v181	v182	v183	v184	v185	v186	v187	v188	v189	v190	v191	v192	v193	v194	v195	v196	v197	v198	v199	v200	v201	v202	v203	v204	v205	v206	v207	v208	v209	v210	v211	v212	v213	v214	v215	v216	v217	v218	v219	v220	v221	v222	v223	v224	v225	v226	v227	v228	v229	v230	v900	v901	v902	v903	v904	v905	v906	v907	v908	v909	v910	v911	v912	v913	v914	v915	v916	v917	v918	v919
32610_composicao_gemini-3.6-flash.txt	menores_notas_gemini	351	85.470085	19.94302	102.564103	8.547009	11.396011	0	0	0	0	0	0	0	5.698006	0	0	0	5.698006	0	0	2.849003	17.094017	0	2.849003	2.849003	0	0	0	0	0	34.188034	284.900285	159.54416	99.7151	8.547009	17.094017	14.245014	5.698006	54.131054	5.698006	68.376068	37.037037	2.849003	56.980057	0	88.319088	11.396011	51.282051	22.792023	5.698006	8.547009	0	8.547009	19.94302	113.960114	0	25.641026	105.413105	85.470085	17.094017	14.245014	0	5.698006	2.849003	2.849003	5.698006	2.849003	0	5.698006	56.980057	5.698006	0	0	0	0	0	0	2.849003	0	5.698006	0	0	45.584046	25.641026	0	0	2.849003	0	0	0	0	2.849003	0	0	5.698006	0	0	0	19.94302	0	2.849003	17.094017	0	8.547009	19.94302	74.074074	2.849003	5.698006	0	2.849003	0	8.547009	0	0	2.849003	0	2.849003	0	0	0	0	2.849003	0	0	0	0	0	0	0	0	76.923077	17.094017	102.564103	0	48.433048	2.849003	2.849003	0	0	2.849003	0	0	0	0	5.698006	2.849003	42.735043	8.547009	0	0	17.094017	5.698006	2.849003	17.094017	8.547009	0	0	0	2.849003	5.698006	0	0	0	0	0	11.396011	2.849003	0	14.245014	0	0	5.698006	0	0	0	0	0	0	0	0	0	5.698006	0	0	0	0	0	0	2.849003	0	2.849003	2.849003	2.849003	0	0	11.396011	0	0	2.849003	2.849003	0	0	0	0	0	0	2.849003	0	0	0	0	0	0	0	0	0	0	0	0	0	0	0	0	0	0	0	0	0	0	0	0	0	0	0	225.071225	28.490028	319.088319	145.299145	111.111111	17.094017	190.883191	65.527066	22.792023	17.094017	2.849003	0	0	5.698006	19.94302	5.698006	8.547009	0	45.584046	0
32674_composicao_gemini-3.6-flash.txt	menores_notas_gemini	337	86.053412	5.934718	103.857567	17.804154	2.967359	0	5.934718	0	0	0	0	0	0	0	0	0	0	0	0	0	8.902077	0	2.967359	0	0	0	0	0	0	2.967359	308.605341	136.498516	118.694362	20.771513	17.804154	2.967359	2.967359	77.151335	5.934718	50.445104	11.869436	2.967359	44.510386	0	65.281899	5.934718	77.151335	29.673591	5.934718	2.967359	0	5.934718	11.869436	124.62908	0	44.510386	77.151335	80.118694	23.738872	8.902077	5.934718	2.967359	5.934718	0	14.836795	0	2.967359	2.967359	26.706231	0	2.967359	0	0	0	0	0	0	2.967359	0	0	0	44.510386	2.967359	0	0	0	0	2.967359	0	0	5.934718	0	0	0	0	2.967359	0	17.804154	0	0	14.836795	0	14.836795	20.771513	50.445104	0	17.804154	0	2.967359	0	8.902077	11.869436	2.967359	0	0	5.934718	8.902077	0	0	0	0	0	0	0	0	2.967359	2.967359	0	26.706231	89.020772	2.967359	106.824926	0	44.510386	0	0	0	0	5.934718	0	0	0	0	2.967359	2.967359	41.543027	2.967359	0	0	8.902077	2.967359	0	14.836795	11.869436	5.934718	0	0	0	0	0	0	0	0	0	5.934718	0	0	2.967359	0	0	0	0	0	5.934718	0	0	0	0	0	0	0	2.967359	0	0	0	0	0	2.967359	0	0	0	0	0	0	14.836795	0	0	0	0	0	0	0	0	0	0	2.967359	0	0	2.967359	0	0	0	0	0	0	0	0	0	0	0	0	0	0	0	0	0	0	0	0	0	0	0	0	195.845697	11.869436	311.5727	142.433234	106.824926	35.608309	207.715134	56.379822	17.804154	8.902077	5.934718	0	0	5.934718	17.804154	5.934718	2.967359	14.836795	50.445104	0
32714_composicao_gemini-3.6-flash.txt	menores_notas_gemini	311	93.247588	16.07717	70.73955	9.646302	0	3.215434	6.430868	0	0	0	0	0	3.215434	0	0	0	3.215434	0	0	0	16.07717	0	0	3.215434	3.215434	0	0	0	0	6.430868	212.21865	170.418006	106.109325	16.07717	12.861736	0	9.646302	77.170418	0	51.446945	25.723473	9.646302	51.446945	12.861736	131.832797	9.646302	61.093248	41.800643	6.430868	28.938907	0	0	19.292605	112.540193	0	38.585209	99.678457	90.032154	19.292605	16.07717	3.215434	3.215434	3.215434	0	6.430868	9.646302	3.215434	12.861736	41.800643	3.215434	0	3.215434	3.215434	0	0	0	3.215434	0	9.646302	3.215434	0	61.093248	0	0	0	3.215434	0	0	0	0	3.215434	0	0	3.215434	0	3.215434	0	9.646302	0	3.215434	19.292605	3.215434	9.646302	22.508039	64.308682	3.215434	6.430868	0	16.07717	0	9.646302	0	0	0	0	12.861736	0	0	0	0	0	0	0	0	0	0	6.430868	0	16.07717	86.81672	9.646302	70.73955	0	51.446945	0	3.215434	0	0	0	3.215434	0	0	9.646302	3.215434	0	51.446945	0	0	0	16.07717	3.215434	0	12.861736	9.646302	9.646302	0	0	0	0	0	0	0	0	0	12.861736	0	3.215434	9.646302	0	0	0	0	0	0	3.215434	0	0	0	0	0	3.215434	0	0	0	0	0	0	3.215434	0	3.215434	3.215434	0	0	0	3.215434	0	0	3.215434	0	0	0	0	0	0	0	3.215434	0	0	0	0	0	0	0	0	0	0	0	0	0	0	0	0	0	0	0	0	0	0	0	0	0	0	0	109.324759	19.292605	315.11254	141.4791	122.186495	35.369775	167.202572	70.73955	9.646302	16.07717	3.215434	0	0	3.215434	19.292605	3.215434	12.861736	0	54.662379	0
32733_composicao_gemini-3.6-flash.txt	menores_notas_gemini	333	108.108108	12.012012	93.093093	12.012012	0	9.009009	3.003003	0	0	0	0	0	3.003003	0	0	0	3.003003	0	3.003003	0	9.009009	0	3.003003	0	9.009009	0	0	0	0	42.042042	276.276276	138.138138	123.123123	27.027027	12.012012	6.006006	3.003003	99.099099	21.021021	78.078078	36.036036	0	48.048048	0	147.147147	18.018018	60.06006	51.051051	12.012012	24.024024	0	0	21.021021	123.123123	0	51.051051	108.108108	72.072072	33.033033	15.015015	0	0	0	0	12.012012	3.003003	6.006006	3.003003	54.054054	9.009009	3.003003	0	0	0	0	0	0	3.003003	0	0	0	54.054054	0	0	0	0	0	0	0	0	3.003003	0	0	6.006006	6.006006	0	0	6.006006	0	6.006006	30.03003	0	12.012012	15.015015	54.054054	3.003003	3.003003	0	3.003003	0	12.012012	3.003003	0	0	0	3.003003	3.003003	0	0	0	0	0	0	0	0	0	0	3.003003	9.009009	60.06006	12.012012	96.096096	0	54.054054	0	3.003003	0	0	3.003003	0	0	0	0	6.006006	0	51.051051	3.003003	0	0	9.009009	6.006006	0	30.03003	12.012012	3.003003	0	0	0	3.003003	0	0	0	0	0	9.009009	0	0	3.003003	0	0	0	0	0	3.003003	3.003003	0	0	0	0	0	3.003003	3.003003	0	0	0	0	0	3.003003	0	3.003003	0	0	0	12.012012	24.024024	0	0	0	3.003003	0	0	0	0	0	0	0	0	0	3.003003	0	0	0	0	0	0	0	0	0	0	0	0	0	0	0	0	0	0	0	0	0	0	0	0	213.213213	15.015015	318.318318	162.162162	105.105105	24.024024	168.168168	66.066066	6.006006	9.009009	3.003003	0	0	6.006006	30.03003	6.006006	3.003003	3.003003	57.057057	0
32749_composicao_gemini-3.6-flash.txt	menores_notas_gemini	342	119.883041	8.77193	99.415205	14.619883	2.923977	2.923977	2.923977	0	0	0	0	0	17.54386	0	2.923977	0	2.923977	0	5.847953	0	8.77193	0	2.923977	0	2.923977	0	0	0	0	0	301.169591	157.894737	87.719298	23.391813	20.467836	2.923977	2.923977	70.175439	2.923977	52.631579	14.619883	0	55.555556	23.391813	96.491228	2.923977	46.783626	14.619883	2.923977	17.54386	0	0	14.619883	114.035088	0	26.315789	116.959064	87.719298	20.467836	14.619883	0	2.923977	2.923977	0	17.54386	2.923977	2.923977	5.847953	49.707602	2.923977	2.923977	2.923977	0	2.923977	0	0	0	2.923977	2.923977	0	0	43.859649	8.77193	0	0	2.923977	0	2.923977	0	0	0	2.923977	0	0	0	2.923977	0	2.923977	2.923977	5.847953	38.011696	0	5.847953	11.695906	58.479532	0	2.923977	0	11.695906	0	2.923977	0	0	5.847953	0	5.847953	0	0	0	0	5.847953	0	0	0	0	0	0	2.923977	11.695906	70.175439	32.163743	108.187135	0	46.783626	0	8.77193	0	2.923977	0	0	0	0	5.847953	2.923977	0	40.935673	8.77193	0	0	8.77193	2.923977	0	38.011696	5.847953	0	0	2.923977	0	11.695906	0	0	0	0	0	5.847953	2.923977	0	5.847953	0	0	0	0	0	0	0	0	2.923977	0	0	0	2.923977	0	0	0	0	0	0	8.77193	0	0	0	5.847953	0	0	20.467836	0	0	2.923977	14.619883	0	0	0	0	0	0	0	0	0	0	0	0	0	0	0	0	0	0	0	0	0	0	0	0	0	0	0	0	0	0	0	0	0	0	128.654971	35.087719	301.169591	131.578947	114.035088	35.087719	195.906433	67.251462	5.847953	8.77193	0	0	0	2.923977	38.011696	8.77193	5.847953	0	55.555556	0
32755_composicao_gemini-3.6-flash.txt	menores_notas_gemini	329	100.303951	18.237082	109.422492	3.039514	3.039514	6.079027	3.039514	0	0	0	0	0	6.079027	0	0	0	6.079027	0	0	0	3.039514	0	0	0	6.079027	0	0	0	0	0	300.911854	188.449848	94.224924	24.316109	15.197568	0	12.158055	85.106383	0	94.224924	15.197568	3.039514	39.513678	3.039514	100.303951	9.118541	51.671733	54.711246	6.079027	15.197568	0	3.039514	12.158055	124.620061	0	18.237082	94.224924	79.027356	12.158055	9.118541	0	15.197568	0	3.039514	9.118541	0	9.118541	6.079027	36.474164	15.197568	3.039514	6.079027	0	0	3.039514	0	3.039514	6.079027	0	0	0	30.395137	9.118541	0	0	3.039514	0	0	0	0	3.039514	0	0	0	6.079027	3.039514	0	0	0	9.118541	36.474164	0	12.158055	3.039514	42.553191	0	0	0	9.118541	0	12.158055	3.039514	0	0	0	3.039514	3.039514	0	3.039514	0	0	0	0	3.039514	0	0	3.039514	3.039514	24.316109	85.106383	27.355623	109.422492	0	57.75076	0	0	0	0	0	0	0	0	6.079027	3.039514	0	54.711246	3.039514	0	0	3.039514	3.039514	0	36.474164	12.158055	3.039514	0	0	0	6.079027	0	0	0	0	0	3.039514	0	0	3.039514	0	0	0	0	0	3.039514	0	0	0	0	0	0	0	3.039514	0	0	0	0	0	3.039514	0	6.079027	0	6.079027	0	0	3.039514	0	0	0	6.079027	0	0	0	0	0	0	0	0	0	6.079027	0	0	0	0	0	0	0	0	0	0	0	0	0	0	0	0	0	0	0	0	0	0	0	0	118.541033	3.039514	300.911854	148.93617	94.224924	42.553191	221.884498	66.869301	0	3.039514	6.079027	0	0	3.039514	36.474164	3.039514	9.118541	6.079027	51.671733	0
32782_composicao_gemini-3.6-flash.txt	menores_notas_gemini	377	95.490716	18.567639	84.880637	15.915119	2.65252	7.95756	7.95756	0	0	0	0	0	5.30504	0	0	0	2.65252	0	0	0	7.95756	0	2.65252	0	5.30504	0	0	0	0	34.482759	315.649867	201.591512	119.363395	0	0	7.95756	10.61008	111.405836	18.567639	98.143236	13.262599	18.567639	34.482759	2.65252	82.228117	10.61008	53.050398	45.092838	2.65252	7.95756	0	5.30504	10.61008	122.015915	0	39.787798	79.575597	61.007958	10.61008	10.61008	0	0	5.30504	0	0	0	2.65252	0	47.745358	2.65252	0	0	0	0	0	0	0	0	0	0	0	42.440318	2.65252	0	0	2.65252	0	0	0	0	0	0	0	0	0	0	0	5.30504	0	2.65252	5.30504	0	15.915119	21.220159	47.745358	0	5.30504	0	5.30504	0	15.915119	0	0	0	0	5.30504	2.65252	0	0	0	0	0	0	0	0	0	0	0	29.177719	111.405836	13.262599	84.880637	0	47.745358	0	0	0	0	0	0	0	0	0	2.65252	2.65252	45.092838	2.65252	0	0	7.95756	2.65252	0	5.30504	15.915119	0	0	2.65252	0	5.30504	0	0	0	0	0	5.30504	2.65252	0	13.262599	0	0	0	0	0	0	2.65252	0	0	0	0	0	2.65252	0	0	0	0	0	0	0	0	0	0	2.65252	0	0	7.95756	0	0	0	5.30504	0	0	0	0	0	0	2.65252	0	0	0	0	0	0	0	0	0	0	0	0	0	0	0	0	0	0	0	0	0	0	0	0	0	0	0	198.938992	15.915119	347.480106	143.236074	74.270557	34.482759	212.201592	53.050398	5.30504	7.95756	2.65252	0	0	2.65252	10.61008	2.65252	0	2.65252	42.440318	2.65252
32792_composicao_gemini-3.6-flash.txt	menores_notas_gemini	367	92.643052	2.724796	81.743869	19.073569	2.724796	2.724796	2.724796	0	0	0	0	0	19.073569	0	0	0	13.623978	0	0	0	5.449591	0	0	5.449591	2.724796	0	0	0	0	19.073569	310.626703	73.569482	89.918256	19.073569	8.174387	0	0	84.468665	10.899183	73.569482	5.449591	13.623978	43.59673	2.724796	73.569482	8.174387	46.321526	27.247956	8.174387	10.899183	0	0	21.798365	95.367847	2.724796	35.422343	57.220708	84.468665	10.899183	8.174387	8.174387	8.174387	0	0	2.724796	0	2.724796	0	35.422343	10.899183	0	0	5.449591	2.724796	0	2.724796	5.449591	0	0	0	0	29.972752	10.899183	0	0	5.449591	0	0	0	0	2.724796	0	0	0	0	2.724796	0	13.623978	10.899183	2.724796	24.523161	0	10.899183	16.348774	46.321526	8.174387	2.724796	0	8.174387	0	8.174387	2.724796	0	0	0	2.724796	2.724796	0	0	0	0	0	0	0	0	0	0	2.724796	0	111.716621	29.972752	81.743869	0	54.495913	0	8.174387	0	0	0	0	0	0	2.724796	5.449591	2.724796	51.771117	2.724796	0	0	5.449591	5.449591	0	21.798365	10.899183	5.449591	0	0	0	16.348774	0	0	0	0	0	0	0	0	5.449591	0	0	5.449591	0	0	0	0	0	0	0	0	0	5.449591	0	0	0	0	2.724796	0	0	0	2.724796	0	2.724796	0	2.724796	29.972752	2.724796	0	5.449591	13.623978	0	0	0	0	0	0	2.724796	0	0	0	0	0	0	0	0	0	0	0	0	0	0	0	0	0	0	0	0	0	0	0	0	0	0	0	95.367847	19.073569	329.700272	125.340599	84.468665	21.798365	223.433243	73.569482	21.798365	5.449591	2.724796	0	0	5.449591	38.147139	10.899183	5.449591	2.724796	51.771117	0
32860_composicao_gemini-3.6-flash.txt	menores_notas_gemini	361	144.044321	5.540166	58.171745	2.770083	22.160665	2.770083	5.540166	0	0	0	0	0	13.850416	2.770083	0	2.770083	13.850416	0	2.770083	2.770083	11.080332	0	8.310249	2.770083	5.540166	0	0	0	0	44.32133	243.767313	113.573407	144.044321	19.390582	8.310249	2.770083	2.770083	22.160665	0	16.620499	13.850416	0	91.412742	0	55.401662	16.620499	16.620499	30.470914	0	0	0	8.310249	8.310249	55.401662	0	0	22.160665	160.66482	22.160665	13.850416	2.770083	16.620499	13.850416	11.080332	11.080332	5.540166	2.770083	2.770083	60.941828	22.160665	0	8.310249	0	2.770083	8.310249	0	0	0	2.770083	0	0	2.770083	66.481994	41.551247	22.160665	0	0	0	0	0	0	0	0	22.160665	0	0	0	16.620499	0	2.770083	27.700831	5.540166	11.080332	24.930748	119.113573	0	16.620499	0	16.620499	0	11.080332	5.540166	0	8.310249	0	0	5.540166	2.770083	0	0	8.310249	0	0	0	0	0	0	5.540166	5.540166	72.022161	2.770083	58.171745	0	52.631579	0	5.540166	0	0	0	2.770083	0	0	0	11.080332	0	27.700831	24.930748	0	0	11.080332	11.080332	0	19.390582	11.080332	5.540166	0	5.540166	0	13.850416	0	0	0	0	0	8.310249	0	0	2.770083	0	0	8.310249	0	0	0	0	0	0	0	0	0	11.080332	0	0	0	2.770083	2.770083	0	2.770083	0	2.770083	0	0	0	2.770083	16.620499	0	0	2.770083	11.080332	0	0	0	0	0	0	0	0	0	0	0	0	0	0	0	0	0	0	0	0	0	0	0	0	0	0	0	0	0	0	0	0	0	0	207.756233	36.01108	288.088643	80.33241	182.825485	41.551247	132.963989	60.941828	16.620499	11.080332	2.770083	0	0	11.080332	33.240997	11.080332	2.770083	8.310249	69.252078	5.540166
33167_composicao_gemini-3.6-flash.txt	menores_notas_gemini	380	105.263158	10.526316	68.421053	10.526316	7.894737	5.263158	2.631579	2.631579	0	0	0	0	7.894737	0	0	0	7.894737	0	2.631579	0	10.526316	0	2.631579	5.263158	5.263158	0	0	0	0	23.684211	284.210526	142.105263	86.842105	26.315789	10.526316	7.894737	2.631579	63.157895	2.631579	63.157895	21.052632	15.789474	57.894737	0	123.684211	18.421053	57.894737	28.947368	5.263158	2.631579	0	0	7.894737	115.789474	0	34.210526	110.526316	97.368421	21.052632	15.789474	5.263158	2.631579	5.263158	2.631579	28.947368	0	2.631579	2.631579	52.631579	5.263158	2.631579	0	5.263158	2.631579	0	2.631579	0	2.631579	0	0	0	42.105263	5.263158	0	0	2.631579	0	0	0	0	13.157895	2.631579	0	2.631579	0	2.631579	0	21.052632	0	0	15.789474	0	21.052632	18.421053	50	0	21.052632	0	5.263158	0	10.526316	5.263158	0	0	0	2.631579	5.263158	0	0	0	0	0	0	0	0	0	0	5.263158	31.578947	84.210526	34.210526	76.315789	0	57.894737	0	5.263158	0	0	2.631579	5.263158	0	0	2.631579	7.894737	0	47.368421	10.526316	0	0	10.526316	7.894737	0	5.263158	21.052632	5.263158	0	2.631579	0	5.263158	0	0	0	0	0	7.894737	0	0	0	0	2.631579	0	0	0	2.631579	0	0	0	0	0	0	2.631579	2.631579	0	0	0	0	0	2.631579	0	2.631579	0	2.631579	0	2.631579	7.894737	0	0	2.631579	5.263158	0	0	0	0	0	0	5.263158	0	0	0	0	0	0	0	0	0	0	0	0	0	0	0	0	0	0	0	0	0	0	0	0	0	0	0	184.210526	21.052632	307.894737	142.105263	118.421053	23.684211	173.684211	81.578947	21.052632	15.789474	5.263158	0	0	7.894737	18.421053	5.263158	2.631579	5.263158	55.263158	0
33310_composicao_gemini-3.6-flash.txt	menores_notas_gemini	343	81.632653	8.746356	113.702624	11.661808	14.577259	2.915452	2.915452	0	0	0	0	0	11.661808	0	0	0	11.661808	0	2.915452	0	8.746356	0	2.915452	0	2.915452	0	0	0	0	37.900875	294.460641	172.011662	134.110787	23.323615	29.154519	8.746356	8.746356	87.463557	14.577259	43.731778	8.746356	5.830904	43.731778	0	75.801749	11.661808	58.309038	46.64723	8.746356	8.746356	0	0	14.577259	116.618076	0	29.154519	78.717201	75.801749	8.746356	8.746356	0	5.830904	0	0	17.492711	0	5.830904	0	52.478134	2.915452	0	5.830904	0	0	0	0	5.830904	0	0	0	0	40.816327	5.830904	0	0	2.915452	0	0	0	0	2.915452	2.915452	0	0	0	0	0	8.746356	0	0	14.577259	0	17.492711	11.661808	49.562682	0	8.746356	0	5.830904	0	5.830904	0	0	0	0	2.915452	0	0	0	0	0	0	0	0	0	0	0	0	11.661808	72.886297	23.323615	125.364431	0	67.055394	2.915452	2.915452	0	0	0	0	0	0	2.915452	5.830904	0	55.393586	14.577259	0	0	8.746356	5.830904	0	14.577259	14.577259	2.915452	0	0	0	8.746356	0	0	0	0	0	8.746356	0	0	5.830904	0	0	0	0	0	2.915452	0	0	0	0	0	0	0	2.915452	0	0	0	0	0	0	0	0	0	5.830904	0	0	17.492711	0	0	2.915452	8.746356	0	0	0	0	0	0	5.830904	0	0	0	0	0	0	0	0	0	0	0	0	0	0	0	0	0	0	0	0	0	0	0	0	0	0	0	204.081633	32.069971	332.361516	142.857143	87.463557	26.239067	206.997085	81.632653	8.746356	8.746356	5.830904	0	0	5.830904	23.323615	2.915452	5.830904	0	43.731778	0
33360_composicao_gemini-3.6-flash.txt	menores_notas_gemini	387	108.527132	2.583979	108.527132	5.167959	5.167959	2.583979	5.167959	0	0	0	0	0	5.167959	0	0	0	5.167959	0	2.583979	0	10.335917	0	2.583979	0	2.583979	0	0	0	0	38.75969	276.485788	155.03876	67.183463	10.335917	10.335917	5.167959	5.167959	77.51938	36.175711	62.015504	36.175711	2.583979	46.511628	18.087855	59.431525	20.671835	49.095607	51.679587	7.751938	12.919897	0	2.583979	15.503876	100.775194	2.583979	41.343669	74.935401	72.351421	20.671835	18.087855	0	5.167959	0	0	31.007752	0	5.167959	5.167959	51.679587	5.167959	2.583979	0	0	0	0	2.583979	2.583979	2.583979	0	0	2.583979	46.511628	5.167959	0	0	2.583979	0	2.583979	0	0	2.583979	0	0	0	5.167959	2.583979	0	0	5.167959	0	15.503876	0	23.255814	12.919897	56.847545	0	5.167959	0	10.335917	0	12.919897	10.335917	0	0	0	2.583979	2.583979	0	2.583979	0	0	0	0	0	0	0	2.583979	0	7.751938	74.935401	7.751938	108.527132	0	56.847545	0	2.583979	0	0	0	0	0	0	12.919897	5.167959	2.583979	51.679587	5.167959	0	0	10.335917	5.167959	0	10.335917	20.671835	5.167959	0	2.583979	0	5.167959	0	0	0	0	0	7.751938	2.583979	0	5.167959	0	0	0	0	0	0	2.583979	0	0	0	0	0	2.583979	2.583979	0	0	0	0	2.583979	0	0	2.583979	0	2.583979	0	0	5.167959	0	0	5.167959	0	0	0	0	0	0	0	2.583979	0	0	0	0	0	0	0	0	0	0	0	0	0	0	0	0	0	0	0	0	0	0	0	0	0	0	0	219.638243	12.919897	315.245478	136.950904	98.191214	33.591731	191.21447	80.103359	10.335917	10.335917	2.583979	0	0	5.167959	12.919897	7.751938	7.751938	5.167959	51.679587	2.583979
33436_composicao_gemini-3.6-flash.txt	menores_notas_gemini	347	132.564841	2.881844	80.691643	14.409222	8.645533	11.527378	5.763689	0	0	0	0	0	8.645533	0	0	0	2.881844	0	0	2.881844	5.763689	0	2.881844	0	2.881844	0	0	0	0	5.763689	296.829971	74.927954	115.273775	11.527378	5.763689	5.763689	2.881844	66.282421	11.527378	34.582133	25.936599	0	72.04611	0	69.164265	8.645533	51.873199	28.818444	2.881844	8.645533	0	2.881844	2.881844	112.391931	0	34.582133	69.164265	112.391931	14.409222	17.291066	8.645533	8.645533	0	0	8.645533	0	11.527378	5.763689	48.991354	0	0	0	8.645533	0	0	0	0	2.881844	2.881844	0	0	57.636888	8.645533	0	0	0	0	0	0	0	5.763689	2.881844	0	5.763689	0	2.881844	0	14.409222	2.881844	2.881844	28.818444	0	14.409222	17.291066	66.282421	2.881844	5.763689	0	14.409222	0	17.291066	0	2.881844	8.645533	0	0	0	0	2.881844	0	8.645533	0	0	2.881844	0	0	0	0	17.291066	63.400576	11.527378	86.455331	0	43.227666	0	2.881844	0	0	0	0	0	2.881844	0	11.527378	0	31.700288	11.527378	0	0	2.881844	11.527378	2.881844	28.818444	14.409222	0	0	2.881844	0	8.645533	0	0	0	0	0	0	2.881844	0	5.763689	0	0	2.881844	0	0	2.881844	0	0	0	2.881844	0	0	5.763689	2.881844	0	0	0	0	0	5.763689	0	0	0	0	0	2.881844	14.409222	0	0	0	0	0	0	0	0	0	0	0	0	0	0	0	0	0	0	0	0	0	0	0	0	0	0	0	0	0	0	0	0	2.881844	0	0	0	0	0	135.446686	8.645533	302.59366	123.919308	126.801153	43.227666	155.619597	60.518732	17.291066	5.763689	0	0	2.881844	11.527378	25.936599	8.645533	5.763689	2.881844	60.518732	2.881844
33465_composicao_gemini-3.6-flash.txt	menores_notas_gemini	399	102.756892	12.531328	100.250627	10.025063	5.012531	7.518797	7.518797	0	0	0	0	0	7.518797	0	2.506266	0	2.506266	0	5.012531	0	10.025063	0	5.012531	0	7.518797	0	0	0	0	7.518797	248.120301	162.907268	67.669173	32.581454	15.037594	5.012531	5.012531	55.137845	2.506266	55.137845	20.050125	5.012531	30.075188	12.531328	67.669173	5.012531	40.100251	40.100251	7.518797	2.506266	0	2.506266	22.556391	87.719298	0	27.568922	75.18797	100.250627	25.062657	10.025063	5.012531	2.506266	0	2.506266	17.54386	2.506266	5.012531	5.012531	47.619048	5.012531	0	0	0	0	2.506266	0	5.012531	0	0	0	0	27.568922	20.050125	2.506266	5.012531	2.506266	0	2.506266	0	0	2.506266	2.506266	2.506266	2.506266	0	0	0	22.556391	2.506266	5.012531	25.062657	0	20.050125	25.062657	55.137845	2.506266	20.050125	0	5.012531	0	7.518797	2.506266	0	2.506266	0	2.506266	2.506266	0	0	0	2.506266	0	0	0	0	0	0	0	22.556391	67.669173	37.593985	110.275689	0	47.619048	2.506266	10.025063	0	2.506266	0	5.012531	0	0	2.506266	5.012531	0	45.112782	0	0	0	10.025063	5.012531	2.506266	25.062657	20.050125	7.518797	0	0	0	5.012531	0	0	0	0	0	10.025063	0	0	7.518797	0	0	0	0	0	5.012531	5.012531	0	0	0	0	0	2.506266	2.506266	0	0	2.506266	0	0	10.025063	0	0	0	0	0	5.012531	35.087719	0	0	2.506266	5.012531	0	0	0	0	0	0	0	0	0	0	0	0	0	0	0	0	0	0	0	0	0	0	0	0	0	0	0	0	0	0	0	0	0	0	215.538847	42.606516	303.258145	115.288221	132.83208	27.568922	203.007519	75.18797	25.062657	10.025063	0	0	0	5.012531	42.606516	10.025063	5.012531	2.506266	70.175439	0
33497_composicao_gemini-3.6-flash.txt	menores_notas_gemini	321	93.457944	18.691589	93.457944	18.691589	3.115265	3.115265	6.23053	0	0	0	0	0	6.23053	0	0	0	6.23053	0	0	0	6.23053	0	0	0	3.115265	0	0	0	0	18.691589	314.641745	180.685358	99.688474	21.806854	15.576324	0	24.922118	90.342679	0	77.88162	12.461059	3.115265	21.806854	21.806854	68.535826	9.345794	56.074766	34.267913	0	9.345794	0	0	9.345794	102.803738	0	34.267913	84.11215	80.996885	12.461059	15.576324	0	0	3.115265	0	18.691589	0	3.115265	3.115265	52.959502	0	0	0	0	0	0	0	0	3.115265	0	0	0	49.844237	0	0	0	3.115265	0	0	0	0	0	0	0	0	0	3.115265	0	3.115265	0	0	24.922118	0	9.345794	21.806854	52.959502	0	3.115265	0	3.115265	0	21.806854	0	0	6.23053	0	9.345794	3.115265	0	3.115265	0	6.23053	0	0	0	0	0	3.115265	0	6.23053	74.766355	9.345794	102.803738	0	59.190031	0	6.23053	6.23053	0	0	0	0	0	9.345794	0	3.115265	56.074766	6.23053	0	0	6.23053	0	0	24.922118	9.345794	3.115265	0	0	0	6.23053	0	0	0	0	0	6.23053	0	0	12.461059	0	0	0	0	0	0	0	0	0	0	0	0	0	0	0	0	0	0	0	3.115265	0	0	0	0	0	3.115265	12.461059	0	0	6.23053	0	0	0	0	0	0	0	3.115265	0	0	0	0	0	0	0	0	0	0	0	0	0	0	0	0	0	0	0	0	0	0	0	0	0	0	0	112.149533	12.461059	333.333333	121.495327	105.919003	40.498442	177.570093	84.11215	3.115265	6.23053	3.115265	0	0	0	24.922118	0	3.115265	6.23053	56.074766	0
33645_composicao_gemini-3.6-flash.txt	menores_notas_gemini	342	111.111111	8.77193	84.795322	11.695906	2.923977	2.923977	0	0	0	0	0	0	11.695906	0	0	0	5.847953	0	0	0	0	0	0	0	2.923977	0	0	0	0	0	312.865497	116.959064	96.491228	20.467836	20.467836	5.847953	2.923977	67.251462	2.923977	58.479532	17.54386	0	49.707602	8.77193	70.175439	14.619883	67.251462	40.935673	0	17.54386	0	14.619883	8.77193	119.883041	0	40.935673	84.795322	87.719298	17.54386	17.54386	0	2.923977	0	0	17.54386	0	5.847953	2.923977	38.011696	0	0	2.923977	0	2.923977	0	2.923977	0	2.923977	2.923977	0	0	43.859649	0	0	0	2.923977	0	0	0	0	0	0	0	2.923977	2.923977	0	0	14.619883	0	0	14.619883	0	17.54386	32.163743	46.783626	11.695906	2.923977	0	5.847953	2.923977	14.619883	2.923977	0	8.77193	0	8.77193	8.77193	0	0	0	8.77193	0	0	0	0	0	0	0	0	73.099415	29.239766	93.567251	0	64.327485	0	8.77193	0	0	0	0	0	0	0	2.923977	0	58.479532	8.77193	0	0	0	2.923977	0	14.619883	17.54386	0	0	0	0	8.77193	0	0	0	0	0	0	0	0	17.54386	0	0	2.923977	0	0	0	0	0	0	0	0	0	2.923977	0	0	0	0	0	0	2.923977	0	2.923977	0	5.847953	0	0	2.923977	0	0	0	11.695906	0	0	0	0	0	0	0	0	0	0	0	0	0	0	0	0	0	0	0	0	0	0	0	0	0	0	0	0	0	0	0	0	0	0	119.883041	11.695906	312.865497	140.350877	105.263158	43.859649	187.134503	73.099415	14.619883	0	0	0	0	2.923977	14.619883	2.923977	2.923977	8.77193	64.327485	0
33787_composicao_gemini-3.6-flash.txt	menores_notas_gemini	457	126.914661	8.752735	72.210066	2.188184	4.376368	2.188184	4.376368	0	0	0	0	0	2.188184	0	0	0	2.188184	0	2.188184	0	8.752735	0	2.188184	0	2.188184	0	0	0	0	30.634573	301.969365	144.420131	135.667396	17.50547	10.940919	10.940919	4.376368	80.962801	2.188184	48.140044	19.693654	0	43.763676	0	91.90372	6.564551	39.387309	24.070022	6.564551	17.50547	0	6.564551	17.50547	113.785558	2.188184	30.634573	111.597374	85.339168	6.564551	6.564551	2.188184	2.188184	4.376368	2.188184	17.50547	0	2.188184	0	39.387309	4.376368	0	2.188184	2.188184	4.376368	0	0	0	4.376368	0	0	0	30.634573	28.446389	0	0	0	0	0	0	0	0	0	0	0	0	2.188184	0	4.376368	2.188184	2.188184	13.129103	0	8.752735	13.129103	59.080963	0	4.376368	0	8.752735	0	2.188184	2.188184	0	2.188184	0	2.188184	0	0	0	0	2.188184	0	0	0	0	2.188184	0	0	0	120.350109	4.376368	72.210066	0	54.704595	0	4.376368	0	0	0	0	0	0	0	2.188184	0	45.95186	8.752735	0	0	8.752735	2.188184	0	13.129103	8.752735	2.188184	0	0	0	8.752735	0	0	0	0	0	8.752735	0	0	8.752735	0	0	2.188184	0	0	0	0	0	0	0	0	0	2.188184	0	0	0	0	0	2.188184	0	0	2.188184	0	0	0	0	6.564551	0	0	2.188184	0	0	0	0	0	0	0	0	0	0	0	0	0	0	0	0	0	0	0	0	0	0	0	0	0	0	0	0	0	0	0	0	0	0	0	135.667396	13.129103	332.603939	137.85558	94.091904	17.50547	196.936543	59.080963	6.564551	8.752735	0	0	0	2.188184	13.129103	2.188184	4.376368	2.188184	35.010941	0
33789_composicao_gemini-3.6-flash.txt	menores_notas_gemini	360	111.111111	5.555556	75	11.111111	5.555556	8.333333	5.555556	2.777778	0	0	0	0	5.555556	0	0	0	5.555556	0	0	2.777778	11.111111	0	2.777778	2.777778	2.777778	0	0	0	0	2.777778	302.777778	88.888889	111.111111	5.555556	16.666667	2.777778	0	75	11.111111	52.777778	16.666667	0	38.888889	0	61.111111	5.555556	55.555556	50	0	13.888889	0	0	8.333333	100	0	30.555556	63.888889	77.777778	16.666667	13.888889	8.333333	5.555556	2.777778	0	19.444444	2.777778	8.333333	5.555556	27.777778	8.333333	0	0	5.555556	0	0	0	0	5.555556	2.777778	0	0	58.333333	0	0	0	0	0	0	0	0	0	0	0	0	0	2.777778	2.777778	11.111111	0	0	25	2.777778	13.888889	25	58.333333	5.555556	5.555556	0	8.333333	0	13.888889	0	0	2.777778	0	0	5.555556	0	0	0	2.777778	0	0	0	0	0	2.777778	2.777778	13.888889	91.666667	5.555556	80.555556	0	63.888889	0	2.777778	8.333333	0	0	2.777778	0	0	5.555556	2.777778	0	58.333333	5.555556	0	0	11.111111	2.777778	0	25	11.111111	2.777778	0	0	0	2.777778	0	0	0	0	0	8.333333	0	2.777778	11.111111	0	0	0	0	0	0	2.777778	0	0	0	0	0	2.777778	0	0	0	0	0	0	5.555556	0	0	0	0	0	0	16.666667	0	0	2.777778	2.777778	0	0	0	0	0	0	0	0	0	2.777778	0	0	0	0	0	0	0	0	0	0	0	0	0	0	0	0	0	0	0	0	0	0	0	0	116.666667	22.222222	308.333333	113.888889	97.222222	41.666667	177.777778	86.111111	11.111111	11.111111	2.777778	0	0	2.777778	25	2.777778	5.555556	8.333333	63.888889	0
33856_composicao_gemini-3.6-flash.txt	menores_notas_gemini	350	91.428571	20	57.142857	5.714286	20	5.714286	2.857143	0	0	0	0	11.428571	20	0	2.857143	0	17.142857	0	0	2.857143	5.714286	0	0	2.857143	8.571429	11.428571	8.571429	0	2.857143	42.857143	225.714286	102.857143	114.285714	20	8.571429	8.571429	8.571429	54.285714	0	31.428571	17.142857	2.857143	51.428571	0	80	22.857143	20	37.142857	8.571429	8.571429	0	5.714286	14.285714	82.857143	2.857143	8.571429	62.857143	128.571429	20	14.285714	2.857143	22.857143	11.428571	0	11.428571	5.714286	5.714286	5.714286	54.285714	17.142857	0	11.428571	2.857143	2.857143	8.571429	0	2.857143	5.714286	5.714286	0	0	28.571429	40	20	0	2.857143	0	0	0	0	5.714286	2.857143	2.857143	0	0	2.857143	0	8.571429	8.571429	5.714286	45.714286	2.857143	5.714286	25.714286	102.857143	0	8.571429	0	17.142857	0	14.285714	5.714286	0	11.428571	0	8.571429	8.571429	0	0	0	8.571429	2.857143	0	0	0	0	2.857143	2.857143	11.428571	57.142857	5.714286	57.142857	0	62.857143	0	8.571429	0	2.857143	2.857143	2.857143	0	0	0	5.714286	0	51.428571	11.428571	2.857143	0	8.571429	5.714286	0	40	5.714286	8.571429	0	17.142857	0	14.285714	0	0	0	0	0	5.714286	0	2.857143	2.857143	0	0	2.857143	0	0	0	0	0	0	0	8.571429	0	2.857143	2.857143	0	0	5.714286	5.714286	0	8.571429	0	5.714286	0	0	0	0	17.142857	0	0	8.571429	11.428571	0	0	0	0	0	0	0	0	0	0	0	0	0	0	0	0	0	0	0	0	0	0	0	0	0	0	0	0	0	0	0	0	0	0	168.571429	42.857143	268.571429	122.857143	165.714286	54.285714	120	82.857143	17.142857	8.571429	0	0	0	5.714286	45.714286	11.428571	8.571429	11.428571	77.142857	17.142857
33862_composicao_gemini-3.6-flash.txt	menores_notas_gemini	502	101.593625	13.944223	77.689243	1.992032	3.984064	5.976096	1.992032	0	0	0	0	3.984064	7.968127	1.992032	0	1.992032	5.976096	0	0	1.992032	5.976096	1.992032	1.992032	0	7.968127	3.984064	1.992032	1.992032	0	73.705179	247.011952	109.561753	75.697211	59.760956	9.960159	11.952191	15.936255	29.880478	5.976096	33.864542	17.928287	21.912351	59.760956	0	45.816733	23.904382	21.912351	9.960159	0	7.968127	0	3.984064	9.960159	55.776892	0	9.960159	29.880478	105.577689	17.928287	13.944223	19.920319	9.960159	9.960159	3.984064	5.976096	0	5.976096	5.976096	49.800797	1.992032	0	1.992032	5.976096	7.968127	1.992032	0	1.992032	1.992032	1.992032	1.992032	0	31.87251	31.87251	19.920319	11.952191	0	3.984064	1.992032	0	0	1.992032	0	0	0	1.992032	1.992032	3.984064	9.960159	0	0	27.888446	0	3.984064	31.87251	97.609562	7.968127	19.920319	0	7.968127	0	5.976096	5.976096	0	9.960159	0	7.968127	1.992032	3.984064	0	0	9.960159	0	0	0	0	0	0	3.984064	9.960159	83.665339	29.880478	77.689243	0	43.824701	0	5.976096	0	0	0	5.976096	0	3.984064	3.984064	3.984064	0	31.87251	13.944223	0	5.976096	5.976096	3.984064	0	27.888446	3.984064	7.968127	0	7.968127	0	5.976096	0	0	0	1.992032	0	1.992032	3.984064	0	9.960159	0	1.992032	0	0	0	0	0	0	0	0	0	0	1.992032	0	0	0	1.992032	1.992032	0	3.984064	0	0	0	0	0	0	25.896414	0	0	0	7.968127	0	0	0	0	0	0	0	0	0	0	0	0	1.992032	0	0	0	0	0	0	0	0	0	0	0	0	0	0	0	0	0	0	0	0	0	115.537849	29.880478	320.717131	89.641434	133.466135	43.824701	185.258964	65.737052	27.888446	5.976096	0	1.992032	0	3.984064	27.888446	3.984064	5.976096	1.992032	63.74502	7.968127
33871_composicao_gemini-3.6-flash.txt	menores_notas_gemini	391	120.204604	7.672634	86.956522	10.230179	2.557545	2.557545	2.557545	2.557545	0	0	0	0	5.11509	0	0	0	2.557545	0	0	0	10.230179	0	0	0	2.557545	0	0	0	0	51.150895	278.772379	173.913043	115.089514	7.672634	10.230179	0	7.672634	71.611253	2.557545	63.938619	7.672634	15.345269	43.478261	20.460358	79.283887	5.11509	56.265985	40.920716	10.230179	10.230179	0	5.11509	17.902813	109.974425	0	35.805627	84.398977	97.186701	17.902813	10.230179	2.557545	7.672634	5.11509	0	48.59335	0	2.557545	2.557545	69.053708	10.230179	2.557545	2.557545	2.557545	0	2.557545	2.557545	5.11509	0	0	0	2.557545	43.478261	10.230179	0	0	2.557545	0	0	0	0	5.11509	0	0	0	0	0	0	12.787724	2.557545	0	10.230179	0	25.575448	23.017903	56.265985	10.230179	5.11509	0	5.11509	0	7.672634	2.557545	0	0	0	5.11509	5.11509	2.557545	0	0	0	0	0	0	0	0	0	0	0	86.956522	0	86.956522	0	51.150895	0	0	0	0	0	0	0	0	2.557545	7.672634	2.557545	40.920716	10.230179	0	0	10.230179	7.672634	0	10.230179	23.017903	7.672634	0	0	0	7.672634	0	0	0	0	0	10.230179	0	0	10.230179	0	0	2.557545	0	0	2.557545	0	0	0	0	0	0	2.557545	5.11509	0	0	0	2.557545	0	0	0	0	0	2.557545	0	0	10.230179	0	0	0	5.11509	0	0	0	0	0	0	2.557545	0	0	0	0	0	0	0	0	0	0	0	0	0	0	0	0	0	0	0	0	0	0	0	2.557545	0	0	0	127.877238	15.345269	329.923274	132.992327	117.647059	15.345269	173.913043	63.938619	17.902813	10.230179	2.557545	0	0	7.672634	15.345269	10.230179	5.11509	5.11509	58.823529	2.557545
33948_composicao_gemini-3.6-flash.txt	menores_notas_gemini	354	104.519774	11.299435	112.99435	11.299435	0	5.649718	0	0	0	0	0	0	5.649718	0	0	0	5.649718	0	0	0	8.474576	0	2.824859	2.824859	0	0	0	0	0	36.723164	290.960452	166.666667	84.745763	11.299435	8.474576	8.474576	0	62.146893	2.824859	64.971751	31.073446	11.299435	48.022599	2.824859	67.79661	8.474576	48.022599	39.548023	2.824859	8.474576	0	8.474576	2.824859	110.169492	0	28.248588	59.322034	96.045198	19.774011	11.299435	0	2.824859	2.824859	2.824859	8.474576	2.824859	5.649718	0	53.672316	8.474576	0	0	2.824859	0	0	0	0	0	0	0	0	36.723164	14.124294	0	0	2.824859	0	0	0	0	14.124294	0	0	5.649718	0	0	0	5.649718	2.824859	2.824859	22.59887	0	11.299435	19.774011	53.672316	0	5.649718	0	2.824859	0	2.824859	0	0	0	0	5.649718	0	0	0	0	0	0	0	0	0	0	2.824859	0	2.824859	79.096045	14.124294	112.99435	0	50.847458	0	5.649718	0	0	2.824859	0	0	0	0	8.474576	0	31.073446	25.423729	0	0	8.474576	5.649718	0	19.774011	11.299435	0	0	0	0	11.299435	0	0	0	0	0	5.649718	2.824859	2.824859	11.299435	0	0	0	0	0	5.649718	0	0	0	0	0	0	0	5.649718	0	2.824859	0	0	0	0	0	2.824859	0	5.649718	0	2.824859	11.299435	0	0	5.649718	8.474576	0	0	0	0	0	0	0	0	0	0	0	0	0	0	0	0	0	0	0	0	0	0	0	0	0	0	0	0	0	0	0	0	0	0	115.819209	14.124294	327.683616	121.468927	121.468927	11.299435	206.214689	67.79661	8.474576	8.474576	0	0	0	8.474576	19.774011	8.474576	0	0	53.672316	0
33964_composicao_gemini-3.6-flash.txt	menores_notas_gemini	338	106.508876	8.87574	88.757396	8.87574	2.95858	8.87574	0	0	0	0	0	0	0	0	0	0	2.95858	0	0	0	8.87574	0	0	2.95858	14.792899	0	0	0	0	17.751479	301.775148	150.887574	106.508876	26.627219	17.751479	14.792899	0	65.088757	5.91716	62.130178	35.502959	8.87574	50.295858	11.83432	56.213018	14.792899	68.047337	32.544379	5.91716	8.87574	0	8.87574	11.83432	109.467456	0	32.544379	88.757396	103.550296	14.792899	8.87574	2.95858	2.95858	0	0	38.461538	0	2.95858	0	65.088757	2.95858	0	2.95858	2.95858	0	2.95858	0	0	0	0	0	0	35.502959	20.710059	0	0	2.95858	0	0	0	0	5.91716	0	0	5.91716	0	2.95858	0	5.91716	0	0	11.83432	0	17.751479	26.627219	59.171598	0	5.91716	0	5.91716	2.95858	8.87574	8.87574	0	2.95858	0	2.95858	2.95858	2.95858	0	0	2.95858	0	0	0	0	0	0	5.91716	2.95858	82.840237	5.91716	91.715976	0	56.213018	0	2.95858	0	0	0	0	0	0	2.95858	5.91716	0	44.378698	11.83432	0	0	8.87574	5.91716	0	11.83432	17.751479	8.87574	0	0	0	2.95858	0	0	0	0	0	5.91716	0	2.95858	20.710059	0	0	0	0	0	2.95858	0	0	0	0	0	0	0	5.91716	0	0	0	0	0	0	0	0	0	2.95858	0	2.95858	2.95858	0	0	0	2.95858	0	0	0	0	0	0	0	0	0	0	0	0	0	0	0	0	0	0	0	0	0	0	0	0	0	0	0	0	0	0	0	0	0	0	204.142012	32.544379	325.443787	133.136095	121.301775	32.544379	180.473373	62.130178	5.91716	8.87574	0	0	0	5.91716	11.83432	2.95858	0	5.91716	56.213018	0
34009_composicao_gemini-3.6-flash.txt	menores_notas_gemini	415	101.204819	2.409639	96.385542	9.638554	0	4.819277	4.819277	0	0	0	0	0	2.409639	0	0	0	2.409639	0	4.819277	0	7.228916	0	4.819277	4.819277	4.819277	0	0	0	0	0	325.301205	173.493976	118.072289	21.686747	12.048193	2.409639	12.048193	91.566265	0	81.927711	14.457831	9.638554	53.012048	16.86747	156.626506	9.638554	84.337349	50.60241	7.228916	19.277108	0	7.228916	19.277108	137.349398	2.409639	53.012048	101.204819	72.289157	14.457831	12.048193	0	2.409639	4.819277	0	19.277108	2.409639	2.409639	2.409639	50.60241	2.409639	0	4.819277	2.409639	2.409639	0	0	0	2.409639	0	0	0	36.144578	4.819277	4.819277	0	2.409639	0	0	0	0	2.409639	0	0	0	0	2.409639	0	4.819277	0	4.819277	12.048193	0	19.277108	7.228916	48.192771	0	4.819277	0	4.819277	0	7.228916	0	0	0	0	7.228916	2.409639	0	0	0	0	0	0	0	0	0	2.409639	0	2.409639	86.746988	19.277108	98.795181	0	62.650602	0	2.409639	0	0	0	0	0	0	4.819277	4.819277	0	53.012048	9.638554	0	0	7.228916	4.819277	2.409639	12.048193	19.277108	4.819277	0	0	0	2.409639	0	0	0	0	0	2.409639	0	0	2.409639	0	0	0	0	0	2.409639	0	0	0	2.409639	0	0	2.409639	2.409639	0	0	0	0	0	2.409639	0	2.409639	0	4.819277	0	0	0	0	0	0	2.409639	0	0	0	0	0	0	0	0	0	0	0	0	0	0	0	0	0	0	0	0	0	0	0	0	0	0	0	0	0	0	0	0	0	0	103.614458	12.048193	325.301205	166.26506	89.156627	16.86747	204.819277	69.879518	4.819277	7.228916	0	0	0	4.819277	12.048193	4.819277	2.409639	0	38.554217	0
34025_composicao_gemini-3.6-flash.txt	menores_notas_gemini	329	91.18541	9.118541	88.145897	12.158055	6.079027	0	3.039514	0	0	0	0	0	3.039514	3.039514	0	3.039514	3.039514	0	0	0	9.118541	0	0	0	0	0	0	0	0	36.474164	291.793313	148.93617	45.592705	30.395137	15.197568	3.039514	9.118541	88.145897	18.237082	63.829787	33.43465	0	30.395137	3.039514	94.224924	9.118541	72.948328	39.513678	6.079027	12.158055	0	9.118541	18.237082	139.817629	0	42.553191	103.343465	82.066869	18.237082	15.197568	0	3.039514	0	0	9.118541	0	3.039514	0	54.711246	3.039514	0	0	0	0	0	0	0	0	0	0	0	42.553191	6.079027	0	0	3.039514	0	3.039514	0	0	0	0	0	0	0	0	0	6.079027	0	0	24.316109	0	15.197568	24.316109	54.711246	0	9.118541	0	12.158055	0	6.079027	0	0	3.039514	0	3.039514	0	0	0	0	3.039514	0	0	0	0	0	0	0	0	88.145897	3.039514	88.145897	0	54.711246	3.039514	3.039514	0	0	0	3.039514	0	0	9.118541	6.079027	0	57.75076	3.039514	0	0	9.118541	6.079027	0	24.316109	15.197568	6.079027	0	0	0	3.039514	0	0	0	0	0	9.118541	0	0	12.158055	0	0	6.079027	0	0	0	0	0	0	0	0	0	6.079027	0	0	0	0	0	0	0	0	12.158055	0	3.039514	0	0	6.079027	0	0	0	3.039514	0	0	0	0	3.039514	0	0	0	0	0	3.039514	0	0	0	0	0	0	0	0	0	0	0	0	0	0	0	0	0	0	0	0	0	0	0	188.449848	27.355623	328.267477	167.173252	100.303951	21.276596	179.331307	79.027356	9.118541	9.118541	3.039514	0	0	6.079027	24.316109	6.079027	0	0	63.829787	0
34046_composicao_gemini-3.6-flash.txt	menores_notas_gemini	333	84.084084	24.024024	108.108108	15.015015	3.003003	3.003003	3.003003	0	0	0	0	3.003003	12.012012	0	3.003003	0	9.009009	0	0	0	9.009009	0	0	0	3.003003	3.003003	0	0	3.003003	18.018018	285.285285	174.174174	99.099099	27.027027	6.006006	9.009009	6.006006	96.096096	3.003003	75.075075	6.006006	3.003003	63.063063	33.033033	81.081081	9.009009	72.072072	42.042042	15.015015	18.018018	0	9.009009	15.015015	132.132132	0	42.042042	87.087087	96.096096	15.015015	9.009009	0	3.003003	0	0	24.024024	0	9.009009	3.003003	30.03003	9.009009	0	0	6.006006	3.003003	0	0	3.003003	3.003003	0	3.003003	0	30.03003	12.012012	0	0	12.012012	0	0	0	0	0	3.003003	3.003003	6.006006	0	9.009009	0	15.015015	0	0	24.024024	0	6.006006	21.021021	51.051051	6.006006	12.012012	0	0	0	12.012012	15.015015	0	3.003003	0	3.003003	15.015015	0	3.003003	0	3.003003	0	0	3.003003	0	0	6.006006	0	3.003003	60.06006	6.006006	117.117117	0	51.051051	0	3.003003	3.003003	0	0	3.003003	0	0	9.009009	0	0	48.048048	3.003003	0	0	9.009009	0	0	21.021021	6.006006	6.006006	0	0	0	3.003003	0	0	0	0	0	9.009009	0	0	3.003003	0	0	0	0	0	0	0	0	0	0	0	0	0	0	0	0	0	0	0	0	0	0	0	0	0	0	9.009009	0	0	9.009009	3.003003	0	0	0	0	0	0	0	0	0	3.003003	0	0	0	0	0	0	0	0	0	0	0	0	0	0	0	0	0	0	0	0	0	0	0	0	108.108108	24.024024	303.303303	156.156156	90.09009	30.03003	183.183183	69.069069	18.018018	9.009009	3.003003	0	0	0	21.021021	0	6.006006	21.021021	51.051051	0
34185_composicao_gemini-3.6-flash.txt	menores_notas_gemini	394	106.598985	10.152284	81.218274	12.690355	5.076142	12.690355	2.538071	0	0	0	0	0	12.690355	0	2.538071	0	10.152284	0	2.538071	0	10.152284	0	5.076142	5.076142	12.690355	0	0	0	0	0	312.182741	185.279188	76.142132	30.456853	12.690355	5.076142	2.538071	83.756345	10.152284	93.908629	20.304569	7.614213	40.609137	10.152284	88.832487	17.766497	40.609137	53.299492	2.538071	17.766497	0	0	12.690355	109.137056	2.538071	30.456853	86.294416	83.756345	17.766497	17.766497	0	7.614213	0	2.538071	22.84264	0	0	5.076142	45.685279	7.614213	0	7.614213	0	0	2.538071	0	2.538071	5.076142	0	0	0	50.761421	0	0	0	2.538071	0	0	0	0	2.538071	0	0	5.076142	0	0	0	5.076142	0	2.538071	25.380711	0	15.228426	7.614213	53.299492	0	0	0	2.538071	0	5.076142	5.076142	2.538071	5.076142	0	5.076142	5.076142	0	0	0	5.076142	0	0	0	0	0	0	2.538071	5.076142	76.142132	22.84264	86.294416	0	63.451777	0	5.076142	2.538071	0	0	0	0	0	5.076142	5.076142	2.538071	48.22335	7.614213	0	0	12.690355	5.076142	0	25.380711	15.228426	5.076142	0	0	0	10.152284	0	0	0	0	0	7.614213	0	5.076142	0	0	0	5.076142	0	0	0	0	0	0	0	0	0	5.076142	0	0	0	0	0	0	2.538071	0	5.076142	0	5.076142	0	2.538071	15.228426	0	2.538071	5.076142	7.614213	0	0	0	0	0	0	2.538071	0	0	0	0	0	0	0	0	0	0	0	0	0	0	0	0	0	0	0	0	0	0	0	0	0	0	0	116.751269	27.918782	312.182741	139.593909	104.060914	27.918782	180.203046	83.756345	5.076142	12.690355	2.538071	0	0	5.076142	32.994924	17.766497	7.614213	5.076142	22.84264	0
34210_composicao_gemini-3.6-flash.txt	menores_notas_gemini	395	98.734177	15.189873	93.670886	15.189873	2.531646	0	5.063291	0	0	0	0	2.531646	2.531646	0	0	0	2.531646	0	0	0	7.594937	0	2.531646	0	0	2.531646	0	0	2.531646	10.126582	291.139241	134.177215	118.987342	20.253165	12.658228	12.658228	0	78.481013	7.594937	58.227848	25.316456	5.063291	40.506329	5.063291	98.734177	20.253165	73.417722	53.164557	7.594937	2.531646	0	10.126582	15.189873	141.772152	2.531646	50.632911	78.481013	70.886076	22.78481	15.189873	0	2.531646	0	2.531646	35.443038	2.531646	2.531646	2.531646	48.101266	2.531646	0	0	0	0	2.531646	0	2.531646	0	0	2.531646	0	40.506329	7.594937	0	0	0	0	2.531646	0	0	5.063291	2.531646	0	17.721519	0	2.531646	0	17.721519	0	2.531646	12.658228	2.531646	5.063291	27.848101	50.632911	5.063291	12.658228	0	7.594937	0	12.658228	5.063291	5.063291	0	0	0	7.594937	2.531646	0	0	0	0	0	0	0	0	0	2.531646	7.594937	75.949367	2.531646	98.734177	0	50.632911	5.063291	0	0	2.531646	0	0	0	0	5.063291	5.063291	2.531646	45.56962	10.126582	0	0	7.594937	5.063291	0	7.594937	7.594937	2.531646	0	0	0	0	0	0	0	0	0	7.594937	0	0	2.531646	0	0	0	0	0	2.531646	2.531646	0	0	0	0	0	2.531646	2.531646	0	0	0	0	0	0	0	0	0	0	0	0	7.594937	0	0	2.531646	0	0	0	0	0	0	0	2.531646	0	0	0	0	0	0	0	0	0	0	0	0	0	0	0	0	0	0	0	0	0	0	0	0	0	0	0	207.594937	15.189873	301.265823	177.21519	98.734177	30.379747	177.21519	70.886076	17.721519	7.594937	2.531646	0	0	5.063291	15.189873	5.063291	2.531646	10.126582	45.56962	0
34236_composicao_gemini-3.6-flash.txt	menores_notas_gemini	361	96.952909	13.850416	99.722992	16.620499	2.770083	2.770083	2.770083	0	0	0	0	0	2.770083	0	0	0	2.770083	0	2.770083	0	8.310249	0	2.770083	2.770083	2.770083	0	0	0	0	8.310249	321.32964	168.975069	130.193906	22.160665	13.850416	8.310249	5.540166	80.33241	11.080332	72.022161	22.160665	5.540166	33.240997	8.310249	88.642659	11.080332	52.631579	44.32133	2.770083	8.310249	0	0	11.080332	130.193906	0	33.240997	63.711911	74.792244	8.310249	13.850416	0	5.540166	2.770083	0	11.080332	0	2.770083	0	52.631579	5.540166	0	0	2.770083	0	0	2.770083	0	0	0	0	0	52.631579	2.770083	0	0	2.770083	0	0	0	0	2.770083	0	0	0	0	2.770083	0	2.770083	0	0	11.080332	0	8.310249	11.080332	58.171745	0	2.770083	0	8.310249	0	8.310249	2.770083	0	0	0	2.770083	2.770083	0	0	0	0	0	0	0	0	0	0	2.770083	11.080332	91.412742	30.470914	99.722992	0	60.941828	0	0	0	0	0	0	0	5.540166	5.540166	2.770083	0	49.861496	11.080332	0	0	8.310249	2.770083	0	8.310249	8.310249	5.540166	0	13.850416	0	2.770083	0	0	0	0	0	5.540166	0	2.770083	8.310249	0	0	0	0	0	2.770083	0	0	0	0	0	0	2.770083	0	0	0	0	0	0	0	0	0	0	2.770083	0	0	5.540166	0	0	2.770083	0	0	0	0	0	0	0	0	0	0	0	0	0	0	0	0	0	0	0	0	0	0	0	0	0	0	0	0	0	0	0	0	0	0	0	210.526316	13.850416	329.639889	152.354571	88.642659	27.700831	204.98615	74.792244	2.770083	8.310249	0	0	0	2.770083	8.310249	2.770083	0	2.770083	30.470914	13.850416
34251_composicao_gemini-3.6-flash.txt	menores_notas_gemini	363	123.966942	11.019284	82.644628	13.774105	2.754821	0	2.754821	0	0	0	0	0	0	0	0	0	0	0	0	0	2.754821	0	0	2.754821	0	0	0	0	0	8.264463	305.785124	157.024793	107.438017	13.774105	22.038567	2.754821	8.264463	82.644628	11.019284	77.134986	27.548209	13.774105	49.586777	0	68.870523	8.264463	55.096419	30.30303	2.754821	13.774105	0	2.754821	13.774105	110.192837	0	30.30303	77.134986	79.889807	22.038567	13.774105	2.754821	0	0	2.754821	24.793388	2.754821	0	5.509642	63.360882	16.528926	0	0	0	0	0	2.754821	0	2.754821	2.754821	2.754821	2.754821	49.586777	0	0	0	5.509642	0	0	0	0	0	0	2.754821	11.019284	0	0	0	2.754821	0	0	27.548209	0	8.264463	30.30303	55.096419	2.754821	0	0	8.264463	0	13.774105	2.754821	2.754821	2.754821	0	2.754821	2.754821	0	0	0	2.754821	0	0	0	0	0	0	0	11.019284	77.134986	8.264463	82.644628	0	63.360882	2.754821	2.754821	0	2.754821	0	0	0	0	2.754821	0	0	57.85124	8.264463	0	0	2.754821	0	0	27.548209	8.264463	5.509642	0	0	0	2.754821	0	0	0	0	0	0	0	2.754821	16.528926	0	0	0	0	0	0	0	0	0	0	0	0	0	0	0	0	0	0	0	5.509642	0	5.509642	0	2.754821	0	2.754821	13.774105	0	0	0	2.754821	0	0	0	0	0	0	0	0	0	0	0	0	0	0	0	0	0	0	0	0	0	0	0	0	0	0	0	0	0	0	0	0	0	0	217.630854	19.283747	314.049587	132.231405	104.683196	30.30303	168.044077	74.380165	2.754821	2.754821	0	0	0	0	27.548209	0	8.264463	2.754821	66.115702	0
34273_composicao_gemini-3.6-flash.txt	menores_notas_gemini	346	112.716763	2.890173	75.144509	17.34104	0	2.890173	8.67052	0	0	0	0	0	5.780347	0	0	0	5.780347	0	0	0	14.450867	0	0	0	2.890173	0	0	0	0	34.682081	283.236994	153.179191	127.16763	28.901734	17.34104	2.890173	2.890173	72.254335	5.780347	60.693642	20.231214	17.34104	40.462428	0	132.947977	8.67052	60.693642	43.352601	5.780347	17.34104	0	2.890173	14.450867	118.49711	0	40.462428	80.924855	89.595376	17.34104	11.560694	0	5.780347	0	0	37.572254	0	2.890173	8.67052	40.462428	2.890173	5.780347	2.890173	0	5.780347	0	5.780347	2.890173	5.780347	2.890173	0	0	46.242775	2.890173	0	0	2.890173	0	0	0	0	11.560694	0	0	2.890173	0	0	0	11.560694	0	2.890173	14.450867	0	20.231214	11.560694	52.023121	0	11.560694	0	8.67052	0	20.231214	5.780347	0	0	0	5.780347	8.67052	2.890173	0	0	0	0	0	0	0	0	0	2.890173	17.34104	66.473988	5.780347	75.144509	0	75.144509	0	2.890173	0	0	0	0	0	0	2.890173	2.890173	0	69.364162	2.890173	0	0	14.450867	2.890173	0	14.450867	20.231214	2.890173	0	0	0	5.780347	0	0	0	0	0	14.450867	0	0	2.890173	0	0	0	0	0	2.890173	0	0	0	0	0	0	0	2.890173	0	0	0	0	0	5.780347	0	0	0	2.890173	0	0	0	0	0	0	5.780347	0	0	0	0	0	2.890173	2.890173	0	0	0	0	0	0	0	0	0	0	0	0	0	0	0	0	0	0	0	0	0	0	0	0	0	0	0	115.606936	20.231214	317.919075	141.618497	109.82659	43.352601	147.398844	80.924855	11.560694	14.450867	5.780347	0	0	2.890173	14.450867	2.890173	11.560694	11.560694	46.242775	0
34308_composicao_gemini-3.6-flash.txt	menores_notas_gemini	336	98.214286	17.857143	74.404762	11.904762	2.97619	2.97619	2.97619	0	0	0	0	0	5.952381	0	0	0	2.97619	0	0	0	14.880952	0	5.952381	2.97619	2.97619	0	0	0	0	26.785714	285.714286	181.547619	74.404762	20.833333	17.857143	8.928571	5.952381	56.547619	11.904762	56.547619	29.761905	8.928571	47.619048	2.97619	86.309524	2.97619	50.595238	38.690476	5.952381	8.928571	0	8.928571	23.809524	104.166667	0	29.761905	86.309524	119.047619	17.857143	11.904762	0	5.952381	2.97619	0	5.952381	0	5.952381	8.928571	59.52381	2.97619	0	2.97619	2.97619	0	0	2.97619	5.952381	0	2.97619	5.952381	0	38.690476	20.833333	2.97619	0	2.97619	0	0	0	0	0	0	2.97619	0	0	2.97619	0	20.833333	5.952381	0	38.690476	0	8.928571	20.833333	68.452381	0	20.833333	0	8.928571	0	2.97619	0	2.97619	2.97619	0	2.97619	0	0	0	0	2.97619	0	0	0	0	0	0	0	2.97619	92.261905	20.833333	74.404762	0	41.666667	2.97619	2.97619	0	2.97619	0	0	0	0	5.952381	5.952381	2.97619	29.761905	11.904762	0	0	14.880952	2.97619	0	38.690476	8.928571	0	0	0	0	5.952381	0	0	0	0	0	5.952381	2.97619	2.97619	8.928571	0	0	0	0	0	0	0	0	0	2.97619	0	0	2.97619	0	0	0	0	2.97619	2.97619	17.857143	0	2.97619	0	0	0	0	23.809524	0	0	5.952381	0	0	0	0	0	0	0	2.97619	0	0	0	0	0	0	0	0	0	0	0	0	0	0	0	0	0	0	0	0	0	0	0	0	0	0	0	190.47619	26.785714	312.5	130.952381	136.904762	20.833333	181.547619	62.5	26.785714	14.880952	2.97619	0	0	2.97619	53.571429	2.97619	8.928571	0	68.452381	0
34356_composicao_gemini-3.6-flash.txt	menores_notas_gemini	361	102.493075	11.080332	94.182825	8.310249	5.540166	5.540166	2.770083	2.770083	0	0	0	0	13.850416	0	0	0	11.080332	0	5.540166	2.770083	13.850416	0	8.310249	0	5.540166	0	0	0	0	0	313.019391	202.216066	99.722992	8.310249	16.620499	2.770083	22.160665	77.562327	5.540166	74.792244	22.160665	0	55.401662	0	96.952909	5.540166	58.171745	24.930748	8.310249	22.160665	0	5.540166	11.080332	130.193906	0	33.240997	108.033241	72.022161	16.620499	19.390582	0	11.080332	0	0	30.470914	2.770083	2.770083	2.770083	27.700831	5.540166	5.540166	0	0	0	0	0	0	2.770083	0	0	0	69.252078	2.770083	2.770083	0	0	0	0	0	0	0	0	0	0	0	2.770083	0	13.850416	5.540166	2.770083	19.390582	0	0	16.620499	72.022161	11.080332	0	0	2.770083	0	5.540166	2.770083	0	2.770083	0	0	2.770083	2.770083	0	0	2.770083	0	0	0	0	0	0	2.770083	5.540166	74.792244	30.470914	102.493075	0	52.631579	2.770083	5.540166	0	0	0	2.770083	0	0	2.770083	2.770083	0	47.091413	8.310249	0	0	13.850416	2.770083	0	19.390582	0	5.540166	0	2.770083	0	13.850416	0	0	0	0	0	11.080332	2.770083	0	11.080332	0	0	0	0	0	0	0	0	0	2.770083	0	0	2.770083	0	0	0	0	2.770083	0	5.540166	0	2.770083	0	0	0	2.770083	13.850416	0	0	13.850416	0	0	0	0	0	0	0	0	0	0	0	0	0	0	0	0	0	0	0	0	0	0	0	0	0	0	0	0	0	0	0	0	0	0	0	113.573407	30.470914	313.019391	149.584488	96.952909	16.620499	202.216066	66.481994	19.390582	13.850416	0	0	0	2.770083	19.390582	2.770083	2.770083	5.540166	36.01108	2.770083
34362_composicao_gemini-3.6-flash.txt	menores_notas_gemini	377	122.015915	5.30504	79.575597	13.262599	0	2.65252	5.30504	0	0	0	0	0	5.30504	0	0	0	5.30504	0	0	2.65252	7.95756	0	0	0	2.65252	0	0	0	0	29.177719	283.819629	156.498674	129.973475	26.525199	18.567639	5.30504	0	79.575597	23.872679	71.618037	29.177719	10.61008	50.397878	23.872679	76.923077	10.61008	63.660477	50.397878	5.30504	7.95756	0	10.61008	15.915119	116.710875	2.65252	42.440318	92.838196	92.838196	15.915119	15.915119	7.95756	2.65252	0	2.65252	39.787798	0	2.65252	0	61.007958	2.65252	0	0	0	2.65252	0	2.65252	0	0	0	0	0	53.050398	7.95756	0	0	2.65252	0	0	0	0	0	2.65252	0	5.30504	0	0	0	21.220159	5.30504	0	13.262599	0	13.262599	21.220159	63.660477	0	10.61008	0	2.65252	0	7.95756	5.30504	2.65252	2.65252	0	5.30504	5.30504	2.65252	2.65252	0	2.65252	0	0	2.65252	0	0	0	5.30504	2.65252	76.923077	5.30504	79.575597	0	71.618037	0	5.30504	0	0	0	0	0	0	0	7.95756	0	55.702918	15.915119	0	0	5.30504	7.95756	0	13.262599	13.262599	2.65252	0	0	0	5.30504	0	0	0	0	0	5.30504	0	0	10.61008	0	0	0	0	0	0	2.65252	0	0	0	0	0	5.30504	2.65252	0	0	0	0	0	0	0	0	0	2.65252	0	2.65252	10.61008	0	0	0	5.30504	0	0	0	0	0	0	0	0	0	0	0	0	0	0	0	0	0	0	0	0	0	0	0	0	0	0	0	0	0	0	0	0	0	0	127.320955	10.61008	312.997347	143.236074	114.058355	26.525199	161.803714	84.880637	15.915119	5.30504	0	0	0	7.95756	18.567639	7.95756	0	0	47.745358	0
34537_composicao_gemini-3.6-flash.txt	menores_notas_gemini	381	123.35958	10.498688	60.367454	15.748031	2.624672	7.874016	5.249344	0	0	0	0	0	5.249344	0	0	0	5.249344	0	0	0	10.498688	0	0	2.624672	7.874016	0	0	0	0	28.871391	278.215223	144.356955	83.989501	39.370079	18.372703	13.12336	10.498688	39.370079	2.624672	55.11811	36.745407	23.622047	34.120735	15.748031	55.11811	13.12336	36.745407	28.871391	2.624672	18.372703	0	0	10.498688	97.112861	2.624672	13.12336	57.742782	78.740157	28.871391	18.372703	10.498688	5.249344	0	5.249344	13.12336	0	2.624672	7.874016	41.994751	5.249344	0	2.624672	7.874016	5.249344	0	2.624672	5.249344	2.624672	2.624672	2.624672	0	34.120735	18.372703	0	0	10.498688	0	0	0	0	0	0	0	0	0	2.624672	0	20.997375	0	0	23.622047	2.624672	7.874016	20.997375	62.992126	7.874016	15.748031	0	5.249344	0	18.372703	0	0	2.624672	0	2.624672	2.624672	0	0	0	0	2.624672	0	0	0	0	0	0	13.12336	99.737533	10.498688	70.866142	0	55.11811	0	2.624672	0	0	0	0	0	0	13.12336	7.874016	0	47.244094	7.874016	0	0	13.12336	7.874016	0	20.997375	5.249344	7.874016	0	0	0	5.249344	0	0	0	0	0	7.874016	0	2.624672	7.874016	0	0	2.624672	0	2.624672	0	0	0	2.624672	0	0	0	7.874016	0	0	0	0	2.624672	2.624672	5.249344	0	2.624672	0	5.249344	0	0	2.624672	0	0	2.624672	2.624672	0	0	0	0	0	0	0	0	0	0	0	0	0	0	0	0	0	0	0	0	0	0	0	0	0	0	0	0	0	0	0	0	0	0	194.225722	15.748031	307.086614	120.734908	112.860892	28.871391	181.102362	68.24147	23.622047	13.12336	0	0	0	7.874016	23.622047	7.874016	7.874016	2.624672	52.493438	0
34613_composicao_gemini-3.6-flash.txt	menores_notas_gemini	329	72.948328	9.118541	63.829787	9.118541	36.474164	12.158055	3.039514	0	0	0	0	12.158055	18.237082	0	12.158055	0	6.079027	0	3.039514	0	18.237082	0	0	3.039514	12.158055	12.158055	6.079027	0	6.079027	33.43465	246.200608	112.462006	115.50152	33.43465	6.079027	6.079027	9.118541	51.671733	9.118541	36.474164	24.316109	3.039514	45.592705	0	69.908815	9.118541	21.276596	48.632219	12.158055	3.039514	0	9.118541	24.316109	60.790274	0	6.079027	27.355623	148.93617	18.237082	9.118541	3.039514	12.158055	6.079027	6.079027	27.355623	3.039514	3.039514	12.158055	69.908815	6.079027	3.039514	12.158055	0	3.039514	6.079027	0	3.039514	6.079027	0	3.039514	0	85.106383	9.118541	0	0	3.039514	0	6.079027	0	0	3.039514	0	0	0	6.079027	3.039514	0	6.079027	0	0	36.474164	0	15.197568	12.158055	103.343465	0	6.079027	0	18.237082	0	6.079027	0	0	3.039514	0	3.039514	0	0	0	0	0	3.039514	0	0	0	0	0	0	6.079027	85.106383	12.158055	63.829787	0	54.711246	0	3.039514	0	0	0	0	0	0	0	15.197568	0	42.553191	12.158055	0	0	18.237082	15.197568	0	36.474164	12.158055	0	0	33.43465	0	0	0	0	0	0	0	15.197568	0	0	0	0	0	9.118541	3.039514	0	0	0	0	3.039514	0	0	0	12.158055	3.039514	0	0	0	0	3.039514	18.237082	0	0	0	0	0	3.039514	12.158055	0	0	12.158055	6.079027	0	0	0	0	0	0	0	0	0	0	0	0	0	0	0	0	0	0	0	0	0	0	0	0	0	0	0	0	0	0	0	0	0	0	82.066869	51.671733	279.635258	97.264438	167.173252	36.474164	161.094225	57.75076	6.079027	18.237082	0	0	0	15.197568	36.474164	15.197568	12.158055	0	63.829787	0
34616_composicao_gemini-3.6-flash.txt	menores_notas_gemini	352	99.431818	11.363636	65.340909	14.204545	5.681818	14.204545	2.840909	0	0	0	0	2.840909	5.681818	0	0	0	5.681818	0	2.840909	0	8.522727	2.840909	2.840909	0	11.363636	2.840909	0	0	2.840909	25.568182	187.5	170.454545	71.022727	28.409091	19.886364	11.363636	8.522727	36.931818	5.681818	53.977273	17.045455	8.522727	45.454545	0	79.545455	2.840909	48.295455	48.295455	11.363636	5.681818	0	0	25.568182	99.431818	0	28.409091	59.659091	102.272727	22.727273	17.045455	5.681818	5.681818	0	5.681818	2.840909	2.840909	0	14.204545	68.181818	8.522727	0	0	0	0	0	2.840909	14.204545	2.840909	2.840909	2.840909	0	59.659091	0	0	0	2.840909	0	0	0	0	0	0	2.840909	5.681818	5.681818	0	0	19.886364	0	5.681818	36.931818	0	19.886364	11.363636	65.340909	0	19.886364	0	8.522727	0	14.204545	2.840909	2.840909	5.681818	0	11.363636	2.840909	0	0	0	2.840909	2.840909	0	0	0	0	0	2.840909	34.090909	73.863636	14.204545	68.181818	0	51.136364	5.681818	11.363636	0	2.840909	0	2.840909	0	0	0	5.681818	0	48.295455	11.363636	2.840909	0	8.522727	5.681818	2.840909	31.25	17.045455	0	0	5.681818	0	5.681818	0	0	0	0	0	2.840909	0	0	0	0	0	2.840909	0	0	0	0	0	0	2.840909	0	0	5.681818	0	0	0	0	0	0	8.522727	0	0	0	5.681818	0	5.681818	17.045455	0	2.840909	2.840909	2.840909	0	0	0	0	0	0	0	0	0	5.681818	0	0	0	0	0	0	0	0	0	0	0	0	0	0	0	0	0	0	0	0	0	0	0	0	176.136364	22.727273	301.136364	127.840909	133.522727	53.977273	164.772727	79.545455	19.886364	8.522727	5.681818	0	0	5.681818	31.25	5.681818	19.886364	2.840909	68.181818	5.681818
34618_composicao_gemini-3.6-flash.txt	menores_notas_gemini	364	107.142857	2.747253	93.406593	13.736264	0	10.989011	2.747253	0	0	0	0	0	10.989011	0	0	0	5.494505	0	5.494505	0	10.989011	0	5.494505	5.494505	10.989011	0	0	0	0	0	304.945055	170.32967	85.164835	21.978022	19.230769	2.747253	5.494505	87.912088	0	63.186813	16.483516	8.241758	35.714286	19.230769	109.89011	8.241758	38.461538	46.703297	8.241758	10.989011	0	0	8.241758	140.10989	0	38.461538	107.142857	87.912088	13.736264	8.241758	0	0	0	0	32.967033	0	2.747253	2.747253	46.703297	0	2.747253	2.747253	0	2.747253	0	2.747253	0	2.747253	2.747253	0	2.747253	49.450549	0	0	0	2.747253	0	0	0	0	0	0	0	0	2.747253	0	0	2.747253	2.747253	5.494505	24.725275	0	13.736264	10.989011	52.197802	2.747253	2.747253	0	8.241758	0	5.494505	2.747253	0	0	0	5.494505	2.747253	0	0	0	0	0	0	0	0	0	0	2.747253	5.494505	87.912088	19.230769	98.901099	0	63.186813	0	2.747253	0	0	0	0	0	5.494505	0	0	0	54.945055	10.989011	0	0	10.989011	0	0	24.725275	13.736264	0	0	2.747253	0	8.241758	0	0	0	0	0	5.494505	2.747253	2.747253	5.494505	0	0	0	0	0	0	0	0	0	0	0	0	0	0	0	0	0	0	0	2.747253	0	5.494505	2.747253	2.747253	0	0	5.494505	0	0	5.494505	8.241758	0	0	0	0	0	0	0	0	0	0	0	0	0	0	0	0	0	0	0	0	0	0	0	0	0	0	0	0	0	0	0	0	0	0	109.89011	27.472527	304.945055	156.593407	101.648352	21.978022	189.56044	65.934066	8.241758	10.989011	0	0	0	0	24.725275	0	2.747253	2.747253	49.450549	2.747253
34637_composicao_gemini-3.6-flash.txt	menores_notas_gemini	337	106.824926	11.869436	86.053412	14.836795	2.967359	0	14.836795	0	0	0	0	0	20.771513	0	0	0	20.771513	0	2.967359	0	17.804154	0	2.967359	5.934718	0	0	0	0	0	20.771513	287.833828	145.400593	94.95549	20.771513	11.869436	8.902077	5.934718	65.281899	14.836795	47.477745	41.543027	8.902077	47.477745	11.869436	68.249258	17.804154	53.412463	38.575668	2.967359	11.869436	0	0	11.869436	106.824926	0	38.575668	86.053412	83.086053	17.804154	17.804154	0	2.967359	0	0	23.738872	0	5.934718	0	56.379822	14.836795	0	0	0	0	0	2.967359	5.934718	0	0	0	0	41.543027	14.836795	0	0	2.967359	0	0	0	0	2.967359	0	0	0	0	0	0	0	0	5.934718	26.706231	0	11.869436	8.902077	59.347181	0	0	0	11.869436	0	8.902077	2.967359	0	2.967359	0	2.967359	0	0	0	0	2.967359	0	0	0	0	0	0	2.967359	8.902077	83.086053	53.412463	91.988131	0	41.543027	0	2.967359	0	0	0	0	0	0	2.967359	0	0	29.673591	11.869436	0	0	17.804154	0	0	26.706231	11.869436	0	0	0	0	20.771513	0	0	2.967359	0	0	14.836795	0	2.967359	8.902077	0	0	0	0	0	0	0	0	0	0	0	0	0	0	0	0	0	0	0	0	0	5.934718	0	5.934718	0	5.934718	8.902077	0	0	8.902077	11.869436	0	0	0	0	0	0	0	0	0	0	0	0	0	0	0	0	0	0	0	0	0	0	0	0	0	0	0	0	0	0	0	0	0	0	118.694362	41.543027	308.605341	136.498516	100.890208	38.575668	204.747774	47.477745	0	17.804154	0	0	0	0	26.706231	0	5.934718	0	47.477745	2.967359
34638_composicao_gemini-3.6-flash.txt	menores_notas_gemini	351	91.168091	11.396011	82.621083	8.547009	5.698006	8.547009	0	0	0	0	0	0	17.094017	0	0	0	8.547009	0	2.849003	2.849003	11.396011	0	0	0	11.396011	0	0	0	0	31.339031	287.749288	170.940171	102.564103	25.641026	5.698006	2.849003	0	76.923077	2.849003	56.980057	28.490028	14.245014	39.88604	5.698006	59.82906	8.547009	56.980057	37.037037	0	5.698006	0	11.396011	5.698006	111.111111	0	42.735043	85.470085	108.262108	19.94302	14.245014	2.849003	0	5.698006	0	22.792023	0	5.698006	8.547009	68.376068	2.849003	0	0	2.849003	0	0	0	0	5.698006	2.849003	0	0	51.282051	5.698006	0	0	2.849003	0	0	0	0	0	0	0	5.698006	0	2.849003	0	17.094017	5.698006	5.698006	28.490028	0	28.490028	17.094017	59.82906	2.849003	14.245014	0	2.849003	0	11.396011	2.849003	0	0	0	2.849003	5.698006	0	0	0	0	0	0	0	0	0	0	0	2.849003	94.017094	2.849003	82.621083	0	56.980057	0	2.849003	0	0	0	0	0	0	0	2.849003	2.849003	45.584046	11.396011	2.849003	0	11.396011	2.849003	0	25.641026	25.641026	0	0	0	0	8.547009	0	0	0	0	0	11.396011	0	0	5.698006	0	0	0	0	0	0	0	0	0	0	0	0	2.849003	0	0	0	0	0	0	8.547009	0	2.849003	0	2.849003	0	0	11.396011	0	0	17.094017	0	0	0	0	0	0	0	2.849003	0	0	2.849003	0	0	0	0	0	0	0	0	0	0	0	0	0	0	0	0	0	0	0	0	0	0	0	0	185.185185	34.188034	319.088319	125.356125	131.054131	19.94302	182.336182	68.376068	22.792023	11.396011	5.698006	0	0	2.849003	25.641026	2.849003	8.547009	5.698006	74.074074	0
34642_composicao_gemini-3.6-flash.txt	menores_notas_gemini	315	88.888889	15.873016	82.539683	9.52381	0	9.52381	3.174603	0	0	0	0	0	6.349206	3.174603	0	0	6.349206	0	0	0	15.873016	0	0	6.349206	9.52381	0	0	0	0	9.52381	298.412698	88.888889	79.365079	22.222222	22.222222	3.174603	6.349206	79.365079	0	53.968254	12.698413	22.222222	31.746032	0	142.857143	19.047619	53.968254	53.968254	6.349206	19.047619	0	0	19.047619	120.634921	0	22.222222	88.888889	88.888889	19.047619	15.873016	6.349206	3.174603	3.174603	0	25.396825	3.174603	6.349206	6.349206	25.396825	3.174603	0	0	3.174603	0	0	0	6.349206	0	6.349206	3.174603	0	47.619048	3.174603	0	0	3.174603	0	0	0	0	9.52381	0	0	0	6.349206	0	0	3.174603	0	0	25.396825	0	12.698413	15.873016	53.968254	3.174603	0	0	3.174603	0	12.698413	3.174603	0	3.174603	0	3.174603	3.174603	0	0	0	0	3.174603	0	0	0	0	0	3.174603	0	73.015873	15.873016	85.714286	0	57.142857	0	3.174603	0	0	3.174603	0	0	0	6.349206	3.174603	0	50.793651	6.349206	0	0	15.873016	3.174603	0	25.396825	12.698413	0	0	6.349206	0	3.174603	0	0	0	0	0	12.698413	0	3.174603	12.698413	0	0	0	0	0	6.349206	0	0	0	0	0	0	0	3.174603	0	0	0	0	0	12.698413	0	9.52381	0	9.52381	0	3.174603	6.349206	0	0	3.174603	3.174603	0	0	0	0	0	0	0	0	0	0	0	0	0	0	0	0	0	0	0	0	0	0	0	0	0	0	0	0	0	0	0	0	0	0	187.301587	25.396825	307.936508	158.730159	117.460317	25.396825	171.428571	73.015873	3.174603	15.873016	0	0	0	6.349206	38.095238	12.698413	15.873016	3.174603	53.968254	6.349206
34714_composicao_gemini-3.6-flash.txt	menores_notas_gemini	335	95.522388	14.925373	95.522388	14.925373	0	11.940299	2.985075	0	0	0	0	0	14.925373	2.985075	5.970149	0	11.940299	0	2.985075	0	11.940299	0	2.985075	0	11.940299	0	0	0	0	26.865672	280.597015	155.223881	95.522388	11.940299	8.955224	8.955224	14.925373	77.61194	5.970149	56.716418	11.940299	0	41.791045	11.940299	80.597015	14.925373	47.761194	11.940299	0	8.955224	0	2.985075	14.925373	113.432836	0	26.865672	56.716418	98.507463	17.910448	17.910448	0	0	2.985075	2.985075	5.970149	0	2.985075	2.985075	56.716418	2.985075	0	0	2.985075	0	0	2.985075	2.985075	0	5.970149	0	0	53.731343	2.985075	0	0	2.985075	0	0	0	0	0	0	0	0	2.985075	0	0	5.970149	2.985075	5.970149	14.925373	0	23.880597	17.910448	59.701493	0	5.970149	2.985075	8.955224	0	5.970149	2.985075	0	0	0	2.985075	2.985075	0	0	0	0	0	0	0	0	0	2.985075	2.985075	0	71.641791	23.880597	104.477612	0	56.716418	0	8.955224	0	0	0	2.985075	0	0	0	2.985075	2.985075	47.761194	8.955224	0	0	11.940299	2.985075	0	11.940299	23.880597	5.970149	0	0	0	8.955224	0	0	0	0	0	11.940299	0	0	11.940299	0	0	0	0	2.985075	0	0	0	0	0	0	0	2.985075	0	0	0	0	0	2.985075	0	0	5.970149	0	2.985075	0	0	2.985075	0	0	5.970149	8.955224	0	0	0	0	0	0	2.985075	0	0	0	0	0	0	0	0	0	0	0	0	0	0	0	0	0	0	0	0	0	0	0	0	0	0	0	110.447761	32.835821	307.462687	143.283582	116.41791	17.910448	194.029851	74.626866	8.955224	11.940299	2.985075	0	0	2.985075	14.925373	2.985075	8.955224	5.970149	56.716418	0
34743_composicao_gemini-3.6-flash.txt	menores_notas_gemini	325	116.923077	9.230769	95.384615	12.307692	0	3.076923	3.076923	3.076923	0	0	0	0	6.153846	0	0	0	6.153846	0	0	0	6.153846	0	0	0	3.076923	0	0	0	0	27.692308	298.461538	187.692308	116.923077	15.384615	18.461538	6.153846	12.307692	76.923077	30.769231	73.846154	15.384615	12.307692	43.076923	0	86.153846	6.153846	64.615385	36.923077	0	15.384615	0	3.076923	3.076923	141.538462	0	46.153846	113.846154	89.230769	12.307692	12.307692	0	0	3.076923	3.076923	52.307692	0	6.153846	3.076923	64.615385	3.076923	0	0	3.076923	3.076923	0	0	0	3.076923	0	0	0	52.307692	3.076923	0	0	0	0	0	0	0	3.076923	0	0	0	3.076923	0	3.076923	3.076923	0	3.076923	21.538462	0	18.461538	18.461538	55.384615	0	3.076923	0	3.076923	0	12.307692	0	3.076923	0	0	3.076923	0	0	0	0	0	0	0	0	0	0	0	0	0	86.153846	3.076923	95.384615	0	52.307692	0	0	0	0	0	0	0	0	3.076923	3.076923	3.076923	43.076923	9.230769	0	0	6.153846	3.076923	0	21.538462	18.461538	3.076923	0	0	0	3.076923	0	0	0	0	0	6.153846	0	0	9.230769	0	0	0	0	0	0	0	0	0	0	0	0	3.076923	0	0	0	0	0	0	6.153846	0	3.076923	0	0	0	0	12.307692	0	0	3.076923	3.076923	0	0	0	0	0	0	6.153846	0	0	0	0	0	0	0	0	0	0	0	0	0	0	0	0	0	0	0	0	0	0	0	0	0	0	0	126.153846	27.692308	326.153846	150.769231	101.538462	15.384615	184.615385	58.461538	3.076923	6.153846	6.153846	0	0	3.076923	21.538462	3.076923	3.076923	0	58.461538	0
34807_composicao_gemini-3.6-flash.txt	menores_notas_gemini	353	99.150142	11.331445	113.314448	0	25.495751	5.665722	2.832861	0	0	0	0	2.832861	16.997167	0	5.665722	0	11.331445	0	0	8.498584	2.832861	2.832861	0	0	14.164306	5.665722	0	0	5.665722	45.325779	257.790368	141.643059	82.152975	33.994334	5.665722	5.665722	11.331445	36.827195	0	42.492918	39.660057	2.832861	45.325779	8.498584	67.988669	16.997167	22.66289	42.492918	2.832861	5.665722	2.832861	8.498584	16.997167	65.155807	2.832861	8.498584	28.328612	118.98017	8.498584	11.331445	16.997167	11.331445	5.665722	11.331445	8.498584	0	2.832861	8.498584	59.490085	2.832861	0	2.832861	11.331445	2.832861	0	0	5.665722	0	2.832861	5.665722	0	11.331445	25.495751	11.331445	5.665722	2.832861	0	0	0	0	2.832861	5.665722	0	0	2.832861	2.832861	0	14.164306	0	2.832861	36.827195	0	14.164306	19.830028	56.657224	8.498584	11.331445	0	8.498584	2.832861	5.665722	16.997167	0	2.832861	0	2.832861	14.164306	0	0	0	2.832861	0	0	0	0	0	0	11.331445	0	70.82153	8.498584	113.314448	0	48.15864	0	2.832861	0	2.832861	0	0	0	0	2.832861	8.498584	0	36.827195	11.331445	0	0	2.832861	8.498584	2.832861	36.827195	11.331445	0	0	0	0	0	0	0	0	0	0	2.832861	0	0	8.498584	0	0	2.832861	0	0	2.832861	0	0	0	0	0	0	2.832861	5.665722	0	0	0	0	0	11.331445	0	0	0	0	0	8.498584	16.997167	0	0	8.498584	8.498584	0	0	0	0	0	0	0	0	0	0	0	0	0	0	0	0	0	0	0	0	0	0	0	0	0	0	0	0	0	0	0	0	0	0	110.481586	33.994334	305.949008	99.150142	127.478754	33.994334	192.634561	65.155807	19.830028	2.832861	0	0	0	8.498584	36.827195	8.498584	11.331445	14.164306	28.328612	0
34823_composicao_gemini-3.6-flash.txt	menores_notas_gemini	355	81.690141	16.901408	59.15493	14.084507	0	0	0	0	0	0	0	0	8.450704	0	0	0	8.450704	0	2.816901	0	8.450704	0	2.816901	0	0	0	0	0	0	25.352113	264.788732	160.56338	73.239437	14.084507	11.267606	2.816901	0	30.985915	0	50.704225	25.352113	19.71831	64.788732	0	95.774648	8.450704	70.422535	64.788732	5.633803	14.084507	0	5.633803	14.084507	152.112676	0	59.15493	107.042254	92.957746	39.43662	14.084507	2.816901	0	2.816901	0	8.450704	2.816901	2.816901	5.633803	45.070423	5.633803	5.633803	0	2.816901	2.816901	0	2.816901	2.816901	2.816901	0	2.816901	0	36.619718	14.084507	0	0	2.816901	0	2.816901	0	0	11.267606	5.633803	0	2.816901	0	0	0	45.070423	0	2.816901	14.084507	0	14.084507	33.802817	56.338028	22.535211	30.985915	0	8.450704	0	14.084507	11.267606	2.816901	2.816901	0	5.633803	11.267606	0	0	0	2.816901	0	0	0	0	2.816901	0	2.816901	0	81.690141	22.535211	70.422535	0	61.971831	0	2.816901	0	2.816901	0	2.816901	0	0	5.633803	14.084507	0	53.521127	11.267606	0	0	8.450704	11.267606	0	11.267606	14.084507	2.816901	0	2.816901	0	8.450704	0	0	0	0	0	5.633803	0	0	11.267606	0	0	0	0	0	2.816901	0	0	0	0	0	0	2.816901	8.450704	0	0	0	0	0	5.633803	0	2.816901	0	5.633803	0	0	0	0	0	2.816901	5.633803	0	0	0	0	0	0	0	0	0	0	0	0	0	0	0	0	0	0	0	0	0	0	0	0	0	0	0	0	0	0	0	0	0	0	157.746479	14.084507	290.140845	174.647887	135.211268	36.619718	163.380282	90.140845	45.070423	8.450704	0	0	0	11.267606	11.267606	11.267606	5.633803	14.084507	61.971831	2.816901
34895_composicao_gemini-3.6-flash.txt	menores_notas_gemini	336	95.238095	14.880952	74.404762	5.952381	5.952381	2.97619	2.97619	0	0	0	0	0	5.952381	0	0	0	5.952381	0	2.97619	0	2.97619	0	2.97619	0	2.97619	0	0	0	0	0	327.380952	175.595238	110.119048	11.904762	14.880952	5.952381	0	92.261905	11.904762	71.428571	35.714286	5.952381	59.52381	20.833333	86.309524	5.952381	47.619048	62.5	0	2.97619	0	0	14.880952	119.047619	0	35.714286	71.428571	86.309524	23.809524	14.880952	2.97619	0	0	0	17.857143	0	0	0	50.595238	8.928571	0	0	2.97619	2.97619	0	5.952381	2.97619	2.97619	0	0	0	50.595238	2.97619	0	0	2.97619	0	0	0	0	8.928571	0	0	2.97619	0	0	0	26.785714	0	0	5.952381	0	14.880952	26.785714	56.547619	11.904762	14.880952	0	5.952381	0	8.928571	0	0	2.97619	0	5.952381	0	2.97619	0	0	2.97619	0	0	0	0	0	0	0	8.928571	92.261905	8.928571	74.404762	0	62.5	0	5.952381	0	0	2.97619	0	0	0	0	5.952381	0	44.642857	20.833333	0	0	2.97619	5.952381	2.97619	5.952381	14.880952	0	0	0	0	5.952381	0	0	0	0	0	2.97619	0	0	8.928571	0	0	0	0	0	5.952381	0	0	0	0	0	0	0	5.952381	0	0	0	0	0	0	0	0	0	2.97619	0	0	2.97619	0	0	0	5.952381	0	0	0	0	0	0	2.97619	0	0	2.97619	0	0	0	0	0	0	0	0	0	0	0	0	0	0	0	0	0	0	0	0	0	0	0	0	110.119048	11.904762	327.380952	139.880952	113.095238	29.761905	175.595238	77.380952	26.785714	2.97619	5.952381	0	0	5.952381	5.952381	8.928571	5.952381	2.97619	29.761905	0
34971_composicao_gemini-3.6-flash.txt	menores_notas_gemini	365	109.589041	10.958904	106.849315	13.69863	2.739726	2.739726	5.479452	2.739726	0	0	0	0	5.479452	0	0	0	5.479452	0	0	0	5.479452	0	2.739726	0	2.739726	0	0	0	0	43.835616	284.931507	115.068493	104.109589	13.69863	13.69863	13.69863	0	98.630137	8.219178	82.191781	24.657534	8.219178	57.534247	27.39726	71.232877	10.958904	57.534247	54.794521	2.739726	13.69863	0	2.739726	13.69863	117.808219	0	30.136986	65.753425	65.753425	13.69863	8.219178	8.219178	0	8.219178	2.739726	10.958904	5.479452	2.739726	0	35.616438	13.69863	0	0	8.219178	0	0	0	0	0	0	0	0	43.835616	8.219178	0	0	2.739726	0	0	0	0	0	0	2.739726	0	0	0	0	21.917808	0	2.739726	5.479452	5.479452	5.479452	19.178082	54.794521	0	19.178082	0	8.219178	0	8.219178	2.739726	2.739726	5.479452	0	0	5.479452	0	0	0	5.479452	0	0	0	0	0	0	0	16.438356	71.232877	8.219178	112.328767	0	54.794521	0	5.479452	0	2.739726	0	0	0	0	8.219178	5.479452	0	49.315068	8.219178	0	0	5.479452	5.479452	0	5.479452	5.479452	2.739726	0	0	0	5.479452	0	0	0	0	0	2.739726	0	0	8.219178	0	2.739726	0	0	0	0	2.739726	0	0	0	0	0	5.479452	0	0	0	0	0	2.739726	0	0	0	0	0	0	0	5.479452	0	0	0	5.479452	0	0	0	0	0	0	5.479452	2.739726	0	2.739726	0	0	0	0	0	0	0	0	0	0	0	0	0	0	0	0	0	0	0	0	0	0	0	0	120.547945	13.69863	328.767123	142.465753	82.191781	35.616438	189.041096	76.712329	21.917808	5.479452	10.958904	0	0	5.479452	8.219178	5.479452	0	5.479452	30.136986	0
35019_composicao_gemini-3.6-flash.txt	menores_notas_gemini	397	100.755668	15.11335	98.236776	5.037783	0	10.075567	2.518892	2.518892	0	0	0	0	7.556675	0	0	0	7.556675	0	0	0	5.037783	0	0	2.518892	5.037783	0	0	0	0	20.151134	289.672544	163.72796	118.387909	17.632242	15.11335	7.556675	5.037783	88.161209	0	65.491184	12.594458	2.518892	45.34005	2.518892	83.123426	10.075567	68.010076	37.783375	10.075567	7.556675	0	5.037783	20.151134	136.020151	5.037783	60.453401	115.869018	80.604534	17.632242	17.632242	2.518892	2.518892	2.518892	5.037783	25.188917	2.518892	2.518892	2.518892	30.2267	7.556675	2.518892	2.518892	2.518892	5.037783	0	0	0	0	0	0	0	32.745592	7.556675	2.518892	0	2.518892	0	0	0	0	10.075567	0	0	0	0	0	0	20.151134	0	0	10.075567	0	17.632242	22.670025	42.821159	2.518892	5.037783	0	5.037783	0	5.037783	7.556675	0	7.556675	0	2.518892	10.075567	0	0	0	7.556675	0	0	0	0	0	0	7.556675	2.518892	85.642317	10.075567	103.274559	0	50.377834	2.518892	2.518892	0	0	2.518892	0	0	0	0	7.556675	0	47.858942	5.037783	0	0	5.037783	7.556675	0	10.075567	15.11335	10.075567	0	17.632242	0	7.556675	0	0	0	0	0	5.037783	0	0	17.632242	0	0	0	0	0	2.518892	0	0	0	0	0	2.518892	0	7.556675	0	0	0	0	0	2.518892	0	0	0	0	0	2.518892	20.151134	0	0	0	7.556675	0	0	0	0	0	0	2.518892	0	0	0	0	0	0	0	0	0	0	0	0	0	0	0	0	0	0	0	0	0	0	0	0	0	0	0	115.869018	12.594458	309.823678	166.246851	98.236776	30.2267	193.95466	65.491184	20.151134	5.037783	2.518892	0	0	7.556675	22.670025	7.556675	2.518892	10.075567	50.377834	17.632242
35028_composicao_gemini-3.6-flash.txt	menores_notas_gemini	329	106.382979	12.158055	94.224924	15.197568	9.118541	3.039514	6.079027	0	0	0	0	0	12.158055	3.039514	3.039514	3.039514	9.118541	0	0	0	9.118541	0	3.039514	0	3.039514	0	0	0	0	3.039514	188.449848	173.25228	106.382979	18.237082	9.118541	3.039514	9.118541	103.343465	6.079027	94.224924	18.237082	3.039514	21.276596	9.118541	100.303951	12.158055	39.513678	45.592705	0	6.079027	3.039514	3.039514	3.039514	97.264438	0	30.395137	63.829787	97.264438	12.158055	12.158055	0	3.039514	0	0	15.197568	0	3.039514	0	63.829787	3.039514	3.039514	0	0	0	0	3.039514	0	0	0	0	0	48.632219	6.079027	0	0	3.039514	0	0	0	0	6.079027	0	0	0	0	3.039514	0	3.039514	0	6.079027	30.395137	0	12.158055	9.118541	57.75076	6.079027	0	0	9.118541	0	6.079027	0	3.039514	0	0	3.039514	0	0	0	0	0	0	0	0	0	0	3.039514	3.039514	6.079027	94.224924	21.276596	97.264438	0	36.474164	0	6.079027	0	0	0	3.039514	0	0	3.039514	3.039514	0	24.316109	12.158055	0	0	12.158055	3.039514	0	21.276596	12.158055	0	0	3.039514	0	9.118541	0	0	0	0	0	6.079027	3.039514	0	6.079027	0	0	0	0	0	3.039514	0	0	0	0	0	0	0	3.039514	0	0	0	0	3.039514	0	0	6.079027	0	6.079027	0	6.079027	9.118541	0	0	6.079027	6.079027	0	0	0	0	0	0	0	0	0	6.079027	0	0	0	0	0	0	0	0	0	0	0	0	0	0	0	0	0	0	0	0	0	0	0	0	118.541033	27.355623	310.030395	115.50152	109.422492	24.316109	206.68693	51.671733	6.079027	12.158055	6.079027	0	0	3.039514	36.474164	3.039514	0	3.039514	51.671733	3.039514
35056_composicao_gemini-3.6-flash.txt	menores_notas_gemini	313	115.015974	9.584665	47.923323	6.389776	12.779553	12.779553	0	0	0	0	0	9.584665	9.584665	9.584665	3.194888	9.584665	3.194888	0	0	15.974441	6.389776	3.194888	3.194888	0	19.169329	22.364217	9.584665	0	0	41.533546	217.252396	102.236422	115.015974	22.364217	6.389776	6.389776	0	19.169329	0	19.169329	15.974441	0	38.338658	0	28.753994	12.779553	9.584665	12.779553	3.194888	3.194888	0	0	3.194888	35.14377	0	0	25.559105	175.71885	19.169329	12.779553	19.169329	9.584665	6.389776	15.974441	3.194888	3.194888	9.584665	9.584665	73.482428	31.948882	0	19.169329	9.584665	6.389776	3.194888	6.389776	3.194888	0	0	0	6.389776	60.702875	44.728435	6.389776	0	6.389776	0	0	0	0	0	0	6.389776	0	9.584665	6.389776	0	9.584665	0	0	47.923323	6.389776	25.559105	15.974441	118.210863	3.194888	6.389776	0	9.584665	3.194888	9.584665	3.194888	0	19.169329	0	6.389776	6.389776	0	0	0	15.974441	3.194888	0	0	0	0	3.194888	3.194888	6.389776	79.872204	6.389776	51.118211	0	47.923323	3.194888	9.584665	0	6.389776	0	6.389776	0	0	3.194888	12.779553	0	25.559105	25.559105	0	0	6.389776	12.779553	3.194888	41.533546	22.364217	0	0	38.338658	0	6.389776	0	0	0	0	0	6.389776	0	0	3.194888	0	6.389776	6.389776	0	0	0	0	0	0	0	0	0	12.779553	0	0	0	6.389776	3.194888	0	3.194888	6.389776	0	0	0	0	0	38.338658	0	0	9.584665	0	0	0	0	0	0	0	0	0	0	0	0	0	0	0	0	0	0	0	0	0	0	0	0	0	0	0	0	0	0	0	0	0	0	0	172.523962	67.092652	258.785942	51.118211	204.472843	51.118211	137.380192	89.456869	9.584665	6.389776	0	0	0	12.779553	44.728435	15.974441	9.584665	6.389776	89.456869	38.338658
35071_composicao_gemini-3.6-flash.txt	menores_notas_gemini	357	114.845938	11.204482	84.033613	8.403361	5.602241	5.602241	2.80112	0	0	0	0	0	11.204482	0	0	0	11.204482	0	2.80112	0	8.403361	0	2.80112	2.80112	5.602241	0	0	0	0	14.005602	310.92437	165.266106	123.2493	19.607843	14.005602	0	0	81.232493	5.602241	72.829132	33.613445	2.80112	44.817927	8.403361	78.431373	8.403361	50.420168	64.42577	5.602241	5.602241	0	8.403361	11.204482	109.243697	2.80112	19.607843	61.62465	81.232493	28.011204	11.204482	5.602241	8.403361	0	0	14.005602	2.80112	2.80112	2.80112	44.817927	0	0	0	0	2.80112	0	0	0	2.80112	0	0	0	44.817927	14.005602	0	0	2.80112	0	2.80112	0	0	2.80112	0	0	11.204482	5.602241	0	0	19.607843	0	2.80112	19.607843	0	11.204482	19.607843	64.42577	2.80112	16.806723	0	0	0	8.403361	0	5.602241	0	0	2.80112	2.80112	0	0	0	0	0	0	0	0	0	2.80112	0	5.602241	86.834734	8.403361	84.033613	0	47.619048	0	2.80112	0	0	0	0	0	0	2.80112	5.602241	0	42.016807	5.602241	0	0	8.403361	5.602241	0	19.607843	11.204482	2.80112	0	0	0	8.403361	0	0	0	0	0	5.602241	0	2.80112	5.602241	0	0	0	0	0	2.80112	2.80112	0	0	0	0	0	2.80112	2.80112	0	0	0	0	0	2.80112	0	0	0	2.80112	0	5.602241	14.005602	0	0	2.80112	8.403361	0	0	0	0	0	0	2.80112	0	0	0	0	0	0	0	0	0	0	0	0	0	0	0	0	0	0	0	0	0	0	0	0	0	0	0	210.084034	22.408964	324.929972	128.851541	114.845938	19.607843	179.271709	53.221289	19.607843	8.403361	2.80112	0	0	5.602241	19.607843	5.602241	2.80112	5.602241	50.420168	0
35072_composicao_gemini-3.6-flash.txt	menores_notas_gemini	349	108.882521	11.461318	74.498567	11.461318	0	8.595989	5.730659	0	0	0	0	0	8.595989	2.86533	0	0	8.595989	0	2.86533	2.86533	20.057307	0	2.86533	0	8.595989	0	0	0	0	2.86533	312.320917	189.111748	103.151862	2.86533	14.326648	17.191977	17.191977	85.959885	25.787966	71.633238	20.057307	5.730659	31.518625	17.191977	54.441261	20.057307	48.710602	45.845272	2.86533	11.461318	0	11.461318	11.461318	88.825215	0	20.057307	63.037249	103.151862	17.191977	14.326648	5.730659	0	0	0	28.653295	2.86533	8.595989	5.730659	60.17192	2.86533	2.86533	0	5.730659	0	5.730659	2.86533	0	2.86533	2.86533	0	0	63.037249	2.86533	0	0	0	0	2.86533	0	0	8.595989	0	0	0	0	2.86533	0	2.86533	0	2.86533	17.191977	0	14.326648	14.326648	68.767908	0	2.86533	0	2.86533	0	2.86533	2.86533	0	5.730659	0	2.86533	2.86533	0	0	0	5.730659	0	0	0	0	0	0	2.86533	2.86533	83.094556	5.730659	74.498567	0	51.575931	5.730659	2.86533	0	0	2.86533	0	0	0	2.86533	5.730659	2.86533	42.979943	17.191977	0	0	20.057307	5.730659	0	14.326648	14.326648	2.86533	0	5.730659	0	8.595989	0	0	0	0	0	17.191977	2.86533	0	8.595989	0	0	0	0	0	2.86533	0	0	0	0	0	0	2.86533	2.86533	0	0	2.86533	0	0	8.595989	0	0	0	0	0	0	2.86533	0	0	2.86533	5.730659	0	0	0	0	0	0	2.86533	0	0	2.86533	0	0	0	0	0	0	0	0	0	0	0	0	0	0	0	0	0	0	0	0	0	0	0	0	120.34384	37.249284	315.186246	120.34384	123.209169	20.057307	163.323782	74.498567	2.86533	20.057307	2.86533	0	0	5.730659	17.191977	5.730659	5.730659	2.86533	45.845272	5.730659
35131_composicao_gemini-3.6-flash.txt	menores_notas_gemini	360	108.333333	8.333333	72.222222	11.111111	5.555556	5.555556	2.777778	2.777778	0	0	0	0	8.333333	0	0	0	5.555556	0	0	0	8.333333	0	0	0	5.555556	0	0	0	0	0	305.555556	166.666667	116.666667	13.888889	11.111111	5.555556	5.555556	88.888889	2.777778	77.777778	33.333333	0	36.111111	13.888889	86.111111	13.888889	47.222222	55.555556	5.555556	16.666667	2.777778	5.555556	19.444444	108.333333	0	25	75	86.111111	19.444444	19.444444	0	5.555556	5.555556	2.777778	8.333333	0	11.111111	5.555556	38.888889	2.777778	0	0	0	0	0	2.777778	2.777778	2.777778	0	0	2.777778	47.222222	0	0	0	5.555556	0	2.777778	0	0	2.777778	0	0	5.555556	0	2.777778	0	22.222222	0	2.777778	25	0	13.888889	19.444444	55.555556	2.777778	19.444444	0	5.555556	0	5.555556	2.777778	5.555556	2.777778	0	2.777778	2.777778	0	2.777778	0	2.777778	0	0	2.777778	0	0	2.777778	0	0	91.666667	22.222222	77.777778	0	61.111111	0	5.555556	0	0	2.777778	0	0	0	0	2.777778	2.777778	55.555556	5.555556	0	0	8.333333	2.777778	0	22.222222	13.888889	2.777778	0	2.777778	0	2.777778	0	0	0	0	0	5.555556	2.777778	0	2.777778	0	0	0	0	0	0	0	0	0	0	0	0	2.777778	0	0	0	0	0	0	0	2.777778	11.111111	0	0	0	0	5.555556	0	0	2.777778	5.555556	0	0	0	0	0	0	5.555556	0	0	0	0	0	0	0	0	0	0	0	0	0	0	0	0	0	0	0	0	0	0	0	0	0	0	0	116.666667	16.666667	305.555556	141.666667	113.888889	22.222222	183.333333	72.222222	22.222222	8.333333	5.555556	0	0	2.777778	22.222222	2.777778	5.555556	8.333333	58.333333	2.777778
35136_composicao_gemini-3.6-flash.txt	menores_notas_gemini	345	92.753623	14.492754	40.57971	2.898551	34.782609	14.492754	2.898551	0	0	0	0	11.594203	14.492754	0	5.797101	2.898551	5.797101	0	2.898551	2.898551	23.188406	0	5.797101	20.289855	17.391304	11.594203	2.898551	0	8.695652	23.188406	252.173913	139.130435	98.550725	31.884058	11.594203	5.797101	8.695652	31.884058	23.188406	46.376812	28.985507	5.797101	49.275362	5.797101	37.681159	20.289855	17.391304	14.492754	2.898551	0	0	2.898551	14.492754	37.681159	0	11.594203	57.971014	136.231884	14.492754	8.695652	11.594203	11.594203	5.797101	8.695652	34.782609	8.695652	2.898551	8.695652	92.753623	5.797101	0	2.898551	0	2.898551	0	0	2.898551	2.898551	2.898551	0	0	55.072464	26.086957	5.797101	0	0	0	0	0	0	5.797101	0	0	0	0	2.898551	0	11.594203	0	2.898551	49.275362	0	11.594203	8.695652	86.956522	2.898551	8.695652	0	8.695652	0	2.898551	2.898551	2.898551	0	0	2.898551	2.898551	0	0	0	0	0	0	0	0	0	0	2.898551	5.797101	115.942029	20.289855	40.57971	0	52.173913	0	2.898551	2.898551	0	0	2.898551	0	5.797101	0	5.797101	2.898551	31.884058	20.289855	0	0	23.188406	5.797101	0	46.376812	11.594203	0	0	20.289855	0	0	0	0	0	0	0	11.594203	2.898551	8.695652	2.898551	0	0	0	0	0	2.898551	0	0	2.898551	0	0	0	2.898551	2.898551	0	0	0	5.797101	0	2.898551	0	0	0	0	0	0	28.985507	0	0	8.695652	5.797101	0	0	0	0	0	0	2.898551	0	0	0	0	0	0	0	0	0	0	0	0	0	0	0	0	0	0	0	0	0	0	0	0	0	0	0	147.826087	57.971014	275.362319	72.463768	162.318841	20.289855	176.811594	75.362319	11.594203	23.188406	2.898551	0	0	5.797101	57.971014	5.797101	8.695652	2.898551	69.565217	20.289855
35163_composicao_gemini-3.6-flash.txt	menores_notas_gemini	380	121.052632	21.052632	71.052632	5.263158	13.157895	0	7.894737	0	0	0	0	2.631579	13.157895	2.631579	0	0	13.157895	0	0	0	13.157895	0	0	0	0	2.631579	0	0	2.631579	13.157895	278.947368	73.684211	200	26.315789	0	2.631579	0	15.789474	2.631579	23.684211	28.947368	0	60.526316	2.631579	63.157895	7.894737	28.947368	18.421053	5.263158	7.894737	2.631579	5.263158	13.157895	73.684211	0	0	76.315789	150	13.157895	7.894737	10.526316	10.526316	5.263158	18.421053	18.421053	2.631579	2.631579	5.263158	65.789474	10.526316	0	7.894737	2.631579	5.263158	0	0	2.631579	0	0	5.263158	0	15.789474	52.631579	13.157895	5.263158	2.631579	0	2.631579	0	0	2.631579	0	0	0	0	0	0	2.631579	2.631579	0	31.578947	0	28.947368	15.789474	92.105263	0	2.631579	0	13.157895	2.631579	13.157895	7.894737	0	5.263158	0	5.263158	7.894737	2.631579	0	0	5.263158	0	0	0	0	0	0	0	7.894737	71.052632	7.894737	73.684211	0	50	0	2.631579	0	0	0	0	0	0	0	7.894737	2.631579	26.315789	23.684211	0	0	13.157895	7.894737	0	31.578947	28.947368	7.894737	0	13.157895	0	10.526316	0	0	0	0	0	10.526316	2.631579	0	2.631579	0	0	5.263158	0	0	0	0	0	0	0	0	0	5.263158	2.631579	0	0	0	0	5.263158	5.263158	0	2.631579	0	0	0	2.631579	10.526316	0	0	7.894737	5.263158	0	0	0	0	0	0	2.631579	0	0	0	0	0	0	0	0	0	0	0	0	0	0	0	0	0	0	0	0	0	0	0	0	0	0	0	213.157895	31.578947	292.105263	94.736842	168.421053	39.473684	150	63.157895	5.263158	13.157895	2.631579	0	0	7.894737	31.578947	7.894737	5.263158	0	76.315789	13.157895
35173_composicao_gemini-3.6-flash.txt	menores_notas_gemini	361	105.263158	5.540166	94.182825	11.080332	5.540166	0	2.770083	0	0	0	0	0	5.540166	0	0	0	5.540166	0	0	0	0	0	0	0	0	0	0	0	0	33.240997	296.398892	174.515235	132.963989	24.930748	16.620499	0	2.770083	72.022161	2.770083	63.711911	19.390582	0	47.091413	16.620499	80.33241	11.080332	66.481994	63.711911	8.310249	8.310249	0	2.770083	11.080332	127.423823	2.770083	47.091413	72.022161	85.872576	13.850416	13.850416	2.770083	2.770083	2.770083	2.770083	36.01108	0	0	5.540166	55.401662	8.310249	0	0	2.770083	0	2.770083	0	2.770083	2.770083	0	0	0	49.861496	2.770083	0	0	2.770083	0	0	0	0	0	0	0	5.540166	0	0	0	11.080332	0	2.770083	22.160665	0	11.080332	22.160665	55.401662	5.540166	8.310249	0	0	0	16.620499	5.540166	0	2.770083	0	5.540166	8.310249	0	0	0	2.770083	0	0	0	0	0	0	5.540166	8.310249	77.562327	8.310249	102.493075	0	63.711911	2.770083	2.770083	2.770083	0	0	2.770083	0	0	5.540166	0	0	49.861496	16.620499	0	0	0	0	2.770083	22.160665	11.080332	5.540166	0	5.540166	0	5.540166	0	0	0	0	0	0	0	0	5.540166	0	0	0	0	0	0	0	2.770083	0	0	0	0	0	0	0	0	0	0	0	5.540166	0	2.770083	0	11.080332	0	0	11.080332	0	0	0	5.540166	0	0	0	0	0	0	0	0	0	0	0	0	0	0	0	0	0	0	0	0	0	0	0	0	0	0	0	0	0	0	0	0	0	0	110.803324	5.540166	329.639889	149.584488	102.493075	30.470914	188.365651	80.33241	13.850416	0	0	0	0	0	24.930748	0	8.310249	8.310249	55.401662	5.540166
35198_composicao_gemini-3.6-flash.txt	menores_notas_gemini	348	120.689655	5.747126	91.954023	11.494253	2.873563	2.873563	5.747126	2.873563	0	0	0	0	2.873563	0	0	0	2.873563	0	0	2.873563	2.873563	0	0	0	5.747126	0	0	0	0	22.988506	310.344828	195.402299	117.816092	14.367816	8.62069	5.747126	11.494253	103.448276	34.482759	91.954023	20.114943	8.62069	51.724138	20.114943	63.218391	8.62069	45.977011	48.850575	2.873563	17.241379	0	2.873563	8.62069	100.574713	0	28.735632	68.965517	83.333333	14.367816	8.62069	5.747126	5.747126	0	0	31.609195	0	2.873563	0	57.471264	0	0	2.873563	2.873563	2.873563	0	0	0	0	0	0	0	34.482759	11.494253	0	0	2.873563	0	0	0	0	5.747126	0	0	5.747126	2.873563	0	0	5.747126	0	2.873563	22.988506	0	11.494253	11.494253	48.850575	5.747126	5.747126	0	11.494253	0	11.494253	2.873563	0	0	0	2.873563	2.873563	0	0	0	0	0	0	0	0	0	0	0	0	100.574713	31.609195	94.827586	0	54.597701	0	2.873563	0	2.873563	0	0	0	0	2.873563	5.747126	2.873563	45.977011	8.62069	0	0	2.873563	5.747126	0	22.988506	11.494253	0	0	0	2.873563	2.873563	0	0	0	0	0	2.873563	0	0	5.747126	0	2.873563	0	0	0	0	0	0	0	0	0	0	2.873563	2.873563	0	0	0	0	0	0	0	5.747126	0	2.873563	0	5.747126	14.367816	0	0	2.873563	0	0	0	0	0	0	0	2.873563	0	0	0	0	0	0	0	0	0	0	0	0	0	0	0	0	0	0	0	0	0	0	0	0	0	0	0	126.436782	5.747126	333.333333	117.816092	100.574713	17.241379	206.896552	66.091954	5.747126	2.873563	2.873563	0	0	5.747126	22.988506	5.747126	0	2.873563	45.977011	0
35214_composicao_gemini-3.6-flash.txt	menores_notas_gemini	354	112.99435	8.474576	67.79661	14.124294	2.824859	2.824859	0	0	0	0	0	0	0	0	0	0	0	0	2.824859	0	5.649718	0	2.824859	0	2.824859	0	0	0	0	36.723164	276.836158	169.491525	121.468927	16.949153	11.299435	2.824859	0	76.271186	5.649718	56.497175	16.949153	5.649718	45.19774	0	93.220339	5.649718	87.570621	59.322034	5.649718	14.124294	0	8.474576	19.774011	146.892655	5.649718	62.146893	107.344633	84.745763	11.299435	8.474576	0	0	0	2.824859	5.649718	0	0	8.474576	53.672316	0	5.649718	0	0	0	0	0	0	8.474576	0	0	0	48.022599	0	0	0	0	0	0	0	0	0	0	0	0	2.824859	0	0	2.824859	2.824859	2.824859	22.59887	0	22.59887	14.124294	48.022599	0	2.824859	0	0	0	8.474576	2.824859	5.649718	2.824859	0	5.649718	2.824859	0	0	0	2.824859	0	0	0	0	0	0	2.824859	14.124294	84.745763	11.299435	67.79661	0	67.79661	0	2.824859	0	0	0	0	0	0	0	0	0	56.497175	5.649718	0	0	5.649718	0	0	22.59887	19.774011	2.824859	0	0	0	8.474576	0	0	0	0	0	5.649718	0	0	11.299435	0	0	0	0	0	0	0	0	0	0	0	0	0	0	0	0	0	0	0	8.474576	0	2.824859	0	0	0	5.649718	11.299435	0	0	0	11.299435	0	0	0	0	0	0	0	0	0	0	0	0	0	0	0	0	0	0	0	0	0	0	0	0	0	0	0	0	0	0	0	0	0	0	189.265537	8.474576	313.559322	172.316384	104.519774	22.59887	169.491525	70.621469	5.649718	5.649718	0	0	0	0	22.59887	0	8.474576	2.824859	59.322034	0
35217_composicao_gemini-3.6-flash.txt	menores_notas_gemini	352	93.75	17.045455	96.590909	17.045455	2.840909	5.681818	2.840909	2.840909	0	0	0	2.840909	0	0	0	0	8.522727	0	5.681818	0	11.363636	0	0	0	5.681818	2.840909	0	0	2.840909	19.886364	301.136364	178.977273	105.113636	14.204545	2.840909	5.681818	8.522727	82.386364	8.522727	73.863636	19.886364	0	59.659091	5.681818	79.545455	8.522727	56.818182	48.295455	5.681818	11.363636	0	8.522727	14.204545	125	0	39.772727	62.5	76.704545	14.204545	14.204545	8.522727	2.840909	2.840909	0	5.681818	8.522727	2.840909	2.840909	42.613636	5.681818	0	2.840909	2.840909	0	2.840909	0	0	0	2.840909	0	0	56.818182	8.522727	0	0	2.840909	0	0	0	0	0	0	0	0	0	0	2.840909	5.681818	0	2.840909	11.363636	2.840909	5.681818	8.522727	68.181818	0	5.681818	0	11.363636	0	5.681818	0	2.840909	5.681818	0	2.840909	0	0	0	0	5.681818	0	0	0	0	0	0	0	5.681818	53.977273	51.136364	105.113636	0	53.977273	0	0	0	0	0	0	0	0	2.840909	8.522727	0	42.613636	11.363636	0	0	11.363636	8.522727	0	11.363636	5.681818	2.840909	0	0	0	5.681818	0	0	0	0	0	8.522727	2.840909	0	5.681818	0	0	0	0	0	0	2.840909	0	2.840909	2.840909	0	2.840909	8.522727	0	0	0	0	0	0	0	0	0	0	0	0	0	11.363636	0	0	2.840909	5.681818	0	0	0	0	0	0	5.681818	0	0	0	0	0	0	0	0	0	0	0	0	0	0	0	0	0	0	0	0	0	0	0	0	0	0	0	207.386364	22.727273	321.022727	147.727273	90.909091	31.25	207.386364	56.818182	5.681818	17.045455	5.681818	0	0	8.522727	17.045455	11.363636	2.840909	0	25.568182	0
35220_composicao_gemini-3.6-flash.txt	menores_notas_gemini	358	117.318436	11.173184	72.625698	11.173184	0	2.793296	5.586592	0	0	0	0	0	8.379888	0	0	0	5.586592	0	0	0	2.793296	0	2.793296	0	2.793296	0	0	0	0	36.312849	265.363128	156.424581	103.351955	25.139665	8.379888	2.793296	0	58.659218	2.793296	44.692737	30.726257	8.379888	39.106145	0	61.452514	13.96648	78.212291	44.692737	8.379888	11.173184	0	8.379888	16.759777	114.52514	0	41.899441	92.178771	86.592179	22.346369	16.759777	5.586592	2.793296	5.586592	2.793296	30.726257	0	2.793296	2.793296	30.726257	11.173184	0	0	8.379888	0	0	2.793296	5.586592	0	2.793296	2.793296	2.793296	30.726257	22.346369	0	0	2.793296	0	0	0	0	5.586592	0	0	0	0	0	0	11.173184	0	2.793296	13.96648	2.793296	19.553073	19.553073	55.865922	5.586592	5.586592	0	2.793296	0	11.173184	0	0	5.586592	0	11.173184	2.793296	0	0	0	5.586592	0	0	0	0	5.586592	0	0	2.793296	72.625698	8.379888	78.212291	0	61.452514	0	2.793296	0	0	0	2.793296	0	5.586592	13.96648	2.793296	0	53.072626	11.173184	2.793296	0	2.793296	2.793296	5.586592	8.379888	19.553073	2.793296	0	5.586592	0	8.379888	0	0	0	0	0	2.793296	0	0	5.586592	0	0	0	0	0	2.793296	0	0	0	0	0	0	2.793296	0	0	0	0	0	0	2.793296	0	2.793296	0	2.793296	0	0	2.793296	0	0	5.586592	2.793296	0	0	0	0	0	0	0	0	0	0	0	0	0	0	0	0	0	0	0	0	0	0	0	0	0	0	0	0	0	0	0	0	0	0	201.117318	25.139665	301.675978	145.251397	114.52514	27.932961	159.217877	92.178771	11.173184	2.793296	0	0	0	2.793296	11.173184	2.793296	8.379888	8.379888	53.072626	5.586592
35228_composicao_gemini-3.6-flash.txt	menores_notas_gemini	357	109.243697	11.204482	78.431373	14.005602	2.80112	2.80112	5.602241	0	0	0	0	0	0	0	0	0	8.403361	0	0	0	2.80112	0	0	0	2.80112	0	0	0	0	25.210084	280.112045	145.658263	109.243697	8.403361	8.403361	5.602241	8.403361	78.431373	16.806723	61.62465	14.005602	11.204482	42.016807	0	75.630252	8.403361	84.033613	64.42577	2.80112	11.204482	0	5.602241	16.806723	142.857143	0	72.829132	103.641457	67.226891	16.806723	8.403361	2.80112	8.403361	5.602241	0	28.011204	0	0	5.602241	39.215686	16.806723	0	0	5.602241	0	0	0	5.602241	2.80112	5.602241	0	0	30.812325	11.204482	0	0	2.80112	0	0	0	0	5.602241	0	0	11.204482	0	0	0	5.602241	0	2.80112	11.204482	0	5.602241	16.806723	44.817927	0	5.602241	0	2.80112	0	2.80112	0	0	0	0	2.80112	0	0	0	0	0	0	0	0	0	0	2.80112	0	2.80112	92.436975	19.607843	84.033613	0	67.226891	2.80112	2.80112	0	0	0	0	0	0	0	0	2.80112	56.022409	14.005602	0	0	2.80112	0	0	11.204482	5.602241	5.602241	0	0	0	8.403361	0	0	0	0	0	2.80112	0	0	8.403361	0	0	0	0	0	0	0	0	0	0	0	0	0	0	0	0	0	0	0	2.80112	0	5.602241	0	0	0	0	5.602241	0	0	0	8.403361	0	0	0	0	0	0	2.80112	0	0	0	0	0	0	0	0	0	0	0	0	0	0	0	0	0	0	0	0	0	0	0	0	0	0	0	198.879552	2.80112	305.322129	168.067227	84.033613	14.005602	196.078431	75.630252	5.602241	2.80112	2.80112	0	0	0	14.005602	0	8.403361	0	33.613445	0
35278_composicao_gemini-3.6-flash.txt	menores_notas_gemini	380	102.631579	7.894737	102.631579	5.263158	0	7.894737	7.894737	0	0	0	0	0	2.631579	0	0	0	2.631579	0	0	0	2.631579	0	0	0	5.263158	0	0	0	0	26.315789	294.736842	160.526316	118.421053	18.421053	15.789474	2.631579	7.894737	68.421053	0	68.421053	23.684211	0	39.473684	7.894737	78.947368	15.789474	63.157895	55.263158	0	18.421053	0	7.894737	13.157895	123.684211	0	34.210526	100	76.315789	21.052632	13.157895	5.263158	0	2.631579	0	23.684211	0	5.263158	2.631579	57.894737	5.263158	5.263158	0	5.263158	0	0	0	5.263158	0	2.631579	0	0	44.736842	2.631579	0	0	2.631579	0	0	0	0	0	0	0	5.263158	0	0	0	10.526316	0	0	10.526316	0	21.052632	21.052632	50	0	10.526316	0	7.894737	2.631579	13.157895	2.631579	0	2.631579	0	5.263158	5.263158	0	0	0	2.631579	0	0	0	0	0	0	0	5.263158	81.578947	10.526316	102.631579	0	57.894737	0	2.631579	0	0	0	0	0	0	7.894737	2.631579	2.631579	47.368421	10.526316	0	0	2.631579	2.631579	0	10.526316	21.052632	5.263158	0	0	0	2.631579	0	0	0	0	0	2.631579	0	0	7.894737	0	0	0	0	0	0	5.263158	0	0	0	0	0	2.631579	0	0	0	0	0	0	2.631579	0	0	0	5.263158	0	0	7.894737	0	0	2.631579	0	0	0	0	0	0	0	2.631579	0	0	0	0	0	0	0	0	0	0	0	0	0	0	0	0	0	0	0	0	0	0	0	0	0	0	0	110.526316	5.263158	321.052632	152.631579	102.631579	31.578947	186.842105	71.052632	10.526316	2.631579	2.631579	0	0	2.631579	13.157895	7.894737	7.894737	5.263158	52.631579	0
35291_composicao_gemini-3.6-flash.txt	menores_notas_gemini	370	78.378378	10.810811	105.405405	5.405405	13.513514	5.405405	0	0	0	0	0	0	0	0	0	0	0	0	2.702703	0	8.108108	0	2.702703	5.405405	2.702703	0	0	0	0	32.432432	297.297297	167.567568	113.513514	32.432432	29.72973	8.108108	10.810811	72.972973	24.324324	59.459459	18.918919	10.810811	40.540541	16.216216	75.675676	10.810811	62.162162	48.648649	10.810811	10.810811	0	10.810811	13.513514	118.918919	2.702703	21.621622	72.972973	91.891892	16.216216	8.108108	2.702703	2.702703	2.702703	2.702703	35.135135	0	2.702703	0	48.648649	2.702703	0	0	5.405405	0	0	2.702703	0	0	0	0	0	37.837838	5.405405	0	0	2.702703	0	0	0	0	5.405405	0	0	5.405405	0	0	2.702703	13.513514	0	0	10.810811	2.702703	24.324324	27.027027	45.945946	8.108108	10.810811	0	10.810811	0	5.405405	2.702703	5.405405	2.702703	0	5.405405	5.405405	0	0	0	2.702703	0	0	0	0	0	0	2.702703	2.702703	81.081081	40.540541	105.405405	0	59.459459	0	2.702703	0	0	0	0	0	0	8.108108	2.702703	0	45.945946	10.810811	0	0	10.810811	2.702703	0	10.810811	24.324324	5.405405	0	0	0	0	0	0	0	0	0	5.405405	0	0	10.810811	0	0	0	0	0	2.702703	0	0	0	0	0	0	0	2.702703	0	0	0	0	2.702703	0	0	0	0	2.702703	0	0	10.810811	0	0	0	0	0	0	0	0	0	0	0	0	0	0	0	0	0	0	0	0	0	0	0	0	0	0	0	0	0	0	0	0	0	0	0	0	0	0	89.189189	13.513514	329.72973	143.243243	102.702703	27.027027	210.810811	72.972973	18.918919	10.810811	0	0	0	2.702703	24.324324	5.405405	0	5.405405	62.162162	0
35457_composicao_gemini-3.6-flash.txt	menores_notas_gemini	374	120.320856	5.347594	53.475936	0	21.390374	5.347594	2.673797	0	0	0	0	0	16.042781	0	0	0	16.042781	0	0	0	5.347594	0	0	0	8.02139	0	0	0	0	48.128342	264.705882	157.754011	61.497326	24.064171	18.716578	8.02139	10.695187	58.823529	2.673797	40.106952	5.347594	2.673797	90.909091	2.673797	77.540107	24.064171	29.411765	24.064171	5.347594	16.042781	0	5.347594	10.695187	90.909091	0	10.695187	42.780749	125.668449	10.695187	18.716578	5.347594	21.390374	16.042781	5.347594	5.347594	0	10.695187	2.673797	32.085561	10.695187	0	8.02139	2.673797	2.673797	5.347594	0	0	0	2.673797	0	0	5.347594	45.454545	26.737968	2.673797	0	0	5.347594	0	0	0	2.673797	5.347594	0	5.347594	0	0	2.673797	0	0	24.064171	5.347594	18.716578	26.737968	90.909091	0	2.673797	0	10.695187	0	8.02139	2.673797	2.673797	2.673797	0	5.347594	0	0	0	0	2.673797	0	0	0	0	0	2.673797	0	2.673797	96.256684	5.347594	53.475936	0	48.128342	5.347594	5.347594	0	0	2.673797	0	0	0	2.673797	16.042781	2.673797	42.780749	10.695187	0	0	5.347594	16.042781	0	24.064171	16.042781	13.368984	5.347594	8.02139	0	13.368984	0	0	0	0	0	2.673797	0	0	2.673797	0	2.673797	8.02139	0	0	0	0	0	0	0	2.673797	0	13.368984	2.673797	0	0	2.673797	2.673797	0	5.347594	0	0	0	0	0	2.673797	16.042781	2.673797	0	2.673797	13.368984	0	0	0	0	0	0	2.673797	0	0	0	0	0	0	0	0	0	0	0	0	0	0	0	0	0	0	0	0	0	0	0	0	0	0	0	125.668449	5.347594	312.834225	122.994652	136.363636	32.085561	155.080214	80.213904	2.673797	5.347594	2.673797	0	0	16.042781	24.064171	16.042781	2.673797	0	69.518717	8.02139
35465_composicao_gemini-3.6-flash.txt	menores_notas_gemini	404	131.188119	14.851485	71.782178	9.90099	2.475248	7.425743	4.950495	2.475248	0	0	0	0	12.376238	0	0	0	12.376238	0	0	4.950495	9.90099	2.475248	0	4.950495	12.376238	0	0	0	0	4.950495	297.029703	170.792079	89.108911	7.425743	17.326733	4.950495	7.425743	81.683168	2.475248	76.732673	17.326733	0	37.128713	7.425743	69.306931	7.425743	61.881188	49.50495	2.475248	7.425743	0	9.90099	7.425743	123.762376	0	47.029703	0	84.158416	14.851485	19.80198	2.475248	4.950495	0	0	32.178218	0	7.425743	0	42.079208	14.851485	0	0	2.475248	2.475248	0	0	2.475248	2.475248	0	0	0	39.60396	14.851485	2.475248	0	2.475248	0	0	0	0	0	0	0	0	0	2.475248	0	2.475248	0	0	19.80198	2.475248	14.851485	12.376238	59.405941	0	2.475248	0	2.475248	0	9.90099	0	0	4.950495	0	7.425743	0	2.475248	2.475248	0	4.950495	0	0	2.475248	0	0	0	0	4.950495	74.257426	14.851485	76.732673	0	59.405941	0	2.475248	0	0	0	2.475248	0	0	2.475248	0	0	49.50495	9.90099	0	2.475248	9.90099	0	2.475248	12.376238	12.376238	4.950495	0	0	0	7.425743	0	0	0	0	0	4.950495	0	0	4.950495	0	0	0	0	0	0	0	0	0	0	0	0	0	0	0	0	0	0	0	0	0	2.475248	0	4.950495	0	0	7.425743	0	0	4.950495	7.425743	0	0	0	0	0	0	0	0	0	0	0	0	0	0	0	0	0	0	0	0	0	0	0	0	0	0	0	0	0	0	0	0	0	0	217.821782	22.277228	301.980198	146.039604	99.009901	27.227723	165.841584	69.306931	2.475248	9.90099	0	0	0	0	19.80198	0	2.475248	2.475248	47.029703	0
35485_composicao_gemini-3.6-flash.txt	menores_notas_gemini	436	110.091743	18.348624	80.275229	6.880734	9.174312	2.293578	4.587156	0	0	0	0	0	18.348624	4.587156	2.293578	6.880734	9.174312	0	0	2.293578	13.761468	0	4.587156	6.880734	4.587156	0	0	0	0	13.761468	298.165138	116.972477	112.385321	25.229358	13.761468	2.293578	4.587156	43.577982	4.587156	41.284404	34.40367	4.587156	34.40367	9.174312	64.220183	11.46789	38.990826	43.577982	4.587156	4.587156	0	11.46789	22.93578	82.568807	0	22.93578	45.87156	98.623853	25.229358	16.055046	13.761468	6.880734	9.174312	2.293578	32.110092	6.880734	6.880734	2.293578	55.045872	11.46789	0	6.880734	11.46789	0	0	0	2.293578	0	0	2.293578	0	50.458716	16.055046	0	0	4.587156	0	0	0	0	6.880734	0	0	4.587156	2.293578	2.293578	0	11.46789	2.293578	0	20.642202	0	18.348624	9.174312	71.100917	0	11.46789	0	6.880734	0	4.587156	2.293578	0	4.587156	0	6.880734	0	0	0	0	4.587156	0	0	0	0	4.587156	0	0	6.880734	84.862385	13.761468	87.155963	0	45.87156	0	2.293578	0	0	2.293578	2.293578	0	0	4.587156	6.880734	0	41.284404	6.880734	0	0	11.46789	6.880734	2.293578	20.642202	16.055046	0	0	0	0	11.46789	0	0	0	0	0	9.174312	0	2.293578	2.293578	0	0	2.293578	0	0	2.293578	0	0	0	0	0	0	4.587156	2.293578	0	0	0	0	2.293578	4.587156	0	2.293578	0	4.587156	0	2.293578	4.587156	2.293578	0	6.880734	9.174312	0	0	0	0	0	0	0	0	0	0	0	0	0	0	0	0	0	0	0	0	0	0	0	0	0	0	0	0	0	0	2.293578	0	0	0	128.440367	29.816514	314.220183	116.972477	123.853211	22.93578	185.779817	57.33945	13.761468	13.761468	0	0	0	6.880734	25.229358	4.587156	2.293578	4.587156	48.165138	2.293578
35549_composicao_gemini-3.6-flash.txt	menores_notas_gemini	350	91.428571	8.571429	94.285714	5.714286	0	8.571429	0	2.857143	0	0	0	0	11.428571	0	0	0	11.428571	0	2.857143	0	2.857143	0	2.857143	2.857143	5.714286	2.857143	0	0	2.857143	28.571429	271.428571	154.285714	74.285714	17.142857	17.142857	5.714286	5.714286	71.428571	0	80	14.285714	17.142857	45.714286	22.857143	74.285714	11.428571	74.285714	37.142857	8.571429	2.857143	0	5.714286	11.428571	137.142857	0	42.857143	100	97.142857	17.142857	11.428571	0	11.428571	8.571429	2.857143	25.714286	2.857143	2.857143	8.571429	45.714286	0	2.857143	2.857143	5.714286	0	2.857143	8.571429	0	8.571429	0	0	2.857143	48.571429	0	0	0	0	0	0	0	0	2.857143	0	0	0	5.714286	0	0	14.285714	5.714286	5.714286	25.714286	2.857143	20	20	48.571429	11.428571	2.857143	0	8.571429	0	14.285714	5.714286	2.857143	5.714286	0	2.857143	8.571429	0	0	0	5.714286	0	0	0	0	0	0	0	11.428571	82.857143	8.571429	94.285714	0	48.571429	0	5.714286	0	0	8.571429	0	0	0	5.714286	8.571429	2.857143	37.142857	11.428571	0	0	2.857143	8.571429	0	28.571429	20	8.571429	2.857143	0	0	8.571429	0	0	0	0	0	0	2.857143	0	5.714286	0	0	5.714286	0	0	0	0	0	0	0	0	0	8.571429	0	0	0	5.714286	0	0	5.714286	0	0	0	0	0	11.428571	14.285714	0	0	11.428571	0	0	0	0	0	5.714286	0	2.857143	0	0	0	0	0	0	0	0	0	0	0	0	0	0	0	0	0	0	0	0	0	0	0	0	0	0	0	100	17.142857	300	160	114.285714	42.857143	182.857143	71.428571	17.142857	2.857143	8.571429	0	0	8.571429	28.571429	8.571429	8.571429	8.571429	62.857143	0
35577_composicao_gemini-3.6-flash.txt	menores_notas_gemini	423	115.839243	21.276596	87.470449	7.092199	2.364066	0	0	0	0	0	0	0	7.092199	0	0	0	2.364066	0	0	0	7.092199	0	0	2.364066	0	0	0	0	0	18.91253	297.87234	189.125296	118.20331	14.184397	9.456265	2.364066	7.092199	92.198582	9.456265	73.286052	9.456265	7.092199	49.64539	30.732861	78.014184	2.364066	78.014184	28.368794	7.092199	14.184397	0	0	18.91253	125.295508	0	52.009456	101.654846	56.737589	11.820331	4.728132	2.364066	2.364066	4.728132	2.364066	33.096927	0	0	0	40.189125	2.364066	2.364066	0	2.364066	0	0	2.364066	0	2.364066	2.364066	0	0	44.917258	4.728132	0	0	0	0	0	0	0	0	0	2.364066	4.728132	0	0	0	4.728132	2.364066	2.364066	11.820331	0	4.728132	7.092199	49.64539	0	11.820331	0	4.728132	0	9.456265	4.728132	2.364066	9.456265	0	2.364066	4.728132	0	0	0	9.456265	0	0	0	0	0	4.728132	4.728132	7.092199	89.834515	14.184397	87.470449	0	66.193853	2.364066	7.092199	0	2.364066	0	0	0	0	7.092199	2.364066	0	59.101655	7.092199	0	0	7.092199	2.364066	0	11.820331	4.728132	0	0	2.364066	0	7.092199	0	0	0	0	0	4.728132	0	2.364066	0	0	2.364066	0	0	0	0	0	0	0	0	0	0	2.364066	0	0	0	0	0	0	0	0	4.728132	0	0	0	4.728132	4.728132	0	0	0	7.092199	0	0	0	0	0	0	0	0	0	2.364066	0	0	0	0	0	0	0	0	0	0	0	0	0	0	0	0	0	0	0	0	0	0	0	0	137.115839	14.184397	316.78487	146.572104	70.921986	35.460993	189.125296	85.106383	11.820331	7.092199	2.364066	0	0	2.364066	11.820331	2.364066	2.364066	9.456265	23.640662	2.364066
35633_composicao_gemini-3.6-flash.txt	menores_notas_gemini	333	102.102102	15.015015	72.072072	3.003003	24.024024	3.003003	6.006006	0	0	0	0	15.015015	15.015015	0	3.003003	0	12.012012	0	0	3.003003	15.015015	0	0	3.003003	3.003003	15.015015	9.009009	0	6.006006	33.033033	225.225225	126.126126	111.111111	15.015015	0	0	12.012012	24.024024	3.003003	30.03003	15.015015	3.003003	36.036036	3.003003	75.075075	15.015015	18.018018	9.009009	0	6.006006	0	6.006006	27.027027	66.066066	0	9.009009	24.024024	138.138138	24.024024	30.03003	9.009009	12.012012	6.006006	12.012012	18.018018	3.003003	3.003003	12.012012	57.057057	12.012012	0	6.006006	0	9.009009	3.003003	0	6.006006	0	6.006006	6.006006	0	24.024024	63.063063	21.021021	0	0	0	0	3.003003	0	3.003003	0	0	0	0	0	0	6.006006	0	0	27.027027	0	9.009009	33.033033	108.108108	0	6.006006	0	15.015015	3.003003	12.012012	3.003003	0	18.018018	0	3.003003	9.009009	0	0	0	18.018018	0	0	0	0	0	3.003003	3.003003	0	66.066066	0	72.072072	0	48.048048	3.003003	12.012012	3.003003	0	0	6.006006	0	0	0	9.009009	3.003003	42.042042	15.015015	0	0	15.015015	9.009009	0	18.018018	9.009009	6.006006	0	27.027027	0	3.003003	0	0	0	0	0	6.006006	6.006006	3.003003	3.003003	0	0	9.009009	0	0	0	0	0	0	0	0	0	6.006006	3.003003	0	0	3.003003	0	0	9.009009	0	0	0	0	0	0	12.012012	0	0	12.012012	6.006006	0	0	0	0	0	0	3.003003	0	0	0	0	0	0	0	0	0	0	0	0	0	0	0	0	0	0	0	0	0	0	0	0	0	0	0	189.189189	48.048048	258.258258	108.108108	162.162162	54.054054	138.138138	75.075075	6.006006	15.015015	3.003003	0	0	9.009009	27.027027	9.009009	12.012012	3.003003	69.069069	27.027027
35661_composicao_gemini-3.6-flash.txt	menores_notas_gemini	348	114.942529	22.988506	45.977011	14.367816	8.62069	17.241379	2.873563	0	0	0	0	8.62069	17.241379	2.873563	0	0	20.114943	0	0	2.873563	20.114943	0	2.873563	0	17.241379	8.62069	0	0	8.62069	51.724138	232.758621	112.068966	132.183908	14.367816	0	2.873563	2.873563	14.367816	0	25.862069	17.241379	0	54.597701	0	45.977011	8.62069	11.494253	17.241379	5.747126	0	0	0	17.241379	34.482759	0	2.873563	37.356322	143.678161	31.609195	11.494253	25.862069	11.494253	8.62069	5.747126	8.62069	2.873563	2.873563	2.873563	60.344828	5.747126	2.873563	5.747126	17.241379	8.62069	2.873563	2.873563	0	0	0	0	2.873563	14.367816	48.850575	34.482759	2.873563	0	0	2.873563	0	0	8.62069	5.747126	0	2.873563	5.747126	0	2.873563	5.747126	0	2.873563	22.988506	0	17.241379	28.735632	103.448276	0	5.747126	0	11.494253	0	20.114943	2.873563	0	8.62069	0	5.747126	2.873563	0	0	2.873563	8.62069	0	0	0	0	0	2.873563	0	5.747126	89.08046	2.873563	51.724138	0	48.850575	0	0	2.873563	5.747126	2.873563	5.747126	0	0	0	11.494253	0	28.735632	20.114943	0	0	20.114943	8.62069	0	22.988506	17.241379	2.873563	0	8.62069	0	17.241379	0	0	0	0	0	14.367816	5.747126	0	5.747126	0	8.62069	0	0	0	0	0	0	0	0	0	0	8.62069	0	0	0	0	2.873563	0	0	2.873563	0	0	0	2.873563	2.873563	11.494253	0	0	5.747126	11.494253	0	0	0	0	0	0	0	0	0	0	0	0	0	0	0	0	0	0	0	0	0	0	0	0	0	0	0	0	0	0	0	0	0	0	183.908046	91.954023	284.482759	60.344828	175.287356	51.724138	143.678161	68.965517	5.747126	20.114943	0	0	0	8.62069	22.988506	8.62069	2.873563	5.747126	68.965517	8.62069
35820_composicao_gemini-3.6-flash.txt	menores_notas_gemini	342	105.263158	14.619883	70.175439	11.695906	8.77193	14.619883	0	0	0	0	0	0	14.619883	0	0	0	8.77193	0	0	0	11.695906	0	0	5.847953	11.695906	2.923977	0	0	2.923977	11.695906	195.906433	146.19883	81.871345	20.467836	14.619883	11.695906	2.923977	58.479532	2.923977	49.707602	8.77193	0	32.163743	0	61.403509	23.391813	49.707602	35.087719	14.619883	0	0	0	20.467836	90.643275	0	32.163743	49.707602	81.871345	17.54386	17.54386	2.923977	8.77193	5.847953	0	11.695906	0	2.923977	0	58.479532	0	0	0	2.923977	0	0	0	2.923977	0	0	0	0	58.479532	2.923977	0	0	2.923977	0	0	0	0	5.847953	0	0	2.923977	0	0	0	0	5.847953	0	29.239766	0	5.847953	8.77193	64.327485	0	0	0	8.77193	0	5.847953	8.77193	2.923977	0	0	2.923977	5.847953	2.923977	0	0	0	0	0	0	0	0	0	5.847953	5.847953	114.035088	0	70.175439	0	46.783626	0	0	0	0	0	2.923977	0	5.847953	8.77193	0	5.847953	40.935673	8.77193	0	0	11.695906	0	0	29.239766	5.847953	0	0	0	0	8.77193	0	0	0	0	0	5.847953	0	5.847953	0	0	0	0	0	0	0	0	0	0	0	0	0	0	0	0	0	0	0	0	0	0	5.847953	0	2.923977	0	2.923977	11.695906	0	0	2.923977	11.695906	0	0	0	0	0	0	5.847953	0	0	0	0	0	0	0	0	0	0	0	0	0	0	0	0	0	0	0	0	0	0	0	0	0	0	0	119.883041	14.619883	312.865497	134.502924	108.187135	29.239766	184.210526	70.175439	5.847953	11.695906	5.847953	0	0	0	29.239766	0	2.923977	8.77193	43.859649	0
35852_composicao_gemini-3.6-flash.txt	menores_notas_gemini	390	107.692308	2.564103	71.794872	15.384615	5.128205	7.692308	2.564103	0	0	0	0	0	20.512821	2.564103	5.128205	0	12.820513	0	0	0	5.128205	0	0	2.564103	7.692308	0	0	0	0	38.461538	269.230769	166.666667	102.564103	23.076923	15.384615	5.128205	5.128205	66.666667	0	51.282051	7.692308	5.128205	46.153846	10.25641	97.435897	5.128205	87.179487	35.897436	2.564103	15.384615	0	0	15.384615	130.769231	2.564103	43.589744	107.692308	102.564103	17.948718	15.384615	2.564103	12.820513	5.128205	0	38.461538	2.564103	5.128205	0	56.410256	2.564103	0	2.564103	5.128205	5.128205	0	0	0	2.564103	0	0	0	69.230769	5.128205	0	0	0	0	0	0	0	7.692308	0	0	2.564103	0	0	2.564103	0	2.564103	7.692308	23.076923	0	12.820513	7.692308	66.666667	0	0	0	2.564103	0	5.128205	2.564103	2.564103	12.820513	0	0	2.564103	0	0	0	7.692308	5.128205	0	0	0	0	2.564103	2.564103	5.128205	74.358974	2.564103	71.794872	0	58.974359	2.564103	7.692308	0	0	2.564103	0	0	0	2.564103	10.25641	2.564103	46.153846	17.948718	0	0	5.128205	10.25641	0	20.512821	12.820513	2.564103	0	2.564103	0	5.128205	0	0	0	0	0	2.564103	0	2.564103	0	0	0	5.128205	0	0	0	0	0	2.564103	0	0	0	7.692308	2.564103	0	0	0	0	0	0	0	2.564103	0	0	0	5.128205	10.25641	0	0	12.820513	5.128205	0	0	0	0	0	0	5.128205	2.564103	0	0	0	0	0	0	0	0	0	0	0	0	0	0	0	0	0	0	0	0	0	0	0	0	0	0	110.25641	28.205128	307.692308	151.282051	120.512821	28.205128	148.717949	87.179487	2.564103	5.128205	7.692308	0	0	10.25641	20.512821	12.820513	2.564103	2.564103	43.589744	2.564103
35906_composicao_gemini-3.6-flash.txt	menores_notas_gemini	353	101.983003	8.498584	82.152975	11.331445	0	0	2.832861	0	0	0	0	0	5.665722	0	0	0	2.832861	0	2.832861	0	5.665722	0	2.832861	11.331445	0	0	0	0	0	36.827195	269.121813	178.470255	101.983003	19.830028	11.331445	5.665722	5.665722	90.651558	11.331445	62.322946	11.331445	14.164306	48.15864	14.164306	99.150142	8.498584	67.988669	62.322946	5.665722	11.331445	0	2.832861	16.997167	141.643059	0	50.991501	96.31728	96.31728	2.832861	5.665722	0	0	2.832861	0	19.830028	0	2.832861	5.665722	62.322946	5.665722	2.832861	0	0	0	0	2.832861	0	2.832861	2.832861	0	0	33.994334	16.997167	0	0	2.832861	0	0	0	0	0	0	0	0	0	5.665722	0	0	2.832861	2.832861	22.66289	0	14.164306	16.997167	53.824363	0	0	0	5.665722	0	8.498584	0	2.832861	0	0	2.832861	2.832861	0	0	0	0	0	0	0	0	0	0	0	14.164306	79.320113	25.495751	93.484419	0	56.657224	0	5.665722	0	0	0	0	0	0	8.498584	0	5.665722	45.325779	11.331445	0	0	5.665722	0	0	22.66289	14.164306	2.832861	0	0	0	8.498584	0	0	0	0	0	0	0	0	14.164306	0	0	0	0	0	0	0	0	0	0	0	0	0	0	0	0	0	0	0	8.498584	2.832861	0	0	2.832861	0	0	11.331445	0	0	0	8.498584	0	0	0	0	0	0	11.331445	0	0	0	0	0	0	0	0	0	0	0	0	0	0	0	0	0	0	0	0	0	0	0	0	0	0	0	110.481586	8.498584	305.949008	167.13881	107.648725	31.161473	192.634561	76.487252	2.832861	5.665722	11.331445	0	0	0	28.328612	0	5.665722	2.832861	53.824363	0
35911_composicao_gemini-3.6-flash.txt	menores_notas_gemini	398	128.140704	17.58794	42.713568	5.025126	27.638191	2.512563	5.025126	2.512563	0	0	0	0	20.100503	2.512563	2.512563	0	17.58794	0	0	7.537688	12.562814	0	2.512563	0	7.537688	5.025126	0	0	5.025126	45.226131	246.231156	125.628141	160.80402	15.075377	5.025126	2.512563	7.537688	20.100503	0	27.638191	22.613065	2.512563	77.889447	0	103.015075	15.075377	12.562814	55.276382	7.537688	17.58794	0	0	25.125628	77.889447	0	0	55.276382	125.628141	25.125628	12.562814	15.075377	5.025126	10.050251	0	22.613065	2.512563	2.512563	7.537688	60.301508	7.537688	0	2.512563	0	12.562814	0	0	2.512563	0	5.025126	0	0	20.100503	30.150754	45.226131	7.537688	0	0	2.512563	0	0	0	2.512563	0	0	2.512563	2.512563	0	7.537688	0	2.512563	30.150754	7.537688	5.025126	27.638191	97.98995	5.025126	10.050251	0	12.562814	0	2.512563	0	0	2.512563	0	0	0	2.512563	0	0	2.512563	0	0	0	0	0	0	0	2.512563	72.864322	5.025126	45.226131	0	57.788945	0	2.512563	0	2.512563	0	5.025126	0	0	5.025126	5.025126	0	47.738693	10.050251	0	0	12.562814	5.025126	0	35.175879	5.025126	5.025126	0	2.512563	0	15.075377	0	0	0	0	0	12.562814	0	0	5.025126	0	0	2.512563	0	0	0	0	0	0	0	0	0	5.025126	0	0	0	0	5.025126	0	7.537688	0	0	0	0	0	7.537688	15.075377	0	0	2.512563	17.58794	0	0	0	0	0	0	0	0	0	0	0	0	0	0	0	0	0	0	0	0	0	0	0	0	0	0	0	0	0	0	0	0	0	0	145.728643	42.713568	291.457286	118.090452	158.291457	17.58794	123.115578	77.889447	17.58794	12.562814	0	0	0	5.025126	35.175879	2.512563	7.537688	2.512563	70.351759	2.512563
35937_composicao_gemini-3.6-flash.txt	menores_notas_gemini	425	98.823529	16.470588	84.705882	11.764706	7.058824	4.705882	11.764706	0	0	0	0	0	4.705882	2.352941	0	2.352941	4.705882	0	2.352941	4.705882	14.117647	0	2.352941	0	7.058824	0	0	0	0	21.176471	181.176471	148.235294	91.764706	9.411765	16.470588	4.705882	2.352941	80	18.823529	63.529412	14.117647	0	47.058824	0	80	7.058824	54.117647	58.823529	4.705882	18.823529	0	2.352941	14.117647	115.294118	0	28.235294	72.941176	94.117647	16.470588	16.470588	0	9.411765	0	4.705882	44.705882	0	2.352941	7.058824	58.823529	7.058824	0	2.352941	0	0	0	0	0	2.352941	7.058824	0	0	65.882353	7.058824	0	0	0	0	2.352941	0	0	0	0	0	2.352941	0	0	0	2.352941	0	0	21.176471	0	14.117647	11.764706	75.294118	0	2.352941	0	4.705882	0	7.058824	2.352941	0	2.352941	0	0	2.352941	0	0	0	2.352941	0	0	0	0	0	0	2.352941	4.705882	75.294118	4.705882	94.117647	0	56.470588	0	2.352941	0	0	0	0	0	0	0	7.058824	0	44.705882	11.764706	2.352941	0	14.117647	4.705882	2.352941	21.176471	11.764706	2.352941	0	0	0	9.411765	0	0	0	0	0	11.764706	0	0	0	0	0	2.352941	0	0	2.352941	0	0	0	0	0	0	4.705882	0	0	0	0	0	0	7.058824	0	0	0	0	0	0	9.411765	0	0	4.705882	4.705882	0	0	0	0	0	0	0	0	0	0	0	0	0	0	0	0	0	0	0	0	0	0	0	0	0	0	0	0	0	0	0	0	0	0	200	28.235294	322.352941	136.470588	115.294118	18.823529	174.117647	68.235294	2.352941	14.117647	0	0	0	4.705882	21.176471	4.705882	7.058824	2.352941	47.058824	0
35979_composicao_gemini-3.6-flash.txt	menores_notas_gemini	353	96.31728	16.997167	87.818697	11.331445	2.832861	8.498584	2.832861	0	0	0	0	0	5.665722	0	0	0	5.665722	0	2.832861	0	8.498584	0	0	0	8.498584	2.832861	0	0	2.832861	33.994334	271.954674	178.470255	87.818697	19.830028	0	8.498584	5.665722	79.320113	2.832861	56.657224	22.66289	5.665722	33.994334	2.832861	113.314448	11.331445	45.325779	76.487252	2.832861	19.830028	0	0	5.665722	152.974504	0	36.827195	67.988669	70.82153	8.498584	14.164306	0	5.665722	2.832861	0	0	2.832861	0	0	50.991501	14.164306	0	0	0	0	0	0	0	0	0	0	0	39.660057	8.498584	0	0	2.832861	0	0	0	0	0	2.832861	0	5.665722	0	0	0	5.665722	0	2.832861	28.328612	5.665722	2.832861	11.331445	50.991501	0	5.665722	0	5.665722	0	8.498584	5.665722	0	2.832861	0	2.832861	5.665722	0	0	0	2.832861	0	0	0	0	0	0	0	5.665722	87.818697	16.997167	96.31728	0	50.991501	5.665722	5.665722	2.832861	0	0	0	0	0	2.832861	0	0	48.15864	8.498584	0	0	8.498584	0	0	28.328612	2.832861	2.832861	0	2.832861	0	5.665722	0	0	0	0	0	5.665722	2.832861	0	2.832861	0	0	0	0	0	0	0	0	0	0	0	0	0	0	0	0	0	0	0	0	0	5.665722	0	2.832861	0	0	11.331445	0	0	0	5.665722	0	0	0	0	0	0	0	0	0	0	0	0	0	0	0	0	0	0	0	0	0	0	0	0	0	0	0	0	0	0	0	0	0	0	201.133144	16.997167	308.78187	169.971671	93.484419	19.830028	201.133144	67.988669	5.665722	8.498584	0	0	0	0	28.328612	0	0	5.665722	42.492918	0
35986_composicao_gemini-3.6-flash.txt	menores_notas_gemini	380	102.631579	13.157895	97.368421	13.157895	0	5.263158	2.631579	0	0	0	0	0	15.789474	0	0	0	10.526316	0	2.631579	2.631579	2.631579	0	5.263158	0	7.894737	0	0	0	0	34.210526	289.473684	168.421053	102.631579	10.526316	7.894737	5.263158	5.263158	73.684211	7.894737	71.052632	28.947368	2.631579	44.736842	0	128.947368	15.789474	78.947368	42.105263	2.631579	7.894737	0	7.894737	7.894737	121.052632	2.631579	34.210526	97.368421	63.157895	10.526316	15.789474	5.263158	5.263158	2.631579	0	2.631579	0	0	5.263158	34.210526	7.894737	0	0	2.631579	0	0	0	5.263158	2.631579	5.263158	0	0	31.578947	7.894737	5.263158	0	2.631579	0	0	0	0	2.631579	0	0	5.263158	0	0	0	0	5.263158	5.263158	5.263158	0	21.052632	13.157895	47.368421	0	0	0	5.263158	0	13.157895	2.631579	2.631579	0	0	10.526316	5.263158	0	0	0	0	0	2.631579	0	2.631579	0	0	0	5.263158	107.894737	5.263158	97.368421	0	50	0	2.631579	0	0	0	2.631579	0	0	5.263158	7.894737	2.631579	47.368421	2.631579	0	0	2.631579	7.894737	0	5.263158	21.052632	2.631579	0	0	0	15.789474	0	0	0	0	0	0	0	0	7.894737	0	2.631579	2.631579	0	0	2.631579	0	0	0	0	0	0	5.263158	2.631579	0	0	0	0	0	0	0	2.631579	0	2.631579	0	0	0	0	0	0	15.789474	0	0	0	0	2.631579	0	2.631579	0	0	0	0	0	0	0	0	0	0	0	0	0	0	0	0	0	0	0	0	0	0	0	0	0	0	0	115.789474	23.684211	321.052632	144.736842	78.947368	26.315789	207.894737	63.157895	5.263158	2.631579	5.263158	0	0	7.894737	5.263158	7.894737	13.157895	7.894737	39.473684	0
36000_composicao_gemini-3.6-flash.txt	menores_notas_gemini	366	131.147541	8.196721	73.770492	13.661202	2.73224	8.196721	2.73224	0	0	0	0	0	2.73224	0	0	0	2.73224	0	0	0	5.464481	0	0	2.73224	5.464481	0	0	0	0	5.464481	297.814208	193.989071	79.234973	16.393443	10.928962	0	2.73224	68.306011	0	60.10929	16.393443	10.928962	54.644809	16.393443	109.289617	10.928962	54.644809	60.10929	10.928962	13.661202	0	5.464481	16.393443	131.147541	0	40.983607	90.163934	71.038251	16.393443	16.393443	2.73224	2.73224	0	0	5.464481	0	2.73224	5.464481	46.448087	0	0	0	8.196721	0	0	8.196721	0	2.73224	2.73224	0	0	51.912568	2.73224	0	0	2.73224	0	0	0	0	2.73224	0	0	0	0	0	0	5.464481	0	2.73224	24.590164	0	13.661202	13.661202	57.377049	0	5.464481	0	0	0	5.464481	0	2.73224	5.464481	0	5.464481	0	0	0	0	5.464481	0	0	0	0	0	0	0	5.464481	90.163934	5.464481	79.234973	0	49.180328	2.73224	5.464481	0	0	0	0	0	0	0	10.928962	2.73224	51.912568	2.73224	0	0	5.464481	10.928962	0	24.590164	13.661202	10.928962	0	0	0	0	0	0	0	0	0	2.73224	0	0	10.928962	0	2.73224	0	0	0	0	2.73224	0	0	0	0	0	8.196721	2.73224	0	0	0	0	0	5.464481	0	5.464481	0	2.73224	0	2.73224	10.928962	0	0	0	2.73224	0	0	0	0	0	0	2.73224	2.73224	0	0	0	0	0	0	0	0	0	0	0	0	0	0	0	0	0	0	0	0	0	0	0	0	0	0	213.114754	5.464481	303.278689	158.469945	98.360656	19.125683	174.863388	60.10929	5.464481	5.464481	5.464481	0	0	10.928962	24.590164	10.928962	5.464481	0	51.912568	0
36079_composicao_gemini-3.6-flash.txt	menores_notas_gemini	407	93.366093	19.65602	81.081081	14.742015	2.457002	0	2.457002	7.371007	0	0	0	0	0	0	0	0	0	0	0	0	2.457002	2.457002	0	0	0	0	0	0	0	22.113022	287.469287	159.70516	98.280098	9.82801	7.371007	4.914005	0	76.167076	17.199017	61.425061	12.285012	12.285012	27.027027	14.742015	83.538084	7.371007	73.710074	36.855037	4.914005	4.914005	0	4.914005	9.82801	140.04914	0	46.683047	83.538084	85.995086	9.82801	7.371007	7.371007	2.457002	0	4.914005	7.371007	0	2.457002	9.82801	44.226044	2.457002	2.457002	0	4.914005	4.914005	2.457002	0	4.914005	2.457002	2.457002	2.457002	0	39.312039	12.285012	0	0	2.457002	0	0	0	0	2.457002	0	0	0	0	0	0	4.914005	4.914005	0	36.855037	0	9.82801	7.371007	54.054054	0	4.914005	0	4.914005	0	14.742015	0	0	2.457002	0	4.914005	4.914005	0	2.457002	0	2.457002	0	0	2.457002	0	0	2.457002	0	2.457002	93.366093	14.742015	81.081081	0	56.511057	0	2.457002	0	0	2.457002	0	0	0	0	4.914005	2.457002	49.140049	4.914005	0	0	2.457002	4.914005	2.457002	36.855037	9.82801	0	0	0	0	7.371007	0	0	0	0	0	2.457002	0	0	2.457002	0	4.914005	0	0	0	0	0	0	0	0	0	0	4.914005	0	0	0	4.914005	0	0	9.82801	0	4.914005	0	0	0	4.914005	14.742015	0	0	0	0	0	0	0	0	0	0	2.457002	0	0	0	0	0	0	0	0	0	0	0	0	0	0	0	0	0	0	0	0	0	0	0	0	0	0	0	194.103194	4.914005	309.58231	162.162162	103.194103	24.570025	189.189189	68.796069	9.82801	2.457002	2.457002	0	0	4.914005	36.855037	4.914005	9.82801	4.914005	54.054054	0
36085_composicao_gemini-3.6-flash.txt	menores_notas_gemini	387	90.439276	18.087855	87.855297	7.751938	2.583979	2.583979	5.167959	2.583979	0	0	0	2.583979	12.919897	5.167959	0	2.583979	15.503876	0	0	2.583979	15.503876	0	0	0	5.167959	2.583979	0	0	2.583979	23.255814	279.069767	170.542636	98.191214	15.503876	2.583979	0	5.167959	77.51938	2.583979	64.599483	10.335917	0	43.927649	5.167959	72.351421	15.503876	49.095607	43.927649	2.583979	2.583979	0	10.335917	12.919897	108.527132	0	28.423773	51.679587	72.351421	18.087855	15.503876	0	0	0	2.583979	12.919897	0	2.583979	0	33.591731	0	0	0	0	0	0	0	0	0	0	0	0	54.263566	5.167959	0	0	5.167959	0	0	0	0	2.583979	0	0	5.167959	0	0	0	5.167959	0	0	10.335917	2.583979	10.335917	12.919897	64.599483	0	5.167959	0	0	0	5.167959	2.583979	0	2.583979	0	0	2.583979	2.583979	0	0	2.583979	0	0	0	0	0	0	2.583979	2.583979	80.103359	15.503876	87.855297	0	49.095607	5.167959	2.583979	0	0	0	5.167959	0	0	2.583979	2.583979	0	46.511628	7.751938	0	0	15.503876	2.583979	0	10.335917	5.167959	5.167959	0	5.167959	0	12.919897	0	0	0	0	0	7.751938	5.167959	0	5.167959	0	0	0	0	0	0	0	0	2.583979	0	0	0	2.583979	0	0	0	0	0	0	0	0	5.167959	0	0	0	0	5.167959	0	0	5.167959	7.751938	0	0	0	0	0	0	0	0	0	0	0	0	0	0	0	0	0	0	0	0	0	0	0	0	0	0	0	0	0	0	0	0	0	0	196.382429	38.75969	302.325581	136.950904	95.607235	12.919897	175.710594	67.183463	5.167959	15.503876	0	0	0	2.583979	10.335917	7.751938	0	5.167959	38.75969	0
36095_composicao_gemini-3.6-flash.txt	menores_notas_gemini	370	110.810811	21.621622	89.189189	13.513514	2.702703	2.702703	2.702703	0	0	0	0	0	8.108108	0	0	0	8.108108	0	0	0	10.810811	0	0	5.405405	0	0	0	0	0	16.216216	308.108108	194.594595	81.081081	16.216216	13.513514	10.810811	16.216216	67.567568	2.702703	54.054054	37.837838	2.702703	51.351351	13.513514	86.486486	5.405405	56.756757	35.135135	18.918919	18.918919	0	10.810811	18.918919	118.918919	2.702703	40.540541	62.162162	78.378378	16.216216	13.513514	0	5.405405	2.702703	0	24.324324	8.108108	5.405405	2.702703	37.837838	16.216216	0	0	0	0	0	0	0	0	0	0	0	51.351351	13.513514	0	0	5.405405	0	0	0	0	0	0	0	0	2.702703	2.702703	0	10.810811	2.702703	2.702703	8.108108	0	13.513514	24.324324	70.27027	0	10.810811	0	5.405405	0	13.513514	2.702703	2.702703	0	0	8.108108	5.405405	0	0	0	0	0	0	0	0	0	0	0	13.513514	86.486486	21.621622	97.297297	0	37.837838	2.702703	0	0	0	0	8.108108	0	0	5.405405	2.702703	5.405405	24.324324	13.513514	0	0	13.513514	2.702703	0	8.108108	10.810811	0	0	0	0	8.108108	0	0	0	0	0	2.702703	0	5.405405	10.810811	0	0	2.702703	0	0	0	0	0	0	0	0	0	2.702703	0	0	0	0	0	0	2.702703	0	0	0	0	0	0	2.702703	0	0	8.108108	0	0	0	0	0	0	0	5.405405	0	0	0	0	0	0	0	0	0	0	0	0	0	0	0	0	0	0	0	0	0	0	0	0	0	0	0	132.432432	18.918919	324.324324	145.945946	97.297297	35.135135	197.297297	59.459459	13.513514	13.513514	5.405405	0	0	2.702703	8.108108	2.702703	2.702703	5.405405	45.945946	0
36137_composicao_gemini-3.6-flash.txt	menores_notas_gemini	331	126.888218	12.084592	84.592145	12.084592	3.021148	6.042296	3.021148	0	0	0	0	0	9.063444	0	0	0	9.063444	0	0	0	6.042296	0	0	0	6.042296	0	0	0	0	0	320.241692	135.951662	154.07855	24.169184	27.190332	6.042296	0	84.592145	0	75.528701	33.232628	0	45.317221	0	99.697885	12.084592	42.296073	36.253776	9.063444	12.084592	0	3.021148	33.232628	102.719033	0	27.190332	108.761329	84.592145	15.10574	12.084592	0	3.021148	3.021148	3.021148	12.084592	0	0	0	51.359517	6.042296	3.021148	0	0	0	0	3.021148	3.021148	0	0	0	0	48.338369	0	0	0	3.021148	0	3.021148	0	0	3.021148	0	0	6.042296	0	0	0	12.084592	0	3.021148	24.169184	0	9.063444	12.084592	54.380665	3.021148	9.063444	0	6.042296	0	6.042296	0	0	3.021148	0	6.042296	0	0	0	0	3.021148	0	0	0	0	0	0	0	3.021148	63.444109	12.084592	90.634441	0	66.465257	0	3.021148	0	0	0	3.021148	0	0	6.042296	3.021148	0	51.359517	9.063444	0	0	6.042296	3.021148	0	24.169184	9.063444	3.021148	0	0	0	9.063444	0	0	0	0	0	6.042296	0	0	6.042296	0	0	0	0	0	3.021148	0	0	0	0	0	0	0	3.021148	0	0	0	0	0	0	0	9.063444	0	3.021148	0	0	3.021148	0	0	3.021148	6.042296	0	0	0	0	0	0	0	0	0	0	0	0	0	0	0	0	0	0	0	0	0	0	0	0	0	0	0	0	0	0	0	0	0	0	223.564955	9.063444	320.241692	148.036254	102.719033	21.148036	166.163142	78.549849	12.084592	6.042296	0	0	0	3.021148	24.169184	3.021148	3.021148	0	39.274924	0
36140_composicao_gemini-3.6-flash.txt	menores_notas_gemini	375	109.333333	5.333333	80	13.333333	2.666667	2.666667	0	2.666667	0	0	0	0	8	0	0	0	8	0	0	0	18.666667	0	0	0	2.666667	0	0	0	0	18.666667	317.333333	152	112	10.666667	8	2.666667	0	77.333333	5.333333	56	34.666667	13.333333	48	0	82.666667	8	48	53.333333	8	13.333333	0	0	8	114.666667	0	26.666667	69.333333	85.333333	13.333333	13.333333	8	5.333333	0	2.666667	40	0	2.666667	10.666667	42.666667	2.666667	0	0	8	2.666667	0	0	5.333333	5.333333	8	2.666667	0	58.666667	2.666667	0	0	2.666667	0	0	0	0	0	0	0	0	0	0	0	2.666667	2.666667	5.333333	26.666667	0	24	5.333333	64	0	2.666667	0	0	0	2.666667	0	0	2.666667	0	2.666667	0	0	0	0	2.666667	0	0	0	0	0	0	0	10.666667	96	10.666667	85.333333	0	56	0	2.666667	0	0	0	0	0	0	0	0	0	40	16	0	0	18.666667	0	2.666667	26.666667	18.666667	0	0	0	0	5.333333	0	0	0	0	0	16	2.666667	0	2.666667	0	0	0	0	0	0	0	0	0	0	0	0	0	0	0	0	0	0	0	10.666667	0	2.666667	0	2.666667	0	0	5.333333	0	0	5.333333	2.666667	0	0	0	0	0	0	0	0	0	2.666667	0	0	0	0	0	0	0	0	0	0	0	0	0	0	0	0	0	0	0	0	2.666667	0	0	0	114.666667	26.666667	338.666667	130.666667	117.333333	18.666667	186.666667	58.666667	5.333333	18.666667	2.666667	0	0	0	37.333333	8	18.666667	0	56	2.666667
36172_composicao_gemini-3.6-flash.txt	menores_notas_gemini	352	96.590909	22.727273	102.272727	17.045455	0	5.681818	0	0	0	0	0	0	8.522727	0	0	0	8.522727	0	2.840909	0	11.363636	0	2.840909	2.840909	5.681818	0	0	0	0	14.204545	303.977273	213.068182	56.818182	19.886364	11.363636	8.522727	11.363636	90.909091	5.681818	90.909091	19.886364	17.045455	53.977273	17.045455	139.204545	2.840909	85.227273	45.454545	2.840909	14.204545	0	8.522727	11.363636	127.840909	0	34.090909	96.590909	71.022727	14.204545	2.840909	5.681818	0	8.522727	2.840909	19.886364	0	0	5.681818	14.204545	2.840909	0	0	8.522727	0	0	0	2.840909	5.681818	2.840909	2.840909	0	48.295455	0	0	0	0	0	0	0	0	5.681818	0	0	2.840909	0	0	0	8.522727	2.840909	2.840909	14.204545	0	14.204545	17.045455	48.295455	0	8.522727	0	2.840909	0	8.522727	0	2.840909	0	0	2.840909	2.840909	0	0	0	0	0	0	0	0	0	0	0	0	88.068182	0	102.272727	0	62.5	0	0	0	0	2.840909	0	0	0	0	2.840909	5.681818	59.659091	2.840909	0	0	11.363636	2.840909	0	8.522727	14.204545	0	0	2.840909	0	2.840909	0	0	0	0	0	2.840909	0	0	5.681818	0	0	0	0	0	2.840909	0	0	0	0	0	0	0	2.840909	0	0	0	0	0	0	0	0	0	0	0	0	5.681818	0	0	14.204545	0	0	0	0	0	0	0	5.681818	0	0	0	0	0	0	0	0	0	0	0	0	0	0	0	0	0	0	0	0	0	0	0	0	0	0	0	119.318182	17.045455	318.181818	142.045455	93.75	14.204545	190.340909	73.863636	14.204545	11.363636	5.681818	0	0	2.840909	14.204545	2.840909	8.522727	2.840909	45.454545	2.840909
36181_composicao_gemini-3.6-flash.txt	menores_notas_gemini	313	102.236422	12.779553	76.677316	12.779553	22.364217	22.364217	6.389776	0	0	0	0	0	19.169329	6.389776	3.194888	0	15.974441	0	0	3.194888	12.779553	0	0	0	25.559105	0	0	0	0	35.14377	246.00639	153.354633	76.677316	22.364217	12.779553	6.389776	6.389776	35.14377	0	31.948882	41.533546	0	54.313099	0	63.897764	6.389776	12.779553	44.728435	3.194888	12.779553	0	3.194888	15.974441	63.897764	6.389776	3.194888	25.559105	137.380192	6.389776	6.389776	9.584665	9.584665	9.584665	0	3.194888	3.194888	9.584665	9.584665	51.118211	15.974441	3.194888	12.779553	0	6.389776	0	0	9.584665	0	0	9.584665	0	57.507987	31.948882	0	0	6.389776	0	3.194888	0	0	0	0	0	0	6.389776	3.194888	0	3.194888	0	3.194888	28.753994	0	9.584665	9.584665	99.041534	0	3.194888	0	15.974441	0	9.584665	0	0	12.779553	0	9.584665	3.194888	0	0	0	9.584665	3.194888	0	0	0	0	6.389776	0	0	73.482428	12.779553	76.677316	0	41.533546	0	12.779553	0	0	0	0	3.194888	0	6.389776	9.584665	0	38.338658	6.389776	0	0	12.779553	9.584665	0	25.559105	9.584665	0	0	25.559105	0	9.584665	0	0	0	0	0	12.779553	0	0	6.389776	0	0	6.389776	0	0	0	0	0	0	0	0	0	9.584665	0	0	0	0	0	0	12.779553	0	0	0	0	0	3.194888	9.584665	0	0	15.974441	3.194888	0	0	0	0	0	0	0	0	0	0	0	0	0	0	0	0	0	0	0	0	0	0	0	0	0	0	0	0	0	0	0	0	0	0	115.015974	99.041534	284.345048	86.261981	143.769968	44.728435	162.939297	63.897764	3.194888	12.779553	0	0	0	9.584665	28.753994	9.584665	9.584665	9.584665	44.728435	25.559105
36188_composicao_gemini-3.6-flash.txt	menores_notas_gemini	326	110.429448	15.337423	88.957055	9.202454	0	3.067485	0	0	0	0	0	0	3.067485	0	0	0	3.067485	0	0	3.067485	12.269939	0	0	0	6.134969	3.067485	0	0	3.067485	24.539877	288.343558	184.04908	82.822086	12.269939	21.472393	0	0	61.349693	6.134969	64.417178	9.202454	12.269939	39.877301	3.067485	82.822086	3.067485	52.147239	9.202454	6.134969	6.134969	0	3.067485	15.337423	131.90184	6.134969	24.539877	61.349693	98.159509	9.202454	9.202454	3.067485	0	3.067485	0	6.134969	0	0	6.134969	67.484663	3.067485	3.067485	0	3.067485	0	0	0	0	3.067485	3.067485	0	0	55.214724	12.269939	0	0	0	0	0	0	0	0	0	0	6.134969	0	0	0	6.134969	0	0	30.674847	0	3.067485	18.404908	64.417178	0	6.134969	0	3.067485	0	9.202454	3.067485	0	0	0	0	3.067485	0	0	0	0	0	0	0	0	0	0	3.067485	3.067485	73.619632	21.472393	88.957055	0	49.079755	0	3.067485	0	0	0	0	0	3.067485	3.067485	3.067485	3.067485	39.877301	9.202454	0	0	12.269939	0	3.067485	30.674847	3.067485	3.067485	0	0	0	3.067485	0	0	0	0	0	9.202454	3.067485	0	9.202454	0	0	0	0	0	0	0	0	0	0	0	0	0	0	0	0	0	0	0	6.134969	0	3.067485	0	0	0	3.067485	21.472393	0	0	0	3.067485	0	0	0	0	3.067485	0	3.067485	0	0	0	0	0	0	0	0	0	0	0	0	0	0	0	0	0	0	0	0	0	0	0	0	0	0	0	214.723926	18.404908	312.883436	150.306748	116.564417	15.337423	184.04908	64.417178	6.134969	12.269939	6.134969	0	0	0	30.674847	0	6.134969	3.067485	52.147239	0
36225_composicao_gemini-3.6-flash.txt	menores_notas_gemini	367	103.542234	2.724796	79.019074	16.348774	0	8.174387	5.449591	2.724796	0	0	0	0	5.449591	0	0	0	5.449591	0	2.724796	0	10.899183	0	2.724796	0	8.174387	0	0	0	0	27.247956	294.277929	174.386921	114.441417	16.348774	13.623978	13.623978	10.899183	79.019074	10.899183	76.294278	19.073569	8.174387	43.59673	16.348774	62.6703	19.073569	59.945504	43.59673	2.724796	8.174387	0	0	8.174387	114.441417	2.724796	49.046322	95.367847	79.019074	19.073569	24.523161	2.724796	5.449591	5.449591	0	38.147139	0	0	0	51.771117	2.724796	2.724796	0	2.724796	0	0	5.449591	0	0	0	0	0	54.495913	2.724796	0	0	2.724796	0	0	0	0	5.449591	0	0	2.724796	0	0	0	8.174387	0	2.724796	19.073569	0	10.899183	16.348774	59.945504	2.724796	5.449591	0	2.724796	0	10.899183	8.174387	5.449591	0	0	5.449591	0	0	0	0	0	0	0	0	0	0	0	8.174387	2.724796	79.019074	10.899183	84.468665	0	46.321526	2.724796	2.724796	0	0	0	0	0	0	8.174387	8.174387	0	40.871935	8.174387	0	0	10.899183	8.174387	0	16.348774	10.899183	0	0	0	0	13.623978	0	0	0	0	0	10.899183	0	0	8.174387	0	2.724796	0	0	0	2.724796	0	0	0	0	0	0	2.724796	2.724796	0	0	0	0	2.724796	0	0	0	0	2.724796	0	0	13.623978	0	0	5.449591	8.174387	0	0	0	0	0	0	0	0	0	0	0	0	0	0	0	0	0	0	0	0	0	0	0	0	0	0	0	0	0	0	0	0	0	0	106.26703	27.247956	321.525886	141.689373	98.092643	29.972752	174.386921	59.945504	8.174387	10.899183	0	0	0	8.174387	19.073569	5.449591	0	0	46.321526	0
36238_composicao_gemini-3.6-flash.txt	menores_notas_gemini	352	99.431818	8.522727	107.954545	11.363636	5.681818	5.681818	0	2.840909	0	0	0	0	0	0	0	0	0	0	2.840909	0	2.840909	0	2.840909	0	5.681818	0	0	0	0	14.204545	309.659091	156.25	110.795455	19.886364	8.522727	2.840909	2.840909	102.272727	14.204545	90.909091	22.727273	2.840909	39.772727	19.886364	79.545455	2.840909	68.181818	28.409091	2.840909	11.363636	0	0	11.363636	125	0	22.727273	107.954545	85.227273	11.363636	2.840909	0	5.681818	0	5.681818	25.568182	0	0	2.840909	36.931818	5.681818	5.681818	0	0	0	0	2.840909	5.681818	0	2.840909	0	0	51.136364	0	0	0	2.840909	0	0	0	0	0	0	0	5.681818	0	0	0	11.363636	0	0	11.363636	0	8.522727	22.727273	53.977273	14.204545	5.681818	0	5.681818	0	8.522727	2.840909	2.840909	2.840909	2.840909	8.522727	2.840909	0	0	0	2.840909	0	2.840909	0	2.840909	0	0	0	17.045455	56.818182	22.727273	107.954545	0	73.863636	2.840909	5.681818	0	0	0	0	0	0	8.522727	0	0	53.977273	14.204545	0	0	2.840909	0	0	11.363636	8.522727	14.204545	0	2.840909	0	0	0	0	0	0	0	0	2.840909	0	11.363636	0	0	0	0	0	0	0	0	0	0	0	0	0	0	0	0	0	0	0	8.522727	0	0	0	5.681818	0	0	0	0	0	0	0	0	0	0	0	0	0	0	0	0	5.681818	0	0	0	0	0	0	0	0	0	0	0	0	0	0	0	0	0	0	0	0	0	0	0	0	215.909091	5.681818	323.863636	139.204545	96.590909	45.454545	184.659091	90.909091	19.886364	2.840909	5.681818	0	0	0	11.363636	0	8.522727	5.681818	42.613636	2.840909
36248_composicao_gemini-3.6-flash.txt	menores_notas_gemini	393	81.424936	15.267176	114.503817	15.267176	2.544529	2.544529	2.544529	5.089059	0	0	0	0	5.089059	0	0	0	5.089059	0	2.544529	0	5.089059	0	2.544529	5.089059	2.544529	0	0	0	0	25.445293	295.165394	162.849873	96.692112	25.445293	22.900763	0	7.633588	76.335878	2.544529	73.791349	7.633588	15.267176	40.712468	17.811705	86.513995	12.722646	63.613232	58.524173	7.633588	10.178117	0	5.089059	15.267176	137.40458	5.089059	35.62341	83.969466	71.246819	15.267176	5.089059	0	2.544529	0	0	7.633588	2.544529	0	7.633588	40.712468	7.633588	0	0	0	0	0	0	2.544529	2.544529	2.544529	0	0	43.256997	2.544529	0	0	7.633588	0	0	0	0	5.089059	0	0	5.089059	0	0	0	12.722646	0	2.544529	12.722646	0	7.633588	10.178117	53.435115	0	12.722646	0	0	0	10.178117	5.089059	0	2.544529	0	2.544529	5.089059	0	0	0	2.544529	0	0	0	0	0	0	2.544529	2.544529	66.157761	10.178117	114.503817	0	66.157761	0	2.544529	0	2.544529	0	2.544529	0	0	5.089059	2.544529	0	55.979644	10.178117	0	0	5.089059	2.544529	0	12.722646	7.633588	0	0	0	0	5.089059	0	0	0	0	0	2.544529	0	0	0	0	0	0	2.544529	0	0	0	0	0	0	0	0	0	2.544529	0	0	0	0	0	7.633588	0	5.089059	2.544529	0	0	0	0	0	0	0	5.089059	0	0	0	0	0	0	0	0	0	0	0	0	0	0	0	0	0	0	0	0	0	0	0	0	0	0	0	0	0	0	0	0	0	0	96.692112	12.722646	320.610687	165.394402	89.058524	17.811705	190.839695	81.424936	12.722646	5.089059	0	0	0	2.544529	12.722646	2.544529	7.633588	5.089059	30.534351	0
36278_composicao_gemini-3.6-flash.txt	menores_notas_gemini	353	101.983003	14.164306	79.320113	11.331445	0	0	5.665722	2.832861	0	0	0	0	14.164306	2.832861	0	0	14.164306	0	2.832861	5.665722	14.164306	0	2.832861	0	2.832861	0	0	0	0	0	229.461756	118.98017	127.478754	22.66289	11.331445	0	0	79.320113	28.328612	67.988669	16.997167	0	39.660057	11.331445	104.815864	8.498584	22.66289	62.322946	2.832861	2.832861	0	5.665722	14.164306	113.314448	0	19.830028	65.155807	79.320113	14.164306	11.331445	2.832861	0	0	5.665722	19.830028	0	5.665722	2.832861	45.325779	5.665722	0	0	0	0	0	0	0	2.832861	0	0	0	48.15864	8.498584	0	0	0	0	0	0	0	8.498584	0	0	5.665722	5.665722	2.832861	0	16.997167	0	0	8.498584	0	16.997167	14.164306	56.657224	0	16.997167	0	5.665722	0	11.331445	8.498584	2.832861	5.665722	0	5.665722	8.498584	0	0	0	5.665722	0	0	0	0	0	0	2.832861	0	101.983003	14.164306	79.320113	0	42.492918	0	5.665722	0	0	0	5.665722	0	5.665722	0	5.665722	2.832861	36.827195	8.498584	0	0	14.164306	5.665722	0	5.665722	16.997167	2.832861	0	0	0	5.665722	0	0	0	0	0	11.331445	0	0	0	0	0	0	0	0	0	2.832861	0	0	0	0	0	2.832861	2.832861	0	0	0	0	0	2.832861	0	0	0	0	0	0	2.832861	0	0	8.498584	5.665722	0	0	0	0	0	0	2.832861	0	0	0	0	0	0	0	0	0	0	0	0	0	0	0	0	0	0	0	0	0	0	0	0	0	0	0	195.467422	36.827195	297.450425	135.977337	101.983003	31.161473	195.467422	67.988669	16.997167	14.164306	2.832861	0	0	5.665722	5.665722	5.665722	2.832861	8.498584	39.660057	0
36295_composicao_gemini-3.6-flash.txt	menores_notas_gemini	350	125.714286	2.857143	65.714286	8.571429	2.857143	8.571429	2.857143	0	0	0	0	0	2.857143	5.714286	0	2.857143	2.857143	0	0	2.857143	11.428571	0	2.857143	0	11.428571	0	0	0	0	5.714286	308.571429	142.857143	151.428571	17.142857	8.571429	2.857143	2.857143	85.714286	28.571429	71.428571	20	2.857143	40	17.142857	100	2.857143	60	28.571429	8.571429	11.428571	0	0	25.714286	142.857143	2.857143	40	120	77.142857	14.285714	8.571429	8.571429	2.857143	2.857143	2.857143	8.571429	2.857143	2.857143	2.857143	48.571429	8.571429	0	2.857143	2.857143	0	0	0	0	2.857143	0	0	0	62.857143	0	0	0	2.857143	0	0	0	0	0	0	0	5.714286	0	0	0	2.857143	0	2.857143	14.285714	0	5.714286	14.285714	65.714286	0	2.857143	0	2.857143	0	17.142857	5.714286	0	0	0	5.714286	5.714286	0	0	0	0	0	0	0	0	0	0	0	5.714286	82.857143	14.285714	65.714286	0	54.285714	0	2.857143	5.714286	0	0	0	0	0	0	0	0	45.714286	8.571429	2.857143	0	11.428571	0	0	14.285714	5.714286	0	0	2.857143	0	2.857143	0	0	0	0	0	11.428571	0	0	8.571429	0	0	0	0	0	0	0	0	0	0	0	0	0	0	0	0	0	0	0	5.714286	0	0	0	5.714286	0	0	2.857143	0	0	2.857143	0	0	0	0	0	0	0	0	0	0	0	0	0	0	0	0	0	0	0	0	0	0	0	0	0	0	0	0	0	0	0	0	0	0	0	194.285714	22.857143	314.285714	171.428571	91.428571	20	162.857143	65.714286	2.857143	11.428571	0	0	0	0	14.285714	0	2.857143	5.714286	34.285714	2.857143
36307_composicao_gemini-3.6-flash.txt	menores_notas_gemini	319	94.043887	12.539185	90.909091	12.539185	6.269592	6.269592	3.134796	0	0	0	0	0	6.269592	3.134796	3.134796	0	0	0	0	0	3.134796	0	0	0	6.269592	0	0	0	0	40.752351	178.683386	166.144201	50.15674	28.213166	21.943574	0	18.808777	90.909091	12.539185	90.909091	12.539185	6.269592	59.561129	0	72.100313	15.673981	56.426332	31.347962	3.134796	18.808777	0	9.404389	12.539185	115.987461	0	40.752351	100.31348	94.043887	15.673981	12.539185	3.134796	3.134796	0	0	21.943574	3.134796	3.134796	3.134796	53.291536	9.404389	0	0	3.134796	0	3.134796	3.134796	6.269592	0	0	0	3.134796	50.15674	0	0	0	3.134796	0	0	0	0	3.134796	0	3.134796	6.269592	0	3.134796	0	0	0	3.134796	25.07837	0	9.404389	15.673981	53.291536	0	0	0	0	0	21.943574	3.134796	3.134796	6.269592	0	3.134796	6.269592	0	0	0	6.269592	0	0	0	0	0	0	0	6.269592	75.23511	3.134796	94.043887	0	68.965517	0	6.269592	6.269592	3.134796	0	0	0	0	0	3.134796	3.134796	65.830721	3.134796	0	0	3.134796	3.134796	3.134796	25.07837	9.404389	3.134796	0	3.134796	0	3.134796	0	0	3.134796	0	0	3.134796	0	0	9.404389	0	0	0	0	0	3.134796	0	0	0	0	0	0	0	3.134796	0	0	0	0	0	0	0	0	0	3.134796	0	3.134796	9.404389	0	0	3.134796	3.134796	0	0	0	0	0	0	3.134796	0	0	0	0	0	0	0	0	0	0	0	0	0	0	0	0	0	0	0	0	0	0	0	0	0	0	0	197.492163	9.404389	307.210031	144.200627	109.717868	34.482759	172.413793	90.909091	0	3.134796	3.134796	0	0	3.134796	25.07837	3.134796	6.269592	6.269592	50.15674	6.269592
36341_composicao_gemini-3.6-flash.txt	menores_notas_gemini	358	94.972067	16.759777	94.972067	11.173184	8.379888	0	2.793296	2.793296	0	0	0	0	16.759777	0	0	0	11.173184	0	2.793296	0	2.793296	0	2.793296	0	0	0	0	0	0	13.96648	290.502793	195.530726	86.592179	11.173184	11.173184	5.586592	19.553073	72.625698	16.759777	61.452514	11.173184	0	53.072626	25.139665	72.625698	11.173184	92.178771	58.659218	2.793296	0	0	0	22.346369	139.664804	0	41.899441	100.558659	64.24581	22.346369	19.553073	8.379888	8.379888	0	2.793296	22.346369	0	2.793296	5.586592	33.519553	5.586592	5.586592	5.586592	8.379888	0	0	0	2.793296	2.793296	2.793296	0	0	44.692737	8.379888	0	0	2.793296	0	0	0	0	0	0	0	0	0	0	2.793296	13.96648	0	5.586592	27.932961	5.586592	11.173184	19.553073	55.865922	0	13.96648	0	2.793296	0	0	0	0	2.793296	0	5.586592	0	0	0	0	2.793296	0	0	0	0	0	0	0	8.379888	78.212291	33.519553	100.558659	0	53.072626	0	5.586592	0	0	0	2.793296	0	0	0	5.586592	0	53.072626	2.793296	0	0	2.793296	5.586592	0	25.139665	11.173184	5.586592	0	0	0	13.96648	0	0	0	0	0	2.793296	0	0	5.586592	0	2.793296	2.793296	0	0	0	0	0	0	0	0	0	5.586592	0	0	0	0	0	0	8.379888	0	5.586592	0	2.793296	0	0	22.346369	0	0	2.793296	13.96648	0	0	0	0	0	0	0	0	0	0	0	0	0	0	0	0	0	0	0	0	0	0	0	0	0	0	0	0	0	0	0	0	0	0	111.731844	25.139665	304.469274	173.184358	94.972067	16.759777	192.73743	67.039106	13.96648	2.793296	0	0	0	5.586592	25.139665	5.586592	8.379888	0	58.659218	0
36430_composicao_gemini-3.6-flash.txt	menores_notas_gemini	334	116.766467	11.976048	89.820359	11.976048	5.988024	0	5.988024	0	0	0	0	0	8.982036	0	0	0	5.988024	0	0	0	14.97006	0	0	0	0	0	0	0	0	20.958084	311.377246	131.736527	119.760479	11.976048	5.988024	5.988024	2.994012	77.844311	5.988024	68.862275	47.904192	2.994012	71.856287	20.958084	71.856287	5.988024	26.946108	11.976048	5.988024	2.994012	0	8.982036	11.976048	92.814371	0	17.964072	44.91018	89.820359	17.964072	8.982036	5.988024	5.988024	0	5.988024	11.976048	0	2.994012	0	35.928144	0	0	0	5.988024	2.994012	0	0	0	0	0	0	0	68.862275	2.994012	0	0	0	0	0	0	0	0	0	0	11.976048	0	5.988024	0	17.964072	2.994012	0	17.964072	0	8.982036	14.97006	71.856287	0	17.964072	2.994012	0	0	20.958084	0	0	2.994012	0	0	14.97006	0	0	0	2.994012	0	0	0	0	0	2.994012	0	0	68.862275	11.976048	92.814371	0	47.904192	0	5.988024	0	0	0	2.994012	0	0	14.97006	5.988024	2.994012	44.91018	5.988024	0	0	14.97006	5.988024	2.994012	17.964072	8.982036	0	0	0	0	5.988024	0	0	0	0	0	14.97006	0	0	0	0	2.994012	5.988024	0	0	0	0	0	0	0	0	0	8.982036	0	0	0	0	0	0	0	0	0	0	0	0	0	11.976048	0	0	2.994012	5.988024	0	0	0	0	0	0	2.994012	0	0	0	0	0	0	0	0	0	0	0	0	0	0	0	0	0	0	0	0	0	0	0	0	0	0	0	215.568862	23.952096	332.335329	110.778443	113.772455	23.952096	173.652695	80.838323	20.958084	14.97006	2.994012	0	0	8.982036	17.964072	8.982036	0	14.97006	26.946108	0
36522_composicao_gemini-3.6-flash.txt	menores_notas_gemini	336	116.071429	8.928571	77.380952	11.904762	2.97619	0	5.952381	2.97619	0	0	0	0	14.880952	0	0	0	5.952381	0	0	0	5.952381	2.97619	0	0	0	0	0	0	0	5.952381	303.571429	172.619048	80.357143	14.880952	11.904762	0	14.880952	98.214286	5.952381	77.380952	5.952381	8.928571	56.547619	35.714286	95.238095	8.928571	35.714286	47.619048	2.97619	17.857143	0	8.928571	8.928571	122.02381	0	20.833333	89.285714	95.238095	20.833333	14.880952	0	2.97619	2.97619	0	23.809524	0	0	5.952381	59.52381	11.904762	0	2.97619	0	2.97619	0	5.952381	2.97619	5.952381	0	0	0	53.571429	0	0	0	14.880952	0	0	0	0	0	0	5.952381	2.97619	0	0	0	5.952381	8.928571	0	23.809524	0	8.928571	14.880952	71.428571	0	5.952381	0	2.97619	0	8.928571	2.97619	0	0	0	5.952381	0	0	0	0	0	0	0	0	0	0	0	0	5.952381	92.261905	11.904762	77.380952	0	50.595238	0	2.97619	0	2.97619	0	2.97619	0	0	0	8.928571	2.97619	44.642857	5.952381	0	0	5.952381	8.928571	2.97619	23.809524	8.928571	0	0	0	0	8.928571	0	0	0	0	0	2.97619	2.97619	0	5.952381	0	0	2.97619	0	0	0	0	0	0	2.97619	0	0	8.928571	0	0	0	0	0	0	5.952381	2.97619	2.97619	0	5.952381	0	5.952381	5.952381	0	0	5.952381	5.952381	2.97619	0	0	0	0	0	2.97619	0	0	0	0	0	0	0	0	0	0	0	0	0	0	0	0	0	0	0	0	0	0	0	0	0	0	0	125	23.809524	309.52381	139.880952	122.02381	23.809524	181.547619	62.5	14.880952	5.952381	2.97619	0	0	8.928571	23.809524	5.952381	11.904762	0	47.619048	0
36524_composicao_gemini-3.6-flash.txt	menores_notas_gemini	354	161.016949	14.124294	33.898305	0	14.124294	8.474576	2.824859	0	0	0	0	0	16.949153	0	2.824859	2.824859	11.299435	0	0	0	2.824859	0	0	0	11.299435	0	0	0	0	67.79661	225.988701	121.468927	127.118644	22.59887	11.299435	5.649718	0	25.423729	2.824859	16.949153	2.824859	2.824859	84.745763	0	50.847458	25.423729	16.949153	25.423729	5.649718	5.649718	0	2.824859	22.59887	48.022599	0	5.649718	19.774011	138.418079	14.124294	11.299435	11.299435	5.649718	8.474576	2.824859	5.649718	5.649718	8.474576	2.824859	76.271186	0	2.824859	8.474576	2.824859	2.824859	0	0	2.824859	0	0	2.824859	0	16.949153	28.248588	42.372881	5.649718	0	0	0	0	0	5.649718	0	0	0	0	5.649718	0	0	0	5.649718	45.19774	0	8.474576	16.949153	90.39548	0	0	0	19.774011	2.824859	5.649718	2.824859	0	8.474576	0	5.649718	2.824859	0	0	0	8.474576	0	0	0	0	0	0	0	0	90.39548	0	33.898305	0	45.19774	0	8.474576	0	0	0	14.124294	0	0	8.474576	0	0	28.248588	19.774011	0	0	2.824859	0	0	45.19774	8.474576	0	0	8.474576	0	11.299435	0	0	0	0	0	2.824859	0	0	2.824859	0	0	0	0	0	0	0	0	0	0	0	0	0	0	0	0	0	0	0	2.824859	0	2.824859	0	0	0	0	19.774011	0	0	14.124294	2.824859	0	0	0	0	0	0	0	0	0	0	0	0	0	0	0	0	0	0	0	0	0	0	0	0	0	0	0	0	0	0	0	0	0	0	209.039548	19.774011	293.785311	96.045198	152.542373	39.548023	124.293785	76.271186	0	2.824859	0	0	0	0	45.19774	0	2.824859	0	70.621469	8.474576
36547_composicao_gemini-3.6-flash.txt	menores_notas_gemini	382	99.47644	5.235602	83.769634	13.089005	0	2.617801	7.853403	0	0	0	0	0	5.235602	0	0	0	5.235602	0	2.617801	0	2.617801	0	2.617801	0	2.617801	2.617801	0	0	2.617801	28.795812	225.13089	164.921466	96.858639	15.706806	10.471204	10.471204	0	89.005236	2.617801	70.680628	31.413613	2.617801	44.502618	10.471204	75.91623	7.853403	78.534031	60.209424	2.617801	0	0	5.235602	7.853403	143.979058	0	57.591623	86.387435	75.91623	23.560209	13.089005	0	5.235602	5.235602	0	13.089005	0	0	2.617801	47.120419	5.235602	2.617801	2.617801	2.617801	0	0	0	2.617801	2.617801	0	0	0	31.413613	20.942408	0	0	2.617801	0	0	0	0	0	0	0	5.235602	0	0	0	20.942408	0	0	18.324607	0	10.471204	26.17801	54.973822	0	20.942408	0	2.617801	0	2.617801	0	0	2.617801	0	2.617801	0	0	0	0	2.617801	0	0	0	0	0	0	0	5.235602	96.858639	18.324607	83.769634	0	68.062827	0	7.853403	0	0	0	0	0	0	5.235602	0	2.617801	49.73822	7.853403	0	0	2.617801	0	2.617801	15.706806	10.471204	10.471204	0	0	0	5.235602	0	0	0	0	0	2.617801	0	0	10.471204	0	0	0	0	0	0	0	0	0	0	0	0	0	0	0	0	0	0	2.617801	0	0	5.235602	0	2.617801	0	0	5.235602	0	0	5.235602	0	0	0	0	0	0	0	2.617801	0	0	0	0	0	0	0	0	0	0	0	0	0	0	0	0	0	0	0	0	0	0	0	0	0	0	0	104.712042	5.235602	332.460733	162.303665	99.47644	10.471204	188.481675	83.769634	20.942408	2.617801	2.617801	0	0	0	15.706806	0	5.235602	0	54.973822	0
36578_composicao_gemini-3.6-flash.txt	menores_notas_gemini	371	88.948787	13.477089	102.425876	13.477089	5.390836	10.781671	2.695418	2.695418	0	0	0	0	8.086253	0	2.695418	0	2.695418	0	0	2.695418	10.781671	0	2.695418	2.695418	10.781671	0	0	0	0	26.954178	309.973046	169.811321	134.770889	5.390836	5.390836	0	8.086253	70.080863	8.086253	56.603774	29.649596	0	61.994609	0	88.948787	18.867925	35.040431	45.822102	10.781671	5.390836	0	2.695418	29.649596	91.644205	0	26.954178	75.471698	53.908356	21.563342	18.867925	0	2.695418	2.695418	0	16.172507	5.390836	0	0	29.649596	8.086253	0	0	2.695418	0	0	0	0	0	2.695418	2.695418	0	43.126685	13.477089	0	0	8.086253	0	0	0	0	0	0	2.695418	0	0	0	0	16.172507	2.695418	2.695418	5.390836	0	5.390836	21.563342	64.690027	5.390836	10.781671	0	5.390836	0	10.781671	0	2.695418	5.390836	0	8.086253	0	0	0	0	5.390836	0	0	0	0	0	0	0	5.390836	99.730458	0	110.512129	0	43.126685	0	5.390836	0	2.695418	0	5.390836	0	0	0	2.695418	0	40.431267	5.390836	0	0	10.781671	2.695418	2.695418	5.390836	5.390836	2.695418	0	0	0	8.086253	0	0	0	0	0	5.390836	0	2.695418	10.781671	0	0	2.695418	0	0	0	0	0	0	0	0	0	2.695418	0	0	0	0	0	0	0	0	2.695418	0	0	0	0	2.695418	0	0	2.695418	2.695418	2.695418	0	0	0	0	0	0	2.695418	0	0	0	0	0	0	0	0	0	0	0	0	0	0	0	0	0	0	0	0	0	0	0	0	0	0	204.851752	45.822102	336.927224	140.161725	78.167116	32.345013	202.156334	59.299191	18.867925	10.781671	2.695418	0	0	2.695418	5.390836	5.390836	5.390836	0	32.345013	0
36590_composicao_gemini-3.6-flash.txt	menores_notas_gemini	378	108.465608	2.645503	84.656085	13.227513	2.645503	5.291005	2.645503	0	0	0	0	0	13.227513	0	2.645503	0	5.291005	0	2.645503	0	7.936508	0	2.645503	0	5.291005	0	0	0	0	18.518519	291.005291	164.021164	103.174603	10.582011	13.227513	0	0	42.328042	2.645503	50.26455	31.746032	7.936508	44.973545	0	79.365079	7.936508	60.846561	10.582011	10.582011	2.645503	0	7.936508	23.809524	111.111111	0	47.619048	111.111111	100.529101	21.164021	5.291005	2.645503	13.227513	5.291005	2.645503	23.809524	2.645503	7.936508	2.645503	52.910053	0	2.645503	0	10.582011	0	0	0	0	2.645503	0	0	0	50.26455	10.582011	0	0	2.645503	0	0	0	0	0	0	2.645503	0	0	5.291005	2.645503	29.100529	2.645503	7.936508	31.746032	2.645503	7.936508	39.68254	63.492063	2.645503	29.100529	0	2.645503	5.291005	2.645503	0	0	2.645503	0	0	0	0	0	0	2.645503	0	0	0	0	0	0	2.645503	2.645503	87.301587	7.936508	84.656085	0	55.555556	2.645503	2.645503	0	0	0	5.291005	0	0	7.936508	5.291005	2.645503	42.328042	15.873016	2.645503	0	7.936508	5.291005	0	26.455026	7.936508	2.645503	0	0	0	10.582011	0	0	0	0	0	5.291005	2.645503	0	18.518519	0	2.645503	2.645503	0	0	0	0	0	0	0	0	0	5.291005	0	0	0	0	0	0	5.291005	0	5.291005	0	0	0	10.582011	18.518519	0	0	0	2.645503	0	0	0	0	0	0	2.645503	0	0	0	0	0	0	0	0	0	0	0	0	0	0	0	0	0	0	0	0	0	0	0	0	0	0	0	111.111111	10.582011	309.52381	142.857143	121.693122	13.227513	179.89418	84.656085	34.391534	7.936508	2.645503	0	0	5.291005	31.746032	5.291005	2.645503	0	79.365079	0
36616_composicao_gemini-3.6-flash.txt	menores_notas_gemini	358	111.731844	8.379888	61.452514	8.379888	5.586592	2.793296	5.586592	0	0	0	0	0	2.793296	0	0	0	2.793296	0	2.793296	2.793296	8.379888	0	5.586592	0	5.586592	0	0	0	0	2.793296	310.055866	167.597765	117.318436	8.379888	5.586592	8.379888	5.586592	89.385475	5.586592	67.039106	13.96648	5.586592	44.692737	11.173184	94.972067	8.379888	50.27933	67.039106	0	8.379888	0	0	2.793296	139.664804	0	36.312849	75.418994	103.351955	19.553073	11.173184	8.379888	5.586592	0	0	16.759777	0	2.793296	2.793296	53.072626	5.586592	2.793296	2.793296	2.793296	0	0	0	2.793296	2.793296	2.793296	0	0	55.865922	0	0	0	2.793296	0	0	0	0	0	0	0	5.586592	0	2.793296	0	8.379888	0	2.793296	25.139665	0	16.759777	30.726257	58.659218	2.793296	5.586592	0	8.379888	0	19.553073	2.793296	2.793296	0	0	2.793296	0	0	0	0	0	0	0	0	0	0	0	0	25.139665	94.972067	11.173184	67.039106	0	61.452514	0	2.793296	0	0	0	2.793296	0	0	2.793296	0	0	50.27933	11.173184	0	0	8.379888	0	2.793296	25.139665	16.759777	8.379888	0	0	0	0	0	0	0	0	0	8.379888	0	0	11.173184	0	0	0	0	0	0	0	0	0	0	0	0	0	0	0	0	0	0	0	2.793296	0	11.173184	0	5.586592	0	0	2.793296	0	0	0	2.793296	0	0	0	0	0	0	0	0	0	0	0	0	0	0	0	0	0	0	0	0	0	0	0	0	0	0	0	0	0	0	0	0	0	0	120.111732	16.759777	312.849162	150.837989	122.905028	39.106145	167.597765	69.832402	8.379888	19.553073	0	0	0	0	25.139665	0	8.379888	0	72.625698	0
36704_composicao_gemini-3.6-flash.txt	menores_notas_gemini	401	94.763092	14.962594	87.281796	9.975062	2.493766	2.493766	4.987531	2.493766	0	0	0	0	7.481297	0	0	0	7.481297	0	0	2.493766	2.493766	0	0	2.493766	2.493766	2.493766	0	0	2.493766	4.987531	172.069825	142.144638	89.775561	29.925187	17.456359	7.481297	7.481297	69.825436	0	59.850374	7.481297	4.987531	52.369077	0	74.812968	14.962594	62.34414	44.887781	9.975062	19.950125	0	9.975062	32.418953	107.23192	2.493766	27.431421	79.800499	79.800499	12.468828	12.468828	2.493766	4.987531	0	0	12.468828	2.493766	2.493766	0	37.406484	2.493766	0	2.493766	2.493766	0	0	0	0	2.493766	2.493766	0	0	42.394015	14.962594	0	0	0	0	2.493766	0	0	4.987531	0	0	0	0	2.493766	0	2.493766	0	0	14.962594	0	7.481297	12.468828	59.850374	0	2.493766	0	4.987531	0	4.987531	7.481297	4.987531	0	0	2.493766	4.987531	0	0	0	2.493766	0	0	0	0	0	0	0	7.481297	89.775561	7.481297	87.281796	0	52.369077	0	0	0	0	2.493766	0	0	0	2.493766	9.975062	0	47.381546	7.481297	0	0	4.987531	9.975062	0	14.962594	7.481297	0	0	0	0	2.493766	0	0	0	0	0	4.987531	0	2.493766	9.975062	0	2.493766	2.493766	0	0	0	2.493766	0	2.493766	0	0	0	9.975062	0	0	0	0	2.493766	0	0	0	0	0	0	0	0	7.481297	0	0	7.481297	0	0	0	0	0	2.493766	0	0	0	0	0	0	0	0	0	0	0	0	0	0	0	0	0	0	0	0	0	0	0	0	0	0	0	0	0	197.007481	14.962594	319.201995	154.613466	72.319202	27.431421	184.538653	57.356608	2.493766	4.987531	2.493766	0	0	9.975062	14.962594	9.975062	2.493766	0	34.912718	0
36721_composicao_gemini-3.6-flash.txt	menores_notas_gemini	388	128.865979	5.154639	67.010309	15.463918	2.57732	2.57732	0	0	0	0	0	0	5.154639	0	2.57732	0	2.57732	0	0	0	5.154639	0	0	0	2.57732	0	0	0	0	41.237113	268.041237	154.639175	110.824742	10.309278	15.463918	2.57732	10.309278	79.896907	15.463918	59.278351	20.618557	28.350515	48.969072	7.731959	146.907216	2.57732	85.051546	48.969072	2.57732	12.886598	0	10.309278	10.309278	149.484536	0	61.85567	92.783505	92.783505	12.886598	2.57732	5.154639	7.731959	0	0	23.195876	0	5.154639	7.731959	54.123711	5.154639	5.154639	2.57732	5.154639	7.731959	0	0	0	5.154639	5.154639	0	0	51.546392	2.57732	0	0	0	0	0	0	0	10.309278	0	0	5.154639	0	0	2.57732	2.57732	0	0	25.773196	0	12.886598	7.731959	54.123711	0	2.57732	0	0	0	5.154639	0	2.57732	5.154639	0	0	0	0	0	0	5.154639	2.57732	0	0	0	0	0	0	12.886598	87.628866	7.731959	74.742268	0	51.546392	0	2.57732	2.57732	0	5.154639	0	0	0	0	2.57732	5.154639	41.237113	10.309278	0	0	5.154639	2.57732	0	20.618557	12.886598	0	0	0	0	2.57732	0	0	0	0	0	5.154639	0	0	2.57732	0	0	0	0	0	0	0	0	0	0	0	0	0	2.57732	0	0	0	0	0	12.886598	0	2.57732	0	0	0	2.57732	7.731959	0	0	2.57732	2.57732	0	0	0	0	0	0	5.154639	0	0	2.57732	0	0	0	0	0	0	0	0	0	0	0	0	0	0	0	0	0	0	0	0	0	0	0	0	201.030928	7.731959	309.278351	162.371134	108.247423	28.350515	170.103093	67.010309	2.57732	5.154639	7.731959	0	0	2.57732	20.618557	2.57732	7.731959	0	46.391753	0
36727_composicao_gemini-3.6-flash.txt	menores_notas_gemini	351	88.319088	11.396011	113.960114	25.641026	2.849003	5.698006	2.849003	0	0	0	0	0	2.849003	0	0	0	0	0	0	0	5.698006	0	0	0	5.698006	0	0	0	0	11.396011	316.239316	190.883191	91.168091	28.490028	11.396011	2.849003	5.698006	94.017094	2.849003	79.77208	22.792023	0	45.584046	17.094017	82.621083	5.698006	59.82906	39.88604	0	11.396011	0	11.396011	19.94302	119.65812	0	37.037037	79.77208	85.470085	5.698006	8.547009	0	0	2.849003	0	25.641026	0	0	2.849003	37.037037	5.698006	0	0	0	0	0	0	0	2.849003	0	0	0	45.584046	5.698006	5.698006	0	0	0	0	0	0	0	0	0	0	0	0	0	0	0	2.849003	5.698006	0	19.94302	17.094017	56.980057	0	0	0	2.849003	0	17.094017	2.849003	0	0	0	2.849003	5.698006	0	0	0	0	0	0	0	0	0	0	0	2.849003	68.376068	8.547009	122.507123	0	59.82906	2.849003	2.849003	0	0	0	0	0	0	5.698006	2.849003	2.849003	48.433048	11.396011	0	0	5.698006	2.849003	0	5.698006	19.94302	8.547009	0	0	0	2.849003	0	0	0	0	0	5.698006	0	0	11.396011	0	0	0	0	0	0	2.849003	0	0	0	0	0	2.849003	0	0	0	0	0	0	2.849003	0	0	0	0	0	0	2.849003	0	0	0	2.849003	0	0	0	0	0	0	2.849003	0	0	0	0	0	0	0	0	0	0	0	0	0	0	0	0	0	0	0	0	0	0	0	0	0	0	0	213.675214	5.698006	327.635328	145.299145	99.7151	19.94302	199.430199	74.074074	0	5.698006	2.849003	0	0	2.849003	5.698006	2.849003	2.849003	5.698006	42.735043	0
36742_composicao_gemini-3.6-flash.txt	menores_notas_gemini	348	91.954023	11.494253	91.954023	11.494253	0	8.62069	5.747126	0	0	0	0	0	5.747126	0	0	0	2.873563	0	2.873563	0	8.62069	0	2.873563	0	8.62069	0	0	0	0	22.988506	313.218391	201.149425	80.45977	17.241379	17.241379	14.367816	5.747126	83.333333	5.747126	63.218391	22.988506	2.873563	45.977011	0	109.195402	5.747126	68.965517	57.471264	11.494253	17.241379	0	0	14.367816	146.551724	0	40.229885	97.701149	71.83908	17.241379	11.494253	2.873563	2.873563	2.873563	0	28.735632	0	0	2.873563	54.597701	5.747126	2.873563	2.873563	0	2.873563	0	0	0	2.873563	2.873563	0	0	54.597701	0	0	0	0	0	0	0	0	2.873563	0	0	5.747126	0	0	0	5.747126	2.873563	0	17.241379	0	11.494253	22.988506	54.597701	0	5.747126	0	2.873563	0	5.747126	2.873563	0	0	0	0	2.873563	0	0	0	0	0	0	0	0	0	0	2.873563	11.494253	89.08046	43.103448	100.574713	0	71.83908	0	0	0	0	0	2.873563	0	0	8.62069	0	0	66.091954	5.747126	0	0	8.62069	0	0	17.241379	11.494253	0	0	0	0	5.747126	0	0	0	0	0	8.62069	0	0	0	0	0	0	0	0	0	0	0	0	0	0	0	0	0	0	0	0	0	0	5.747126	0	5.747126	0	0	0	0	17.241379	0	0	0	5.747126	0	0	0	0	0	0	5.747126	0	0	0	0	0	0	0	0	0	0	0	0	0	0	0	0	0	0	0	0	0	0	0	0	0	0	0	103.448276	11.494253	336.206897	166.666667	91.954023	17.241379	186.781609	77.586207	8.62069	8.62069	5.747126	0	0	0	25.862069	5.747126	2.873563	2.873563	51.724138	0
36797_composicao_gemini-3.6-flash.txt	menores_notas_gemini	444	130.630631	15.765766	56.306306	2.252252	13.513514	6.756757	4.504505	6.756757	0	0	0	2.252252	18.018018	4.504505	2.252252	2.252252	18.018018	0	2.252252	4.504505	9.009009	2.252252	4.504505	2.252252	11.261261	2.252252	0	0	2.252252	38.288288	225.225225	110.36036	112.612613	22.522523	6.756757	4.504505	20.27027	22.522523	0	22.522523	31.531532	0	74.324324	2.252252	63.063063	29.279279	29.279279	29.279279	6.756757	6.756757	0	9.009009	9.009009	54.054054	2.252252	6.756757	60.810811	141.891892	15.765766	18.018018	24.774775	22.522523	18.018018	4.504505	11.261261	4.504505	4.504505	4.504505	49.54955	11.261261	0	13.513514	18.018018	4.504505	2.252252	2.252252	4.504505	0	0	9.009009	2.252252	9.009009	40.540541	38.288288	15.765766	0	0	9.009009	0	0	0	6.756757	0	9.009009	0	0	0	4.504505	0	2.252252	36.036036	0	9.009009	22.522523	108.108108	11.261261	9.009009	0	9.009009	2.252252	6.756757	0	2.252252	2.252252	0	6.756757	4.504505	0	0	0	2.252252	0	0	0	0	0	2.252252	2.252252	0	72.072072	2.252252	56.306306	0	45.045045	0	6.756757	0	4.504505	0	2.252252	0	0	9.009009	27.027027	0	31.531532	18.018018	0	0	9.009009	27.027027	2.252252	36.036036	9.009009	0	2.252252	18.018018	0	9.009009	0	0	0	0	0	4.504505	2.252252	0	11.261261	0	15.765766	6.756757	2.252252	0	0	2.252252	0	0	0	0	0	24.774775	2.252252	0	0	0	0	2.252252	4.504505	0	0	2.252252	2.252252	0	0	13.513514	0	0	11.261261	6.756757	0	0	0	0	0	0	0	0	0	0	0	0	0	0	0	0	0	0	0	0	0	0	0	0	0	0	0	0	0	0	0	0	0	0	146.396396	42.792793	263.513514	92.342342	177.927928	29.279279	130.630631	94.594595	20.27027	9.009009	0	0	0	27.027027	36.036036	27.027027	11.261261	4.504505	65.315315	13.513514
36827_composicao_gemini-3.6-flash.txt	menores_notas_gemini	406	96.059113	9.852217	83.743842	9.852217	0	0	4.926108	0	0	0	0	0	2.463054	0	0	0	2.463054	0	2.463054	0	14.778325	0	4.926108	0	2.463054	0	0	0	0	39.408867	214.285714	128.078818	83.743842	9.852217	7.389163	9.852217	4.926108	76.35468	22.167488	68.965517	29.55665	4.926108	29.55665	14.778325	98.522167	9.852217	66.502463	44.334975	9.852217	7.389163	2.463054	4.926108	12.315271	152.70936	0	39.408867	108.374384	66.502463	19.704433	14.778325	4.926108	2.463054	2.463054	4.926108	29.55665	2.463054	0	7.389163	54.187192	0	0	0	2.463054	0	0	0	2.463054	4.926108	0	0	0	36.945813	12.315271	0	0	2.463054	0	4.926108	0	0	2.463054	0	0	4.926108	0	0	0	4.926108	4.926108	2.463054	22.167488	0	9.852217	24.630542	56.650246	0	4.926108	0	7.389163	0	17.241379	2.463054	4.926108	2.463054	0	2.463054	9.852217	0	0	0	2.463054	0	0	0	0	0	2.463054	0	12.315271	88.669951	12.315271	83.743842	0	54.187192	0	0	0	0	0	0	0	2.463054	2.463054	2.463054	0	44.334975	4.926108	0	0	12.315271	2.463054	0	19.704433	9.852217	0	0	0	0	7.389163	0	0	0	0	0	9.852217	2.463054	0	17.241379	0	0	0	0	0	2.463054	0	0	0	0	0	0	0	2.463054	0	0	0	0	0	2.463054	0	2.463054	0	2.463054	0	0	9.852217	0	0	2.463054	0	0	0	0	0	0	0	2.463054	0	0	0	0	0	0	0	0	0	0	0	0	0	0	0	0	0	0	0	0	0	0	0	0	0	0	0	189.655172	24.630542	322.660099	174.876847	96.059113	27.093596	189.655172	61.576355	9.852217	14.778325	2.463054	0	0	2.463054	22.167488	2.463054	7.389163	9.852217	56.650246	0
36856_composicao_gemini-3.6-flash.txt	menores_notas_gemini	367	106.26703	16.348774	84.468665	13.623978	2.724796	2.724796	13.623978	0	0	0	0	0	2.724796	0	0	0	2.724796	0	0	0	2.724796	0	0	0	2.724796	0	0	0	0	57.220708	283.378747	188.010899	100.817439	10.899183	13.623978	13.623978	5.449591	87.19346	24.523161	76.294278	38.147139	10.899183	59.945504	0	59.945504	13.623978	70.844687	49.046322	2.724796	19.073569	0	2.724796	10.899183	119.891008	0	29.972752	95.367847	79.019074	19.073569	13.623978	8.174387	2.724796	0	0	24.523161	0	2.724796	2.724796	32.697548	10.899183	0	2.724796	5.449591	0	2.724796	0	2.724796	0	0	0	0	51.771117	2.724796	0	0	5.449591	0	0	0	0	0	0	0	5.449591	0	5.449591	0	0	0	0	16.348774	0	8.174387	13.623978	59.945504	0	0	0	2.724796	0	5.449591	8.174387	2.724796	0	0	5.449591	8.174387	0	0	0	0	0	0	0	0	0	0	2.724796	13.623978	89.918256	8.174387	84.468665	0	40.871935	0	8.174387	5.449591	2.724796	0	2.724796	0	0	2.724796	2.724796	0	35.422343	5.449591	0	0	2.724796	2.724796	0	16.348774	8.174387	8.174387	2.724796	0	0	0	0	0	0	0	0	2.724796	0	0	8.174387	0	2.724796	0	0	0	0	0	0	0	0	0	0	2.724796	0	0	0	2.724796	0	0	2.724796	0	0	0	0	0	2.724796	2.724796	0	0	0	2.724796	0	0	0	0	0	0	2.724796	0	0	0	0	0	0	0	0	0	0	0	0	0	0	0	0	0	0	0	0	0	0	0	0	0	0	0	122.615804	2.724796	340.599455	144.414169	98.092643	16.348774	179.836512	65.395095	0	2.724796	2.724796	0	0	2.724796	16.348774	2.724796	5.449591	8.174387	38.147139	0
36867_composicao_gemini-3.6-flash.txt	menores_notas_gemini	351	105.413105	2.849003	99.7151	8.547009	5.698006	2.849003	5.698006	0	0	0	0	0	0	0	0	0	8.547009	0	2.849003	0	2.849003	0	2.849003	0	5.698006	0	0	0	0	25.641026	310.541311	156.695157	105.413105	28.490028	14.245014	8.547009	2.849003	79.77208	11.396011	79.77208	22.792023	8.547009	37.037037	14.245014	51.282051	8.547009	79.77208	22.792023	0	5.698006	0	0	2.849003	125.356125	0	56.980057	94.017094	91.168091	8.547009	8.547009	2.849003	2.849003	2.849003	2.849003	19.94302	0	2.849003	11.396011	51.282051	5.698006	2.849003	0	5.698006	0	0	0	2.849003	5.698006	2.849003	0	0	22.792023	22.792023	0	0	2.849003	0	0	0	0	2.849003	0	0	5.698006	0	0	0	2.849003	0	0	25.641026	0	14.245014	14.245014	48.433048	0	2.849003	0	0	0	14.245014	0	0	0	0	2.849003	2.849003	0	2.849003	0	0	0	0	2.849003	0	0	2.849003	0	17.094017	85.470085	22.792023	99.7151	0	59.82906	0	2.849003	0	0	0	0	0	0	0	0	0	54.131054	8.547009	0	0	2.849003	0	0	25.641026	14.245014	2.849003	0	0	0	8.547009	0	0	0	0	0	2.849003	0	0	8.547009	0	0	0	0	0	0	0	0	0	0	0	0	0	0	0	0	0	0	0	11.396011	0	2.849003	0	2.849003	0	0	11.396011	0	0	0	8.547009	0	0	0	0	0	0	2.849003	0	0	0	0	0	0	0	0	0	0	0	0	0	0	0	0	0	0	0	0	0	5.698006	0	0	0	0	0	108.262108	5.698006	336.182336	136.752137	99.7151	19.94302	207.977208	62.678063	2.849003	2.849003	2.849003	0	5.698006	0	25.641026	0	11.396011	8.547009	54.131054	0
36872_composicao_gemini-3.6-flash.txt	menores_notas_gemini	395	113.924051	10.126582	101.265823	12.658228	5.063291	5.063291	5.063291	2.531646	0	0	0	0	7.594937	2.531646	0	2.531646	7.594937	0	0	0	5.063291	0	0	2.531646	5.063291	0	0	0	0	2.531646	308.860759	124.050633	86.075949	25.316456	12.658228	0	2.531646	81.012658	12.658228	78.481013	20.253165	0	32.911392	12.658228	81.012658	7.594937	60.759494	43.037975	2.531646	17.721519	0	5.063291	7.594937	134.177215	0	32.911392	86.075949	96.202532	7.594937	7.594937	5.063291	7.594937	2.531646	2.531646	22.78481	0	0	0	55.696203	10.126582	5.063291	0	0	0	0	0	2.531646	2.531646	2.531646	0	0	45.56962	5.063291	2.531646	0	2.531646	0	0	0	0	0	0	0	2.531646	0	0	0	5.063291	0	2.531646	20.253165	0	22.78481	12.658228	55.696203	2.531646	2.531646	0	5.063291	0	5.063291	0	0	0	0	2.531646	0	0	0	0	0	0	0	0	0	0	0	0	7.594937	75.949367	2.531646	101.265823	0	50.632911	0	2.531646	0	0	0	0	0	0	2.531646	2.531646	0	40.506329	10.126582	0	0	5.063291	2.531646	5.063291	20.253165	22.78481	0	0	2.531646	0	7.594937	0	0	0	0	0	2.531646	0	5.063291	5.063291	0	0	2.531646	0	0	0	0	0	0	0	0	0	2.531646	0	0	0	0	2.531646	0	0	0	2.531646	0	5.063291	0	0	10.126582	0	0	0	7.594937	0	0	0	0	0	0	0	0	0	2.531646	0	0	0	0	0	0	0	0	0	0	0	0	0	0	0	0	0	0	2.531646	0	0	0	0	0	124.050633	15.189873	311.392405	149.367089	111.392405	17.721519	179.746835	58.227848	5.063291	7.594937	2.531646	0	2.531646	2.531646	20.253165	2.531646	5.063291	0	55.696203	2.531646
36973_composicao_gemini-3.6-flash.txt	menores_notas_gemini	339	91.445428	2.949853	120.943953	8.849558	2.949853	5.899705	0	0	0	0	0	0	5.899705	0	0	0	5.899705	0	2.949853	0	0	0	2.949853	0	5.899705	0	0	0	0	17.699115	309.734513	194.690265	79.646018	29.498525	17.699115	2.949853	0	94.39528	14.749263	70.79646	29.498525	5.899705	32.448378	0	50.147493	11.79941	79.646018	41.297935	8.849558	14.749263	0	2.949853	26.548673	112.094395	0	53.097345	100.294985	88.495575	11.79941	11.79941	8.849558	0	0	0	0	0	0	0	47.19764	14.749263	0	0	5.899705	0	0	0	0	0	0	0	0	14.749263	23.59882	0	0	2.949853	0	0	0	0	0	0	0	5.899705	0	0	0	5.899705	0	0	20.648968	0	11.79941	32.448378	41.297935	0	5.899705	0	5.899705	0	5.899705	0	0	2.949853	0	2.949853	2.949853	0	0	0	2.949853	0	0	0	0	0	0	0	0	70.79646	14.749263	120.943953	0	64.896755	0	5.899705	2.949853	0	2.949853	0	0	0	0	0	0	56.047198	8.849558	0	0	0	0	0	20.648968	11.79941	0	0	0	0	0	0	0	0	0	0	0	0	0	26.548673	0	0	0	0	0	0	0	0	0	0	0	0	0	0	0	0	0	0	0	0	0	2.949853	0	2.949853	0	2.949853	5.899705	0	0	0	5.899705	0	0	0	0	0	0	0	0	0	0	0	0	0	0	0	0	0	0	0	0	0	0	0	0	0	0	0	0	0	0	0	0	0	0	94.39528	8.849558	327.433628	150.442478	106.19469	17.699115	206.489676	76.696165	5.899705	0	0	0	0	0	20.648968	0	0	2.949853	64.896755	0
37010_composicao_gemini-3.6-flash.txt	menores_notas_gemini	360	133.333333	11.111111	77.777778	13.888889	0	0	2.777778	2.777778	0	0	0	0	2.777778	0	0	0	2.777778	0	0	0	5.555556	2.777778	0	0	0	0	0	0	0	30.555556	294.444444	163.888889	108.333333	5.555556	8.333333	2.777778	11.111111	88.888889	16.666667	66.666667	30.555556	5.555556	58.333333	19.444444	158.333333	22.222222	80.555556	41.666667	11.111111	5.555556	0	8.333333	19.444444	122.222222	2.777778	44.444444	83.333333	83.333333	5.555556	8.333333	2.777778	2.777778	2.777778	2.777778	30.555556	2.777778	0	0	66.666667	8.333333	0	0	0	0	0	2.777778	2.777778	0	0	0	0	58.333333	0	0	0	2.777778	0	0	0	0	0	0	0	5.555556	0	0	0	8.333333	0	0	11.111111	0	16.666667	27.777778	61.111111	0	8.333333	0	0	0	11.111111	5.555556	2.777778	2.777778	0	5.555556	8.333333	0	0	0	2.777778	0	0	0	0	0	0	2.777778	5.555556	69.444444	8.333333	77.777778	0	44.444444	0	5.555556	0	0	0	0	0	0	2.777778	0	0	38.888889	5.555556	0	0	5.555556	0	2.777778	11.111111	16.666667	2.777778	0	0	0	2.777778	0	0	0	0	0	2.777778	0	0	5.555556	0	0	0	0	0	0	0	0	0	0	0	0	0	0	0	0	0	0	0	0	0	2.777778	0	5.555556	0	0	2.777778	0	0	2.777778	2.777778	0	0	0	0	0	0	2.777778	0	0	0	0	0	0	0	0	0	0	0	0	0	0	0	0	0	0	0	0	0	0	0	0	0	0	0	144.444444	11.111111	325	163.888889	97.222222	33.333333	152.777778	50	8.333333	5.555556	2.777778	0	0	0	11.111111	0	2.777778	8.333333	55.555556	0
37034_composicao_gemini-3.6-flash.txt	menores_notas_gemini	362	93.922652	13.812155	96.685083	11.049724	0	5.524862	2.762431	2.762431	0	0	0	0	19.337017	0	11.049724	0	8.287293	0	0	0	8.287293	0	0	0	5.524862	0	0	0	0	44.198895	259.668508	171.270718	96.685083	22.099448	16.574586	0	11.049724	63.535912	16.574586	66.298343	22.099448	2.762431	38.674033	0	88.39779	11.049724	55.248619	49.723757	2.762431	22.099448	0	5.524862	19.337017	121.546961	0	30.38674	71.823204	93.922652	22.099448	11.049724	2.762431	8.287293	2.762431	0	8.287293	2.762431	11.049724	0	41.436464	8.287293	0	0	2.762431	0	0	0	2.762431	0	0	0	0	35.911602	13.812155	0	0	2.762431	0	0	0	0	11.049724	0	0	0	0	2.762431	2.762431	8.287293	8.287293	5.524862	30.38674	0	11.049724	19.337017	52.486188	0	19.337017	0	5.524862	0	8.287293	0	2.762431	0	0	5.524862	0	5.524862	0	0	0	0	0	0	0	0	0	0	0	91.160221	2.762431	96.685083	0	49.723757	2.762431	0	0	0	2.762431	0	0	11.049724	5.524862	2.762431	2.762431	44.198895	8.287293	2.762431	0	8.287293	2.762431	0	16.574586	11.049724	2.762431	0	2.762431	0	8.287293	0	0	0	0	0	8.287293	0	0	8.287293	0	0	2.762431	0	0	0	0	0	0	0	0	0	2.762431	0	0	0	0	2.762431	0	0	0	2.762431	0	2.762431	0	5.524862	22.099448	0	2.762431	13.812155	5.524862	0	0	0	0	0	0	2.762431	0	0	0	0	0	0	0	0	0	0	0	0	0	0	0	0	0	0	0	0	0	0	0	0	0	0	0	204.41989	27.624309	303.867403	151.933702	116.022099	22.099448	190.607735	80.110497	27.624309	8.287293	2.762431	0	0	2.762431	30.38674	2.762431	2.762431	5.524862	49.723757	2.762431
37043_composicao_gemini-3.6-flash.txt	menores_notas_gemini	345	110.144928	5.797101	104.347826	8.695652	14.492754	11.594203	5.797101	2.898551	0	0	0	8.695652	5.797101	0	0	0	2.898551	0	0	2.898551	2.898551	0	2.898551	0	11.594203	8.695652	0	0	8.695652	75.362319	237.681159	139.130435	136.231884	31.884058	8.695652	2.898551	14.492754	49.275362	0	28.985507	34.782609	0	40.57971	0	60.869565	14.492754	26.086957	52.173913	5.797101	8.695652	0	0	20.289855	63.768116	2.898551	11.594203	34.782609	118.84058	14.492754	5.797101	20.289855	2.898551	5.797101	2.898551	14.492754	5.797101	11.594203	2.898551	57.971014	5.797101	0	0	8.695652	5.797101	8.695652	0	0	0	2.898551	0	0	14.492754	37.681159	11.594203	0	0	0	0	0	0	0	0	0	0	0	11.594203	0	0	0	2.898551	46.376812	0	20.289855	5.797101	63.768116	0	0	0	2.898551	0	2.898551	11.594203	2.898551	2.898551	0	5.797101	11.594203	0	0	0	2.898551	0	0	0	0	0	2.898551	2.898551	0	60.869565	8.695652	107.246377	0	49.275362	0	11.594203	0	0	0	2.898551	0	0	5.797101	2.898551	0	40.57971	11.594203	0	0	2.898551	2.898551	0	46.376812	20.289855	5.797101	0	0	0	5.797101	0	0	0	0	0	2.898551	0	0	2.898551	0	2.898551	0	0	0	0	0	0	0	0	0	0	2.898551	0	0	0	5.797101	2.898551	0	0	0	5.797101	0	0	0	0	17.391304	0	0	0	5.797101	0	0	0	0	0	0	0	0	0	0	0	0	0	0	0	0	0	0	0	0	0	0	0	0	0	0	0	0	0	0	0	0	0	0	220.289855	17.391304	313.043478	98.550725	136.231884	28.985507	176.811594	72.463768	0	2.898551	0	0	0	2.898551	46.376812	2.898551	2.898551	11.594203	72.463768	0
37063_composicao_gemini-3.6-flash.txt	menores_notas_gemini	325	107.692308	15.384615	80	12.307692	3.076923	3.076923	3.076923	3.076923	0	0	0	0	3.076923	0	0	0	3.076923	0	3.076923	0	6.153846	0	3.076923	0	0	0	0	0	0	12.307692	310.769231	156.923077	126.153846	6.153846	6.153846	6.153846	12.307692	73.846154	6.153846	80	40	21.538462	43.076923	15.384615	92.307692	6.153846	46.153846	73.846154	6.153846	9.230769	0	0	12.307692	132.307692	0	33.846154	61.538462	86.153846	21.538462	9.230769	0	3.076923	0	0	0	0	0	6.153846	61.538462	0	3.076923	0	6.153846	3.076923	0	0	3.076923	3.076923	0	0	0	55.384615	3.076923	0	0	3.076923	0	0	0	0	3.076923	0	0	3.076923	0	0	0	12.307692	0	0	18.461538	3.076923	12.307692	12.307692	61.538462	0	12.307692	0	6.153846	0	0	9.230769	3.076923	0	0	3.076923	3.076923	0	0	0	0	0	0	0	0	0	3.076923	6.153846	30.769231	86.153846	24.615385	80	0	58.461538	0	3.076923	0	0	0	0	0	0	3.076923	0	3.076923	49.230769	9.230769	3.076923	0	6.153846	0	0	18.461538	12.307692	0	0	0	0	3.076923	0	0	0	0	0	6.153846	0	0	3.076923	0	0	0	0	0	0	0	0	0	0	0	0	0	0	0	0	0	0	0	6.153846	0	0	0	0	0	0	12.307692	0	0	3.076923	0	0	0	0	0	3.076923	0	6.153846	0	0	0	0	0	0	0	0	0	0	0	0	0	0	0	0	0	0	0	0	0	0	0	0	0	0	0	203.076923	27.692308	323.076923	150.769231	107.692308	40	175.384615	70.769231	12.307692	6.153846	9.230769	0	0	0	18.461538	0	6.153846	12.307692	43.076923	0
37078_composicao_gemini-3.6-flash.txt	menores_notas_gemini	346	106.936416	8.67052	104.046243	14.450867	2.890173	2.890173	0	0	0	0	0	0	2.890173	0	0	0	2.890173	0	2.890173	0	11.560694	0	2.890173	0	2.890173	0	0	0	0	11.560694	312.138728	190.751445	80.924855	28.901734	28.901734	2.890173	11.560694	63.583815	5.780347	72.254335	11.560694	17.34104	34.682081	11.560694	78.034682	5.780347	52.023121	28.901734	2.890173	26.011561	0	14.450867	17.34104	106.936416	0	28.901734	83.815029	89.595376	17.34104	11.560694	2.890173	5.780347	0	0	40.462428	0	0	5.780347	57.803468	11.560694	0	0	5.780347	0	2.890173	5.780347	0	2.890173	0	0	2.890173	46.242775	2.890173	0	0	0	0	0	0	0	8.67052	0	0	8.67052	0	0	0	8.67052	0	2.890173	23.121387	0	14.450867	20.231214	49.132948	2.890173	5.780347	0	0	2.890173	14.450867	5.780347	2.890173	0	0	2.890173	5.780347	0	0	0	0	0	0	0	0	0	0	0	5.780347	95.375723	14.450867	106.936416	0	54.913295	0	2.890173	0	0	0	0	0	0	2.890173	0	2.890173	46.242775	8.67052	0	0	11.560694	0	2.890173	17.34104	14.450867	0	0	0	0	2.890173	0	0	0	0	0	11.560694	0	0	5.780347	0	0	0	0	0	0	0	0	0	0	0	0	0	0	0	0	2.890173	0	0	2.890173	2.890173	2.890173	0	0	0	5.780347	8.67052	0	0	0	2.890173	0	0	0	0	0	0	8.67052	0	0	0	0	0	0	0	0	0	0	0	0	0	0	0	0	0	0	0	0	0	0	0	0	0	0	0	115.606936	17.34104	323.699422	130.057803	112.716763	20.231214	210.982659	63.583815	8.67052	11.560694	8.67052	0	0	0	23.121387	0	5.780347	0	57.803468	0
37094_composicao_gemini-3.6-flash.txt	menores_notas_gemini	367	108.991826	16.348774	68.119891	8.174387	0	2.724796	2.724796	2.724796	0	0	0	0	13.623978	2.724796	5.449591	0	13.623978	0	0	2.724796	10.899183	0	0	0	2.724796	0	0	0	0	32.697548	275.20436	160.762943	111.716621	32.697548	16.348774	5.449591	19.073569	76.294278	16.348774	62.6703	29.972752	0	32.697548	5.449591	87.19346	32.697548	62.6703	59.945504	8.174387	10.899183	0	0	13.623978	119.891008	2.724796	38.147139	106.26703	70.844687	24.523161	21.798365	2.724796	8.174387	5.449591	2.724796	19.073569	0	5.449591	0	40.871935	10.899183	0	2.724796	2.724796	0	0	0	0	0	0	0	0	54.495913	0	0	0	2.724796	0	0	0	0	5.449591	0	0	0	0	0	0	13.623978	0	5.449591	16.348774	0	8.174387	8.174387	57.220708	0	13.623978	0	2.724796	0	0	5.449591	2.724796	2.724796	0	5.449591	5.449591	0	0	0	2.724796	0	0	0	0	0	0	5.449591	2.724796	84.468665	13.623978	70.844687	0	65.395095	0	2.724796	0	0	0	2.724796	0	0	2.724796	2.724796	5.449591	62.6703	2.724796	2.724796	2.724796	10.899183	2.724796	0	16.348774	5.449591	0	0	0	0	8.174387	0	0	0	0	0	10.899183	0	0	0	0	0	0	0	0	2.724796	0	0	0	0	0	0	0	2.724796	0	0	0	0	0	0	0	5.449591	0	5.449591	0	0	5.449591	0	0	5.449591	8.174387	0	0	0	0	0	0	5.449591	0	0	0	0	0	0	0	0	0	0	0	0	0	0	0	0	0	0	0	0	0	0	0	0	0	0	0	193.46049	29.972752	307.901907	166.212534	95.367847	21.798365	166.212534	84.468665	13.623978	10.899183	5.449591	0	0	2.724796	16.348774	2.724796	0	5.449591	32.697548	0
37099_composicao_gemini-3.6-flash.txt	menores_notas_gemini	378	84.656085	10.582011	97.883598	15.873016	2.645503	0	10.582011	0	0	0	0	0	13.227513	0	0	0	7.936508	0	5.291005	0	2.645503	0	5.291005	2.645503	0	0	0	0	0	10.582011	306.878307	193.121693	95.238095	15.873016	13.227513	7.936508	0	84.656085	13.227513	68.783069	18.518519	21.164021	42.328042	15.873016	55.555556	10.582011	52.910053	50.26455	2.645503	0	0	5.291005	7.936508	108.465608	0	39.68254	50.26455	87.301587	18.518519	15.873016	0	5.291005	0	5.291005	37.037037	2.645503	2.645503	5.291005	55.555556	13.227513	0	2.645503	0	2.645503	0	0	0	5.291005	0	0	0	44.973545	15.873016	0	0	2.645503	0	0	0	0	0	0	0	2.645503	0	0	0	7.936508	0	5.291005	21.164021	0	13.227513	26.455026	63.492063	5.291005	2.645503	0	0	0	13.227513	2.645503	0	0	0	2.645503	7.936508	0	0	0	0	0	0	0	0	2.645503	0	2.645503	7.936508	95.238095	37.037037	108.465608	0	42.328042	0	0	0	0	0	2.645503	0	5.291005	5.291005	0	0	34.391534	7.936508	0	0	2.645503	0	2.645503	21.164021	13.227513	0	0	0	0	13.227513	0	0	0	0	0	0	0	0	13.227513	0	0	0	0	0	0	0	0	0	0	0	2.645503	0	0	0	0	0	0	7.936508	5.291005	0	0	0	2.645503	0	0	21.164021	0	0	0	13.227513	0	0	0	0	0	0	0	0	0	0	0	0	0	0	0	0	0	0	0	0	0	0	0	0	0	0	0	0	0	0	0	0	0	0	193.121693	21.164021	317.460317	132.275132	105.820106	26.455026	232.804233	50.26455	7.936508	2.645503	0	0	0	0	34.391534	2.645503	5.291005	10.582011	60.846561	0
37158_composicao_gemini-3.6-flash.txt	menores_notas_gemini	319	112.852665	9.404389	72.100313	6.269592	0	0	3.134796	0	0	0	0	0	0	0	0	0	0	0	0	0	6.269592	0	0	0	0	0	0	0	0	6.269592	219.435737	172.413793	112.852665	3.134796	6.269592	3.134796	0	106.583072	0	100.31348	15.673981	15.673981	40.752351	25.07837	84.639498	9.404389	94.043887	62.695925	9.404389	0	0	3.134796	12.539185	150.470219	0	59.561129	106.583072	84.639498	12.539185	9.404389	0	0	0	0	28.213166	0	0	3.134796	62.695925	3.134796	3.134796	0	0	0	0	0	0	3.134796	0	0	0	50.15674	3.134796	0	0	3.134796	0	0	0	0	3.134796	0	0	6.269592	0	0	0	6.269592	3.134796	0	12.539185	0	15.673981	12.539185	56.426332	0	6.269592	0	9.404389	0	9.404389	6.269592	3.134796	0	0	3.134796	6.269592	0	0	0	0	0	0	0	0	0	0	3.134796	9.404389	81.504702	9.404389	78.369906	0	56.426332	0	3.134796	0	0	0	0	0	0	6.269592	3.134796	3.134796	43.887147	9.404389	0	0	6.269592	3.134796	0	12.539185	15.673981	0	0	0	0	3.134796	0	0	0	0	0	6.269592	0	0	6.269592	0	0	0	0	0	3.134796	0	0	0	0	0	0	0	3.134796	0	0	0	0	0	0	0	3.134796	0	3.134796	0	0	9.404389	0	0	0	0	0	0	0	0	0	0	3.134796	0	0	0	0	0	0	0	0	0	0	0	0	0	0	0	0	0	0	0	0	0	0	0	3.134796	0	0	0	194.357367	6.269592	326.018809	172.413793	103.448276	25.07837	169.278997	68.965517	9.404389	6.269592	3.134796	0	0	3.134796	15.673981	3.134796	3.134796	0	40.752351	3.134796
37212_composicao_gemini-3.6-flash.txt	menores_notas_gemini	339	129.79351	14.749263	91.445428	8.849558	17.699115	5.899705	0	0	0	0	2.949853	5.899705	11.79941	2.949853	0	0	11.79941	0	0	11.79941	8.849558	0	0	0	11.79941	5.899705	0	0	5.899705	53.097345	250.737463	115.044248	123.893805	50.147493	14.749263	2.949853	2.949853	56.047198	5.899705	56.047198	44.247788	0	53.097345	0	70.79646	14.749263	17.699115	50.147493	5.899705	8.849558	0	5.899705	17.699115	67.846608	0	2.949853	17.699115	97.345133	11.79941	11.79941	41.297935	0	5.899705	8.849558	14.749263	2.949853	0	0	44.247788	5.899705	0	0	17.699115	14.749263	0	0	0	0	0	0	0	14.749263	53.097345	2.949853	0	0	0	2.949853	0	0	0	5.899705	0	0	2.949853	0	0	0	0	0	11.79941	0	17.699115	11.79941	73.746313	0	0	0	5.899705	0	5.899705	2.949853	2.949853	0	0	0	2.949853	0	0	0	0	0	0	0	0	0	0	0	2.949853	85.545723	8.849558	100.294985	0	47.19764	0	0	0	0	0	0	0	2.949853	0	8.849558	0	35.39823	11.79941	0	0	8.849558	8.849558	5.899705	11.79941	14.749263	2.949853	0	11.79941	0	11.79941	0	0	0	0	0	8.849558	0	0	5.899705	0	8.849558	0	0	0	0	0	0	0	0	0	0	5.899705	2.949853	0	0	0	0	0	0	0	0	0	0	0	5.899705	11.79941	0	0	8.849558	2.949853	0	0	0	0	0	0	2.949853	0	0	0	0	0	0	0	0	0	0	0	0	0	0	0	0	0	0	0	0	0	0	0	0	0	0	0	144.542773	41.297935	303.834808	100.294985	109.144543	20.648968	194.690265	50.147493	0	8.849558	2.949853	0	0	8.849558	11.79941	8.849558	0	2.949853	41.297935	2.949853
37224_composicao_gemini-3.6-flash.txt	menores_notas_gemini	354	96.045198	8.474576	70.621469	14.124294	11.299435	0	0	0	0	0	0	0	5.649718	0	0	0	5.649718	0	0	0	5.649718	0	0	0	0	0	0	0	0	25.423729	285.310734	172.316384	104.519774	14.124294	14.124294	8.474576	2.824859	96.045198	5.649718	81.920904	11.299435	11.299435	33.898305	11.299435	87.570621	11.299435	70.621469	56.497175	14.124294	16.949153	0	5.649718	16.949153	141.242938	0	45.19774	98.870056	90.39548	22.59887	14.124294	2.824859	0	0	2.824859	28.248588	0	0	2.824859	50.847458	2.824859	5.649718	0	2.824859	2.824859	0	2.824859	0	2.824859	0	0	2.824859	39.548023	2.824859	2.824859	0	2.824859	0	0	0	0	0	0	0	11.299435	0	0	0	5.649718	0	0	22.59887	0	28.248588	16.949153	48.022599	2.824859	2.824859	0	5.649718	0	8.474576	2.824859	5.649718	2.824859	0	8.474576	5.649718	0	0	0	2.824859	0	0	0	0	0	0	0	8.474576	93.220339	5.649718	79.096045	0	56.497175	0	5.649718	0	0	0	0	0	0	0	2.824859	0	50.847458	8.474576	0	0	5.649718	2.824859	0	22.59887	28.248588	0	0	2.824859	0	5.649718	0	0	0	0	0	2.824859	2.824859	0	5.649718	0	2.824859	0	0	0	0	0	0	0	0	0	0	2.824859	0	0	0	0	0	2.824859	2.824859	0	5.649718	0	2.824859	0	2.824859	11.299435	0	0	2.824859	2.824859	0	0	0	0	0	0	2.824859	0	0	0	0	0	0	0	0	0	0	0	0	0	0	0	0	0	0	0	0	0	0	0	0	0	0	0	104.519774	11.299435	310.734463	169.491525	110.169492	31.073446	177.966102	64.971751	5.649718	5.649718	2.824859	0	0	2.824859	22.59887	2.824859	2.824859	5.649718	67.79661	2.824859
37260_composicao_gemini-3.6-flash.txt	menores_notas_gemini	387	105.943152	18.087855	80.103359	18.087855	2.583979	5.167959	2.583979	0	0	0	0	2.583979	2.583979	2.583979	0	2.583979	5.167959	0	0	2.583979	20.671835	0	0	0	2.583979	2.583979	0	0	2.583979	10.335917	315.245478	201.550388	113.69509	20.671835	15.503876	5.167959	5.167959	64.599483	2.583979	64.599483	20.671835	0	23.255814	7.751938	69.767442	7.751938	41.343669	33.591731	2.583979	10.335917	0	0	10.335917	100.775194	2.583979	12.919897	74.935401	95.607235	10.335917	10.335917	5.167959	2.583979	2.583979	5.167959	10.335917	0	5.167959	2.583979	49.095607	7.751938	0	0	0	2.583979	2.583979	0	2.583979	5.167959	0	0	0	56.847545	2.583979	0	0	2.583979	0	0	0	0	2.583979	0	0	0	0	0	0	2.583979	0	0	15.503876	0	10.335917	15.503876	62.015504	5.167959	5.167959	0	0	0	12.919897	2.583979	2.583979	2.583979	0	7.751938	2.583979	0	0	0	2.583979	0	0	0	0	0	0	2.583979	5.167959	87.855297	12.919897	90.439276	0	59.431525	0	2.583979	0	0	2.583979	0	0	0	7.751938	0	2.583979	46.511628	5.167959	0	0	20.671835	0	0	15.503876	10.335917	10.335917	0	0	0	2.583979	0	0	0	0	0	20.671835	0	0	12.919897	0	0	0	0	0	0	0	0	0	0	0	0	0	0	0	0	0	0	0	2.583979	0	2.583979	0	2.583979	0	0	10.335917	0	0	0	2.583979	0	0	0	0	0	0	2.583979	0	0	0	0	0	0	0	0	0	0	0	0	0	0	0	0	0	0	0	0	0	0	0	0	0	0	0	124.031008	31.007752	325.581395	118.863049	105.943152	25.839793	191.21447	74.935401	10.335917	20.671835	2.583979	0	0	0	15.503876	0	7.751938	2.583979	41.343669	0
37345_composicao_gemini-3.6-flash.txt	menores_notas_gemini	336	98.214286	11.904762	98.214286	11.904762	5.952381	2.97619	2.97619	0	0	0	0	0	2.97619	2.97619	0	2.97619	2.97619	0	0	0	14.880952	0	0	5.952381	2.97619	0	0	0	0	32.738095	300.595238	151.785714	133.928571	23.809524	14.880952	2.97619	0	53.571429	8.928571	44.642857	59.52381	5.952381	41.666667	14.880952	47.619048	8.928571	38.690476	35.714286	0	2.97619	0	14.880952	2.97619	80.357143	0	14.880952	38.690476	104.166667	14.880952	17.857143	0	2.97619	0	0	17.857143	0	0	11.904762	59.52381	11.904762	0	0	0	0	0	0	2.97619	2.97619	5.952381	0	0	35.714286	29.761905	5.952381	0	0	0	0	0	0	0	0	0	5.952381	0	0	0	0	0	0	29.761905	0	2.97619	17.857143	71.428571	5.952381	5.952381	0	0	0	11.904762	0	0	5.952381	0	2.97619	2.97619	0	0	0	5.952381	0	0	0	0	0	0	2.97619	8.928571	89.285714	11.904762	98.214286	0	62.5	0	2.97619	2.97619	0	0	0	0	0	0	2.97619	0	50.595238	11.904762	0	0	14.880952	2.97619	0	29.761905	2.97619	0	0	2.97619	0	0	0	0	0	0	0	8.928571	0	5.952381	14.880952	0	0	0	0	0	2.97619	2.97619	0	0	0	0	0	2.97619	0	0	0	0	0	0	2.97619	0	5.952381	0	2.97619	0	0	8.928571	0	0	2.97619	0	0	0	0	0	0	0	0	0	0	0	0	0	0	0	0	0	0	0	0	0	0	0	0	0	0	0	0	0	0	0	0	0	0	0	208.333333	20.833333	336.309524	92.261905	122.02381	32.738095	199.404762	71.428571	11.904762	14.880952	0	0	0	2.97619	29.761905	2.97619	11.904762	2.97619	50.595238	2.97619
37377_composicao_gemini-3.6-flash.txt	menores_notas_gemini	395	116.455696	12.658228	96.202532	10.126582	0	5.063291	2.531646	0	0	0	0	0	0	0	0	0	0	0	0	0	15.189873	0	0	2.531646	5.063291	0	0	0	0	20.253165	286.075949	164.556962	103.797468	15.189873	12.658228	0	10.126582	75.949367	7.594937	70.886076	5.063291	5.063291	10.126582	0	70.886076	25.316456	58.227848	58.227848	0	7.594937	0	5.063291	20.253165	113.924051	0	45.56962	60.759494	75.949367	17.721519	15.189873	0	2.531646	2.531646	2.531646	17.721519	2.531646	2.531646	5.063291	35.443038	2.531646	0	2.531646	2.531646	0	0	0	2.531646	2.531646	0	0	0	58.227848	2.531646	0	0	2.531646	0	0	0	0	2.531646	0	0	0	0	2.531646	0	7.594937	0	5.063291	22.78481	0	0	17.721519	60.759494	0	7.594937	0	7.594937	0	10.126582	5.063291	0	0	0	2.531646	5.063291	0	0	0	0	0	0	0	0	0	0	5.063291	0	60.759494	20.253165	96.202532	0	60.759494	0	2.531646	0	0	0	2.531646	0	0	10.126582	5.063291	0	55.696203	2.531646	0	0	15.189873	5.063291	0	20.253165	0	5.063291	0	7.594937	0	0	0	0	0	0	0	5.063291	7.594937	0	7.594937	0	0	0	0	0	0	0	0	5.063291	0	0	0	5.063291	0	0	0	0	0	0	5.063291	0	5.063291	0	5.063291	0	0	5.063291	0	0	0	0	0	0	0	0	0	0	0	0	0	0	0	0	0	0	0	0	0	0	0	0	0	0	0	0	0	0	0	0	0	0	0	0	0	0	129.113924	0	306.329114	159.493671	93.670886	22.78481	172.151899	75.949367	7.594937	15.189873	0	0	0	5.063291	22.78481	5.063291	5.063291	5.063291	40.506329	7.594937
37442_composicao_gemini-3.6-flash.txt	menores_notas_gemini	321	102.803738	6.23053	96.573209	9.345794	3.115265	3.115265	6.23053	0	0	0	0	0	12.461059	0	0	0	12.461059	0	0	0	15.576324	0	3.115265	0	3.115265	0	0	0	0	6.23053	308.411215	124.610592	121.495327	28.037383	15.576324	6.23053	6.23053	71.65109	15.576324	59.190031	31.152648	15.576324	40.498442	18.691589	52.959502	6.23053	59.190031	43.613707	3.115265	9.345794	0	6.23053	3.115265	99.688474	3.115265	24.922118	65.420561	102.803738	15.576324	6.23053	0	3.115265	3.115265	0	34.267913	0	3.115265	6.23053	59.190031	9.345794	0	0	0	0	0	0	0	3.115265	3.115265	0	0	52.959502	0	0	0	3.115265	0	3.115265	0	0	3.115265	0	0	6.23053	0	3.115265	0	21.806854	0	0	28.037383	0	15.576324	15.576324	59.190031	3.115265	18.691589	0	3.115265	0	6.23053	3.115265	0	0	0	3.115265	3.115265	0	0	0	0	0	0	0	0	0	0	0	9.345794	87.227414	52.959502	96.573209	0	43.613707	0	0	0	0	0	6.23053	0	0	6.23053	0	3.115265	34.267913	9.345794	0	0	15.576324	0	0	18.691589	15.576324	0	0	6.23053	0	9.345794	0	0	0	0	0	9.345794	6.23053	0	3.115265	0	0	0	0	0	0	0	0	0	0	0	0	0	0	0	0	0	3.115265	0	6.23053	0	0	0	3.115265	0	0	18.691589	0	0	3.115265	9.345794	0	0	0	0	0	0	3.115265	0	0	0	0	0	0	0	0	0	0	0	0	0	0	0	0	0	0	0	0	0	0	0	0	0	0	0	109.034268	31.152648	314.641745	112.149533	121.495327	18.691589	221.183801	59.190031	21.806854	18.691589	3.115265	0	0	0	43.613707	0	6.23053	3.115265	59.190031	6.23053
37489_composicao_gemini-3.6-flash.txt	menores_notas_gemini	337	109.792285	17.804154	35.608309	11.869436	17.804154	26.706231	2.967359	0	0	0	0	2.967359	11.869436	0	0	2.967359	5.934718	0	0	0	17.804154	0	2.967359	5.934718	17.804154	2.967359	0	0	2.967359	29.673591	243.323442	94.95549	106.824926	29.673591	5.934718	5.934718	8.902077	8.902077	0	17.804154	29.673591	0	53.412463	2.967359	56.379822	20.771513	11.869436	17.804154	5.934718	0	11.869436	0	14.836795	53.412463	0	2.967359	11.869436	145.400593	11.869436	5.934718	17.804154	20.771513	0	2.967359	11.869436	5.934718	8.902077	2.967359	74.183976	11.869436	0	17.804154	2.967359	2.967359	8.902077	0	0	0	0	2.967359	0	11.869436	44.510386	23.738872	0	0	0	0	0	0	8.902077	2.967359	0	0	2.967359	2.967359	2.967359	5.934718	0	2.967359	29.673591	0	29.673591	14.836795	80.118694	5.934718	5.934718	0	5.934718	8.902077	2.967359	14.836795	0	8.902077	0	5.934718	14.836795	0	0	0	8.902077	0	0	0	0	0	2.967359	2.967359	5.934718	94.95549	14.836795	35.608309	0	50.445104	0	2.967359	0	0	0	2.967359	0	0	2.967359	11.869436	0	38.575668	11.869436	0	0	17.804154	11.869436	2.967359	29.673591	29.673591	0	0	17.804154	0	5.934718	0	0	0	0	0	0	11.869436	0	8.902077	0	0	0	0	0	0	0	0	0	0	8.902077	5.934718	0	11.869436	0	0	0	11.869436	0	2.967359	0	0	0	0	0	0	8.902077	0	0	5.934718	5.934718	0	0	0	0	0	0	0	0	0	0	0	0	0	0	0	0	0	0	0	0	0	0	0	0	0	0	0	0	0	0	0	0	0	0	127.596439	17.804154	272.997033	89.020772	160.237389	47.477745	142.433234	56.379822	11.869436	17.804154	0	0	0	11.869436	29.673591	8.902077	2.967359	2.967359	74.183976	14.836795
37602_composicao_gemini-3.6-flash.txt	menores_notas_gemini	390	92.307692	10.25641	74.358974	12.820513	2.564103	2.564103	0	0	0	0	0	0	5.128205	0	0	0	2.564103	0	2.564103	0	12.820513	0	2.564103	0	2.564103	0	0	0	0	15.384615	317.948718	212.820513	97.435897	12.820513	5.128205	7.692308	0	87.179487	7.692308	79.487179	12.820513	20.512821	35.897436	0	64.102564	10.25641	84.615385	46.153846	10.25641	7.692308	0	12.820513	10.25641	130.769231	0	56.410256	92.307692	89.74359	12.820513	5.128205	5.128205	0	5.128205	0	23.076923	0	5.128205	5.128205	28.205128	10.25641	0	0	5.128205	0	0	0	0	5.128205	0	0	0	43.589744	7.692308	0	0	2.564103	0	0	0	0	2.564103	0	0	0	0	2.564103	0	2.564103	2.564103	0	17.948718	0	17.948718	10.25641	53.846154	0	2.564103	0	2.564103	0	10.25641	7.692308	0	0	0	2.564103	7.692308	0	0	0	0	0	0	0	0	0	0	2.564103	10.25641	89.74359	20.512821	74.358974	0	61.538462	0	0	0	0	0	2.564103	0	0	2.564103	2.564103	0	51.282051	10.25641	0	0	12.820513	2.564103	0	17.948718	15.384615	5.128205	0	0	0	5.128205	0	0	0	0	0	10.25641	0	0	2.564103	0	2.564103	0	0	0	0	0	0	0	0	0	0	2.564103	0	0	0	0	0	0	7.692308	0	2.564103	0	2.564103	0	0	2.564103	0	0	0	5.128205	0	0	0	0	0	0	5.128205	0	0	5.128205	0	0	0	0	0	0	0	0	0	0	0	0	0	0	0	0	0	0	0	0	0	0	0	0	102.564103	20.512821	333.333333	151.282051	102.564103	20.512821	184.615385	69.230769	5.128205	12.820513	10.25641	0	0	2.564103	17.948718	5.128205	5.128205	7.692308	46.153846	0
37664_composicao_gemini-3.6-flash.txt	menores_notas_gemini	391	102.30179	20.460358	86.956522	7.672634	2.557545	0	5.11509	2.557545	0	0	0	0	10.230179	2.557545	0	2.557545	10.230179	0	0	0	12.787724	0	0	2.557545	0	0	0	0	0	35.805627	265.984655	168.797954	102.30179	10.230179	12.787724	5.11509	2.557545	84.398977	0	71.611253	10.230179	2.557545	28.132992	12.787724	84.398977	7.672634	76.726343	46.035806	0	15.345269	0	5.11509	12.787724	150.895141	0	51.150895	109.974425	76.726343	12.787724	12.787724	2.557545	2.557545	5.11509	0	23.017903	0	5.11509	2.557545	53.70844	2.557545	0	5.11509	2.557545	0	0	5.11509	5.11509	0	2.557545	0	0	43.478261	7.672634	0	0	2.557545	0	0	0	0	2.557545	0	0	0	0	5.11509	0	5.11509	0	2.557545	15.345269	0	15.345269	5.11509	53.70844	0	5.11509	0	0	0	25.575448	2.557545	2.557545	5.11509	0	10.230179	10.230179	2.557545	0	0	5.11509	0	0	0	0	0	2.557545	2.557545	0	79.283887	10.230179	92.071611	0	43.478261	0	2.557545	0	0	0	2.557545	0	0	7.672634	2.557545	2.557545	43.478261	2.557545	0	0	12.787724	2.557545	2.557545	15.345269	15.345269	0	0	2.557545	0	10.230179	0	0	0	0	0	7.672634	2.557545	2.557545	2.557545	0	0	0	0	0	2.557545	0	0	0	0	0	0	0	2.557545	0	0	0	0	0	0	0	0	0	2.557545	0	0	5.11509	0	0	0	10.230179	0	0	0	0	0	0	2.557545	0	0	0	0	0	0	0	0	0	0	0	0	0	0	0	0	0	0	0	0	0	0	0	0	0	0	0	209.71867	28.132992	301.790281	171.355499	89.514066	43.478261	181.585678	58.823529	5.11509	12.787724	2.557545	0	0	2.557545	20.460358	2.557545	7.672634	12.787724	35.805627	2.557545
37677_composicao_gemini-3.6-flash.txt	menores_notas_gemini	358	106.145251	16.759777	108.938547	5.586592	11.173184	0	5.586592	0	0	0	0	0	2.793296	0	0	0	2.793296	0	0	0	5.586592	0	0	0	0	0	0	0	0	30.726257	307.26257	192.73743	86.592179	27.932961	11.173184	5.586592	5.586592	58.659218	2.793296	61.452514	25.139665	8.379888	41.899441	16.759777	78.212291	2.793296	33.519553	36.312849	2.793296	11.173184	0	0	22.346369	92.178771	0	19.553073	47.486034	83.798883	5.586592	5.586592	11.173184	2.793296	2.793296	0	5.586592	0	2.793296	5.586592	25.139665	2.793296	0	2.793296	11.173184	0	0	0	0	5.586592	2.793296	0	0	33.519553	16.759777	0	0	2.793296	0	0	0	0	0	0	0	0	0	0	0	5.586592	0	0	11.173184	0	5.586592	27.932961	53.072626	0	5.586592	0	2.793296	0	2.793296	5.586592	0	5.586592	0	2.793296	2.793296	0	0	0	5.586592	0	0	0	0	0	0	5.586592	0	83.798883	11.173184	111.731844	0	55.865922	2.793296	2.793296	0	0	0	5.586592	0	0	8.379888	2.793296	2.793296	58.659218	2.793296	0	0	5.586592	2.793296	0	11.173184	5.586592	5.586592	0	2.793296	0	5.586592	0	0	0	0	0	5.586592	0	0	19.553073	0	2.793296	0	0	0	0	0	0	0	0	0	0	2.793296	0	0	0	0	0	0	0	0	0	0	0	0	0	8.379888	0	0	0	5.586592	0	0	0	0	0	0	2.793296	0	0	0	0	0	0	0	0	0	0	0	0	0	0	0	0	0	0	0	0	0	0	0	0	0	0	0	122.905028	8.379888	337.988827	117.318436	92.178771	19.553073	206.703911	81.005587	5.586592	5.586592	2.793296	0	0	2.793296	11.173184	2.793296	8.379888	2.793296	44.692737	2.793296
37694_composicao_gemini-3.6-flash.txt	menores_notas_gemini	384	88.541667	15.625	104.166667	10.416667	5.208333	2.604167	2.604167	0	0	0	0	0	0	0	0	0	0	0	5.208333	0	7.8125	0	7.8125	0	2.604167	0	0	0	0	15.625	302.083333	179.6875	93.75	23.4375	20.833333	2.604167	2.604167	80.729167	2.604167	85.9375	20.833333	18.229167	44.270833	0	91.145833	5.208333	57.291667	46.875	5.208333	18.229167	0	0	15.625	117.1875	2.604167	26.041667	91.145833	65.104167	13.020833	2.604167	0	0	5.208333	2.604167	26.041667	0	5.208333	5.208333	36.458333	0	0	0	2.604167	2.604167	0	0	2.604167	2.604167	2.604167	0	0	23.4375	13.020833	5.208333	0	2.604167	0	0	0	0	0	0	0	0	0	2.604167	0	10.416667	0	0	33.854167	0	13.020833	13.020833	44.270833	7.8125	15.625	0	5.208333	0	2.604167	2.604167	0	5.208333	0	2.604167	0	0	0	0	5.208333	0	0	0	0	0	0	2.604167	7.8125	91.145833	33.854167	106.770833	0	46.875	0	5.208333	0	0	0	0	0	0	15.625	0	0	39.0625	7.8125	0	0	7.8125	0	0	33.854167	13.020833	5.208333	0	0	0	5.208333	0	0	0	0	0	5.208333	2.604167	0	0	0	0	0	0	0	0	0	0	0	0	0	0	0	0	0	0	0	0	0	5.208333	0	5.208333	0	2.604167	0	2.604167	15.625	0	0	0	5.208333	0	0	0	0	0	0	2.604167	0	0	0	0	0	0	0	0	0	0	0	0	0	0	0	0	0	0	0	0	0	0	0	0	0	0	0	208.333333	15.625	317.708333	138.020833	57.291667	20.833333	216.145833	67.708333	23.4375	7.8125	2.604167	0	0	0	33.854167	0	7.8125	0	59.895833	0
37734_composicao_gemini-3.6-flash.txt	menores_notas_gemini	360	127.777778	11.111111	94.444444	13.888889	2.777778	8.333333	5.555556	0	0	0	0	0	0	0	0	0	0	0	0	2.777778	11.111111	0	0	0	11.111111	0	0	0	0	52.777778	272.222222	166.666667	91.666667	13.888889	16.666667	5.555556	13.888889	88.888889	8.333333	75	44.444444	0	50	30.555556	94.444444	2.777778	55.555556	44.444444	5.555556	2.777778	0	8.333333	5.555556	133.333333	2.777778	25	66.666667	80.555556	11.111111	5.555556	5.555556	2.777778	0	2.777778	27.777778	0	8.333333	0	50	2.777778	0	2.777778	0	0	0	0	0	0	0	0	0	41.666667	16.666667	0	0	0	0	0	0	0	0	0	0	5.555556	0	0	0	5.555556	2.777778	0	19.444444	0	11.111111	19.444444	58.333333	0	5.555556	0	2.777778	5.555556	5.555556	0	0	0	0	0	2.777778	0	0	0	0	0	0	0	0	0	0	0	2.777778	80.555556	5.555556	100	0	44.444444	2.777778	2.777778	0	2.777778	0	0	0	0	2.777778	2.777778	2.777778	44.444444	2.777778	0	0	11.111111	2.777778	0	19.444444	11.111111	2.777778	0	0	0	8.333333	0	0	0	0	0	8.333333	0	0	13.888889	0	0	2.777778	0	0	0	0	0	0	0	0	0	2.777778	0	0	0	0	0	0	0	0	2.777778	0	0	0	2.777778	16.666667	0	0	0	8.333333	0	0	0	0	0	0	2.777778	0	0	0	0	0	0	0	0	0	0	0	0	0	0	0	0	0	0	0	0	0	0	0	0	0	0	0	233.333333	2.777778	322.222222	141.666667	94.444444	13.888889	186.111111	58.333333	8.333333	11.111111	2.777778	0	0	2.777778	19.444444	2.777778	0	2.777778	50	0
37858_composicao_gemini-3.6-flash.txt	menores_notas_gemini	383	101.827676	15.665796	83.550914	7.832898	0	5.221932	2.610966	2.610966	0	0	0	0	2.610966	0	0	0	7.832898	0	2.610966	0	2.610966	0	2.610966	0	5.221932	0	0	0	0	31.331593	295.039164	164.490862	83.550914	33.942559	20.887728	0	13.05483	57.441253	10.443864	65.274151	10.443864	13.05483	46.997389	20.887728	93.994778	2.610966	83.550914	36.553525	2.610966	7.832898	0	10.443864	15.665796	146.214099	0	57.441253	109.660574	93.994778	10.443864	7.832898	7.832898	2.610966	5.221932	2.610966	5.221932	5.221932	2.610966	7.832898	44.386423	2.610966	2.610966	2.610966	5.221932	0	0	0	0	5.221932	2.610966	0	0	57.441253	2.610966	0	0	0	0	0	0	0	5.221932	0	0	0	0	0	0	7.832898	2.610966	2.610966	18.276762	2.610966	15.665796	18.276762	60.052219	0	7.832898	0	0	0	2.610966	0	0	5.221932	0	0	0	0	0	0	2.610966	2.610966	0	0	0	0	0	0	0	96.605744	2.610966	91.383812	0	57.441253	2.610966	2.610966	0	0	2.610966	0	0	0	2.610966	2.610966	2.610966	49.608355	10.443864	0	0	2.610966	2.610966	0	18.276762	13.05483	2.610966	0	0	0	10.443864	0	0	0	0	0	2.610966	0	0	10.443864	0	0	2.610966	0	0	0	0	0	0	0	2.610966	2.610966	2.610966	0	0	0	0	0	0	2.610966	0	5.221932	0	0	0	0	13.05483	0	2.610966	0	10.443864	0	0	0	0	0	0	2.610966	0	0	0	0	0	0	0	0	0	0	0	0	0	0	0	0	0	0	0	0	0	0	0	5.221932	0	0	0	201.044386	15.665796	326.370757	164.490862	107.049608	7.832898	190.600522	73.10705	10.443864	2.610966	2.610966	0	0	2.610966	18.276762	2.610966	7.832898	0	52.219321	5.221932
37949_composicao_gemini-3.6-flash.txt	menores_notas_gemini	357	120.448179	19.607843	70.028011	11.204482	0	14.005602	2.80112	5.602241	0	0	0	0	5.602241	0	0	0	0	0	0	0	14.005602	0	0	5.602241	14.005602	0	0	0	0	11.204482	313.72549	182.072829	114.845938	16.806723	19.607843	2.80112	14.005602	86.834734	22.408964	64.42577	22.408964	8.403361	39.215686	8.403361	81.232493	8.403361	44.817927	61.62465	8.403361	8.403361	0	2.80112	11.204482	95.238095	0	33.613445	61.62465	84.033613	11.204482	11.204482	2.80112	0	0	0	36.414566	2.80112	0	8.403361	56.022409	2.80112	2.80112	0	2.80112	0	0	5.602241	5.602241	0	5.602241	0	2.80112	39.215686	16.806723	0	0	2.80112	0	0	0	0	2.80112	0	0	11.204482	0	0	0	0	0	2.80112	16.806723	0	11.204482	5.602241	58.823529	0	0	0	2.80112	0	5.602241	0	2.80112	2.80112	0	5.602241	0	0	0	0	2.80112	0	0	0	0	2.80112	0	0	8.403361	98.039216	5.602241	75.630252	0	53.221289	0	2.80112	2.80112	0	0	0	0	0	5.602241	2.80112	2.80112	36.414566	8.403361	0	0	14.005602	2.80112	2.80112	16.806723	11.204482	0	0	0	0	5.602241	0	0	0	0	0	8.403361	0	5.602241	0	0	0	0	0	0	0	0	0	2.80112	0	0	0	2.80112	0	0	0	0	0	0	2.80112	0	0	0	2.80112	0	2.80112	11.204482	0	0	0	5.602241	0	0	0	0	2.80112	0	2.80112	0	0	0	0	0	0	0	0	0	0	0	0	0	0	0	0	0	0	0	0	0	0	0	0	0	0	0	140.056022	19.607843	322.128852	128.851541	95.238095	28.011204	179.271709	67.226891	0	14.005602	5.602241	0	0	2.80112	16.806723	2.80112	11.204482	2.80112	16.806723	0
37994_composicao_gemini-3.6-flash.txt	menores_notas_gemini	399	107.769424	25.062657	55.137845	2.506266	22.556391	5.012531	5.012531	0	0	0	0	5.012531	5.012531	0	5.012531	0	0	0	2.506266	5.012531	15.037594	0	15.037594	0	5.012531	7.518797	0	0	5.012531	62.656642	255.639098	80.200501	142.857143	52.631579	10.025063	2.506266	2.506266	10.025063	2.506266	7.518797	50.125313	7.518797	75.18797	0	70.175439	12.531328	12.531328	22.556391	5.012531	12.531328	0	2.506266	12.531328	62.656642	7.518797	2.506266	32.581454	127.819549	17.54386	10.025063	22.556391	10.025063	15.037594	15.037594	10.025063	0	2.506266	2.506266	60.150376	15.037594	2.506266	5.012531	2.506266	10.025063	2.506266	2.506266	0	0	0	0	2.506266	5.012531	35.087719	50.125313	5.012531	0	0	0	0	0	0	5.012531	0	5.012531	7.518797	0	0	10.025063	0	0	25.062657	0	22.556391	20.050125	92.73183	0	10.025063	0	10.025063	0	5.012531	0	0	5.012531	0	2.506266	0	0	0	0	5.012531	0	0	0	0	0	0	0	2.506266	90.225564	12.531328	55.137845	0	40.100251	0	5.012531	0	0	0	0	0	0	0	5.012531	0	27.568922	17.54386	2.506266	0	17.54386	5.012531	0	25.062657	22.556391	0	0	7.518797	0	7.518797	0	0	0	0	0	10.025063	5.012531	0	7.518797	0	2.506266	0	0	0	0	0	0	0	0	2.506266	0	0	5.012531	0	0	0	0	7.518797	0	2.506266	0	0	0	0	0	15.037594	0	0	2.506266	10.025063	0	0	0	0	0	0	0	0	0	0	0	0	0	0	0	0	0	0	0	0	0	0	0	0	0	0	0	0	0	0	0	0	0	0	132.83208	40.100251	318.295739	90.225564	155.388471	20.050125	157.894737	52.631579	10.025063	17.54386	0	0	0	5.012531	40.100251	5.012531	2.506266	0	67.669173	0
37999_composicao_gemini-3.6-flash.txt	menores_notas_gemini	387	108.527132	23.255814	69.767442	5.167959	18.087855	7.751938	2.583979	0	0	0	0	7.751938	25.839793	7.751938	5.167959	10.335917	18.087855	0	0	12.919897	10.335917	0	2.583979	2.583979	12.919897	10.335917	7.751938	0	2.583979	7.751938	237.726098	69.767442	139.534884	10.335917	0	2.583979	7.751938	20.671835	0	15.503876	23.255814	5.167959	56.847545	0	43.927649	12.919897	15.503876	31.007752	5.167959	7.751938	0	5.167959	10.335917	49.095607	5.167959	0	25.839793	134.366925	31.007752	12.919897	5.167959	12.919897	10.335917	31.007752	7.751938	0	5.167959	0	62.015504	7.751938	0	12.919897	2.583979	5.167959	2.583979	5.167959	0	0	0	0	5.167959	12.919897	56.847545	36.175711	7.751938	0	0	0	0	0	2.583979	2.583979	0	2.583979	0	0	0	10.335917	0	0	46.511628	0	7.751938	33.591731	105.943152	5.167959	5.167959	0	10.335917	0	10.335917	7.751938	0	10.335917	0	0	7.751938	0	0	0	7.751938	2.583979	0	0	0	0	0	2.583979	0	80.103359	2.583979	69.767442	0	33.591731	2.583979	7.751938	0	0	0	7.751938	2.583979	2.583979	2.583979	18.087855	0	23.255814	15.503876	0	2.583979	10.335917	15.503876	0	46.511628	5.167959	0	0	33.591731	0	0	0	0	0	0	0	2.583979	5.167959	2.583979	7.751938	0	5.167959	7.751938	0	0	0	0	0	2.583979	0	0	0	18.087855	0	0	0	5.167959	2.583979	0	0	2.583979	0	0	0	0	0	28.423773	0	0	23.255814	2.583979	0	0	2.583979	0	0	0	0	0	0	0	0	0	0	0	0	0	0	0	0	0	0	0	0	0	0	0	0	0	0	0	0	0	0	0	131.782946	64.599483	245.478036	72.351421	175.710594	36.175711	152.45478	80.103359	10.335917	10.335917	0	0	0	18.087855	46.511628	15.503876	5.167959	7.751938	41.343669	33.591731
38002_composicao_gemini-3.6-flash.txt	menores_notas_gemini	357	92.436975	8.403361	56.022409	2.80112	28.011204	8.403361	2.80112	0	0	0	0	8.403361	16.806723	0	11.204482	0	5.602241	0	0	11.204482	8.403361	2.80112	11.204482	2.80112	22.408964	8.403361	8.403361	0	0	44.817927	229.691877	95.238095	123.2493	25.210084	8.403361	11.204482	2.80112	14.005602	0	16.806723	42.016807	0	56.022409	0	50.420168	36.414566	19.607843	44.817927	8.403361	5.602241	0	5.602241	25.210084	42.016807	2.80112	2.80112	39.215686	117.647059	30.812325	25.210084	16.806723	5.602241	2.80112	2.80112	16.806723	5.602241	8.403361	0	58.823529	5.602241	0	0	8.403361	5.602241	0	2.80112	0	0	0	0	0	36.414566	30.812325	28.011204	0	2.80112	0	0	0	0	5.602241	2.80112	5.602241	0	2.80112	5.602241	0	5.602241	0	8.403361	30.812325	2.80112	8.403361	11.204482	98.039216	0	5.602241	0	2.80112	0	14.005602	11.204482	0	5.602241	0	0	11.204482	0	0	0	5.602241	0	0	0	0	0	0	5.602241	16.806723	89.635854	19.607843	58.823529	0	39.215686	0	8.403361	0	5.602241	0	8.403361	0	0	11.204482	8.403361	2.80112	30.812325	11.204482	0	0	8.403361	8.403361	5.602241	33.613445	8.403361	11.204482	0	28.011204	0	0	0	0	0	0	0	2.80112	2.80112	2.80112	2.80112	0	0	2.80112	0	0	2.80112	0	0	0	0	0	0	5.602241	2.80112	0	0	0	8.403361	2.80112	0	0	0	0	0	0	0	11.204482	0	0	14.005602	2.80112	0	0	0	0	0	0	2.80112	0	0	0	0	0	0	0	0	0	0	0	0	0	0	0	0	0	0	0	0	0	0	0	0	0	0	0	100.840336	50.420168	274.509804	103.641457	151.260504	28.011204	165.266106	84.033613	5.602241	8.403361	2.80112	0	0	8.403361	33.613445	8.403361	0	11.204482	53.221289	28.011204
38036_composicao_gemini-3.6-flash.txt	menores_notas_gemini	360	113.888889	19.444444	77.777778	11.111111	2.777778	2.777778	5.555556	8.333333	0	0	0	0	8.333333	0	0	0	8.333333	0	0	2.777778	11.111111	2.777778	0	0	5.555556	0	0	0	0	22.222222	175	136.111111	102.777778	11.111111	13.888889	2.777778	13.888889	75	22.222222	58.333333	33.333333	0	52.777778	5.555556	108.333333	8.333333	41.666667	63.888889	0	11.111111	0	8.333333	19.444444	113.888889	0	22.222222	58.333333	83.333333	19.444444	19.444444	2.777778	0	2.777778	0	33.333333	0	0	2.777778	36.111111	8.333333	11.111111	0	2.777778	0	0	2.777778	8.333333	0	0	2.777778	2.777778	36.111111	16.666667	0	0	2.777778	0	0	0	0	2.777778	0	0	0	0	0	0	19.444444	0	0	13.888889	0	13.888889	22.222222	55.555556	8.333333	11.111111	0	5.555556	2.777778	2.777778	5.555556	0	2.777778	0	5.555556	5.555556	0	0	0	2.777778	0	0	0	0	0	0	2.777778	8.333333	63.888889	27.777778	86.111111	0	58.333333	0	8.333333	0	0	0	0	0	0	8.333333	2.777778	0	52.777778	8.333333	0	0	11.111111	2.777778	2.777778	11.111111	13.888889	0	0	0	0	8.333333	0	0	0	0	0	11.111111	0	0	8.333333	0	0	0	0	0	0	0	0	0	0	0	0	0	2.777778	0	0	0	0	0	2.777778	0	0	0	2.777778	0	2.777778	13.888889	0	0	0	8.333333	0	0	0	0	0	0	0	0	0	0	0	0	0	0	0	0	0	0	0	0	0	0	0	0	0	0	0	0	0	0	0	0	0	0	211.111111	25	294.444444	141.666667	105.555556	30.555556	169.444444	77.777778	19.444444	11.111111	0	0	0	2.777778	13.888889	0	13.888889	5.555556	50	0
38158_composicao_gemini-3.6-flash.txt	menores_notas_gemini	341	102.639296	0	93.841642	14.662757	0	5.865103	5.865103	0	0	0	0	0	11.730205	0	0	0	8.797654	0	0	0	2.932551	0	0	0	5.865103	0	0	0	0	35.190616	281.524927	155.42522	129.032258	17.595308	8.797654	2.932551	2.932551	96.774194	17.595308	73.313783	17.595308	0	38.123167	11.730205	90.909091	5.865103	96.774194	46.920821	8.797654	8.797654	0	8.797654	17.595308	140.762463	2.932551	43.98827	70.381232	87.97654	20.527859	11.730205	0	2.932551	0	0	43.98827	0	2.932551	0	46.920821	11.730205	0	0	2.932551	0	0	0	5.865103	0	0	0	0	52.785924	0	0	0	2.932551	0	0	0	0	0	0	0	11.730205	5.865103	0	0	11.730205	2.932551	0	11.730205	0	23.460411	17.595308	55.718475	5.865103	5.865103	0	5.865103	0	5.865103	0	2.932551	2.932551	0	5.865103	0	0	2.932551	0	2.932551	0	0	2.932551	0	0	0	0	8.797654	76.246334	0	93.841642	0	64.516129	0	2.932551	0	0	0	0	0	0	5.865103	2.932551	2.932551	49.853372	8.797654	0	0	2.932551	2.932551	0	11.730205	23.460411	5.865103	0	0	0	11.730205	0	0	0	0	0	2.932551	0	0	5.865103	0	0	2.932551	0	0	0	0	0	0	0	0	0	2.932551	0	0	0	0	0	0	0	0	2.932551	0	2.932551	0	0	8.797654	0	0	0	11.730205	0	0	0	0	0	0	2.932551	0	0	0	0	0	0	0	0	0	0	0	0	0	0	0	0	0	0	0	0	0	0	0	0	0	0	0	196.480938	14.662757	316.715543	167.155425	108.504399	32.258065	170.087977	76.246334	14.662757	2.932551	2.932551	0	0	2.932551	14.662757	2.932551	5.865103	2.932551	52.785924	0
38172_composicao_gemini-3.6-flash.txt	menores_notas_gemini	390	79.487179	28.205128	84.615385	10.25641	20.512821	2.564103	5.128205	2.564103	0	0	0	5.128205	5.128205	0	0	0	5.128205	0	2.564103	5.128205	12.820513	0	10.25641	0	7.692308	5.128205	0	0	5.128205	43.589744	253.846154	133.333333	133.333333	28.205128	15.384615	2.564103	10.25641	41.025641	5.128205	25.641026	43.589744	5.128205	48.717949	0	61.538462	17.948718	25.641026	30.769231	7.692308	2.564103	0	5.128205	17.948718	71.794872	0	12.820513	28.205128	115.384615	20.512821	12.820513	10.25641	10.25641	15.384615	23.076923	25.641026	2.564103	2.564103	7.692308	41.025641	10.25641	0	7.692308	10.25641	5.128205	2.564103	2.564103	2.564103	2.564103	2.564103	5.128205	2.564103	5.128205	30.769231	30.769231	2.564103	0	0	5.128205	0	0	0	2.564103	0	0	2.564103	0	0	7.692308	0	0	20.512821	2.564103	20.512821	33.333333	74.358974	12.820513	12.820513	0	10.25641	0	2.564103	2.564103	0	5.128205	0	2.564103	0	0	0	0	2.564103	2.564103	0	0	0	2.564103	0	0	5.128205	87.179487	12.820513	92.307692	0	43.589744	0	2.564103	0	0	0	5.128205	0	0	0	10.25641	0	33.333333	10.25641	0	0	12.820513	10.25641	0	23.076923	20.512821	2.564103	0	7.692308	0	5.128205	0	0	0	0	0	7.692308	5.128205	0	7.692308	0	7.692308	0	0	0	0	0	0	0	0	0	0	10.25641	0	0	0	0	2.564103	0	5.128205	0	0	0	0	0	5.128205	12.820513	0	0	2.564103	2.564103	0	0	0	0	0	0	2.564103	0	0	0	0	0	0	0	0	0	0	0	0	0	0	0	0	0	0	0	0	0	0	0	0	0	0	0	107.692308	35.897436	297.435897	105.128205	143.589744	28.205128	192.307692	61.538462	20.512821	12.820513	2.564103	0	0	10.25641	23.076923	7.692308	10.25641	2.564103	56.410256	7.692308
38193_composicao_gemini-3.6-flash.txt	menores_notas_gemini	346	89.595376	20.231214	104.046243	14.450867	2.890173	2.890173	0	0	0	0	0	0	2.890173	0	0	0	2.890173	0	0	0	2.890173	0	0	0	2.890173	0	0	0	0	40.462428	291.907514	193.641618	106.936416	17.34104	14.450867	2.890173	5.780347	92.485549	20.231214	80.924855	17.34104	14.450867	17.34104	17.34104	57.803468	8.67052	69.364162	31.791908	2.890173	5.780347	2.890173	8.67052	14.450867	104.046243	0	49.132948	95.375723	86.705202	11.560694	8.67052	0	0	0	2.890173	26.011561	0	2.890173	2.890173	69.364162	8.67052	2.890173	0	0	0	0	0	0	2.890173	0	0	0	37.572254	8.67052	0	0	2.890173	0	0	0	0	2.890173	0	0	2.890173	0	0	0	2.890173	0	0	31.791908	0	17.34104	23.121387	49.132948	0	2.890173	0	5.780347	0	14.450867	2.890173	0	2.890173	0	2.890173	5.780347	0	0	0	2.890173	0	0	0	0	0	0	2.890173	0	83.815029	5.780347	106.936416	0	63.583815	0	0	0	0	0	0	0	0	0	0	0	40.462428	23.121387	0	0	2.890173	0	0	31.791908	17.34104	14.450867	0	0	0	2.890173	0	0	0	0	0	2.890173	0	0	17.34104	0	0	0	0	0	0	0	0	0	0	0	0	0	0	0	0	0	0	0	5.780347	0	2.890173	0	5.780347	0	0	11.560694	0	0	0	2.890173	0	0	0	0	0	0	0	0	0	0	0	0	0	0	0	0	0	0	0	0	0	0	0	0	0	0	0	0	0	0	0	0	0	0	109.82659	2.890173	332.369942	127.16763	104.046243	28.901734	196.531792	63.583815	2.890173	2.890173	0	0	0	0	31.791908	0	2.890173	5.780347	72.254335	0
38196_composicao_gemini-3.6-flash.txt	menores_notas_gemini	403	104.218362	9.925558	74.441687	12.406948	7.444169	7.444169	4.962779	0	0	0	0	0	12.406948	0	0	0	7.444169	0	2.48139	2.48139	12.406948	2.48139	4.962779	2.48139	9.925558	0	0	0	0	7.444169	302.729529	193.548387	81.885856	4.962779	14.888337	7.444169	12.406948	66.997519	2.48139	37.220844	24.813896	12.406948	52.109181	0	62.034739	7.444169	47.146402	32.258065	9.925558	4.962779	0	0	12.406948	94.292804	0	29.776675	79.404467	104.218362	22.332506	9.925558	4.962779	7.444169	4.962779	4.962779	32.258065	2.48139	4.962779	2.48139	62.034739	4.962779	0	2.48139	4.962779	0	0	2.48139	2.48139	2.48139	0	0	2.48139	52.109181	7.444169	7.444169	0	2.48139	0	0	0	0	4.962779	2.48139	0	0	2.48139	2.48139	0	19.851117	9.925558	2.48139	22.332506	0	12.406948	14.888337	69.478908	2.48139	12.406948	0	2.48139	0	4.962779	12.406948	0	0	0	2.48139	4.962779	2.48139	0	0	0	0	0	0	0	0	0	9.925558	0	84.367246	22.332506	81.885856	0	54.590571	0	2.48139	0	0	0	0	0	0	7.444169	9.925558	0	47.146402	7.444169	0	0	12.406948	9.925558	2.48139	22.332506	9.925558	0	0	0	0	12.406948	0	0	0	0	0	7.444169	0	2.48139	2.48139	0	0	0	0	0	2.48139	0	0	0	2.48139	0	0	2.48139	7.444169	0	0	0	0	0	2.48139	0	2.48139	0	4.962779	0	0	12.406948	0	0	4.962779	7.444169	0	0	0	0	0	0	2.48139	0	0	0	0	0	0	0	0	0	0	0	0	0	0	0	0	0	0	0	0	0	0	0	0	0	0	0	114.143921	32.258065	310.173697	114.143921	126.550868	22.332506	181.141439	64.516129	29.776675	12.406948	2.48139	0	0	9.925558	22.332506	12.406948	4.962779	14.888337	49.627792	0
38204_composicao_gemini-3.6-flash.txt	menores_notas_gemini	364	107.142857	16.483516	79.67033	19.230769	0	5.494505	2.747253	2.747253	0	0	0	0	8.241758	0	0	0	2.747253	0	0	0	5.494505	0	0	0	2.747253	0	0	0	0	27.472527	293.956044	145.604396	79.67033	10.989011	10.989011	2.747253	0	71.428571	0	38.461538	16.483516	5.494505	38.461538	0	93.406593	8.241758	41.208791	65.934066	0	16.483516	0	2.747253	13.736264	120.879121	0	30.21978	57.692308	79.67033	19.230769	13.736264	0	13.736264	0	0	35.714286	0	0	0	38.461538	5.494505	0	5.494505	5.494505	0	0	0	0	0	0	0	0	57.692308	5.494505	0	0	2.747253	0	0	0	0	0	0	0	2.747253	0	0	0	8.241758	0	2.747253	13.736264	0	8.241758	21.978022	65.934066	8.241758	2.747253	0	0	0	8.241758	2.747253	0	5.494505	0	5.494505	2.747253	0	0	0	5.494505	0	0	0	0	0	0	2.747253	0	85.164835	10.989011	79.67033	0	60.43956	0	5.494505	0	0	0	0	2.747253	0	5.494505	5.494505	0	46.703297	16.483516	0	0	5.494505	5.494505	0	10.989011	8.241758	5.494505	0	2.747253	0	8.241758	0	0	0	0	0	5.494505	0	0	2.747253	0	2.747253	2.747253	0	0	0	0	0	0	0	0	0	5.494505	0	0	0	0	0	0	0	0	5.494505	0	2.747253	0	0	2.747253	0	0	0	8.241758	0	0	0	0	0	0	0	0	0	0	0	0	0	0	0	0	0	0	0	0	0	0	0	0	0	0	0	0	0	0	0	0	0	0	123.626374	5.494505	321.428571	142.857143	98.901099	21.978022	173.076923	74.175824	8.241758	5.494505	0	0	0	5.494505	10.989011	13.736264	0	2.747253	32.967033	2.747253
38226_composicao_gemini-3.6-flash.txt	menores_notas_gemini	330	109.090909	18.181818	78.787879	3.030303	0	12.121212	3.030303	0	0	0	0	0	0	0	0	0	0	0	0	0	6.060606	0	0	0	12.121212	0	0	0	0	15.151515	303.030303	184.848485	103.030303	18.181818	12.121212	12.121212	9.090909	90.909091	0	75.757576	6.060606	6.060606	48.484848	12.121212	87.878788	9.090909	60.606061	51.515152	0	3.030303	0	0	3.030303	127.272727	6.060606	27.272727	63.636364	66.666667	24.242424	21.212121	3.030303	6.060606	3.030303	0	15.151515	3.030303	0	3.030303	48.484848	21.212121	0	9.090909	3.030303	3.030303	3.030303	0	0	3.030303	0	0	0	42.424242	6.060606	0	0	3.030303	0	3.030303	0	0	15.151515	0	0	6.060606	0	0	0	6.060606	0	6.060606	12.121212	0	3.030303	15.151515	57.575758	0	6.060606	0	6.060606	0	6.060606	9.090909	0	6.060606	0	3.030303	9.090909	3.030303	0	0	3.030303	3.030303	0	0	0	0	0	6.060606	3.030303	72.727273	33.333333	78.787879	0	51.515152	0	6.060606	0	0	0	6.060606	0	0	0	15.151515	0	45.454545	9.090909	3.030303	0	6.060606	15.151515	0	12.121212	3.030303	0	0	0	0	6.060606	0	0	0	0	0	6.060606	0	0	9.090909	0	0	3.030303	0	0	3.030303	3.030303	0	0	0	0	0	6.060606	9.090909	0	3.030303	0	0	0	3.030303	0	3.030303	0	3.030303	0	0	6.060606	0	0	0	6.060606	0	0	0	0	0	0	0	0	0	0	0	0	0	0	0	0	0	0	0	0	0	0	0	0	0	0	0	0	0	0	0	0	0	0	206.060606	6.060606	318.181818	139.393939	100	30.30303	184.848485	66.666667	6.060606	6.060606	0	0	0	15.151515	15.151515	9.090909	3.030303	12.121212	30.30303	0
38284_composicao_gemini-3.6-flash.txt	menores_notas_gemini	405	93.82716	9.876543	101.234568	7.407407	12.345679	2.469136	0	2.469136	0	0	0	0	12.345679	0	0	0	12.345679	0	0	0	9.876543	0	0	2.469136	0	0	0	0	0	9.876543	306.17284	165.432099	120.987654	17.283951	12.345679	7.407407	0	81.481481	0	91.358025	19.753086	4.938272	59.259259	29.62963	153.08642	14.814815	86.419753	32.098765	7.407407	12.345679	0	7.407407	7.407407	143.209877	0	41.975309	101.234568	83.950617	14.814815	14.814815	0	9.876543	2.469136	4.938272	29.62963	0	2.469136	7.407407	46.91358	9.876543	2.469136	0	0	0	0	0	4.938272	0	2.469136	0	0	44.444444	7.407407	0	0	2.469136	0	0	0	0	4.938272	0	0	0	0	0	0	7.407407	0	0	14.814815	0	19.753086	9.876543	54.320988	2.469136	2.469136	0	2.469136	0	7.407407	0	2.469136	4.938272	0	4.938272	0	0	0	0	4.938272	0	0	0	0	0	0	0	4.938272	61.728395	9.876543	103.703704	0	69.135802	0	2.469136	0	0	0	2.469136	0	0	0	4.938272	0	56.790123	9.876543	0	0	9.876543	4.938272	0	14.814815	17.283951	2.469136	0	0	0	12.345679	0	0	0	0	0	7.407407	0	0	4.938272	0	0	0	0	0	2.469136	2.469136	0	0	0	0	0	2.469136	2.469136	0	0	0	0	0	4.938272	0	2.469136	0	4.938272	0	2.469136	7.407407	0	0	4.938272	7.407407	0	0	0	0	0	0	0	0	0	0	0	0	0	0	0	0	0	0	0	0	0	0	0	0	0	0	0	0	0	0	0	0	0	0	204.938272	22.222222	316.049383	162.962963	93.82716	27.160494	175.308642	74.074074	7.407407	9.876543	0	0	0	4.938272	32.098765	4.938272	7.407407	0	44.444444	0
38310_composicao_gemini-3.6-flash.txt	menores_notas_gemini	345	95.652174	5.797101	113.043478	14.492754	0	0	2.898551	0	0	0	0	0	5.797101	0	0	0	5.797101	0	2.898551	0	5.797101	0	2.898551	0	0	0	0	0	0	28.985507	162.318841	144.927536	84.057971	20.289855	23.188406	17.391304	0	78.26087	5.797101	78.26087	28.985507	5.797101	46.376812	8.695652	98.550725	8.695652	55.072464	63.768116	5.797101	14.492754	0	2.898551	20.289855	127.536232	0	37.681159	75.362319	86.956522	14.492754	14.492754	5.797101	0	2.898551	0	2.898551	0	2.898551	5.797101	31.884058	2.898551	0	0	2.898551	0	0	0	2.898551	2.898551	0	0	0	40.57971	5.797101	0	0	2.898551	0	0	0	0	5.797101	0	0	0	0	0	0	5.797101	0	2.898551	20.289855	0	14.492754	11.594203	49.275362	0	5.797101	0	2.898551	0	20.289855	2.898551	2.898551	2.898551	0	5.797101	2.898551	0	0	0	2.898551	0	0	0	0	0	0	2.898551	5.797101	63.768116	8.695652	118.84058	0	72.463768	0	2.898551	0	0	0	0	0	0	2.898551	2.898551	0	63.768116	8.695652	0	0	5.797101	2.898551	2.898551	20.289855	11.594203	8.695652	2.898551	0	0	5.797101	0	0	0	0	0	5.797101	0	0	5.797101	0	0	0	0	0	2.898551	0	0	0	0	0	0	0	2.898551	0	0	0	0	0	2.898551	0	2.898551	0	5.797101	0	0	8.695652	0	0	0	5.797101	0	0	0	0	0	0	0	0	0	0	0	0	0	0	0	0	0	0	0	0	0	0	0	0	0	0	0	0	0	0	2.898551	0	0	0	101.449275	17.391304	313.043478	156.521739	101.449275	37.681159	191.304348	81.15942	5.797101	5.797101	0	0	0	2.898551	20.289855	2.898551	5.797101	2.898551	46.376812	0
38340_composicao_gemini-3.6-flash.txt	menores_notas_gemini	429	114.219114	13.986014	81.585082	6.993007	2.331002	4.662005	2.331002	0	0	0	0	2.331002	6.993007	4.662005	0	2.331002	9.324009	0	4.662005	2.331002	11.655012	0	6.993007	0	4.662005	4.662005	0	0	2.331002	2.331002	167.832168	146.853147	83.916084	25.641026	16.317016	6.993007	18.648019	69.93007	11.655012	72.261072	11.655012	0	44.289044	2.331002	55.944056	11.655012	55.944056	20.979021	4.662005	4.662005	0	0	4.662005	107.226107	0	32.634033	74.592075	100.2331	20.979021	13.986014	2.331002	4.662005	0	0	16.317016	2.331002	2.331002	2.331002	62.937063	4.662005	2.331002	2.331002	2.331002	2.331002	0	2.331002	0	0	2.331002	0	0	53.613054	0	0	0	0	0	0	0	0	2.331002	0	0	4.662005	2.331002	0	0	9.324009	0	0	34.965035	0	16.317016	18.648019	53.613054	0	9.324009	0	4.662005	0	2.331002	0	2.331002	4.662005	0	4.662005	0	0	0	0	4.662005	0	0	0	0	0	2.331002	0	20.979021	81.585082	18.648019	83.916084	0	53.613054	2.331002	11.655012	0	0	2.331002	0	0	0	4.662005	2.331002	2.331002	55.944056	2.331002	0	0	11.655012	2.331002	0	27.972028	13.986014	4.662005	0	0	0	0	0	0	0	0	0	9.324009	0	0	9.324009	0	0	2.331002	0	0	0	0	0	0	0	0	0	2.331002	0	0	0	0	0	9.324009	0	0	4.662005	0	0	0	0	18.648019	0	0	2.331002	4.662005	0	0	0	0	0	0	2.331002	0	0	2.331002	0	0	0	0	0	0	0	0	0	0	0	0	0	0	0	0	0	0	0	0	0	0	0	0	128.205128	30.30303	305.361305	123.543124	123.543124	18.648019	181.818182	79.254079	9.324009	11.655012	4.662005	0	0	2.331002	34.965035	2.331002	2.331002	0	62.937063	0
38395_composicao_gemini-3.6-flash.txt	menores_notas_gemini	337	115.727003	8.902077	106.824926	2.967359	5.934718	0	5.934718	2.967359	0	0	0	0	11.869436	0	0	0	11.869436	0	0	0	8.902077	2.967359	0	0	0	0	0	0	0	5.934718	323.442136	175.074184	106.824926	17.804154	23.738872	2.967359	17.804154	77.151335	5.934718	74.183976	14.836795	5.934718	56.379822	23.738872	112.759644	5.934718	59.347181	38.575668	0	11.869436	0	2.967359	5.934718	103.857567	0	26.706231	68.249258	89.020772	11.869436	5.934718	5.934718	5.934718	8.902077	0	20.771513	0	0	5.934718	38.575668	8.902077	2.967359	2.967359	8.902077	0	0	0	0	2.967359	2.967359	0	0	47.477745	5.934718	0	0	0	0	2.967359	0	0	2.967359	0	0	5.934718	0	0	0	5.934718	2.967359	0	17.804154	0	8.902077	14.836795	56.379822	0	5.934718	0	2.967359	0	11.869436	2.967359	2.967359	0	0	0	0	0	0	0	0	0	0	0	0	0	0	0	2.967359	89.020772	2.967359	106.824926	0	62.31454	0	2.967359	0	0	0	0	0	0	2.967359	2.967359	5.934718	56.379822	5.934718	0	0	8.902077	2.967359	2.967359	14.836795	8.902077	8.902077	0	0	0	2.967359	0	0	0	0	0	5.934718	2.967359	0	11.869436	0	0	0	0	0	2.967359	0	0	0	0	0	0	0	2.967359	0	0	0	2.967359	0	8.902077	0	0	0	0	0	2.967359	8.902077	2.967359	0	5.934718	5.934718	0	0	0	0	0	0	5.934718	0	0	2.967359	0	0	0	0	0	0	0	0	0	0	0	0	0	0	0	0	0	0	0	0	0	0	0	0	124.62908	23.738872	329.376855	115.727003	100.890208	17.804154	198.813056	77.151335	8.902077	8.902077	8.902077	0	0	2.967359	23.738872	2.967359	5.934718	0	41.543027	0
38439_composicao_gemini-3.6-flash.txt	menores_notas_gemini	408	90.686275	9.803922	88.235294	14.705882	2.45098	0	2.45098	2.45098	0	0	0	7.352941	7.352941	0	2.45098	0	4.901961	0	0	0	14.705882	0	0	9.803922	0	7.352941	0	0	7.352941	36.764706	267.156863	174.019608	83.333333	9.803922	17.156863	2.45098	7.352941	56.372549	14.705882	61.27451	14.705882	12.254902	58.823529	22.058824	137.254902	7.352941	90.686275	41.666667	0	14.705882	0	2.45098	14.705882	122.54902	0	49.019608	95.588235	90.686275	22.058824	7.352941	0	2.45098	4.901961	2.45098	12.254902	2.45098	7.352941	7.352941	44.117647	4.901961	0	0	4.901961	0	0	2.45098	7.352941	0	0	2.45098	0	29.411765	22.058824	4.901961	0	2.45098	0	2.45098	0	0	4.901961	2.45098	0	4.901961	0	7.352941	0	34.313725	4.901961	4.901961	24.509804	0	9.803922	24.509804	61.27451	2.45098	34.313725	0	7.352941	0	12.254902	0	2.45098	7.352941	0	7.352941	2.45098	0	0	0	7.352941	0	0	0	0	0	2.45098	0	4.901961	80.882353	7.352941	88.235294	0	44.117647	0	12.254902	0	2.45098	0	0	0	0	12.254902	7.352941	4.901961	44.117647	7.352941	0	0	14.705882	7.352941	0	24.509804	9.803922	4.901961	0	0	0	7.352941	0	0	0	0	0	4.901961	2.45098	0	4.901961	0	2.45098	0	0	0	2.45098	0	0	0	0	0	0	4.901961	2.45098	0	0	0	0	0	17.156863	0	0	0	4.901961	0	0	4.901961	0	0	0	7.352941	0	0	0	0	0	0	4.901961	0	0	0	0	0	0	0	0	0	0	0	0	0	0	0	0	0	0	0	0	0	0	0	0	0	0	0	203.431373	31.862745	303.921569	144.607843	127.45098	34.313725	171.568627	83.333333	41.666667	14.705882	4.901961	0	0	7.352941	26.960784	7.352941	7.352941	2.45098	53.921569	0
38445_composicao_gemini-3.6-flash.txt	menores_notas_gemini	326	88.957055	21.472393	85.889571	9.202454	0	3.067485	0	0	0	0	0	0	6.134969	0	0	0	6.134969	0	3.067485	0	3.067485	0	3.067485	0	3.067485	0	0	0	0	3.067485	303.680982	177.91411	85.889571	21.472393	15.337423	0	6.134969	76.687117	3.067485	73.619632	3.067485	21.472393	46.01227	9.202454	101.226994	9.202454	61.349693	42.944785	0	12.269939	0	3.067485	12.269939	147.239264	0	27.607362	113.496933	98.159509	21.472393	9.202454	0	0	0	0	6.134969	0	3.067485	12.269939	58.282209	0	9.202454	0	0	3.067485	0	0	3.067485	6.134969	3.067485	0	0	39.877301	6.134969	0	0	3.067485	0	0	0	0	3.067485	0	0	0	0	0	0	21.472393	0	0	36.809816	0	18.404908	24.539877	49.079755	0	21.472393	0	0	0	3.067485	6.134969	3.067485	0	0	6.134969	6.134969	0	0	0	0	0	0	0	0	0	0	6.134969	3.067485	85.889571	6.134969	85.889571	0	49.079755	0	3.067485	0	0	0	3.067485	0	0	6.134969	3.067485	0	42.944785	6.134969	0	0	3.067485	3.067485	0	36.809816	18.404908	0	0	3.067485	0	6.134969	0	0	0	0	0	3.067485	0	0	12.269939	0	0	0	0	0	0	0	0	0	0	0	0	0	3.067485	0	0	0	0	0	12.269939	0	3.067485	0	3.067485	0	0	9.202454	0	0	0	6.134969	0	0	0	0	0	0	0	0	0	0	0	0	0	0	0	0	0	0	0	0	0	0	0	0	0	0	0	0	0	0	0	0	0	0	110.429448	12.269939	306.748466	168.711656	131.90184	21.472393	177.91411	64.417178	21.472393	3.067485	0	0	0	3.067485	36.809816	3.067485	15.337423	6.134969	67.484663	3.067485
38451_composicao_gemini-3.6-flash.txt	menores_notas_gemini	364	74.175824	5.494505	104.395604	10.989011	0	2.747253	2.747253	2.747253	0	0	0	0	5.494505	0	0	0	5.494505	0	2.747253	0	5.494505	0	2.747253	0	2.747253	0	0	0	0	16.483516	329.67033	156.593407	131.868132	16.483516	19.230769	2.747253	0	71.428571	21.978022	74.175824	41.208791	10.989011	27.472527	2.747253	54.945055	10.989011	74.175824	38.461538	2.747253	19.230769	0	5.494505	13.736264	120.879121	0	38.461538	93.406593	68.681319	13.736264	10.989011	2.747253	2.747253	0	0	27.472527	0	2.747253	8.241758	32.967033	5.494505	0	0	0	0	0	0	2.747253	2.747253	2.747253	0	0	38.461538	5.494505	0	0	2.747253	0	0	0	0	0	0	0	2.747253	0	2.747253	0	13.736264	0	0	21.978022	2.747253	19.230769	13.736264	46.703297	5.494505	8.241758	0	2.747253	0	5.494505	0	0	0	0	8.241758	0	0	0	0	0	0	0	0	0	0	0	0	8.241758	85.164835	19.230769	104.395604	0	60.43956	0	0	0	0	0	0	0	0	5.494505	0	2.747253	49.450549	10.989011	0	0	5.494505	0	2.747253	24.725275	19.230769	0	0	0	0	5.494505	0	0	0	0	0	2.747253	2.747253	0	8.241758	0	0	0	0	0	0	0	0	0	0	0	0	0	0	0	0	0	0	2.747253	5.494505	0	5.494505	0	2.747253	0	0	16.483516	0	0	0	5.494505	0	0	0	0	0	0	2.747253	0	0	0	0	0	0	0	0	0	0	0	0	0	0	0	0	0	0	0	0	0	0	0	0	0	0	0	79.67033	13.736264	348.901099	145.604396	93.406593	21.978022	206.043956	68.681319	13.736264	5.494505	2.747253	0	0	0	24.725275	0	8.241758	0	57.692308	0
38469_composicao_gemini-3.6-flash.txt	menores_notas_gemini	342	105.263158	11.695906	84.795322	8.77193	2.923977	0	0	0	0	0	0	0	2.923977	2.923977	0	0	2.923977	0	0	0	2.923977	0	0	2.923977	0	0	0	0	0	14.619883	286.549708	181.28655	58.479532	14.619883	5.847953	2.923977	2.923977	78.947368	2.923977	64.327485	11.695906	8.77193	26.315789	11.695906	67.251462	11.695906	78.947368	40.935673	2.923977	2.923977	0	0	14.619883	131.578947	0	70.175439	93.567251	87.719298	17.54386	8.77193	5.847953	2.923977	2.923977	2.923977	23.391813	0	5.847953	2.923977	40.935673	0	0	2.923977	0	0	0	0	0	2.923977	0	0	0	40.935673	0	0	0	2.923977	0	0	0	0	2.923977	0	0	2.923977	0	0	0	5.847953	2.923977	5.847953	35.087719	0	20.467836	17.54386	43.859649	0	5.847953	0	2.923977	5.847953	5.847953	2.923977	2.923977	5.847953	0	5.847953	2.923977	0	0	0	5.847953	0	0	0	0	0	0	0	8.77193	93.567251	0	84.795322	0	46.783626	2.923977	2.923977	0	0	2.923977	2.923977	0	0	11.695906	2.923977	2.923977	49.707602	2.923977	0	0	2.923977	2.923977	0	35.087719	17.54386	0	0	0	0	11.695906	0	0	0	0	0	0	0	0	8.77193	0	0	0	0	0	0	0	0	0	0	0	0	0	0	0	0	0	0	0	2.923977	0	2.923977	0	5.847953	0	0	20.467836	0	0	2.923977	0	0	0	0	0	0	0	2.923977	0	0	0	0	0	0	0	0	0	0	0	0	0	0	0	0	0	0	0	0	0	0	0	0	0	0	0	201.754386	8.77193	301.169591	157.894737	111.111111	32.163743	178.362573	73.099415	8.77193	2.923977	2.923977	0	0	2.923977	35.087719	0	2.923977	2.923977	73.099415	0
38495_composicao_gemini-3.6-flash.txt	menores_notas_gemini	327	131.498471	12.232416	79.510703	18.348624	0	9.174312	6.116208	0	0	0	0	0	3.058104	0	0	0	3.058104	0	3.058104	0	9.174312	0	3.058104	0	3.058104	12.232416	0	0	12.232416	33.639144	287.461774	195.718654	94.801223	12.232416	9.174312	0	12.232416	76.452599	6.116208	51.987768	24.464832	3.058104	42.813456	0	97.859327	3.058104	64.220183	48.929664	3.058104	15.29052	0	3.058104	12.232416	149.847095	3.058104	42.813456	94.801223	70.336391	9.174312	9.174312	0	0	6.116208	0	30.58104	3.058104	0	0	48.929664	18.348624	0	0	0	3.058104	0	0	0	3.058104	3.058104	0	0	45.87156	6.116208	6.116208	0	0	0	0	0	0	0	0	0	0	0	0	0	3.058104	0	0	12.232416	0	9.174312	18.348624	58.103976	6.116208	0	0	6.116208	0	9.174312	3.058104	0	0	0	0	0	0	0	0	0	0	0	0	0	0	3.058104	0	3.058104	67.278287	0	88.685015	0	64.220183	0	3.058104	0	0	0	0	0	0	6.116208	3.058104	3.058104	58.103976	6.116208	0	0	9.174312	3.058104	0	12.232416	9.174312	0	0	0	0	3.058104	0	0	0	0	0	9.174312	0	0	12.232416	0	0	0	0	0	0	3.058104	0	0	0	0	0	3.058104	0	0	0	0	0	0	0	0	0	0	0	0	0	6.116208	0	0	0	3.058104	0	0	0	0	0	0	3.058104	0	0	0	0	0	0	0	0	0	0	0	0	0	0	0	0	0	0	0	0	0	0	0	0	0	0	0	223.24159	15.29052	321.100917	165.137615	82.568807	18.348624	155.963303	79.510703	6.116208	9.174312	3.058104	0	0	3.058104	18.348624	3.058104	3.058104	3.058104	39.755352	0
38499_composicao_gemini-3.6-flash.txt	menores_notas_gemini	372	96.774194	8.064516	123.655914	13.44086	2.688172	5.376344	0	0	0	0	0	0	13.44086	0	0	0	13.44086	0	0	0	8.064516	0	0	0	5.376344	0	0	0	0	13.44086	309.139785	174.731183	110.215054	13.44086	10.752688	16.129032	5.376344	77.956989	18.817204	64.516129	29.569892	5.376344	40.322581	0	69.892473	5.376344	77.956989	48.387097	5.376344	0	0	0	13.44086	118.27957	0	34.946237	72.580645	77.956989	13.44086	8.064516	0	5.376344	2.688172	5.376344	8.064516	0	0	0	26.88172	5.376344	0	2.688172	2.688172	2.688172	0	0	0	2.688172	0	0	0	56.451613	0	0	0	0	0	0	0	0	2.688172	0	0	5.376344	0	0	0	5.376344	0	0	5.376344	0	5.376344	21.505376	56.451613	0	5.376344	0	8.064516	0	18.817204	0	0	2.688172	0	2.688172	2.688172	0	0	0	2.688172	0	0	0	0	0	5.376344	0	10.752688	72.580645	13.44086	129.032258	0	45.698925	2.688172	0	0	0	0	5.376344	0	0	0	5.376344	5.376344	45.698925	2.688172	5.376344	0	8.064516	5.376344	0	5.376344	2.688172	0	0	0	0	2.688172	0	0	0	0	0	8.064516	0	0	13.44086	0	0	2.688172	0	0	2.688172	0	0	0	0	0	0	2.688172	2.688172	0	0	0	0	0	0	0	2.688172	2.688172	0	0	0	8.064516	0	0	5.376344	8.064516	0	0	0	0	0	0	5.376344	0	0	0	0	0	0	0	0	0	0	0	0	0	0	0	0	0	0	0	0	0	0	0	0	0	0	0	228.494624	26.88172	322.580645	137.096774	91.397849	26.88172	215.053763	69.892473	5.376344	8.064516	5.376344	0	0	5.376344	10.752688	5.376344	2.688172	2.688172	32.258065	0
38506_composicao_gemini-3.6-flash.txt	menores_notas_gemini	376	111.702128	13.297872	85.106383	10.638298	0	2.659574	5.319149	2.659574	0	0	0	0	13.297872	0	0	0	7.978723	0	2.659574	0	7.978723	0	2.659574	5.319149	2.659574	0	0	0	0	21.276596	295.212766	202.12766	69.148936	7.978723	5.319149	0	13.297872	101.06383	10.638298	85.106383	18.617021	10.638298	53.191489	26.595745	77.12766	13.297872	53.191489	42.553191	5.319149	15.957447	0	0	7.978723	119.680851	0	42.553191	66.489362	93.085106	18.617021	13.297872	7.978723	0	10.638298	0	23.93617	0	2.659574	2.659574	37.234043	5.319149	0	0	2.659574	0	0	2.659574	2.659574	2.659574	0	0	0	50.531915	0	0	0	2.659574	0	0	0	0	2.659574	0	0	5.319149	2.659574	0	0	13.297872	5.319149	0	23.93617	0	13.297872	18.617021	53.191489	0	23.93617	0	13.297872	0	7.978723	2.659574	0	0	0	5.319149	2.659574	0	0	0	0	0	0	0	0	0	0	0	10.638298	95.744681	5.319149	90.425532	0	47.87234	0	2.659574	0	0	2.659574	0	0	0	0	0	0	34.574468	13.297872	0	0	7.978723	0	2.659574	23.93617	10.638298	0	0	0	0	5.319149	0	0	0	0	0	0	2.659574	5.319149	5.319149	0	0	0	0	0	0	0	0	0	0	0	0	0	0	0	0	0	0	0	2.659574	0	5.319149	0	5.319149	0	0	10.638298	0	0	5.319149	7.978723	0	0	0	0	0	0	0	0	0	0	0	0	0	0	0	0	0	0	0	0	0	0	0	0	0	0	0	0	0	0	0	0	0	0	125	23.93617	316.489362	140.957447	111.702128	26.595745	191.489362	53.191489	29.255319	7.978723	0	0	0	0	23.93617	0	5.319149	2.659574	55.851064	0
38536_composicao_gemini-3.6-flash.txt	menores_notas_gemini	383	93.994778	15.665796	104.438642	10.443864	0	2.610966	5.221932	0	0	0	0	0	2.610966	0	0	0	2.610966	0	0	0	5.221932	0	0	0	0	0	0	0	0	15.665796	323.759791	135.770235	93.994778	33.942559	15.665796	13.05483	5.221932	73.10705	5.221932	60.052219	28.720627	2.610966	46.997389	2.610966	67.885117	7.832898	44.386423	23.498695	13.05483	10.443864	0	7.832898	23.498695	86.16188	0	15.665796	88.772846	91.383812	7.832898	7.832898	0	2.610966	5.221932	5.221932	20.887728	2.610966	2.610966	0	23.498695	13.05483	0	7.832898	0	0	0	0	0	0	0	0	0	33.942559	18.276762	0	0	0	0	0	0	0	2.610966	0	0	0	2.610966	2.610966	0	0	0	5.221932	15.665796	0	26.109661	15.665796	52.219321	0	0	0	5.221932	0	7.832898	5.221932	5.221932	2.610966	0	5.221932	2.610966	0	0	0	2.610966	0	0	0	0	0	0	0	0	83.550914	20.887728	104.438642	0	52.219321	0	5.221932	0	0	2.610966	0	0	0	0	7.832898	0	36.553525	13.05483	0	0	5.221932	2.610966	0	15.665796	26.109661	0	0	0	0	10.443864	0	0	0	0	0	5.221932	0	0	13.05483	0	0	0	0	0	0	0	0	0	0	0	0	0	0	0	0	0	0	0	0	0	0	0	0	0	2.610966	7.832898	0	0	2.610966	7.832898	0	0	0	0	0	0	0	0	0	0	0	0	0	0	0	0	0	0	0	0	0	0	0	0	0	0	0	0	0	0	0	0	0	0	109.660574	7.832898	339.425587	117.493473	107.049608	23.498695	208.877285	65.274151	0	5.221932	0	0	0	2.610966	20.887728	0	0	2.610966	57.441253	0
38555_composicao_gemini-3.6-flash.txt	menores_notas_gemini	417	115.107914	16.786571	79.136691	11.990408	2.398082	0	2.398082	2.398082	0	0	0	0	21.582734	0	0	0	21.582734	0	2.398082	2.398082	9.592326	0	2.398082	4.796163	2.398082	0	0	0	0	4.796163	302.158273	129.496403	115.107914	28.776978	26.378897	7.194245	2.398082	69.544365	2.398082	64.748201	14.388489	4.796163	81.534772	0	88.729017	16.786571	52.757794	33.573141	4.796163	14.388489	0	0	16.786571	117.505995	0	28.776978	69.544365	76.738609	11.990408	19.184652	2.398082	11.990408	2.398082	2.398082	28.776978	2.398082	0	4.796163	45.563549	16.786571	2.398082	0	0	2.398082	2.398082	2.398082	2.398082	2.398082	0	4.796163	2.398082	62.35012	0	0	0	2.398082	0	0	0	0	4.796163	0	0	4.796163	0	0	0	4.796163	0	2.398082	21.582734	0	11.990408	16.786571	62.35012	0	4.796163	0	4.796163	0	2.398082	0	0	4.796163	0	7.194245	2.398082	0	0	0	4.796163	0	0	0	0	0	0	0	4.796163	79.136691	11.990408	86.330935	0	50.359712	0	9.592326	0	0	2.398082	0	0	0	0	7.194245	2.398082	45.563549	9.592326	0	0	11.990408	7.194245	0	21.582734	11.990408	2.398082	0	0	0	14.388489	0	0	0	0	0	7.194245	0	4.796163	4.796163	0	0	4.796163	0	0	4.796163	4.796163	0	0	0	0	0	4.796163	2.398082	0	0	0	0	0	2.398082	0	0	0	0	0	2.398082	23.980815	0	0	7.194245	14.388489	0	0	0	0	2.398082	0	4.796163	0	0	0	0	0	0	0	0	0	0	0	0	0	0	0	0	0	0	0	0	0	0	0	0	0	0	0	211.031175	35.971223	306.954436	151.079137	105.515588	23.980815	177.458034	64.748201	4.796163	11.990408	7.194245	0	0	7.194245	33.573141	14.388489	9.592326	2.398082	50.359712	0
38632_composicao_gemini-3.6-flash.txt	menores_notas_gemini	342	119.883041	11.695906	78.947368	2.923977	11.695906	5.847953	11.695906	0	0	0	0	0	8.77193	0	0	0	8.77193	0	0	0	5.847953	0	2.923977	2.923977	5.847953	0	0	0	0	49.707602	263.157895	116.959064	143.274854	23.391813	2.923977	2.923977	5.847953	40.935673	8.77193	46.783626	38.011696	2.923977	76.023392	0	81.871345	8.77193	26.315789	40.935673	8.77193	5.847953	0	8.77193	14.619883	87.719298	0	14.619883	40.935673	125.730994	17.54386	8.77193	2.923977	0	8.77193	8.77193	14.619883	5.847953	5.847953	0	38.011696	2.923977	0	2.923977	2.923977	5.847953	0	2.923977	0	0	0	0	2.923977	14.619883	43.859649	26.315789	0	0	0	0	0	0	0	0	0	0	0	5.847953	0	17.54386	0	0	29.239766	0	11.695906	35.087719	84.795322	2.923977	14.619883	0	5.847953	2.923977	8.77193	2.923977	0	2.923977	0	2.923977	2.923977	0	0	0	2.923977	0	0	0	0	0	5.847953	0	2.923977	81.871345	5.847953	78.947368	0	35.087719	0	2.923977	0	0	0	2.923977	0	0	5.847953	8.77193	0	29.239766	8.77193	0	0	5.847953	8.77193	0	23.391813	11.695906	2.923977	0	0	0	2.923977	0	0	0	0	0	2.923977	0	2.923977	11.695906	0	0	0	0	0	0	2.923977	0	5.847953	0	0	0	8.77193	0	0	0	0	0	5.847953	0	0	0	0	0	0	2.923977	5.847953	0	0	2.923977	5.847953	0	0	0	0	0	0	0	0	0	0	0	0	0	0	0	0	0	0	0	0	0	0	0	0	0	0	0	0	0	0	0	0	0	0	131.578947	26.315789	312.865497	111.111111	149.122807	26.315789	166.666667	55.555556	17.54386	8.77193	0	0	0	8.77193	29.239766	8.77193	2.923977	2.923977	76.023392	0
38637_composicao_gemini-3.6-flash.txt	menores_notas_gemini	412	106.796117	9.708738	92.23301	7.281553	2.427184	2.427184	2.427184	0	0	0	0	0	14.563107	0	0	0	14.563107	0	0	0	12.135922	0	0	7.281553	0	0	0	0	0	16.990291	303.398058	84.951456	104.368932	4.854369	4.854369	2.427184	4.854369	65.533981	0	58.252427	21.84466	4.854369	48.543689	4.854369	50.970874	7.281553	53.398058	24.271845	2.427184	4.854369	0	12.135922	7.281553	99.514563	0	31.553398	84.951456	89.805825	19.417476	4.854369	0	4.854369	2.427184	0	4.854369	2.427184	4.854369	2.427184	41.262136	4.854369	2.427184	0	4.854369	0	0	0	0	2.427184	0	0	0	19.417476	33.980583	12.135922	0	0	0	0	0	0	2.427184	4.854369	0	0	0	4.854369	0	24.271845	7.281553	4.854369	16.990291	0	4.854369	24.271845	65.533981	0	24.271845	0	4.854369	0	12.135922	0	0	0	0	2.427184	4.854369	2.427184	2.427184	0	0	0	0	2.427184	0	0	0	0	9.708738	94.660194	2.427184	92.23301	0	65.533981	2.427184	2.427184	0	2.427184	0	4.854369	0	0	9.708738	9.708738	0	63.106796	4.854369	0	0	12.135922	7.281553	2.427184	9.708738	4.854369	0	0	4.854369	0	9.708738	0	0	0	0	0	7.281553	0	2.427184	4.854369	0	2.427184	0	0	0	0	0	0	0	2.427184	0	0	4.854369	0	0	2.427184	0	0	0	2.427184	0	2.427184	0	0	0	0	14.563107	0	0	4.854369	9.708738	0	0	0	0	0	0	0	0	0	0	0	0	0	0	0	0	0	0	0	0	0	0	0	0	0	0	0	0	0	0	0	0	0	0	128.640777	16.990291	320.38835	114.07767	111.650485	16.990291	189.320388	92.23301	31.553398	12.135922	0	0	0	9.708738	19.417476	9.708738	2.427184	9.708738	46.116505	4.854369
38670_composicao_gemini-3.6-flash.txt	menores_notas_gemini	356	109.550562	0	78.651685	19.662921	2.808989	5.617978	2.808989	0	0	0	0	0	11.235955	0	0	0	8.426966	0	8.426966	5.617978	22.47191	0	8.426966	0	5.617978	0	0	0	0	33.707865	174.157303	129.213483	112.359551	11.235955	11.235955	8.426966	0	75.842697	8.426966	53.370787	16.853933	8.426966	39.325843	5.617978	70.224719	14.044944	61.797753	33.707865	8.426966	5.617978	0	22.47191	16.853933	115.168539	0	25.280899	70.224719	98.314607	28.089888	19.662921	2.808989	2.808989	5.617978	5.617978	16.853933	0	2.808989	2.808989	70.224719	2.808989	2.808989	0	0	0	0	0	0	0	2.808989	0	0	70.224719	2.808989	0	0	0	0	0	0	0	5.617978	0	0	19.662921	5.617978	0	0	5.617978	2.808989	0	14.044944	0	22.47191	25.280899	73.033708	0	5.617978	0	8.426966	0	14.044944	11.235955	2.808989	2.808989	0	5.617978	11.235955	0	0	0	2.808989	0	0	0	0	0	0	2.808989	11.235955	58.988764	5.617978	84.269663	0	36.516854	0	5.617978	0	0	0	5.617978	0	0	5.617978	2.808989	2.808989	30.898876	8.426966	0	0	22.47191	2.808989	2.808989	14.044944	22.47191	0	0	22.47191	0	5.617978	0	0	0	0	0	19.662921	0	0	8.426966	0	0	0	0	0	2.808989	0	0	0	0	0	0	0	2.808989	0	0	0	0	0	5.617978	0	2.808989	0	0	0	0	2.808989	0	0	8.426966	2.808989	0	0	0	0	0	0	2.808989	0	0	0	0	0	0	0	0	0	0	0	0	0	0	0	0	0	0	0	0	0	0	0	0	0	0	0	109.550562	53.370787	289.325843	146.067416	132.022472	47.752809	148.876404	58.988764	8.426966	22.47191	2.808989	0	0	2.808989	14.044944	2.808989	2.808989	11.235955	61.797753	22.47191
38674_composicao_gemini-3.6-flash.txt	menores_notas_gemini	384	109.375	5.208333	85.9375	13.020833	0	5.208333	7.8125	2.604167	0	0	0	0	7.8125	0	0	0	7.8125	0	0	0	5.208333	2.604167	0	5.208333	2.604167	0	0	0	0	26.041667	299.479167	145.833333	156.25	15.625	10.416667	2.604167	5.208333	62.5	28.645833	59.895833	18.229167	2.604167	62.5	15.625	127.604167	7.8125	67.708333	49.479167	2.604167	13.020833	0	0	10.416667	114.583333	2.604167	26.041667	83.333333	91.145833	18.229167	7.8125	7.8125	5.208333	0	0	31.25	2.604167	5.208333	7.8125	54.6875	13.020833	0	0	7.8125	0	0	0	5.208333	2.604167	0	2.604167	0	49.479167	0	0	0	5.208333	0	0	0	0	2.604167	0	0	10.416667	5.208333	0	0	26.041667	0	2.604167	20.833333	0	15.625	20.833333	54.6875	2.604167	18.229167	0	2.604167	0	13.020833	5.208333	2.604167	5.208333	2.604167	5.208333	10.416667	0	0	0	5.208333	0	2.604167	0	0	0	0	2.604167	7.8125	75.520833	15.625	88.541667	0	62.5	0	2.604167	0	0	2.604167	0	0	0	0	0	2.604167	54.6875	7.8125	0	0	5.208333	0	2.604167	20.833333	13.020833	2.604167	0	0	0	7.8125	0	0	0	0	0	2.604167	0	2.604167	5.208333	0	0	0	0	0	0	0	0	0	0	0	0	0	0	0	0	0	0	0	5.208333	0	2.604167	0	5.208333	0	0	15.625	0	0	2.604167	5.208333	0	0	0	0	0	0	5.208333	0	0	0	0	0	0	0	0	0	0	0	0	0	0	0	0	0	0	0	0	0	0	0	0	0	0	0	200.520833	15.625	325.520833	132.8125	114.583333	39.0625	177.083333	70.3125	26.041667	7.8125	5.208333	0	0	0	28.645833	0	7.8125	15.625	57.291667	0
38677_composicao_gemini-3.6-flash.txt	menores_notas_gemini	384	93.75	10.416667	70.3125	10.416667	5.208333	2.604167	2.604167	0	0	0	0	0	7.8125	0	0	0	7.8125	0	5.208333	2.604167	15.625	0	5.208333	0	5.208333	18.229167	0	0	18.229167	0	320.3125	169.270833	119.791667	15.625	15.625	7.8125	2.604167	83.333333	2.604167	75.520833	10.416667	2.604167	39.0625	2.604167	67.708333	20.833333	57.291667	52.083333	5.208333	7.8125	0	0	7.8125	122.395833	0	39.0625	93.75	96.354167	20.833333	26.041667	5.208333	0	0	0	7.8125	0	2.604167	2.604167	46.875	2.604167	5.208333	0	0	0	0	0	0	2.604167	0	0	0	62.5	2.604167	0	0	0	0	2.604167	0	0	0	0	0	0	0	0	2.604167	5.208333	2.604167	0	26.041667	0	23.4375	13.020833	67.708333	0	5.208333	0	7.8125	0	5.208333	0	0	2.604167	0	2.604167	0	0	0	0	0	2.604167	0	0	0	0	0	0	2.604167	93.75	2.604167	80.729167	0	52.083333	0	2.604167	2.604167	0	0	2.604167	0	0	2.604167	2.604167	0	36.458333	15.625	0	0	15.625	2.604167	0	26.041667	23.4375	2.604167	0	0	0	5.208333	0	0	0	0	0	15.625	0	0	7.8125	0	0	0	0	0	0	2.604167	0	0	0	0	0	2.604167	0	0	0	0	0	0	2.604167	0	10.416667	0	0	0	2.604167	13.020833	0	0	2.604167	5.208333	0	0	0	0	0	0	0	0	0	0	0	0	0	0	0	0	0	0	0	0	0	0	0	0	0	0	0	0	0	0	0	0	0	0	104.166667	31.25	320.3125	151.041667	93.75	18.229167	174.479167	65.104167	7.8125	15.625	0	0	0	2.604167	26.041667	2.604167	2.604167	0	62.5	0
38764_composicao_gemini-3.6-flash.txt	menores_notas_gemini	339	117.9941	14.749263	73.746313	14.749263	0	2.949853	8.849558	2.949853	0	0	0	0	8.849558	0	0	0	8.849558	0	0	0	14.749263	0	0	0	2.949853	0	0	0	0	0	345.132743	179.941003	109.144543	32.448378	20.648968	2.949853	2.949853	82.59587	8.849558	82.59587	23.59882	5.899705	50.147493	0	67.846608	5.899705	29.498525	41.297935	2.949853	11.79941	0	2.949853	11.79941	79.646018	0	11.79941	41.297935	85.545723	11.79941	11.79941	2.949853	0	0	5.899705	5.899705	0	2.949853	0	61.946903	2.949853	0	0	2.949853	2.949853	0	0	0	0	0	0	0	67.846608	2.949853	0	0	0	0	0	0	0	2.949853	0	0	5.899705	0	0	0	0	0	0	14.749263	0	8.849558	2.949853	70.79646	0	0	0	2.949853	0	11.79941	0	2.949853	5.899705	0	5.899705	2.949853	0	0	0	5.899705	0	0	0	0	0	2.949853	0	5.899705	70.79646	5.899705	73.746313	0	70.79646	0	5.899705	0	0	0	2.949853	0	0	8.849558	2.949853	2.949853	58.99705	14.749263	0	0	14.749263	0	0	14.749263	8.849558	0	0	0	0	0	0	0	0	0	0	14.749263	0	0	0	0	0	0	0	0	2.949853	0	0	0	0	0	0	0	2.949853	0	0	0	0	0	0	0	0	0	0	0	0	5.899705	0	0	2.949853	5.899705	0	0	0	0	0	0	2.949853	0	0	2.949853	0	0	0	0	0	0	0	0	0	0	0	0	0	0	0	0	0	0	0	0	0	0	0	0	132.743363	26.548673	345.132743	97.345133	100.294985	32.448378	147.492625	94.39528	0	29.498525	5.899705	0	0	2.949853	20.648968	2.949853	0	5.899705	26.548673	0
38786_composicao_gemini-3.6-flash.txt	menores_notas_gemini	400	105	7.5	90	7.5	5	0	2.5	0	0	0	0	0	10	0	0	0	10	0	2.5	0	10	0	2.5	0	0	0	0	0	0	17.5	292.5	190	102.5	10	7.5	2.5	0	102.5	12.5	67.5	25	15	40	17.5	62.5	5	70	30	2.5	5	0	7.5	0	132.5	0	52.5	100	95	10	7.5	7.5	5	0	2.5	7.5	0	0	7.5	70	5	0	0	2.5	2.5	0	0	0	7.5	5	0	0	50	2.5	0	0	0	0	0	0	0	0	0	0	0	0	0	0	5	0	5	30	0	17.5	15	52.5	0	5	0	5	0	10	0	2.5	2.5	0	5	2.5	0	0	0	2.5	0	0	0	0	0	0	0	30	85	22.5	90	0	50	0	0	0	0	0	0	0	0	0	0	2.5	45	5	0	0	10	0	0	30	15	0	0	0	0	0	0	0	0	0	0	5	2.5	0	7.5	0	0	0	0	0	0	0	0	0	0	0	0	0	0	0	0	0	0	0	10	0	2.5	0	0	0	5	20	0	0	5	5	0	0	0	0	0	0	5	0	0	5	0	0	0	0	0	0	0	0	0	0	0	0	0	0	0	0	0	0	0	0	0	0	0	0	202.5	30	310	137.5	105	50	192.5	52.5	5	10	10	0	0	0	50	0	7.5	2.5	62.5	0
38794_composicao_gemini-3.6-flash.txt	menores_notas_gemini	358	106.145251	13.96648	72.625698	8.379888	0	5.586592	5.586592	0	0	0	0	0	0	0	0	0	0	0	0	0	8.379888	0	0	0	2.793296	0	0	0	0	5.586592	301.675978	181.564246	89.385475	19.553073	11.173184	8.379888	2.793296	67.039106	19.553073	61.452514	16.759777	11.173184	39.106145	16.759777	89.385475	13.96648	69.832402	33.519553	11.173184	11.173184	0	0	19.553073	114.52514	0	50.27933	108.938547	89.385475	22.346369	13.96648	2.793296	5.586592	2.793296	0	11.173184	0	0	13.96648	44.692737	2.793296	0	0	5.586592	0	0	0	11.173184	0	2.793296	8.379888	2.793296	41.899441	5.586592	0	0	2.793296	0	2.793296	0	0	11.173184	0	0	5.586592	0	0	0	11.173184	0	0	22.346369	0	16.759777	25.139665	53.072626	0	11.173184	0	0	0	5.586592	2.793296	2.793296	5.586592	0	5.586592	5.586592	0	0	0	5.586592	0	0	0	0	0	0	0	11.173184	94.972067	5.586592	72.625698	0	50.27933	2.793296	2.793296	0	0	0	0	0	5.586592	0	2.793296	0	44.692737	8.379888	0	0	8.379888	2.793296	2.793296	22.346369	16.759777	0	0	0	0	0	0	0	0	0	0	5.586592	0	0	8.379888	0	2.793296	0	0	0	0	0	0	0	0	0	0	2.793296	0	0	0	0	0	2.793296	11.173184	0	2.793296	0	5.586592	0	0	0	0	0	0	0	0	0	0	0	0	0	0	0	0	5.586592	0	0	0	0	0	0	0	0	0	0	0	0	0	0	0	0	0	0	0	0	0	0	0	0	120.111732	5.586592	307.26257	170.391061	111.731844	33.519553	173.184358	64.24581	11.173184	8.379888	5.586592	0	0	2.793296	22.346369	2.793296	13.96648	5.586592	64.24581	0
38891_composicao_gemini-3.6-flash.txt	menores_notas_gemini	384	138.020833	2.604167	65.104167	5.208333	5.208333	2.604167	0	0	0	0	0	0	10.416667	0	0	0	10.416667	0	0	0	5.208333	0	0	0	2.604167	0	0	0	0	15.625	302.083333	98.958333	117.1875	7.8125	20.833333	2.604167	2.604167	93.75	2.604167	80.729167	31.25	7.8125	46.875	15.625	70.3125	10.416667	57.291667	52.083333	0	10.416667	0	0	7.8125	125	0	28.645833	88.541667	83.333333	18.229167	10.416667	2.604167	2.604167	2.604167	2.604167	18.229167	0	0	0	33.854167	5.208333	7.8125	0	5.208333	0	0	2.604167	0	0	0	0	0	44.270833	0	0	0	2.604167	0	0	0	0	5.208333	0	0	5.208333	2.604167	0	0	7.8125	0	0	13.020833	0	23.4375	13.020833	46.875	0	7.8125	0	10.416667	0	5.208333	5.208333	0	5.208333	0	5.208333	5.208333	0	0	0	5.208333	0	0	0	0	0	0	5.208333	15.625	78.125	7.8125	65.104167	0	59.895833	0	2.604167	0	0	0	2.604167	0	0	7.8125	2.604167	2.604167	57.291667	2.604167	0	0	5.208333	2.604167	0	13.020833	20.833333	0	0	0	0	10.416667	0	0	0	0	0	5.208333	0	0	5.208333	0	2.604167	0	0	0	0	0	0	0	0	0	0	2.604167	0	0	0	0	0	0	0	0	5.208333	0	2.604167	0	0	2.604167	0	0	2.604167	7.8125	0	0	0	0	2.604167	0	5.208333	0	0	0	0	0	0	0	0	0	0	0	0	0	0	0	0	0	0	0	0	0	0	0	0	0	0	0	140.625	15.625	317.708333	143.229167	101.5625	41.666667	151.041667	78.125	7.8125	5.208333	7.8125	0	0	2.604167	13.020833	2.604167	0	5.208333	49.479167	0
38917_composicao_gemini-3.6-flash.txt	menores_notas_gemini	378	97.883598	13.227513	79.365079	13.227513	0	7.936508	5.291005	0	0	0	0	0	7.936508	0	0	0	7.936508	0	0	0	10.582011	0	0	2.645503	0	0	0	0	0	47.619048	272.486772	166.666667	108.465608	21.164021	18.518519	7.936508	7.936508	63.492063	2.645503	50.26455	31.746032	5.291005	52.910053	13.227513	84.656085	10.582011	50.26455	66.137566	2.645503	15.873016	0	2.645503	13.227513	121.693122	0	34.391534	68.783069	84.656085	18.518519	7.936508	2.645503	13.227513	2.645503	5.291005	26.455026	2.645503	2.645503	2.645503	26.455026	7.936508	0	0	5.291005	2.645503	0	0	2.645503	0	0	2.645503	0	42.328042	15.873016	0	0	5.291005	0	0	0	0	2.645503	0	0	2.645503	0	2.645503	0	7.936508	5.291005	2.645503	13.227513	0	10.582011	29.100529	63.492063	0	7.936508	0	2.645503	0	5.291005	2.645503	0	7.936508	0	7.936508	2.645503	0	2.645503	0	7.936508	0	0	2.645503	0	0	2.645503	2.645503	2.645503	76.719577	2.645503	79.365079	0	60.846561	2.645503	5.291005	2.645503	0	0	0	0	0	7.936508	5.291005	0	55.555556	10.582011	0	0	10.582011	5.291005	0	13.227513	10.582011	5.291005	0	0	0	7.936508	0	0	0	0	0	5.291005	0	2.645503	13.227513	0	2.645503	0	0	0	0	0	0	2.645503	0	0	0	5.291005	0	0	0	0	0	0	2.645503	0	2.645503	0	0	0	0	7.936508	0	0	2.645503	5.291005	0	0	0	0	0	0	0	0	0	0	0	0	0	0	0	0	0	0	0	0	0	0	0	0	0	0	0	0	0	0	0	0	0	0	190.47619	23.809524	320.10582	145.502646	116.402116	23.809524	158.730159	84.656085	13.227513	10.582011	0	0	0	5.291005	13.227513	5.291005	2.645503	7.936508	52.910053	0
38928_composicao_gemini-3.6-flash.txt	menores_notas_gemini	322	96.273292	18.63354	114.906832	9.31677	0	9.31677	6.21118	0	0	0	0	0	6.21118	0	3.10559	0	3.10559	0	0	3.10559	6.21118	0	0	0	3.10559	0	0	0	0	31.055901	288.819876	170.807453	59.006211	12.42236	9.31677	0	3.10559	99.378882	9.31677	62.111801	24.84472	0	46.583851	15.52795	136.645963	15.52795	31.055901	49.689441	6.21118	9.31677	0	0	15.52795	121.118012	0	9.31677	90.062112	86.956522	21.73913	21.73913	0	0	0	0	27.950311	0	6.21118	3.10559	43.478261	3.10559	0	0	0	0	0	0	3.10559	0	0	0	0	52.795031	6.21118	0	0	3.10559	0	0	0	0	6.21118	0	0	0	0	0	0	3.10559	0	0	6.21118	0	21.73913	15.52795	62.111801	0	3.10559	0	0	0	18.63354	3.10559	0	3.10559	0	6.21118	3.10559	0	3.10559	0	3.10559	0	0	3.10559	0	0	6.21118	0	6.21118	62.111801	9.31677	114.906832	0	40.372671	0	6.21118	0	0	3.10559	0	0	0	0	6.21118	3.10559	34.161491	9.31677	0	0	6.21118	6.21118	0	6.21118	18.63354	6.21118	0	0	0	3.10559	0	0	0	0	0	6.21118	0	0	6.21118	0	0	0	0	0	3.10559	3.10559	0	0	0	0	0	3.10559	3.10559	0	0	0	0	0	0	0	0	3.10559	0	0	0	3.10559	0	0	0	6.21118	0	0	0	0	0	0	3.10559	0	0	0	0	0	0	0	0	0	0	0	0	0	0	0	0	0	0	0	0	0	0	0	0	0	0	0	114.906832	15.52795	319.875776	152.173913	111.801242	27.950311	186.335404	52.795031	3.10559	6.21118	3.10559	0	0	6.21118	6.21118	6.21118	3.10559	0	43.478261	0
38957_composicao_gemini-3.6-flash.txt	menores_notas_gemini	247	85.020243	12.145749	60.728745	16.194332	60.728745	8.097166	0	0	0	0	0	0	12.145749	0	0	0	12.145749	0	0	4.048583	16.194332	0	8.097166	16.194332	12.145749	0	0	0	0	24.291498	259.109312	101.214575	137.651822	20.242915	12.145749	0	16.194332	40.48583	16.194332	28.340081	52.631579	4.048583	56.680162	4.048583	56.680162	32.388664	20.242915	28.340081	0	8.097166	4.048583	8.097166	12.145749	60.728745	0	0	76.923077	125.506073	24.291498	36.437247	4.048583	4.048583	0	4.048583	16.194332	4.048583	8.097166	8.097166	44.534413	8.097166	0	8.097166	0	8.097166	0	0	0	4.048583	4.048583	4.048583	0	48.582996	28.340081	8.097166	0	0	0	0	0	0	8.097166	0	0	0	4.048583	4.048583	0	4.048583	0	4.048583	28.340081	0	20.242915	8.097166	85.020243	0	0	0	8.097166	0	16.194332	12.145749	0	4.048583	0	0	12.145749	4.048583	0	0	4.048583	0	0	0	0	0	0	0	0	72.874494	4.048583	68.825911	0	44.534413	8.097166	4.048583	4.048583	0	0	8.097166	0	8.097166	8.097166	0	4.048583	36.437247	16.194332	0	0	16.194332	0	0	28.340081	20.242915	0	0	12.145749	0	12.145749	0	0	0	0	0	12.145749	0	4.048583	8.097166	0	0	0	0	0	0	0	0	0	0	0	0	0	0	0	0	0	0	0	12.145749	0	4.048583	0	0	0	0	8.097166	0	0	12.145749	0	0	0	0	0	0	0	4.048583	0	0	0	0	0	0	0	0	0	0	0	0	0	0	0	0	0	0	0	0	0	0	0	0	0	0	0	97.165992	32.388664	283.40081	105.263158	149.797571	36.437247	145.748988	89.068826	4.048583	16.194332	4.048583	0	0	0	28.340081	0	8.097166	16.194332	56.680162	12.145749
38970_composicao_gemini-3.6-flash.txt	menores_notas_gemini	385	90.909091	10.38961	88.311688	10.38961	0	5.194805	0	0	0	0	0	0	12.987013	0	0	0	12.987013	0	0	0	7.792208	0	0	5.194805	5.194805	0	0	0	0	25.974026	280.519481	155.844156	75.324675	25.974026	7.792208	10.38961	2.597403	44.155844	2.597403	38.961039	23.376623	33.766234	41.558442	5.194805	80.519481	7.792208	59.74026	44.155844	2.597403	7.792208	0	2.597403	18.181818	111.688312	0	36.363636	93.506494	122.077922	7.792208	7.792208	5.194805	10.38961	0	2.597403	44.155844	0	2.597403	10.38961	62.337662	10.38961	0	0	2.597403	5.194805	2.597403	0	5.194805	5.194805	0	0	0	25.974026	25.974026	0	0	5.194805	0	0	0	0	2.597403	0	0	0	0	2.597403	0	5.194805	0	2.597403	33.766234	0	15.584416	20.779221	57.142857	0	5.194805	0	5.194805	0	12.987013	0	5.194805	5.194805	0	7.792208	0	0	0	0	5.194805	0	0	0	0	2.597403	0	0	5.194805	93.506494	18.181818	88.311688	0	54.545455	2.597403	2.597403	0	0	5.194805	5.194805	0	0	5.194805	2.597403	0	51.948052	5.194805	0	0	10.38961	2.597403	0	31.168831	15.584416	0	0	0	0	0	0	0	0	0	0	5.194805	0	5.194805	18.181818	0	0	0	0	0	2.597403	0	0	0	0	0	0	2.597403	0	0	0	2.597403	0	2.597403	5.194805	0	2.597403	0	0	0	0	20.779221	0	0	5.194805	7.792208	0	0	0	0	0	0	2.597403	0	0	0	0	0	0	0	0	0	0	0	0	0	0	0	0	0	0	0	0	0	0	0	0	0	0	0	101.298701	25.974026	309.090909	137.662338	129.87013	36.363636	184.415584	77.922078	5.194805	10.38961	2.597403	0	0	2.597403	31.168831	2.597403	10.38961	2.597403	70.12987	0
39063_composicao_gemini-3.6-flash.txt	menores_notas_gemini	321	84.11215	12.461059	96.573209	18.691589	3.115265	6.23053	0	0	0	0	0	0	21.806854	0	0	0	15.576324	0	0	0	6.23053	0	0	0	6.23053	0	0	0	0	3.115265	308.411215	152.647975	74.766355	28.037383	31.152648	9.345794	0	74.766355	0	46.728972	6.23053	3.115265	40.498442	6.23053	124.610592	9.345794	40.498442	68.535826	15.576324	15.576324	0	3.115265	15.576324	146.417445	0	34.267913	87.227414	71.65109	6.23053	9.345794	0	9.345794	6.23053	0	28.037383	0	0	3.115265	28.037383	3.115265	0	0	0	0	3.115265	3.115265	3.115265	0	3.115265	0	0	40.498442	3.115265	0	0	3.115265	0	0	0	0	0	0	0	0	0	0	0	0	6.23053	3.115265	18.691589	0	15.576324	12.461059	46.728972	0	0	0	6.23053	0	9.345794	6.23053	0	0	0	6.23053	6.23053	0	0	0	0	0	0	0	0	0	3.115265	6.23053	21.806854	84.11215	52.959502	99.688474	0	62.305296	3.115265	12.461059	0	0	0	0	0	0	0	6.23053	3.115265	59.190031	6.23053	0	0	6.23053	6.23053	0	18.691589	15.576324	12.461059	0	0	0	21.806854	0	0	0	0	0	6.23053	0	0	12.461059	0	0	3.115265	0	0	0	3.115265	0	0	0	0	0	6.23053	0	0	0	3.115265	0	0	0	0	3.115265	0	3.115265	0	0	9.345794	0	0	3.115265	18.691589	0	0	0	0	0	0	3.115265	0	0	0	0	0	0	0	0	0	0	0	0	0	0	0	0	0	0	0	0	0	0	0	3.115265	0	0	0	96.573209	6.23053	311.52648	174.454829	80.996885	24.922118	199.376947	80.996885	6.23053	6.23053	3.115265	0	0	6.23053	18.691589	6.23053	6.23053	9.345794	46.728972	3.115265
39065_composicao_gemini-3.6-flash.txt	menores_notas_gemini	379	105.540897	5.277045	108.17942	15.831135	2.638522	5.277045	2.638522	0	0	0	0	2.638522	7.915567	2.638522	0	0	7.915567	0	2.638522	0	2.638522	0	5.277045	0	5.277045	0	0	0	0	18.469657	282.3219	147.757256	118.733509	15.831135	15.831135	2.638522	2.638522	76.51715	5.277045	60.686016	39.577836	5.277045	39.577836	13.192612	84.432718	7.915567	58.047493	50.131926	7.915567	15.831135	0	10.55409	10.55409	131.926121	2.638522	26.385224	65.963061	65.963061	13.192612	10.55409	0	5.277045	5.277045	0	23.746702	0	2.638522	5.277045	31.662269	0	0	2.638522	0	2.638522	0	2.638522	0	2.638522	2.638522	0	0	42.216359	10.55409	2.638522	0	2.638522	0	0	0	0	2.638522	0	0	0	0	0	0	15.831135	0	0	13.192612	0	2.638522	15.831135	58.047493	15.831135	0	0	2.638522	0	13.192612	5.277045	2.638522	5.277045	0	10.55409	10.55409	2.638522	0	0	5.277045	0	0	0	0	0	0	2.638522	2.638522	71.240106	15.831135	118.733509	0	55.408971	0	7.915567	0	0	2.638522	0	0	0	5.277045	0	2.638522	47.493404	13.192612	2.638522	0	2.638522	0	0	13.192612	2.638522	5.277045	0	0	0	7.915567	0	0	0	0	0	2.638522	0	0	5.277045	0	0	0	0	0	0	0	0	0	0	0	0	0	0	0	0	0	0	0	0	0	2.638522	0	2.638522	0	0	2.638522	0	0	0	7.915567	0	0	0	0	0	0	2.638522	0	0	0	0	0	0	0	0	0	0	0	0	0	0	0	0	0	0	0	0	0	0	0	0	0	0	0	110.817942	18.469657	303.430079	150.395778	81.794195	34.300792	205.804749	76.51715	15.831135	2.638522	2.638522	0	0	0	13.192612	0	5.277045	10.55409	31.662269	0
39124_composicao_gemini-3.6-flash.txt	menores_notas_gemini	353	110.481586	14.164306	90.651558	8.498584	14.164306	2.832861	11.331445	0	0	0	0	0	19.830028	0	2.832861	2.832861	14.164306	0	0	2.832861	8.498584	0	0	0	2.832861	0	0	0	0	8.498584	305.949008	121.813031	138.810198	31.161473	5.665722	2.832861	2.832861	45.325779	0	36.827195	33.994334	5.665722	39.660057	0	67.988669	11.331445	25.495751	48.15864	5.665722	5.665722	0	5.665722	22.66289	67.988669	0	19.830028	36.827195	104.815864	11.331445	8.498584	11.331445	5.665722	2.832861	5.665722	5.665722	2.832861	0	8.498584	39.660057	22.66289	0	0	2.832861	5.665722	2.832861	0	2.832861	0	2.832861	5.665722	0	16.997167	39.660057	28.328612	0	0	0	0	0	0	2.832861	0	0	0	5.665722	0	0	0	0	0	22.66289	0	14.164306	11.331445	82.152975	0	0	0	5.665722	0	5.665722	5.665722	0	5.665722	0	0	5.665722	0	0	0	5.665722	0	0	0	0	0	0	5.665722	0	93.484419	5.665722	90.651558	0	48.15864	0	0	0	0	0	5.665722	0	0	2.832861	2.832861	0	36.827195	11.331445	0	2.832861	8.498584	2.832861	0	14.164306	14.164306	5.665722	0	25.495751	0	8.498584	0	0	0	0	0	5.665722	2.832861	0	5.665722	0	0	0	0	0	0	0	0	0	0	2.832861	0	2.832861	0	0	0	2.832861	0	2.832861	8.498584	0	0	0	0	0	0	8.498584	0	0	16.997167	2.832861	0	0	0	0	0	0	0	0	0	0	0	0	0	0	0	0	0	0	0	0	0	0	0	0	0	0	0	0	0	0	0	0	0	0	124.645892	31.161473	314.447592	101.983003	121.813031	19.830028	189.8017	59.490085	0	8.498584	0	0	0	2.832861	22.66289	2.832861	8.498584	5.665722	48.15864	25.495751
39164_composicao_gemini-3.6-flash.txt	menores_notas_gemini	366	87.431694	24.590164	90.163934	2.73224	5.464481	2.73224	2.73224	0	0	0	0	2.73224	13.661202	0	0	0	10.928962	0	2.73224	0	13.661202	0	8.196721	0	2.73224	2.73224	0	0	2.73224	21.857923	284.153005	112.021858	73.770492	8.196721	19.125683	5.464481	8.196721	57.377049	5.464481	62.84153	0	2.73224	51.912568	8.196721	84.699454	2.73224	60.10929	27.322404	8.196721	13.661202	0	0	13.661202	109.289617	0	38.251366	84.699454	98.360656	16.393443	13.661202	0	13.661202	5.464481	8.196721	2.73224	2.73224	2.73224	10.928962	30.054645	8.196721	0	10.928962	0	2.73224	0	2.73224	5.464481	2.73224	2.73224	0	2.73224	62.84153	0	0	0	2.73224	0	0	0	0	2.73224	2.73224	2.73224	0	0	0	0	8.196721	2.73224	2.73224	24.590164	0	5.464481	19.125683	65.57377	0	8.196721	2.73224	2.73224	0	8.196721	0	0	8.196721	0	10.928962	0	0	0	0	8.196721	0	0	0	0	0	0	0	5.464481	71.038251	2.73224	90.163934	0	57.377049	2.73224	8.196721	0	2.73224	2.73224	8.196721	0	0	5.464481	0	2.73224	57.377049	5.464481	0	0	13.661202	0	0	21.857923	5.464481	0	0	0	0	10.928962	0	0	0	0	0	10.928962	0	0	8.196721	0	0	0	0	0	0	0	0	0	0	0	0	0	0	0	0	0	0	0	8.196721	2.73224	0	0	2.73224	0	0	5.464481	0	0	5.464481	8.196721	0	0	0	0	0	0	5.464481	0	0	0	0	0	0	0	0	0	0	0	0	0	0	0	0	0	0	0	0	0	0	0	2.73224	0	0	0	112.021858	30.054645	306.010929	131.147541	122.95082	32.786885	163.934426	90.163934	10.928962	13.661202	5.464481	0	0	0	24.590164	0	13.661202	0	49.180328	0
39302_composicao_gemini-3.6-flash.txt	menores_notas_gemini	337	91.988131	20.771513	62.31454	14.836795	0	2.967359	2.967359	0	0	0	0	0	2.967359	2.967359	0	2.967359	2.967359	0	0	5.934718	17.804154	0	0	0	8.902077	0	0	0	0	2.967359	308.605341	163.204748	118.694362	17.804154	14.836795	2.967359	8.902077	62.31454	11.869436	59.347181	17.804154	2.967359	47.477745	5.934718	91.988131	11.869436	41.543027	53.412463	5.934718	14.836795	0	5.934718	8.902077	124.62908	0	29.673591	62.31454	97.922849	20.771513	11.869436	0	5.934718	5.934718	2.967359	23.738872	0	0	0	38.575668	11.869436	5.934718	0	0	2.967359	0	2.967359	0	2.967359	0	0	2.967359	74.183976	0	0	0	0	0	0	0	0	0	0	0	5.934718	2.967359	0	0	29.673591	0	0	17.804154	0	11.869436	26.706231	74.183976	8.902077	20.771513	0	2.967359	0	20.771513	5.934718	0	2.967359	0	2.967359	11.869436	0	0	0	2.967359	0	0	0	0	0	0	5.934718	14.836795	83.086053	0	77.151335	0	65.281899	2.967359	2.967359	0	0	0	0	0	0	8.902077	2.967359	2.967359	56.379822	14.836795	0	0	17.804154	2.967359	0	17.804154	8.902077	2.967359	0	5.934718	2.967359	2.967359	0	0	0	0	0	14.836795	2.967359	0	5.934718	0	0	2.967359	0	0	0	0	0	0	0	0	0	2.967359	0	0	0	0	0	0	0	0	2.967359	0	0	0	2.967359	20.771513	0	0	0	2.967359	0	0	0	0	0	0	2.967359	0	0	5.934718	0	0	0	0	0	0	0	0	0	0	0	0	0	0	0	0	0	0	0	0	0	0	0	0	112.759644	29.673591	311.5727	145.400593	121.661721	41.543027	160.237389	86.053412	29.673591	17.804154	8.902077	0	0	2.967359	26.706231	5.934718	5.934718	11.869436	56.379822	5.934718
39349_composicao_gemini-3.6-flash.txt	menores_notas_gemini	400	100	7.5	77.5	7.5	0	5	5	0	0	0	0	0	7.5	0	0	0	5	0	2.5	0	10	0	2.5	5	5	0	0	0	0	20	297.5	157.5	135	10	12.5	2.5	5	82.5	0	57.5	7.5	7.5	42.5	2.5	97.5	5	77.5	32.5	12.5	12.5	0	2.5	20	127.5	0	35	82.5	100	17.5	5	5	2.5	0	0	35	0	7.5	2.5	17.5	17.5	0	0	0	2.5	2.5	2.5	5	2.5	0	2.5	2.5	62.5	0	0	0	2.5	0	0	0	0	2.5	0	0	5	5	2.5	0	12.5	2.5	2.5	15	2.5	17.5	17.5	67.5	5	7.5	0	5	0	5	2.5	0	2.5	0	2.5	5	0	0	0	2.5	0	0	0	0	0	0	2.5	15	95	12.5	85	0	60	0	7.5	0	0	0	0	0	0	0	7.5	2.5	50	10	2.5	0	12.5	7.5	0	10	17.5	5	0	0	0	5	0	0	0	0	0	7.5	0	5	5	0	2.5	2.5	0	0	0	0	0	0	0	0	0	5	2.5	0	0	0	0	0	5	0	0	0	2.5	0	2.5	12.5	0	0	2.5	5	0	0	0	0	0	0	2.5	0	0	0	0	0	0	0	0	0	0	0	0	0	0	0	0	0	0	0	0	0	0	0	0	0	0	0	185	20	317.5	152.5	117.5	27.5	185	80	15	12.5	2.5	0	0	7.5	25	7.5	7.5	5	50	0
39379_composicao_gemini-3.6-flash.txt	menores_notas_gemini	367	106.26703	16.348774	79.019074	16.348774	0	5.449591	5.449591	0	0	0	0	0	5.449591	0	0	0	5.449591	0	2.724796	0	13.623978	0	2.724796	2.724796	5.449591	0	0	0	0	5.449591	305.177112	152.588556	133.514986	24.523161	16.348774	2.724796	13.623978	38.147139	0	38.147139	24.523161	0	54.495913	0	73.569482	5.449591	51.771117	43.59673	5.449591	10.899183	0	5.449591	21.798365	103.542234	5.449591	38.147139	81.743869	98.092643	24.523161	10.899183	0	5.449591	10.899183	2.724796	24.523161	2.724796	2.724796	2.724796	40.871935	5.449591	0	0	5.449591	0	0	0	2.724796	0	0	2.724796	0	57.220708	8.174387	0	0	0	0	0	0	0	0	0	0	2.724796	0	2.724796	0	38.147139	2.724796	0	24.523161	0	10.899183	27.247956	65.395095	5.449591	29.972752	0	2.724796	2.724796	5.449591	0	0	2.724796	0	2.724796	0	0	2.724796	0	2.724796	0	0	2.724796	0	0	2.724796	0	2.724796	65.395095	38.147139	89.918256	0	54.495913	2.724796	2.724796	0	0	0	0	0	0	10.899183	8.174387	0	54.495913	2.724796	0	0	13.623978	8.174387	0	21.798365	10.899183	2.724796	0	8.174387	0	8.174387	0	0	0	0	0	10.899183	0	2.724796	8.174387	0	0	2.724796	0	0	0	2.724796	0	2.724796	0	0	0	8.174387	0	0	0	0	0	0	0	0	2.724796	0	0	0	0	2.724796	0	0	0	8.174387	0	0	0	0	0	0	0	0	0	0	0	0	0	0	0	0	0	0	0	0	0	0	0	0	0	0	0	0	0	0	0	0	0	0	122.615804	21.798365	310.626703	130.790191	122.615804	19.073569	182.561308	79.019074	40.871935	13.623978	0	0	0	8.174387	24.523161	8.174387	2.724796	2.724796	62.6703	8.174387
39436_composicao_gemini-3.6-flash.txt	menores_notas_gemini	353	104.815864	22.66289	70.82153	19.830028	8.498584	5.665722	8.498584	0	0	0	0	0	8.498584	0	0	0	8.498584	0	0	2.832861	8.498584	0	2.832861	2.832861	8.498584	2.832861	0	0	0	11.331445	175.637394	118.98017	90.651558	14.164306	16.997167	5.665722	11.331445	42.492918	5.665722	42.492918	19.830028	0	62.322946	14.164306	96.31728	16.997167	33.994334	50.991501	2.832861	19.830028	0	11.331445	14.164306	107.648725	0	14.164306	56.657224	82.152975	14.164306	14.164306	5.665722	5.665722	2.832861	0	25.495751	2.832861	2.832861	0	42.492918	8.498584	0	0	2.832861	0	0	0	0	0	2.832861	0	0	65.155807	2.832861	2.832861	0	2.832861	0	0	0	0	5.665722	0	2.832861	0	5.665722	0	0	5.665722	0	2.832861	8.498584	0	14.164306	8.498584	73.654391	0	5.665722	0	11.331445	0	5.665722	2.832861	0	5.665722	0	2.832861	5.665722	0	0	0	5.665722	0	0	0	0	0	0	2.832861	2.832861	76.487252	2.832861	76.487252	0	39.660057	0	5.665722	0	2.832861	0	0	0	0	11.331445	8.498584	0	33.994334	11.331445	2.832861	0	8.498584	0	0	8.498584	14.164306	0	0	8.498584	0	2.832861	0	0	0	0	0	2.832861	2.832861	2.832861	5.665722	0	2.832861	0	0	0	2.832861	0	0	0	2.832861	0	0	5.665722	2.832861	0	0	0	0	0	0	0	2.832861	0	0	0	0	2.832861	0	0	5.665722	2.832861	0	0	0	0	0	0	0	0	0	0	0	0	0	0	0	0	0	0	0	0	0	0	0	0	0	0	0	0	0	0	0	0	0	0	127.478754	22.66289	305.949008	147.308782	107.648725	31.161473	155.807365	59.490085	5.665722	8.498584	0	0	0	8.498584	11.331445	11.331445	2.832861	5.665722	31.161473	8.498584
39446_composicao_gemini-3.6-flash.txt	menores_notas_gemini	402	89.552239	14.925373	67.164179	12.437811	2.487562	9.950249	2.487562	2.487562	0	0	0	0	14.925373	0	0	0	9.950249	0	4.975124	0	12.437811	2.487562	2.487562	0	7.462687	0	0	0	0	4.975124	318.40796	208.955224	84.577114	14.925373	12.437811	2.487562	4.975124	77.114428	2.487562	74.626866	2.487562	12.437811	49.751244	4.975124	82.089552	9.950249	49.751244	49.751244	4.975124	14.925373	0	0	7.462687	121.890547	2.487562	49.751244	92.039801	84.577114	12.437811	14.925373	9.950249	9.950249	4.975124	0	27.363184	2.487562	0	9.950249	47.263682	0	0	4.975124	7.462687	0	2.487562	0	0	7.462687	2.487562	0	0	54.726368	0	0	0	2.487562	0	0	0	0	4.975124	0	4.975124	4.975124	0	0	0	0	2.487562	4.975124	17.412935	0	12.437811	7.462687	52.238806	0	0	0	2.487562	0	7.462687	0	0	0	0	2.487562	0	0	0	0	0	0	0	0	0	0	0	0	0	116.915423	7.462687	77.114428	0	54.726368	2.487562	0	0	0	2.487562	2.487562	0	0	2.487562	4.975124	2.487562	47.263682	7.462687	0	0	12.437811	4.975124	2.487562	17.412935	12.437811	4.975124	0	0	0	4.975124	0	0	0	0	0	12.437811	0	0	2.487562	0	0	2.487562	0	0	0	0	0	0	2.487562	0	0	4.975124	0	0	0	0	0	0	7.462687	0	0	0	2.487562	0	0	7.462687	0	0	14.925373	0	0	0	0	0	0	0	2.487562	0	0	0	0	0	0	0	0	0	0	0	0	0	0	0	0	0	0	0	0	0	0	0	0	0	0	0	104.477612	32.338308	323.383085	141.791045	104.477612	12.437811	199.004975	64.676617	2.487562	12.437811	2.487562	0	0	4.975124	17.412935	4.975124	9.950249	0	37.313433	0
39493_composicao_gemini-3.6-flash.txt	menores_notas_gemini	352	110.795455	19.886364	65.340909	8.522727	2.840909	2.840909	2.840909	0	0	0	0	0	0	0	0	0	0	0	5.681818	0	8.522727	0	2.840909	2.840909	2.840909	0	0	0	0	5.681818	303.977273	170.454545	102.272727	25.568182	11.363636	2.840909	2.840909	48.295455	5.681818	59.659091	22.727273	8.522727	51.136364	0	79.545455	14.204545	56.818182	56.818182	0	5.681818	0	5.681818	11.363636	125	0	39.772727	62.5	79.545455	25.568182	14.204545	5.681818	0	0	2.840909	8.522727	0	2.840909	8.522727	53.977273	2.840909	8.522727	0	2.840909	0	0	2.840909	0	2.840909	2.840909	0	2.840909	56.818182	2.840909	0	0	2.840909	0	0	0	0	0	0	0	5.681818	0	0	0	19.886364	0	0	28.409091	0	5.681818	28.409091	62.5	0	19.886364	0	0	0	11.363636	2.840909	2.840909	2.840909	0	5.681818	0	2.840909	2.840909	0	2.840909	0	0	2.840909	0	0	0	2.840909	2.840909	90.909091	2.840909	65.340909	0	65.340909	2.840909	2.840909	0	0	0	2.840909	0	0	0	2.840909	0	51.136364	11.363636	0	0	8.522727	2.840909	0	28.409091	5.681818	0	0	0	0	0	0	0	0	0	0	5.681818	0	0	11.363636	0	2.840909	0	0	0	0	0	0	0	0	0	0	2.840909	0	0	0	0	0	0	5.681818	0	5.681818	0	2.840909	0	2.840909	5.681818	0	0	0	0	0	0	0	0	0	0	0	0	0	0	0	0	0	0	0	0	0	0	0	0	0	0	0	0	0	0	0	0	0	0	0	0	0	0	130.681818	17.045455	309.659091	150.568182	113.636364	31.25	159.090909	76.704545	19.886364	8.522727	0	0	0	2.840909	28.409091	2.840909	11.363636	5.681818	62.5	0
39502_composicao_gemini-3.6-flash.txt	menores_notas_gemini	348	109.195402	8.62069	83.333333	14.367816	0	2.873563	2.873563	2.873563	0	0	0	0	8.62069	0	0	0	5.747126	0	0	0	14.367816	0	0	2.873563	2.873563	0	0	0	0	14.367816	310.344828	109.195402	132.183908	17.241379	14.367816	8.62069	2.873563	57.471264	14.367816	45.977011	40.229885	0	43.103448	14.367816	77.586207	0	57.471264	34.482759	5.747126	8.62069	0	8.62069	25.862069	109.195402	0	40.229885	63.218391	100.574713	14.367816	0	5.747126	2.873563	0	0	0	0	2.873563	5.747126	57.471264	8.62069	0	5.747126	5.747126	0	0	0	0	2.873563	2.873563	0	0	54.597701	14.367816	0	0	0	0	0	0	0	0	0	0	5.747126	5.747126	0	0	11.494253	5.747126	0	17.241379	0	17.241379	17.241379	68.965517	5.747126	5.747126	0	0	5.747126	5.747126	2.873563	2.873563	2.873563	0	5.747126	0	0	0	0	2.873563	0	0	0	0	0	0	2.873563	14.367816	97.701149	8.62069	83.333333	0	43.103448	2.873563	2.873563	0	0	0	0	0	0	8.62069	2.873563	0	28.735632	11.494253	0	0	14.367816	2.873563	2.873563	17.241379	17.241379	2.873563	0	2.873563	0	5.747126	0	0	0	0	0	2.873563	2.873563	2.873563	5.747126	0	0	2.873563	0	0	0	0	0	0	0	0	0	2.873563	0	0	0	0	0	0	5.747126	0	0	0	0	0	5.747126	14.367816	0	0	0	8.62069	0	0	0	0	0	0	0	0	0	2.873563	0	0	0	0	0	0	0	0	0	0	0	0	0	0	0	0	0	0	0	0	0	0	0	0	201.149425	22.988506	324.712644	135.057471	114.942529	25.862069	186.781609	60.344828	17.241379	14.367816	2.873563	0	0	2.873563	22.988506	2.873563	5.747126	0	51.724138	2.873563
39516_composicao_gemini-3.6-flash.txt	menores_notas_gemini	308	126.623377	12.987013	51.948052	12.987013	12.987013	3.246753	3.246753	0	0	0	0	0	16.233766	0	0	0	12.987013	0	0	0	16.233766	0	0	3.246753	0	0	0	0	0	6.493506	275.974026	162.337662	90.909091	16.233766	6.493506	0	19.480519	61.688312	0	45.454545	19.480519	0	42.207792	0	90.909091	12.987013	32.467532	48.701299	3.246753	16.233766	0	12.987013	22.727273	103.896104	0	16.233766	64.935065	107.142857	35.714286	25.974026	0	9.74026	0	0	0	0	6.493506	0	51.948052	6.493506	0	3.246753	0	0	0	0	0	0	3.246753	0	0	71.428571	9.74026	0	0	0	0	0	0	0	6.493506	0	0	0	3.246753	0	0	16.233766	0	6.493506	29.220779	0	6.493506	19.480519	81.168831	3.246753	25.974026	0	12.987013	0	9.74026	0	0	6.493506	0	3.246753	6.493506	0	0	0	6.493506	0	0	0	0	0	0	0	6.493506	74.675325	9.74026	51.948052	0	35.714286	0	6.493506	6.493506	0	0	3.246753	0	0	0	6.493506	0	32.467532	6.493506	0	0	19.480519	0	0	25.974026	3.246753	0	0	0	0	9.74026	0	0	0	0	0	16.233766	0	3.246753	0	0	0	0	0	0	3.246753	0	0	3.246753	0	0	0	3.246753	3.246753	0	0	0	0	0	0	0	6.493506	0	0	0	0	6.493506	0	0	16.233766	0	0	0	0	0	0	0	0	0	0	0	0	0	0	0	0	0	0	0	0	0	0	0	0	0	0	0	0	0	0	0	0	0	0	0	139.61039	35.714286	282.467532	139.61039	142.857143	38.961039	136.363636	58.441558	29.220779	19.480519	0	0	0	6.493506	25.974026	6.493506	3.246753	6.493506	55.194805	0
39615_composicao_gemini-3.6-flash.txt	menores_notas_gemini	369	97.560976	8.130081	97.560976	8.130081	2.710027	2.710027	2.710027	0	0	0	0	0	8.130081	0	0	0	8.130081	0	2.710027	0	5.420054	0	2.710027	0	0	0	0	0	0	37.940379	273.712737	138.211382	111.111111	24.390244	16.260163	2.710027	2.710027	94.850949	10.840108	51.490515	5.420054	5.420054	40.650407	0	97.560976	10.840108	48.780488	35.230352	5.420054	8.130081	0	2.710027	13.550136	132.791328	0	35.230352	56.910569	65.04065	24.390244	16.260163	2.710027	0	2.710027	0	24.390244	0	2.710027	5.420054	21.680217	5.420054	0	0	0	0	0	2.710027	2.710027	2.710027	0	0	0	46.070461	0	0	0	2.710027	0	2.710027	0	0	8.130081	0	0	5.420054	0	0	0	8.130081	2.710027	0	13.550136	0	8.130081	18.97019	51.490515	2.710027	5.420054	0	2.710027	0	10.840108	0	0	2.710027	0	2.710027	2.710027	0	0	0	2.710027	0	0	0	0	0	2.710027	0	5.420054	81.300813	32.520325	100.271003	0	56.910569	0	2.710027	0	0	2.710027	0	0	0	5.420054	5.420054	0	48.780488	8.130081	5.420054	0	5.420054	5.420054	0	13.550136	8.130081	5.420054	0	0	0	8.130081	0	0	0	0	0	5.420054	0	0	2.710027	0	0	0	0	0	5.420054	0	0	0	0	0	0	0	5.420054	0	0	0	0	0	5.420054	0	0	0	5.420054	0	0	2.710027	0	0	0	8.130081	0	0	0	0	0	0	0	0	0	0	0	0	0	0	0	0	0	0	0	0	0	0	0	0	0	0	0	0	0	0	0	0	0	0	197.831978	16.260163	311.653117	157.181572	89.430894	21.680217	203.252033	78.590786	10.840108	5.420054	0	0	0	5.420054	13.550136	5.420054	5.420054	5.420054	40.650407	0
39648_composicao_gemini-3.6-flash.txt	menores_notas_gemini	318	116.352201	9.433962	88.050314	12.578616	9.433962	15.72327	0	0	0	0	0	0	9.433962	0	0	0	9.433962	0	0	0	3.144654	0	0	0	15.72327	0	0	0	0	28.301887	172.955975	179.245283	81.761006	18.867925	12.578616	0	12.578616	59.748428	3.144654	59.748428	0	6.289308	44.025157	22.012579	59.748428	18.867925	44.025157	34.591195	0	12.578616	0	0	12.578616	103.773585	0	28.301887	94.339623	106.918239	22.012579	18.867925	9.433962	6.289308	3.144654	3.144654	22.012579	0	3.144654	12.578616	53.459119	9.433962	0	0	6.289308	0	3.144654	0	6.289308	3.144654	6.289308	3.144654	0	66.037736	0	0	0	3.144654	0	0	0	0	9.433962	0	0	9.433962	0	0	0	9.433962	0	6.289308	31.446541	0	6.289308	31.446541	69.18239	3.144654	6.289308	0	0	0	9.433962	0	0	6.289308	0	3.144654	3.144654	3.144654	0	0	6.289308	0	0	0	0	0	0	0	6.289308	59.748428	9.433962	94.339623	0	44.025157	0	3.144654	3.144654	0	3.144654	0	0	0	3.144654	6.289308	3.144654	34.591195	6.289308	9.433962	0	12.578616	6.289308	3.144654	28.301887	6.289308	0	0	3.144654	0	9.433962	0	0	0	0	0	3.144654	0	0	15.72327	0	0	0	3.144654	0	0	0	0	0	0	0	0	0	6.289308	0	0	0	0	0	9.433962	0	9.433962	0	3.144654	0	0	12.578616	0	0	3.144654	6.289308	0	0	0	0	0	0	3.144654	0	0	3.144654	0	0	0	0	0	0	0	0	0	0	0	0	0	0	0	0	0	0	0	0	0	0	0	0	125.786164	3.144654	298.742138	135.220126	144.654088	28.301887	160.377358	75.471698	9.433962	12.578616	6.289308	0	0	6.289308	34.591195	6.289308	15.72327	6.289308	69.18239	3.144654
39695_composicao_gemini-3.6-flash.txt	menores_notas_gemini	396	108.585859	7.575758	98.484848	12.626263	5.050505	7.575758	7.575758	2.525253	0	0	0	0	7.575758	0	0	0	5.050505	0	0	0	15.151515	0	0	0	7.575758	0	0	0	0	35.353535	285.353535	174.242424	90.909091	20.20202	15.151515	7.575758	2.525253	78.282828	2.525253	75.757576	20.20202	10.10101	37.878788	10.10101	65.656566	10.10101	55.555556	55.555556	2.525253	2.525253	0	10.10101	7.575758	108.585859	2.525253	32.828283	68.181818	73.232323	22.727273	12.626263	0	7.575758	0	0	10.10101	0	2.525253	2.525253	12.626263	2.525253	0	0	0	2.525253	0	2.525253	0	0	0	0	0	40.40404	12.626263	0	0	2.525253	0	0	0	0	5.050505	0	2.525253	5.050505	0	0	0	20.20202	0	2.525253	15.151515	0	7.575758	17.676768	55.555556	5.050505	15.151515	0	12.626263	0	12.626263	0	2.525253	0	0	7.575758	2.525253	0	0	0	0	0	0	0	0	0	0	0	10.10101	95.959596	15.151515	98.484848	0	63.131313	0	2.525253	0	0	0	0	0	0	0	5.050505	0	58.080808	2.525253	0	0	15.151515	5.050505	0	15.151515	7.575758	2.525253	0	0	0	2.525253	0	0	0	0	0	10.10101	0	0	2.525253	0	0	5.050505	0	0	0	0	0	0	0	0	0	2.525253	2.525253	0	0	0	0	0	0	0	2.525253	0	2.525253	0	0	5.050505	0	0	2.525253	5.050505	0	0	0	0	0	0	0	0	0	0	0	0	0	0	0	0	0	0	0	0	0	0	0	0	0	0	0	0	0	0	0	0	0	0	116.161616	22.727273	320.707071	126.262626	101.010101	27.777778	204.545455	70.707071	20.20202	15.151515	0	0	0	5.050505	17.676768	5.050505	2.525253	2.525253	40.40404	0
39701_composicao_gemini-3.6-flash.txt	menores_notas_gemini	356	101.123596	2.808989	81.460674	11.235955	2.808989	2.808989	2.808989	2.808989	0	0	0	0	0	0	0	0	0	0	2.808989	0	5.617978	0	2.808989	0	2.808989	0	0	0	0	0	311.797753	123.595506	126.404494	22.47191	11.235955	2.808989	5.617978	67.41573	5.617978	64.606742	19.662921	5.617978	47.752809	19.662921	95.505618	11.235955	44.94382	64.606742	2.808989	19.662921	0	11.235955	14.044944	123.595506	2.808989	33.707865	78.651685	89.88764	19.662921	14.044944	0	5.617978	2.808989	2.808989	14.044944	0	5.617978	8.426966	64.606742	0	2.808989	2.808989	0	0	0	0	0	5.617978	2.808989	2.808989	0	44.94382	0	0	0	2.808989	0	0	0	0	8.426966	0	0	5.617978	5.617978	0	0	16.853933	0	2.808989	19.662921	0	19.662921	16.853933	47.752809	0	16.853933	0	8.426966	0	14.044944	8.426966	0	2.808989	0	11.235955	11.235955	8.426966	0	0	2.808989	0	0	0	0	0	2.808989	2.808989	8.426966	87.078652	16.853933	84.269663	0	58.988764	0	2.808989	0	0	0	5.617978	0	0	0	2.808989	2.808989	53.370787	5.617978	0	0	5.617978	2.808989	0	19.662921	19.662921	2.808989	0	0	0	0	0	0	0	0	0	5.617978	0	0	2.808989	0	0	0	0	0	2.808989	0	0	0	0	0	0	0	2.808989	0	0	0	0	0	16.853933	0	0	0	2.808989	0	0	11.235955	0	0	0	0	0	0	0	0	0	0	2.808989	0	0	0	0	0	0	0	0	0	0	0	0	0	0	0	0	0	0	0	0	0	0	0	0	0	0	0	103.932584	8.426966	311.797753	148.876404	112.359551	47.752809	182.58427	73.033708	16.853933	5.617978	2.808989	0	0	2.808989	16.853933	2.808989	8.426966	22.47191	56.179775	0
39722_composicao_gemini-3.6-flash.txt	menores_notas_gemini	362	82.872928	11.049724	69.060773	5.524862	5.524862	11.049724	2.762431	0	0	0	0	0	13.812155	0	5.524862	0	8.287293	0	0	2.762431	13.812155	0	2.762431	5.524862	8.287293	0	0	0	0	27.624309	295.58011	154.696133	116.022099	24.861878	22.099448	2.762431	19.337017	49.723757	0	63.535912	24.861878	8.287293	66.298343	5.524862	66.298343	16.574586	46.961326	27.624309	5.524862	8.287293	0	0	11.049724	110.497238	0	30.38674	110.497238	96.685083	27.624309	19.337017	0	2.762431	0	2.762431	16.574586	0	2.762431	5.524862	60.773481	8.287293	0	0	0	0	0	0	0	2.762431	2.762431	0	0	49.723757	8.287293	0	0	2.762431	0	2.762431	0	0	5.524862	0	0	5.524862	0	2.762431	0	16.574586	0	0	19.337017	2.762431	16.574586	16.574586	63.535912	0	16.574586	0	5.524862	0	11.049724	2.762431	0	2.762431	0	0	2.762431	0	0	0	2.762431	0	0	0	0	0	2.762431	0	13.812155	110.497238	35.911602	69.060773	0	55.248619	0	0	0	0	2.762431	0	0	0	0	5.524862	0	46.961326	8.287293	0	0	13.812155	5.524862	0	22.099448	16.574586	0	0	0	0	8.287293	0	0	2.762431	0	0	5.524862	0	0	5.524862	0	0	2.762431	0	0	2.762431	0	0	0	0	0	0	2.762431	2.762431	0	0	0	0	2.762431	5.524862	0	0	0	0	0	5.524862	24.861878	0	0	5.524862	8.287293	0	0	0	0	0	0	0	0	0	0	0	0	0	0	0	0	0	0	0	0	0	0	0	0	0	0	0	0	0	0	0	0	0	0	93.922652	11.049724	323.20442	138.121547	124.309392	24.861878	196.132597	58.01105	16.574586	13.812155	0	0	0	5.524862	22.099448	5.524862	5.524862	5.524862	55.248619	2.762431
39727_composicao_gemini-3.6-flash.txt	menores_notas_gemini	358	86.592179	8.379888	89.385475	11.173184	11.173184	13.96648	2.793296	0	0	0	0	0	11.173184	0	0	0	11.173184	0	0	0	11.173184	0	0	0	11.173184	0	0	0	0	8.379888	304.469274	175.977654	61.452514	8.379888	11.173184	11.173184	13.96648	72.625698	2.793296	69.832402	16.759777	27.932961	47.486034	0	142.458101	8.379888	64.24581	44.692737	16.759777	25.139665	0	2.793296	19.553073	125.698324	0	50.27933	106.145251	97.765363	11.173184	5.586592	2.793296	5.586592	0	0	16.759777	2.793296	8.379888	0	53.072626	5.586592	2.793296	2.793296	0	2.793296	2.793296	5.586592	0	0	0	0	2.793296	30.726257	22.346369	0	0	0	0	0	0	0	2.793296	5.586592	0	11.173184	0	11.173184	0	11.173184	2.793296	0	22.346369	2.793296	8.379888	16.759777	53.072626	0	11.173184	0	0	0	13.96648	0	0	2.793296	0	0	0	2.793296	2.793296	0	0	2.793296	0	2.793296	0	0	2.793296	0	13.96648	89.385475	27.932961	97.765363	0	39.106145	0	8.379888	0	0	0	0	0	0	5.586592	8.379888	0	36.312849	2.793296	0	0	11.173184	8.379888	0	25.139665	8.379888	2.793296	0	0	0	13.96648	0	0	2.793296	0	0	8.379888	2.793296	0	5.586592	0	0	0	0	0	5.586592	0	0	0	0	0	0	0	2.793296	0	0	0	0	5.586592	0	0	2.793296	0	0	0	0	30.726257	0	0	8.379888	2.793296	0	0	0	0	0	0	0	0	0	0	0	0	0	0	0	0	0	0	0	0	0	0	0	0	0	0	0	0	0	0	0	0	0	0	94.972067	19.553073	312.849162	153.631285	108.938547	16.759777	206.703911	53.072626	13.96648	11.173184	0	0	0	11.173184	33.519553	5.586592	2.793296	5.586592	50.27933	2.793296
39786_composicao_gemini-3.6-flash.txt	menores_notas_gemini	400	97.5	15	82.5	10	12.5	0	2.5	2.5	0	0	0	0	2.5	0	0	0	0	0	2.5	0	2.5	0	2.5	0	0	0	0	0	0	15	317.5	202.5	90	15	10	5	12.5	82.5	15	57.5	27.5	7.5	57.5	15	80	10	47.5	50	7.5	15	0	7.5	12.5	112.5	0	35	77.5	80	20	12.5	5	10	2.5	0	17.5	0	0	0	42.5	5	0	0	7.5	0	5	0	0	0	0	0	0	57.5	5	0	0	0	0	0	0	0	5	0	0	0	0	0	0	15	2.5	0	15	0	7.5	15	60	0	15	0	2.5	0	7.5	2.5	0	0	0	0	2.5	0	0	0	0	0	0	0	0	0	0	0	7.5	107.5	5	85	0	55	0	2.5	0	0	2.5	0	0	0	7.5	10	2.5	50	5	0	0	2.5	10	0	15	7.5	2.5	0	0	0	2.5	0	0	0	0	0	2.5	0	0	2.5	0	2.5	2.5	0	0	5	2.5	0	0	0	0	0	7.5	2.5	0	0	0	0	0	0	0	0	0	0	0	0	10	0	0	0	2.5	0	0	0	0	0	0	2.5	0	0	2.5	0	0	0	0	0	0	0	0	0	0	0	0	0	0	0	0	0	0	0	0	0	0	0	0	112.5	27.5	332.5	135	102.5	17.5	197.5	70	17.5	5	5	0	0	10	15	10	0	2.5	37.5	0
39833_composicao_gemini-3.6-flash.txt	menores_notas_gemini	397	95.717884	10.075567	98.236776	7.556675	2.518892	2.518892	2.518892	0	0	0	0	0	5.037783	0	0	0	5.037783	0	0	2.518892	12.594458	0	0	5.037783	5.037783	0	0	0	0	52.896725	277.078086	130.982368	90.680101	12.594458	10.075567	2.518892	0	47.858942	2.518892	42.821159	35.264484	25.188917	42.821159	7.556675	70.528967	17.632242	52.896725	55.415617	5.037783	10.075567	0	0	15.11335	110.831234	0	32.745592	88.161209	62.972292	15.11335	17.632242	2.518892	0	0	0	25.188917	2.518892	0	2.518892	30.2267	32.745592	0	0	7.556675	0	0	2.518892	5.037783	0	0	0	0	32.745592	10.075567	0	0	2.518892	0	2.518892	0	0	2.518892	2.518892	0	10.075567	0	0	0	7.556675	0	5.037783	17.632242	0	5.037783	22.670025	47.858942	5.037783	5.037783	0	0	0	2.518892	5.037783	5.037783	5.037783	0	5.037783	2.518892	0	0	0	2.518892	2.518892	0	0	0	0	0	2.518892	0	68.010076	15.11335	108.312343	0	73.047859	0	2.518892	0	2.518892	2.518892	0	0	0	0	2.518892	0	60.453401	7.556675	0	0	12.594458	2.518892	0	17.632242	5.037783	0	0	0	0	5.037783	0	0	0	0	0	5.037783	0	0	10.075567	0	2.518892	0	0	0	0	0	0	0	0	0	0	2.518892	0	0	0	0	0	0	2.518892	0	5.037783	0	5.037783	0	0	5.037783	0	0	0	5.037783	0	0	0	0	0	0	0	0	0	0	0	0	0	0	0	0	0	0	0	0	0	0	0	0	0	0	0	0	0	0	0	0	0	0	204.030227	15.11335	327.455919	143.576826	98.236776	22.670025	191.435768	83.123426	7.556675	12.594458	0	0	0	2.518892	17.632242	2.518892	5.037783	2.518892	45.34005	0
39912_composicao_gemini-3.6-flash.txt	menores_notas_gemini	321	130.841121	18.691589	49.844237	0	12.461059	9.345794	0	0	0	0	0	6.23053	12.461059	3.115265	3.115265	0	12.461059	0	0	0	6.23053	6.23053	6.23053	0	9.345794	6.23053	0	0	6.23053	40.498442	239.875389	99.688474	140.186916	37.383178	9.345794	6.23053	9.345794	18.691589	0	31.152648	24.922118	0	56.074766	0	68.535826	9.345794	18.691589	9.345794	6.23053	9.345794	3.115265	12.461059	31.152648	56.074766	0	6.23053	21.806854	155.76324	18.691589	6.23053	18.691589	9.345794	15.576324	15.576324	15.576324	3.115265	3.115265	9.345794	77.88162	3.115265	0	12.461059	9.345794	6.23053	0	0	0	0	9.345794	0	0	21.806854	34.267913	31.152648	15.576324	0	0	0	0	0	0	0	0	0	0	3.115265	0	6.23053	0	3.115265	46.728972	0	18.691589	15.576324	99.688474	0	6.23053	0	6.23053	6.23053	6.23053	3.115265	0	3.115265	0	3.115265	3.115265	0	0	0	3.115265	0	0	0	0	0	0	0	0	96.573209	3.115265	49.844237	0	56.074766	0	0	0	0	0	0	0	0	0	12.461059	3.115265	31.152648	24.922118	0	0	6.23053	12.461059	6.23053	46.728972	18.691589	3.115265	0	6.23053	0	6.23053	0	0	0	0	0	3.115265	0	0	3.115265	0	6.23053	6.23053	0	0	0	0	0	0	0	0	0	12.461059	0	0	0	0	0	0	9.345794	0	0	0	3.115265	0	3.115265	24.922118	0	0	3.115265	9.345794	0	0	0	0	0	0	3.115265	0	0	0	0	0	0	0	0	0	0	0	0	0	0	0	0	0	0	0	0	0	0	0	0	0	0	0	149.53271	34.267913	280.373832	96.573209	174.454829	28.037383	149.53271	56.074766	6.23053	6.23053	3.115265	0	0	12.461059	46.728972	15.576324	9.345794	3.115265	80.996885	6.23053
39914_composicao_gemini-3.6-flash.txt	menores_notas_gemini	388	95.360825	10.309278	74.742268	10.309278	2.57732	0	5.154639	0	0	0	0	0	10.309278	0	0	0	0	0	5.154639	0	12.886598	0	5.154639	0	0	0	0	0	0	36.082474	278.350515	154.639175	123.71134	12.886598	10.309278	7.731959	7.731959	87.628866	0	67.010309	28.350515	10.309278	30.927835	7.731959	131.443299	5.154639	67.010309	41.237113	10.309278	10.309278	0	0	23.195876	108.247423	0	30.927835	87.628866	87.628866	15.463918	7.731959	0	7.731959	0	7.731959	36.082474	0	0	2.57732	61.85567	5.154639	5.154639	0	2.57732	0	0	5.154639	0	2.57732	0	0	0	51.546392	2.57732	5.154639	0	0	0	0	0	0	2.57732	0	0	0	0	0	0	15.463918	5.154639	0	15.463918	0	23.195876	10.309278	59.278351	0	15.463918	0	0	0	7.731959	2.57732	2.57732	2.57732	0	2.57732	2.57732	0	0	0	2.57732	0	0	0	0	0	0	2.57732	18.041237	92.783505	36.082474	74.742268	0	67.010309	0	5.154639	0	0	0	0	0	0	7.731959	2.57732	0	48.969072	12.886598	0	0	12.886598	2.57732	2.57732	15.463918	23.195876	0	0	2.57732	0	10.309278	0	0	0	0	0	10.309278	2.57732	0	2.57732	0	0	2.57732	0	0	0	0	0	0	0	0	0	0	2.57732	0	0	0	0	0	2.57732	0	7.731959	0	0	0	0	10.309278	0	0	0	10.309278	0	0	0	0	0	0	0	0	0	0	0	0	0	0	0	0	0	0	0	0	0	0	0	0	0	0	0	0	0	0	0	0	0	0	105.670103	18.041237	314.43299	136.597938	108.247423	33.505155	201.030928	82.474227	20.618557	12.886598	0	0	0	2.57732	20.618557	2.57732	2.57732	2.57732	41.237113	2.57732
39956_composicao_gemini-3.6-flash.txt	menores_notas_gemini	353	87.818697	11.331445	67.988669	16.997167	2.832861	0	2.832861	2.832861	0	0	0	0	14.164306	0	0	0	14.164306	0	0	0	8.498584	0	0	2.832861	0	0	0	0	0	28.328612	280.453258	167.13881	79.320113	31.161473	16.997167	2.832861	8.498584	62.322946	5.665722	73.654391	16.997167	16.997167	56.657224	22.66289	93.484419	8.498584	67.988669	50.991501	5.665722	8.498584	0	5.665722	22.66289	121.813031	2.832861	42.492918	93.484419	87.818697	16.997167	11.331445	2.832861	0	0	2.832861	16.997167	0	2.832861	8.498584	48.15864	11.331445	0	0	0	0	0	0	2.832861	5.665722	0	5.665722	0	45.325779	8.498584	0	0	0	0	0	0	0	8.498584	0	0	5.665722	0	2.832861	0	2.832861	0	2.832861	25.495751	0	11.331445	22.66289	53.824363	0	2.832861	0	8.498584	0	8.498584	0	0	2.832861	0	0	2.832861	0	0	0	2.832861	0	0	0	0	0	0	0	11.331445	90.651558	19.830028	73.654391	0	82.152975	0	0	0	0	0	0	0	5.665722	0	0	2.832861	70.82153	11.331445	0	0	8.498584	0	0	22.66289	11.331445	2.832861	0	8.498584	0	8.498584	0	0	0	0	0	5.665722	0	0	11.331445	0	0	0	0	0	0	0	0	0	0	0	0	0	0	0	0	0	0	0	8.498584	0	5.665722	5.665722	0	0	0	8.498584	0	0	5.665722	8.498584	0	0	0	0	0	0	2.832861	0	0	5.665722	0	0	0	0	0	0	0	0	0	0	0	0	0	0	0	0	0	0	0	0	0	0	0	0	167.13881	22.66289	308.78187	152.974504	118.98017	16.997167	181.303116	90.651558	2.832861	8.498584	8.498584	0	0	0	22.66289	0	11.331445	2.832861	59.490085	0
39985_composicao_gemini-3.6-flash.txt	menores_notas_gemini	414	99.033816	7.246377	82.125604	16.908213	7.246377	9.661836	7.246377	0	0	0	0	0	0	2.415459	0	0	2.415459	0	4.830918	2.415459	7.246377	4.830918	7.246377	0	19.323671	0	0	0	0	21.73913	309.178744	140.096618	137.681159	14.492754	9.661836	14.492754	2.415459	62.801932	7.246377	57.971014	45.89372	4.830918	50.724638	0	101.449275	7.246377	36.231884	45.89372	0	7.246377	0	2.415459	14.492754	89.371981	0	19.323671	57.971014	89.371981	19.323671	9.661836	4.830918	7.246377	4.830918	2.415459	0	4.830918	2.415459	2.415459	45.89372	0	0	0	0	4.830918	0	0	0	2.415459	0	0	0	43.478261	7.246377	2.415459	0	0	0	0	0	0	7.246377	0	0	4.830918	0	0	0	4.830918	0	0	16.908213	0	24.154589	12.077295	53.140097	0	4.830918	0	4.830918	0	4.830918	2.415459	0	7.246377	0	2.415459	4.830918	0	0	0	7.246377	0	0	0	0	0	0	0	7.246377	101.449275	19.323671	82.125604	0	45.89372	2.415459	4.830918	0	0	2.415459	0	0	0	7.246377	4.830918	0	38.647343	14.492754	0	0	7.246377	4.830918	2.415459	16.908213	21.73913	0	0	0	0	9.661836	0	0	0	0	0	7.246377	0	0	2.415459	0	0	2.415459	0	0	0	0	0	0	0	0	0	2.415459	2.415459	0	0	0	0	0	2.415459	0	2.415459	0	0	0	2.415459	16.908213	0	0	0	0	0	0	0	0	0	0	0	0	0	0	0	0	0	0	0	0	0	0	0	0	0	0	0	0	0	0	0	0	0	0	0	0	0	0	188.405797	26.570048	326.086957	111.111111	113.52657	24.154589	193.236715	62.801932	4.830918	7.246377	0	0	0	4.830918	24.154589	4.830918	2.415459	4.830918	53.140097	0
40126_composicao_gemini-3.6-flash.txt	menores_notas_gemini	348	97.701149	11.494253	60.344828	11.494253	2.873563	5.747126	0	0	0	0	0	2.873563	11.494253	0	0	0	8.62069	0	0	0	11.494253	0	0	2.873563	5.747126	2.873563	0	0	2.873563	0	316.091954	163.793103	120.689655	20.114943	11.494253	0	5.747126	51.724138	2.873563	57.471264	17.241379	2.873563	57.471264	8.62069	103.448276	8.62069	43.103448	48.850575	0	22.988506	0	0	14.367816	117.816092	0	25.862069	74.712644	71.83908	17.241379	14.367816	8.62069	2.873563	8.62069	2.873563	2.873563	2.873563	2.873563	5.747126	31.609195	0	0	2.873563	8.62069	2.873563	0	0	2.873563	5.747126	2.873563	2.873563	0	66.091954	0	0	0	0	0	0	0	0	5.747126	0	0	0	2.873563	0	0	8.62069	2.873563	0	22.988506	0	8.62069	25.862069	63.218391	0	8.62069	0	11.494253	0	5.747126	2.873563	2.873563	2.873563	0	0	2.873563	0	0	0	2.873563	0	0	0	0	0	2.873563	2.873563	5.747126	100.574713	14.367816	60.344828	0	51.724138	0	5.747126	0	0	2.873563	2.873563	0	0	8.62069	5.747126	0	51.724138	2.873563	2.873563	0	11.494253	5.747126	0	20.114943	5.747126	2.873563	0	0	0	11.494253	0	0	0	0	0	8.62069	0	2.873563	14.367816	0	2.873563	0	0	0	0	0	0	0	0	0	0	2.873563	2.873563	0	0	0	0	0	5.747126	0	5.747126	0	0	0	0	8.62069	0	0	2.873563	8.62069	0	0	0	0	0	0	0	0	0	0	0	0	0	0	0	0	0	0	0	0	0	0	0	0	0	0	0	0	0	0	0	0	0	0	172.413793	17.241379	316.091954	143.678161	109.195402	28.735632	175.287356	74.712644	11.494253	11.494253	0	0	0	5.747126	28.735632	5.747126	8.62069	2.873563	57.471264	0
40256_composicao_gemini-3.6-flash.txt	menores_notas_gemini	309	113.268608	19.417476	64.724919	19.417476	3.236246	6.472492	6.472492	0	0	0	0	3.236246	9.708738	0	0	0	9.708738	0	0	3.236246	9.708738	0	0	6.472492	6.472492	3.236246	0	0	3.236246	0	226.537217	132.686084	97.087379	16.18123	16.18123	3.236246	0	67.961165	0	48.543689	9.708738	6.472492	51.779935	19.417476	93.851133	9.708738	29.126214	48.543689	0	12.944984	0	0	9.708738	100.323625	0	12.944984	71.197411	106.796117	19.417476	12.944984	0	3.236246	0	0	16.18123	0	6.472492	0	77.669903	6.472492	0	3.236246	0	0	0	0	0	0	0	0	0	55.016181	3.236246	0	0	6.472492	0	0	0	0	3.236246	3.236246	3.236246	0	6.472492	0	0	9.708738	3.236246	0	19.417476	0	22.653722	16.18123	64.724919	6.472492	12.944984	0	12.944984	0	22.653722	0	3.236246	9.708738	0	0	3.236246	0	0	0	9.708738	0	0	0	0	0	0	3.236246	9.708738	74.433657	12.944984	71.197411	0	45.307443	0	6.472492	0	6.472492	0	0	0	0	3.236246	6.472492	0	32.36246	12.944984	0	0	9.708738	6.472492	0	19.417476	22.653722	6.472492	0	0	0	6.472492	0	0	0	0	0	3.236246	0	6.472492	6.472492	0	0	0	0	0	0	3.236246	0	0	0	0	0	3.236246	3.236246	0	0	0	0	0	0	0	0	0	0	0	0	19.417476	0	0	0	9.708738	0	0	0	0	0	0	0	0	0	0	0	0	0	0	0	0	0	0	0	0	0	0	0	0	0	0	0	0	0	0	0	0	0	0	132.686084	25.889968	291.262136	119.7411	132.686084	48.543689	158.576052	67.961165	22.653722	9.708738	0	0	0	6.472492	19.417476	6.472492	0	3.236246	58.252427	0
40270_composicao_gemini-3.6-flash.txt	menores_notas_gemini	364	112.637363	10.989011	115.384615	10.989011	0	0	8.241758	0	0	0	0	0	5.494505	0	0	0	5.494505	0	2.747253	0	8.241758	2.747253	2.747253	0	0	0	0	0	0	10.989011	318.681319	167.582418	151.098901	10.989011	5.494505	2.747253	5.494505	82.417582	27.472527	74.175824	16.483516	0	43.956044	0	68.681319	8.241758	63.186813	30.21978	2.747253	8.241758	0	2.747253	10.989011	118.131868	0	24.725275	104.395604	79.67033	10.989011	13.736264	0	8.241758	2.747253	0	32.967033	2.747253	2.747253	0	41.208791	2.747253	0	2.747253	2.747253	2.747253	0	2.747253	2.747253	2.747253	2.747253	0	2.747253	46.703297	5.494505	0	0	2.747253	0	0	0	0	0	0	0	2.747253	0	0	2.747253	2.747253	0	0	19.230769	0	2.747253	13.736264	54.945055	0	2.747253	0	0	0	2.747253	0	5.494505	2.747253	0	5.494505	0	0	0	0	2.747253	0	0	0	0	0	0	0	0	60.43956	10.989011	115.384615	0	57.692308	0	5.494505	0	0	0	2.747253	0	0	10.989011	0	2.747253	57.692308	2.747253	0	0	8.241758	0	2.747253	19.230769	2.747253	0	0	0	0	2.747253	0	0	0	0	0	8.241758	0	0	8.241758	0	0	0	0	0	0	0	0	0	0	0	0	0	0	0	0	0	0	0	0	0	0	0	2.747253	0	0	13.736264	0	0	2.747253	2.747253	0	0	0	0	0	0	2.747253	0	0	2.747253	0	0	0	0	0	0	0	0	0	0	0	0	0	0	0	0	0	0	0	0	2.747253	0	0	0	239.010989	19.230769	329.67033	137.362637	90.659341	16.483516	186.813187	79.67033	2.747253	8.241758	5.494505	0	0	0	19.230769	0	5.494505	0	35.714286	2.747253
40362_composicao_gemini-3.6-flash.txt	menores_notas_gemini	374	122.994652	18.716578	48.128342	13.368984	0	2.673797	8.02139	2.673797	0	0	0	0	10.695187	0	0	0	2.673797	0	0	0	18.716578	0	0	5.347594	2.673797	0	0	0	0	2.673797	296.791444	157.754011	122.994652	10.695187	8.02139	5.347594	2.673797	66.84492	0	56.149733	10.695187	2.673797	53.475936	16.042781	80.213904	10.695187	42.780749	42.780749	5.347594	10.695187	0	0	10.695187	112.299465	2.673797	16.042781	61.497326	90.909091	8.02139	13.368984	2.673797	5.347594	0	0	5.347594	0	2.673797	8.02139	64.171123	2.673797	2.673797	0	0	0	0	2.673797	0	0	5.347594	0	0	77.540107	5.347594	0	0	0	0	0	0	0	2.673797	0	0	0	5.347594	0	0	13.368984	5.347594	2.673797	26.737968	0	5.347594	16.042781	82.887701	5.347594	8.02139	0	13.368984	0	5.347594	5.347594	0	5.347594	0	2.673797	5.347594	0	0	0	5.347594	0	0	0	0	0	0	0	10.695187	85.561497	5.347594	53.475936	0	56.149733	0	5.347594	0	0	0	5.347594	0	0	0	5.347594	0	40.106952	18.716578	0	0	18.716578	5.347594	0	26.737968	2.673797	2.673797	0	18.716578	0	13.368984	0	0	0	0	0	10.695187	0	5.347594	5.347594	0	0	0	0	0	0	2.673797	0	2.673797	0	0	0	5.347594	0	0	0	0	8.02139	0	8.02139	2.673797	0	0	0	0	0	10.695187	0	0	5.347594	5.347594	0	0	0	0	0	0	0	0	0	0	0	0	0	0	0	0	0	0	0	0	0	0	0	0	0	0	0	0	0	0	5.347594	0	0	0	141.71123	29.411765	302.139037	133.68984	117.647059	42.780749	144.385027	72.192513	18.716578	18.716578	0	0	0	5.347594	26.737968	5.347594	8.02139	5.347594	48.128342	24.064171
40368_composicao_gemini-3.6-flash.txt	menores_notas_gemini	359	114.206128	11.142061	94.707521	11.142061	0	2.785515	2.785515	2.785515	0	0	0	0	5.571031	0	2.785515	0	2.785515	0	5.571031	0	2.785515	0	5.571031	0	2.785515	2.785515	0	0	2.785515	25.069638	292.479109	172.70195	116.991643	25.069638	19.498607	5.571031	22.284123	89.13649	5.571031	66.852368	8.356546	2.785515	55.710306	13.927577	94.707521	8.356546	55.710306	58.495822	2.785515	16.713092	0	5.571031	13.927577	136.490251	0	30.640669	69.637883	77.994429	13.927577	8.356546	5.571031	2.785515	2.785515	2.785515	2.785515	0	8.356546	5.571031	44.568245	0	0	2.785515	2.785515	0	0	0	2.785515	0	5.571031	0	0	27.855153	13.927577	5.571031	0	2.785515	0	0	0	0	0	0	0	0	0	5.571031	2.785515	16.713092	0	0	25.069638	2.785515	8.356546	13.927577	50.139276	0	13.927577	0	5.571031	0	5.571031	2.785515	0	0	0	2.785515	2.785515	0	0	0	0	0	0	0	0	0	0	2.785515	2.785515	69.637883	8.356546	97.493036	0	66.852368	0	2.785515	0	0	0	0	0	0	19.498607	2.785515	2.785515	61.281337	5.571031	0	0	2.785515	2.785515	0	22.284123	8.356546	0	0	0	2.785515	2.785515	0	0	0	0	0	2.785515	0	0	2.785515	0	2.785515	0	0	0	0	0	0	0	0	0	0	2.785515	0	0	0	0	0	0	0	0	2.785515	0	2.785515	0	0	19.498607	0	0	2.785515	2.785515	0	0	0	0	0	0	5.571031	0	0	0	0	0	0	0	0	0	0	0	0	0	0	0	0	0	0	0	0	0	0	0	0	0	0	0	220.05571	13.927577	317.548747	158.774373	91.922006	16.713092	169.916435	94.707521	16.713092	2.785515	5.571031	0	0	2.785515	33.426184	2.785515	8.356546	2.785515	47.35376	0
40426_composicao_gemini-3.6-flash.txt	menores_notas_gemini	351	82.621083	31.339031	76.923077	11.396011	5.698006	2.849003	2.849003	2.849003	0	0	0	0	14.245014	0	0	0	14.245014	0	2.849003	2.849003	11.396011	0	5.698006	2.849003	5.698006	0	0	0	0	28.490028	293.447293	142.450142	148.148148	8.547009	5.698006	11.396011	8.547009	65.527066	2.849003	51.282051	17.094017	0	37.037037	2.849003	91.168091	8.547009	48.433048	25.641026	19.94302	8.547009	0	0	19.94302	113.960114	0	22.792023	105.413105	85.470085	17.094017	17.094017	2.849003	2.849003	2.849003	11.396011	14.245014	0	0	0	25.641026	8.547009	0	0	2.849003	0	0	0	0	0	0	0	0	62.678063	0	0	0	0	0	0	0	0	2.849003	0	0	0	0	0	0	8.547009	0	0	14.245014	0	17.094017	14.245014	62.678063	2.849003	11.396011	0	2.849003	0	11.396011	0	0	5.698006	2.849003	5.698006	2.849003	2.849003	0	0	5.698006	0	2.849003	0	2.849003	0	2.849003	0	8.547009	94.017094	2.849003	76.923077	0	48.433048	0	5.698006	2.849003	0	0	0	0	0	0	5.698006	0	42.735043	11.396011	0	0	11.396011	5.698006	0	11.396011	17.094017	0	0	5.698006	0	0	0	0	0	0	0	5.698006	2.849003	0	8.547009	0	0	0	0	0	2.849003	0	0	2.849003	0	0	0	2.849003	2.849003	0	0	0	0	0	0	0	0	0	0	0	0	5.698006	0	0	5.698006	8.547009	0	0	0	0	0	0	2.849003	0	0	0	0	0	0	0	0	0	0	0	0	0	0	0	0	0	0	0	0	0	0	0	0	0	0	0	113.960114	25.641026	321.937322	142.450142	102.564103	37.037037	173.789174	62.678063	14.245014	11.396011	2.849003	0	0	5.698006	31.339031	5.698006	0	8.547009	45.584046	5.698006
40461_composicao_gemini-3.6-flash.txt	menores_notas_gemini	400	100	10	77.5	7.5	5	5	7.5	0	0	0	0	2.5	15	0	0	0	12.5	0	5	2.5	7.5	0	2.5	2.5	7.5	2.5	0	0	2.5	15	192.5	125	80	15	22.5	10	15	57.5	2.5	52.5	25	10	45	0	82.5	15	50	12.5	7.5	12.5	0	5	22.5	110	0	42.5	135	90	15	15	2.5	7.5	2.5	0	12.5	0	0	5	55	7.5	2.5	2.5	2.5	0	0	0	2.5	2.5	0	0	0	47.5	12.5	0	0	2.5	0	0	0	0	0	0	0	0	0	0	0	0	2.5	2.5	22.5	0	15	7.5	62.5	0	0	0	0	0	15	5	0	2.5	0	5	5	0	2.5	0	2.5	0	0	2.5	0	0	2.5	5	0	102.5	2.5	82.5	0	37.5	0	5	2.5	0	0	2.5	0	0	7.5	5	2.5	32.5	5	0	0	7.5	5	0	22.5	15	2.5	0	0	0	17.5	0	0	0	0	0	2.5	2.5	2.5	7.5	0	2.5	0	0	0	0	0	0	0	2.5	0	0	5	0	0	0	0	0	0	5	0	5	0	2.5	0	2.5	7.5	0	0	0	15	0	0	0	0	0	0	2.5	0	0	0	0	0	0	0	0	0	0	0	0	0	0	0	0	0	0	0	0	0	0	0	0	0	0	0	187.5	32.5	307.5	147.5	107.5	27.5	185	62.5	2.5	7.5	2.5	0	0	5	22.5	5	5	10	45	0
40496_composicao_gemini-3.6-flash.txt	menores_notas_gemini	368	100.543478	16.304348	100.543478	10.869565	0	2.717391	2.717391	0	0	0	0	0	10.869565	0	0	0	8.152174	0	2.717391	2.717391	2.717391	0	2.717391	0	5.434783	0	0	0	0	0	312.5	184.782609	100.543478	24.456522	19.021739	0	8.152174	84.23913	19.021739	84.23913	19.021739	2.717391	35.326087	0	89.673913	5.434783	65.217391	43.478261	2.717391	13.586957	0	0	10.869565	146.73913	5.434783	48.913043	76.086957	67.934783	19.021739	16.304348	2.717391	2.717391	0	0	27.173913	2.717391	5.434783	0	40.76087	10.869565	0	0	2.717391	0	0	0	0	0	0	0	0	48.913043	2.717391	0	0	0	0	0	0	0	2.717391	0	0	0	2.717391	0	2.717391	0	2.717391	2.717391	16.304348	0	16.304348	8.152174	51.630435	0	0	0	2.717391	0	2.717391	5.434783	0	2.717391	0	0	2.717391	0	0	0	2.717391	0	0	0	0	0	0	5.434783	2.717391	86.956522	2.717391	100.543478	0	62.5	0	5.434783	0	0	0	0	0	0	5.434783	5.434783	2.717391	54.347826	10.869565	0	0	2.717391	5.434783	0	16.304348	16.304348	8.152174	2.717391	0	0	8.152174	0	0	0	0	0	2.717391	0	0	5.434783	0	0	2.717391	0	0	2.717391	0	0	0	0	0	0	2.717391	2.717391	0	0	0	0	0	0	0	0	0	0	0	2.717391	10.869565	0	0	2.717391	8.152174	0	0	0	0	0	0	2.717391	0	0	0	0	0	0	0	0	0	0	0	0	0	0	0	0	0	0	0	0	0	0	0	0	0	0	0	116.847826	19.021739	312.5	163.043478	86.956522	16.304348	190.217391	81.521739	2.717391	2.717391	2.717391	0	0	5.434783	16.304348	5.434783	0	5.434783	40.76087	0
40523_composicao_gemini-3.6-flash.txt	menores_notas_gemini	354	101.694915	14.124294	87.570621	14.124294	0	8.474576	2.824859	0	0	0	0	0	0	0	0	0	0	0	0	0	5.649718	0	0	2.824859	8.474576	0	0	0	0	33.898305	288.135593	192.090395	110.169492	16.949153	14.124294	11.299435	19.774011	81.920904	2.824859	50.847458	19.774011	8.474576	42.372881	22.59887	87.570621	11.299435	62.146893	48.022599	5.649718	14.124294	0	0	14.124294	121.468927	0	42.372881	70.621469	76.271186	19.774011	16.949153	5.649718	0	5.649718	2.824859	16.949153	2.824859	2.824859	2.824859	39.548023	8.474576	11.299435	0	5.649718	0	2.824859	0	2.824859	2.824859	2.824859	0	0	39.548023	8.474576	0	0	2.824859	0	0	0	0	2.824859	0	0	2.824859	0	2.824859	0	5.649718	2.824859	0	31.073446	0	11.299435	8.474576	50.847458	0	5.649718	0	8.474576	0	14.124294	2.824859	0	0	0	2.824859	2.824859	2.824859	5.649718	0	0	0	0	2.824859	0	0	2.824859	0	2.824859	87.570621	11.299435	98.870056	0	56.497175	2.824859	5.649718	0	0	0	2.824859	0	0	2.824859	5.649718	2.824859	56.497175	2.824859	0	0	5.649718	5.649718	0	28.248588	11.299435	0	0	0	0	2.824859	0	0	0	0	0	2.824859	0	2.824859	0	0	2.824859	0	0	0	2.824859	0	0	0	0	0	0	2.824859	2.824859	0	0	2.824859	0	0	2.824859	0	2.824859	0	2.824859	0	2.824859	11.299435	0	0	0	0	0	0	0	0	0	0	2.824859	0	0	0	0	0	0	0	0	0	0	0	0	0	0	0	0	0	0	0	0	0	0	0	0	0	0	0	115.819209	5.649718	322.033898	146.892655	101.694915	22.59887	192.090395	73.446328	8.474576	5.649718	2.824859	0	0	5.649718	28.248588	5.649718	8.474576	11.299435	50.847458	0
40617_composicao_gemini-3.6-flash.txt	menores_notas_gemini	451	88.691796	22.172949	84.257206	2.217295	35.476718	4.43459	4.43459	0	0	0	0	2.217295	8.86918	2.217295	2.217295	4.43459	4.43459	0	0	2.217295	11.086475	2.217295	0	0	6.651885	4.43459	0	0	4.43459	37.694013	257.206208	93.126386	104.21286	42.128603	17.738359	4.43459	4.43459	42.128603	4.43459	26.607539	19.955654	8.86918	59.866962	0	88.691796	13.303769	19.955654	44.345898	4.43459	4.43459	0	4.43459	11.086475	70.953437	2.217295	8.86918	28.824834	119.733925	8.86918	6.651885	15.521064	13.303769	13.303769	8.86918	17.738359	2.217295	6.651885	2.217295	33.259424	15.521064	2.217295	8.86918	4.43459	8.86918	2.217295	2.217295	0	0	0	0	2.217295	17.738359	26.607539	26.607539	2.217295	0	0	0	0	0	0	2.217295	0	0	4.43459	0	0	8.86918	0	0	33.259424	2.217295	19.955654	33.259424	70.953437	4.43459	4.43459	0	11.086475	0	6.651885	2.217295	0	0	0	6.651885	2.217295	2.217295	0	0	0	0	0	0	0	0	2.217295	0	4.43459	90.909091	11.086475	84.257206	0	44.345898	0	2.217295	0	0	0	4.43459	0	0	4.43459	4.43459	0	35.476718	8.86918	0	0	11.086475	4.43459	2.217295	35.476718	19.955654	6.651885	0	13.303769	0	11.086475	0	0	0	0	0	6.651885	4.43459	0	8.86918	0	0	4.43459	0	0	0	0	0	0	0	0	0	2.217295	2.217295	0	0	2.217295	0	0	0	0	0	0	0	0	0	26.607539	0	0	8.86918	2.217295	0	0	0	0	0	0	2.217295	0	0	0	0	0	0	0	0	0	0	0	0	0	0	0	0	0	0	0	0	0	2.217295	0	0	0	0	0	110.864745	28.824834	294.900222	99.778271	130.820399	31.042129	186.252772	59.866962	8.86918	11.086475	2.217295	0	2.217295	4.43459	35.476718	4.43459	2.217295	6.651885	88.691796	13.303769
40688_composicao_gemini-3.6-flash.txt	menores_notas_gemini	285	98.245614	7.017544	98.245614	14.035088	0	3.508772	0	0	0	0	0	3.508772	7.017544	0	0	0	7.017544	0	0	0	10.526316	0	0	0	3.508772	3.508772	0	0	3.508772	56.140351	263.157895	178.947368	94.736842	17.54386	7.017544	10.526316	0	70.175439	35.087719	49.122807	31.578947	0	42.105263	7.017544	94.736842	10.526316	70.175439	70.175439	3.508772	3.508772	0	10.526316	14.035088	133.333333	10.526316	38.596491	84.210526	98.245614	21.052632	17.54386	10.526316	0	3.508772	0	35.087719	0	10.526316	10.526316	59.649123	0	3.508772	0	10.526316	0	0	10.526316	7.017544	3.508772	0	0	0	45.614035	17.54386	0	0	3.508772	0	0	0	0	0	0	0	3.508772	0	3.508772	0	10.526316	0	0	24.561404	0	17.54386	14.035088	66.666667	10.526316	0	0	10.526316	0	7.017544	0	0	3.508772	0	7.017544	0	0	0	0	3.508772	0	0	0	0	0	7.017544	0	14.035088	56.140351	0	105.263158	0	42.105263	0	7.017544	3.508772	3.508772	0	0	0	0	14.035088	7.017544	3.508772	38.596491	7.017544	0	0	10.526316	7.017544	0	24.561404	17.54386	3.508772	3.508772	3.508772	0	3.508772	0	0	0	0	0	3.508772	3.508772	0	3.508772	0	3.508772	0	0	3.508772	0	0	0	0	0	0	0	7.017544	0	0	0	0	0	0	7.017544	0	0	0	0	0	0	17.54386	0	0	3.508772	3.508772	0	0	0	0	0	0	3.508772	0	0	0	0	0	0	0	0	0	0	0	0	0	0	0	0	0	0	0	0	0	0	0	0	0	0	0	203.508772	35.087719	319.298246	157.894737	122.807018	35.087719	161.403509	80.701754	10.526316	10.526316	3.508772	0	0	7.017544	35.087719	7.017544	10.526316	0	56.140351	3.508772
40690_composicao_gemini-3.6-flash.txt	menores_notas_gemini	383	117.493473	7.832898	73.10705	15.665796	7.832898	0	2.610966	0	0	0	0	0	2.610966	0	0	0	2.610966	0	2.610966	2.610966	7.832898	0	2.610966	2.610966	2.610966	0	0	0	0	10.443864	281.984334	174.934726	67.885117	18.276762	15.665796	7.832898	10.443864	91.383812	2.610966	54.830287	26.109661	20.887728	54.830287	13.05483	73.10705	13.05483	57.441253	57.441253	2.610966	0	0	0	7.832898	122.715405	0	52.219321	83.550914	88.772846	20.887728	13.05483	2.610966	2.610966	2.610966	2.610966	2.610966	0	5.221932	10.443864	60.052219	0	2.610966	0	0	5.221932	0	0	2.610966	5.221932	2.610966	2.610966	0	36.553525	15.665796	0	0	2.610966	0	0	0	0	5.221932	0	0	5.221932	0	2.610966	0	10.443864	0	2.610966	31.331593	0	18.276762	20.887728	54.830287	5.221932	5.221932	0	0	0	13.05483	7.832898	2.610966	2.610966	0	2.610966	7.832898	0	0	0	2.610966	0	0	0	0	0	0	5.221932	2.610966	78.328982	10.443864	86.16188	0	62.663185	0	2.610966	0	0	2.610966	0	0	0	2.610966	2.610966	2.610966	54.830287	7.832898	0	2.610966	7.832898	2.610966	0	31.331593	18.276762	0	2.610966	0	0	2.610966	0	0	0	0	0	5.221932	0	2.610966	5.221932	0	0	0	0	0	0	2.610966	0	0	0	0	0	2.610966	0	0	0	0	0	0	7.832898	0	2.610966	0	5.221932	0	0	5.221932	0	0	0	2.610966	0	0	0	0	0	0	2.610966	0	0	0	0	0	0	0	0	0	0	0	0	0	0	0	0	0	0	0	0	0	0	0	5.221932	0	0	0	125.326371	13.05483	300.261097	143.603133	120.104439	28.720627	174.934726	78.328982	10.443864	7.832898	2.610966	0	0	2.610966	31.331593	2.610966	10.443864	7.832898	70.496084	5.221932
40765_composicao_gemini-3.6-flash.txt	menores_notas_gemini	397	115.869018	7.556675	75.566751	17.632242	5.037783	5.037783	5.037783	2.518892	0	0	0	0	5.037783	0	0	0	2.518892	0	0	0	5.037783	5.037783	0	0	2.518892	0	0	0	0	2.518892	289.672544	178.84131	88.161209	20.151134	17.632242	5.037783	7.556675	73.047859	15.11335	65.491184	0	2.518892	55.415617	10.075567	90.680101	5.037783	60.453401	47.858942	2.518892	7.556675	0	5.037783	10.075567	141.057935	0	45.34005	90.680101	98.236776	25.188917	10.075567	10.075567	2.518892	2.518892	0	27.707809	0	0	2.518892	52.896725	5.037783	0	0	7.556675	0	2.518892	2.518892	0	2.518892	0	0	0	47.858942	12.594458	7.556675	0	2.518892	0	0	0	0	2.518892	0	0	5.037783	0	0	0	20.151134	0	0	27.707809	0	7.556675	22.670025	70.528967	15.11335	5.037783	5.037783	10.075567	0	7.556675	5.037783	0	0	0	2.518892	7.556675	0	0	0	0	0	0	0	0	0	2.518892	2.518892	5.037783	90.680101	20.151134	75.566751	0	65.491184	0	0	0	0	2.518892	0	0	0	2.518892	7.556675	2.518892	55.415617	10.075567	0	0	5.037783	5.037783	5.037783	27.707809	7.556675	2.518892	0	0	0	5.037783	0	0	0	0	0	5.037783	0	0	10.075567	0	0	0	0	0	0	0	0	2.518892	2.518892	0	0	5.037783	0	0	0	2.518892	0	0	2.518892	0	2.518892	0	5.037783	0	2.518892	30.2267	0	0	2.518892	2.518892	0	0	0	0	0	0	2.518892	0	0	0	0	0	0	0	0	0	0	0	0	0	0	0	0	0	0	0	0	0	0	0	0	0	0	0	123.425693	15.11335	292.191436	156.171285	123.425693	25.188917	173.803526	80.604534	20.151134	5.037783	2.518892	0	0	5.037783	42.821159	5.037783	2.518892	7.556675	57.934509	0
40803_composicao_gemini-3.6-flash.txt	menores_notas_gemini	380	118.421053	10.526316	76.315789	18.421053	2.631579	10.526316	0	0	0	0	0	0	2.631579	0	0	0	2.631579	0	0	0	2.631579	0	0	0	10.526316	2.631579	0	0	2.631579	7.894737	305.263158	147.368421	134.210526	10.526316	15.789474	2.631579	0	73.684211	10.526316	63.157895	31.578947	0	47.368421	10.526316	89.473684	7.894737	50	36.842105	0	21.052632	0	2.631579	15.789474	126.315789	0	34.210526	68.421053	68.421053	15.789474	10.526316	0	5.263158	2.631579	0	28.947368	0	2.631579	5.263158	18.421053	0	0	0	0	0	2.631579	2.631579	2.631579	0	2.631579	0	0	36.842105	2.631579	0	0	2.631579	0	0	0	0	5.263158	0	0	2.631579	0	0	0	2.631579	2.631579	0	15.789474	0	21.052632	10.526316	42.105263	0	2.631579	0	2.631579	0	7.894737	2.631579	0	2.631579	0	5.263158	5.263158	0	0	0	2.631579	0	0	0	0	0	0	2.631579	13.157895	78.947368	21.052632	84.210526	0	57.894737	0	5.263158	0	0	0	0	0	0	7.894737	2.631579	0	50	7.894737	0	0	2.631579	2.631579	0	13.157895	21.052632	0	0	0	0	5.263158	0	0	0	0	0	2.631579	0	0	0	0	0	0	0	0	0	0	0	0	0	0	0	2.631579	0	0	0	0	0	0	5.263158	0	5.263158	0	2.631579	0	0	2.631579	0	0	2.631579	5.263158	0	0	0	0	0	0	0	0	0	0	0	0	0	0	0	0	0	0	0	0	0	0	0	0	0	0	0	0	0	0	0	0	0	0	205.263158	5.263158	313.157895	150	92.105263	21.052632	189.473684	73.684211	5.263158	2.631579	0	0	0	2.631579	18.421053	0	5.263158	5.263158	47.368421	0
40865_composicao_gemini-3.6-flash.txt	menores_notas_gemini	367	100.817439	10.899183	76.294278	19.073569	2.724796	2.724796	2.724796	0	0	0	0	0	8.174387	0	0	0	8.174387	0	0	0	13.623978	0	0	0	2.724796	0	0	0	0	46.321526	272.479564	158.038147	98.092643	13.623978	19.073569	2.724796	0	59.945504	2.724796	40.871935	24.523161	13.623978	38.147139	0	76.294278	13.623978	62.6703	27.247956	8.174387	5.449591	0	0	21.798365	122.615804	2.724796	21.798365	79.019074	70.844687	19.073569	10.899183	5.449591	0	5.449591	0	13.623978	0	2.724796	5.449591	32.697548	5.449591	0	0	2.724796	2.724796	0	2.724796	5.449591	2.724796	0	0	0	40.871935	8.174387	2.724796	0	2.724796	0	2.724796	0	0	0	0	0	0	5.449591	0	0	21.798365	0	0	19.073569	0	13.623978	19.073569	57.220708	16.348774	5.449591	0	5.449591	0	10.899183	0	2.724796	0	0	2.724796	2.724796	0	0	0	0	0	0	0	0	0	0	0	2.724796	84.468665	2.724796	84.468665	0	59.945504	0	8.174387	0	0	0	2.724796	0	0	5.449591	0	0	59.945504	2.724796	0	0	13.623978	0	0	16.348774	13.623978	0	0	0	0	0	0	0	0	0	0	13.623978	0	0	5.449591	0	0	0	0	0	0	0	0	0	0	0	0	0	0	0	0	0	0	0	8.174387	0	5.449591	0	2.724796	0	0	0	0	0	0	8.174387	0	0	0	0	0	0	0	0	0	0	0	0	0	0	0	0	0	0	0	0	0	0	0	0	0	0	0	0	0	0	0	0	0	0	188.010899	21.798365	321.525886	158.038147	108.991826	24.523161	171.662125	76.294278	21.798365	13.623978	0	0	0	0	16.348774	8.174387	10.899183	2.724796	51.771117	0
40869_composicao_gemini-3.6-flash.txt	menores_notas_gemini	333	84.084084	12.012012	105.105105	12.012012	9.009009	3.003003	3.003003	0	0	0	0	0	9.009009	3.003003	3.003003	0	18.018018	0	3.003003	6.006006	12.012012	0	3.003003	6.006006	6.006006	0	0	0	0	0	291.291291	180.18018	99.099099	24.024024	24.024024	0	9.009009	42.042042	6.006006	57.057057	12.012012	9.009009	48.048048	12.012012	84.084084	15.015015	54.054054	51.051051	3.003003	21.021021	0	9.009009	9.009009	126.126126	3.003003	39.039039	84.084084	90.09009	15.015015	15.015015	9.009009	9.009009	9.009009	0	12.012012	0	6.006006	3.003003	54.054054	3.003003	9.009009	3.003003	3.003003	0	0	0	0	3.003003	3.003003	0	0	51.051051	3.003003	6.006006	0	3.003003	0	0	0	0	6.006006	0	0	6.006006	0	3.003003	0	9.009009	3.003003	0	33.033033	0	3.003003	12.012012	63.063063	6.006006	6.006006	0	9.009009	0	9.009009	9.009009	3.003003	0	0	6.006006	6.006006	3.003003	0	0	0	0	0	0	0	0	0	6.006006	6.006006	63.063063	42.042042	108.108108	0	48.048048	0	3.003003	0	0	6.006006	6.006006	0	0	6.006006	0	0	39.039039	9.009009	0	0	12.012012	0	0	33.033033	3.003003	0	0	0	0	15.015015	0	0	0	0	0	9.009009	0	0	6.006006	0	0	0	0	0	0	0	0	0	0	0	0	0	0	0	0	0	0	0	6.006006	0	9.009009	0	3.003003	0	3.003003	12.012012	0	0	9.009009	15.015015	0	0	0	0	0	0	0	0	0	0	0	0	0	0	0	0	0	0	0	0	0	0	0	0	0	0	0	0	0	0	0	0	0	0	201.201201	30.03003	291.291291	150.15015	111.111111	36.036036	204.204204	69.069069	12.012012	15.015015	0	0	0	0	33.033033	0	3.003003	9.009009	48.048048	0
40887_composicao_gemini-3.6-flash.txt	menores_notas_gemini	389	113.11054	5.141388	110.539846	15.424165	2.570694	0	0	0	0	0	0	0	5.141388	0	0	0	2.570694	0	0	0	7.712082	0	0	2.570694	0	0	0	0	0	23.136247	290.488432	203.084833	84.832905	20.565553	17.994859	2.570694	2.570694	48.843188	2.570694	56.55527	12.85347	7.712082	46.272494	0	136.246787	12.85347	66.838046	43.701799	10.282776	20.565553	0	2.570694	15.424165	125.96401	0	30.848329	102.827763	100.257069	12.85347	10.282776	5.141388	5.141388	2.570694	0	35.989717	0	5.141388	5.141388	71.979434	0	2.570694	2.570694	7.712082	2.570694	0	2.570694	5.141388	5.141388	0	2.570694	2.570694	43.701799	5.141388	0	0	5.141388	0	0	0	0	5.141388	0	0	5.141388	0	0	0	5.141388	0	0	46.272494	0	5.141388	15.424165	53.984576	0	5.141388	0	0	0	2.570694	5.141388	0	2.570694	0	2.570694	0	0	0	0	2.570694	0	0	0	0	0	0	5.141388	2.570694	71.979434	15.424165	110.539846	0	38.560411	2.570694	0	0	2.570694	0	0	0	0	10.282776	5.141388	0	33.419023	7.712082	5.141388	0	7.712082	5.141388	2.570694	43.701799	5.141388	2.570694	0	0	0	2.570694	0	0	0	0	0	2.570694	2.570694	0	7.712082	0	0	2.570694	0	0	0	0	0	2.570694	0	0	0	5.141388	0	0	0	0	0	0	12.85347	0	7.712082	0	5.141388	0	0	20.565553	0	0	2.570694	2.570694	0	0	0	0	0	0	0	0	0	0	0	0	0	0	0	0	0	0	0	0	0	0	0	0	0	0	0	0	0	0	0	0	0	0	228.791774	10.282776	313.624679	154.241645	115.681234	12.85347	197.943445	64.267352	5.141388	7.712082	0	0	0	5.141388	46.272494	5.141388	10.282776	0	66.838046	0
40898_composicao_gemini-3.6-flash.txt	menores_notas_gemini	355	92.957746	14.084507	107.042254	14.084507	0	2.816901	5.633803	0	0	0	0	0	8.450704	0	0	0	8.450704	0	2.816901	5.633803	16.901408	0	5.633803	2.816901	8.450704	0	0	0	0	22.535211	295.774648	174.647887	81.690141	19.71831	14.084507	0	5.633803	84.507042	2.816901	64.788732	45.070423	5.633803	59.15493	22.535211	59.15493	14.084507	61.971831	45.070423	2.816901	11.267606	0	8.450704	14.084507	107.042254	0	39.43662	78.873239	78.873239	16.901408	14.084507	2.816901	5.633803	0	5.633803	5.633803	0	2.816901	8.450704	42.253521	16.901408	0	0	0	2.816901	0	0	0	2.816901	5.633803	0	0	47.887324	16.901408	0	0	0	0	2.816901	0	0	2.816901	0	0	0	0	0	0	5.633803	0	0	5.633803	2.816901	8.450704	22.535211	67.605634	2.816901	2.816901	2.816901	5.633803	0	11.267606	2.816901	2.816901	2.816901	0	5.633803	2.816901	0	0	0	2.816901	0	0	0	0	0	0	0	11.267606	67.605634	11.267606	107.042254	0	50.704225	0	5.633803	0	0	0	0	0	0	2.816901	2.816901	0	47.887324	5.633803	0	0	16.901408	2.816901	2.816901	8.450704	8.450704	8.450704	0	0	0	8.450704	0	0	0	0	0	11.267606	2.816901	2.816901	8.450704	0	0	0	0	0	0	0	0	2.816901	0	0	0	2.816901	0	0	0	0	0	0	2.816901	0	0	0	0	0	0	2.816901	0	0	8.450704	0	0	0	0	0	0	0	0	0	0	5.633803	0	0	0	0	0	0	0	0	0	0	0	0	0	0	0	0	0	0	0	0	0	0	0	0	107.042254	11.267606	318.309859	135.211268	101.408451	33.802817	185.915493	59.15493	5.633803	16.901408	5.633803	0	0	2.816901	8.450704	2.816901	8.450704	2.816901	39.43662	0
40906_composicao_gemini-3.6-flash.txt	menores_notas_gemini	350	122.857143	8.571429	82.857143	11.428571	5.714286	2.857143	2.857143	2.857143	0	0	0	0	0	0	0	0	0	0	0	0	2.857143	0	0	0	2.857143	0	0	0	0	5.714286	305.714286	182.857143	102.857143	20	17.142857	5.714286	2.857143	68.571429	5.714286	68.571429	14.285714	8.571429	45.714286	0	137.142857	5.714286	51.428571	48.571429	8.571429	8.571429	0	2.857143	17.142857	117.142857	8.571429	31.428571	8.571429	105.714286	20	11.428571	0	11.428571	5.714286	5.714286	37.142857	2.857143	5.714286	5.714286	54.285714	14.285714	0	0	0	2.857143	0	0	0	2.857143	2.857143	0	0	45.714286	5.714286	0	0	2.857143	0	0	0	0	2.857143	0	2.857143	2.857143	2.857143	0	0	8.571429	2.857143	8.571429	22.857143	0	28.571429	14.285714	54.285714	8.571429	0	0	0	0	8.571429	5.714286	2.857143	5.714286	0	0	5.714286	0	0	0	5.714286	0	0	0	0	0	0	0	11.428571	82.857143	8.571429	91.428571	0	54.285714	0	2.857143	2.857143	0	0	2.857143	0	0	0	8.571429	0	42.857143	11.428571	0	0	2.857143	8.571429	5.714286	22.857143	28.571429	8.571429	0	2.857143	0	2.857143	0	0	0	0	0	2.857143	0	0	5.714286	0	0	5.714286	0	0	2.857143	0	0	0	0	0	0	5.714286	2.857143	0	0	0	0	0	5.714286	0	0	0	0	0	5.714286	14.285714	0	0	0	2.857143	0	0	0	0	0	0	0	0	0	0	0	0	0	0	0	0	0	0	0	0	0	0	0	0	0	0	0	0	0	0	0	0	0	0	214.285714	22.857143	311.428571	140	125.714286	17.142857	180	62.857143	11.428571	2.857143	0	0	0	8.571429	22.857143	8.571429	8.571429	5.714286	65.714286	2.857143
40926_composicao_gemini-3.6-flash.txt	menores_notas_gemini	371	105.121294	13.477089	83.557951	8.086253	2.695418	2.695418	2.695418	2.695418	0	0	0	0	0	0	0	0	0	0	0	2.695418	8.086253	0	0	2.695418	2.695418	0	0	0	0	32.345013	296.495957	167.115903	80.862534	18.867925	13.477089	5.390836	0	59.299191	8.086253	70.080863	29.649596	16.172507	53.908356	18.867925	78.167116	13.477089	45.822102	48.51752	5.390836	10.781671	0	8.086253	16.172507	105.121294	0	32.345013	70.080863	83.557951	18.867925	16.172507	0	0	2.695418	5.390836	8.086253	8.086253	2.695418	5.390836	24.25876	0	0	0	0	0	0	5.390836	0	2.695418	2.695418	0	0	45.822102	10.781671	0	0	2.695418	0	0	0	0	5.390836	0	0	0	0	2.695418	0	8.086253	0	0	21.563342	0	8.086253	16.172507	59.299191	0	8.086253	0	10.781671	0	10.781671	5.390836	0	5.390836	0	2.695418	5.390836	0	0	0	5.390836	0	0	0	0	0	0	2.695418	26.954178	88.948787	26.954178	88.948787	0	48.51752	0	2.695418	0	0	5.390836	2.695418	0	0	0	0	0	35.040431	10.781671	0	0	8.086253	0	0	18.867925	8.086253	0	0	0	0	0	0	0	0	0	0	2.695418	2.695418	2.695418	8.086253	0	0	0	0	0	0	0	0	0	0	0	0	0	0	0	0	0	0	0	5.390836	0	2.695418	0	5.390836	0	0	5.390836	0	0	0	0	0	0	0	0	0	0	0	0	0	0	0	0	0	0	0	0	0	0	0	0	0	0	0	0	0	0	0	0	0	0	0	0	0	0	118.598383	24.25876	328.84097	134.770889	107.816712	48.51752	204.851752	59.299191	8.086253	8.086253	0	0	0	0	24.25876	8.086253	5.390836	5.390836	45.822102	0
40929_composicao_gemini-3.6-flash.txt	menores_notas_gemini	433	87.759815	16.166282	85.450346	13.856813	11.547344	6.928406	2.309469	0	0	0	0	6.928406	13.856813	4.618938	2.309469	2.309469	13.856813	0	2.309469	2.309469	20.785219	0	9.237875	0	9.237875	6.928406	2.309469	0	4.618938	46.189376	247.113164	94.688222	138.568129	11.547344	2.309469	2.309469	2.309469	27.713626	6.928406	32.332564	30.023095	2.309469	48.498845	6.928406	60.046189	11.547344	25.404157	18.475751	6.928406	0	0	6.928406	9.237875	73.903002	0	11.547344	32.332564	127.020785	18.475751	13.856813	11.547344	18.475751	13.856813	9.237875	20.785219	0	2.309469	4.618938	32.332564	6.928406	0	20.785219	9.237875	4.618938	2.309469	0	2.309469	4.618938	2.309469	2.309469	0	20.785219	25.404157	34.642032	0	2.309469	0	4.618938	0	0	4.618938	0	2.309469	0	0	2.309469	0	2.309469	0	2.309469	30.023095	0	20.785219	18.475751	87.759815	0	2.309469	0	11.547344	2.309469	9.237875	9.237875	2.309469	6.928406	0	4.618938	6.928406	2.309469	2.309469	0	6.928406	0	0	2.309469	0	0	0	4.618938	9.237875	80.831409	9.237875	85.450346	0	41.570439	0	4.618938	0	0	0	9.237875	0	0	0	11.547344	0	32.332564	9.237875	0	0	20.785219	9.237875	2.309469	25.404157	20.785219	2.309469	2.309469	2.309469	0	6.928406	0	0	0	0	0	16.166282	4.618938	0	13.856813	0	0	4.618938	0	0	2.309469	0	0	0	0	0	0	6.928406	2.309469	0	0	2.309469	2.309469	0	4.618938	0	0	0	0	0	2.309469	20.785219	0	0	6.928406	6.928406	0	0	0	0	0	0	0	0	0	0	0	0	0	0	0	0	0	0	0	0	0	0	0	0	0	0	0	0	0	0	2.309469	0	0	0	103.926097	57.736721	293.30254	90.069284	145.496536	39.26097	168.591224	57.736721	2.309469	20.785219	0	0	0	9.237875	39.26097	9.237875	6.928406	13.856813	69.284065	2.309469
40978_composicao_gemini-3.6-flash.txt	menores_notas_gemini	449	109.131403	15.5902	62.360802	11.135857	2.227171	2.227171	6.681514	2.227171	0	0	0	0	11.135857	0	0	2.227171	8.908686	0	0	4.454343	6.681514	2.227171	0	0	6.681514	0	0	0	0	2.227171	311.804009	133.63029	86.859688	4.454343	4.454343	8.908686	11.135857	57.906459	8.908686	60.13363	13.363029	0	46.770601	6.681514	82.405345	15.5902	51.224944	11.135857	4.454343	8.908686	0	8.908686	13.363029	118.040089	2.227171	24.498886	62.360802	86.859688	15.5902	17.817372	2.227171	4.454343	2.227171	2.227171	22.271715	0	6.681514	0	46.770601	6.681514	0	0	0	0	0	2.227171	0	0	0	0	0	60.13363	4.454343	0	0	0	0	0	0	0	2.227171	0	0	0	4.454343	6.681514	0	15.5902	0	0	13.363029	0	17.817372	13.363029	64.587973	0	15.5902	0	8.908686	0	4.454343	6.681514	2.227171	4.454343	0	0	6.681514	0	0	0	4.454343	0	0	0	0	0	0	13.363029	28.953229	91.314031	22.271715	66.815145	0	35.634744	2.227171	8.908686	0	0	0	0	0	0	4.454343	8.908686	4.454343	35.634744	6.681514	0	0	6.681514	8.908686	2.227171	13.363029	15.5902	2.227171	0	0	0	2.227171	0	0	0	0	0	6.681514	0	0	4.454343	0	0	2.227171	0	0	0	2.227171	0	0	2.227171	0	0	6.681514	2.227171	0	0	0	0	2.227171	0	0	2.227171	0	0	0	0	11.135857	0	0	2.227171	8.908686	0	0	0	0	0	0	4.454343	0	0	0	0	0	0	0	0	0	0	0	0	0	0	0	0	0	0	0	0	0	0	0	0	0	0	0	187.082405	24.498886	314.03118	146.993318	111.358575	48.997773	175.946548	55.679287	15.5902	6.681514	4.454343	0	0	8.908686	24.498886	8.908686	0	6.681514	44.54343	0
41011_composicao_gemini-3.6-flash.txt	menores_notas_gemini	357	131.652661	14.005602	70.028011	11.204482	14.005602	2.80112	2.80112	0	0	0	0	0	14.005602	0	2.80112	0	11.204482	0	2.80112	0	8.403361	0	5.602241	2.80112	2.80112	2.80112	0	0	2.80112	19.607843	288.515406	103.641457	103.641457	33.613445	19.607843	2.80112	5.602241	53.221289	8.403361	70.028011	8.403361	5.602241	56.022409	22.408964	98.039216	2.80112	30.812325	67.226891	2.80112	22.408964	0	0	19.607843	103.641457	0	19.607843	56.022409	95.238095	8.403361	16.806723	2.80112	2.80112	0	0	19.607843	0	5.602241	0	47.619048	5.602241	0	2.80112	2.80112	0	0	0	0	0	2.80112	0	0	50.420168	8.403361	2.80112	0	2.80112	0	0	0	0	2.80112	0	0	0	0	0	2.80112	0	0	2.80112	19.607843	2.80112	16.806723	14.005602	64.42577	0	0	0	0	0	14.005602	0	0	0	0	5.602241	2.80112	0	0	0	0	0	0	0	0	0	0	0	5.602241	75.630252	8.403361	70.028011	0	61.62465	0	2.80112	0	0	0	2.80112	0	2.80112	0	2.80112	0	47.619048	14.005602	0	0	11.204482	2.80112	0	19.607843	16.806723	5.602241	0	0	0	8.403361	0	0	0	0	0	8.403361	0	2.80112	5.602241	0	0	0	0	0	0	0	0	2.80112	0	0	0	2.80112	0	0	0	0	0	0	0	0	11.204482	0	0	0	0	8.403361	0	0	5.602241	8.403361	0	0	0	0	0	0	0	0	0	0	0	0	0	0	0	0	0	0	0	0	0	0	0	0	0	0	0	0	0	0	0	0	0	0	145.658263	30.812325	308.123249	128.851541	103.641457	25.210084	154.061625	70.028011	0	11.204482	0	0	0	2.80112	19.607843	5.602241	2.80112	2.80112	50.420168	0
41093_composicao_gemini-3.6-flash.txt	menores_notas_gemini	350	111.428571	8.571429	88.571429	20	5.714286	8.571429	0	0	0	0	0	0	5.714286	0	0	0	2.857143	0	0	0	8.571429	0	0	0	5.714286	0	0	0	0	20	302.857143	197.142857	91.428571	8.571429	11.428571	8.571429	14.285714	88.571429	2.857143	77.142857	17.142857	5.714286	42.857143	11.428571	88.571429	11.428571	40	60	2.857143	20	0	8.571429	17.142857	111.428571	0	25.714286	74.285714	91.428571	11.428571	14.285714	5.714286	5.714286	0	0	25.714286	2.857143	0	0	60	0	0	5.714286	5.714286	2.857143	5.714286	5.714286	2.857143	0	0	0	0	60	0	0	0	5.714286	0	0	0	0	2.857143	0	0	0	0	0	0	0	2.857143	0	14.285714	0	11.428571	11.428571	65.714286	0	0	0	14.285714	0	14.285714	5.714286	0	2.857143	0	2.857143	5.714286	2.857143	0	0	2.857143	0	0	0	0	0	0	0	20	68.571429	28.571429	100	0	60	0	5.714286	0	0	0	0	0	0	2.857143	8.571429	0	51.428571	8.571429	0	0	8.571429	8.571429	0	14.285714	11.428571	8.571429	0	0	0	5.714286	0	0	0	0	0	8.571429	0	0	11.428571	0	0	0	2.857143	0	0	0	0	0	5.714286	5.714286	0	5.714286	2.857143	0	0	0	0	0	0	0	5.714286	0	5.714286	0	0	2.857143	0	0	0	5.714286	0	0	0	0	0	0	0	0	0	0	0	0	0	0	0	0	0	0	0	0	0	0	0	0	0	0	0	0	0	0	0	0	0	0	120	8.571429	322.857143	140	102.857143	34.285714	188.571429	77.142857	2.857143	8.571429	0	0	0	8.571429	14.285714	8.571429	2.857143	8.571429	37.142857	0
41096_composicao_gemini-3.6-flash.txt	menores_notas_gemini	388	100.515464	12.886598	77.319588	7.731959	2.57732	0	2.57732	0	0	0	0	0	7.731959	0	0	0	7.731959	0	0	2.57732	7.731959	0	0	0	2.57732	2.57732	0	0	2.57732	23.195876	286.082474	190.721649	103.092784	7.731959	12.886598	2.57732	2.57732	64.43299	20.618557	51.546392	2.57732	7.731959	48.969072	0	77.319588	15.463918	43.814433	18.041237	7.731959	12.886598	0	0	15.463918	105.670103	0	33.505155	87.628866	100.515464	18.041237	15.463918	0	0	2.57732	0	2.57732	0	7.731959	2.57732	69.587629	5.154639	0	0	2.57732	0	0	0	0	2.57732	0	0	0	41.237113	7.731959	0	0	2.57732	0	0	0	0	5.154639	0	0	0	0	2.57732	0	18.041237	0	0	36.082474	0	10.309278	12.886598	51.546392	0	18.041237	0	5.154639	0	7.731959	5.154639	0	0	0	2.57732	7.731959	0	0	0	0	0	0	0	0	0	0	2.57732	7.731959	115.979381	18.041237	82.474227	0	54.123711	2.57732	2.57732	0	0	2.57732	0	0	0	7.731959	2.57732	0	43.814433	10.309278	2.57732	0	7.731959	2.57732	0	36.082474	10.309278	0	0	0	0	5.154639	0	0	0	0	0	2.57732	5.154639	0	2.57732	0	0	0	0	0	0	0	0	2.57732	0	0	0	0	2.57732	0	0	0	0	0	2.57732	0	2.57732	0	2.57732	0	0	20.618557	0	0	2.57732	5.154639	0	0	0	0	0	0	2.57732	0	0	0	0	0	0	0	0	0	0	0	0	0	0	0	0	0	0	0	0	0	0	0	0	0	0	0	113.402062	18.041237	309.278351	136.597938	115.979381	25.773196	198.453608	74.742268	18.041237	7.731959	2.57732	0	0	2.57732	33.505155	2.57732	2.57732	7.731959	59.278351	0
45044_composicao_gemini-3.6-flash.txt	menores_notas_gemini	376	109.042553	10.638298	66.489362	18.617021	0	5.319149	10.638298	0	0	0	0	0	2.659574	2.659574	0	2.659574	2.659574	0	0	0	7.978723	0	2.659574	0	5.319149	0	0	0	0	2.659574	284.574468	180.851064	85.106383	10.638298	15.957447	5.319149	15.957447	74.468085	2.659574	66.489362	13.297872	10.638298	29.255319	7.978723	85.106383	13.297872	37.234043	39.893617	5.319149	13.297872	0	7.978723	7.978723	114.361702	5.319149	29.255319	93.085106	74.468085	26.595745	15.957447	7.978723	5.319149	2.659574	2.659574	10.638298	5.319149	0	2.659574	47.87234	26.595745	2.659574	2.659574	2.659574	0	0	0	5.319149	2.659574	0	0	0	50.531915	0	0	0	2.659574	0	0	0	0	7.978723	0	0	5.319149	0	0	0	7.978723	5.319149	2.659574	18.617021	0	15.957447	13.297872	53.191489	0	15.957447	0	0	0	18.617021	13.297872	0	0	0	10.638298	10.638298	7.978723	2.659574	0	0	0	0	2.659574	0	2.659574	7.978723	5.319149	21.276596	69.148936	37.234043	69.148936	0	50.531915	0	5.319149	0	0	2.659574	7.978723	0	0	5.319149	2.659574	2.659574	42.553191	7.978723	0	0	7.978723	2.659574	0	18.617021	15.957447	0	0	0	0	15.957447	0	0	0	0	0	7.978723	0	0	0	0	0	0	0	0	2.659574	0	0	0	0	0	0	0	2.659574	0	0	0	0	0	5.319149	0	2.659574	0	5.319149	0	0	7.978723	0	0	2.659574	10.638298	0	0	0	0	0	0	2.659574	0	0	0	0	0	0	0	0	0	0	0	0	0	0	0	0	0	0	0	0	0	0	0	0	0	0	0	186.170213	15.957447	297.87234	135.638298	106.382979	39.893617	178.191489	77.12766	21.276596	7.978723	2.659574	0	0	2.659574	23.93617	2.659574	7.978723	29.255319	47.87234	0
45075_composicao_gemini-3.6-flash.txt	menores_notas_gemini	334	116.766467	17.964072	101.796407	8.982036	0	5.988024	2.994012	0	0	0	0	0	2.994012	0	0	0	2.994012	0	0	0	8.982036	0	0	0	8.982036	0	0	0	0	17.964072	293.413174	158.682635	98.802395	23.952096	5.988024	2.994012	5.988024	92.814371	2.994012	68.862275	20.958084	8.982036	41.916168	8.982036	65.868263	20.958084	74.850299	56.886228	0	5.988024	0	2.994012	11.976048	122.754491	2.994012	56.886228	83.832335	62.874251	20.958084	17.964072	0	5.988024	0	0	2.994012	0	0	0	29.94012	5.988024	2.994012	0	0	2.994012	0	0	0	2.994012	0	0	0	38.922156	14.97006	0	0	2.994012	0	0	0	0	2.994012	0	0	5.988024	0	0	0	8.982036	0	5.988024	8.982036	0	11.976048	17.964072	56.886228	5.988024	2.994012	0	2.994012	0	8.982036	0	2.994012	2.994012	0	8.982036	0	0	0	0	2.994012	0	0	0	0	0	0	0	0	71.856287	8.982036	101.796407	0	65.868263	0	2.994012	0	0	0	0	0	2.994012	0	2.994012	0	59.88024	5.988024	0	0	11.976048	2.994012	0	8.982036	11.976048	0	0	0	0	8.982036	0	0	0	0	0	5.988024	0	0	8.982036	0	0	2.994012	0	0	0	0	0	0	0	0	0	2.994012	0	0	0	0	0	0	0	0	2.994012	0	2.994012	0	0	2.994012	0	0	2.994012	5.988024	0	0	0	0	2.994012	0	0	0	0	0	0	0	0	0	0	0	0	0	0	0	0	0	0	0	0	0	0	0	0	0	0	0	0	0	134.730539	11.976048	314.371257	155.688623	89.820359	20.958084	182.634731	74.850299	8.982036	11.976048	2.994012	0	0	2.994012	8.982036	2.994012	2.994012	0	38.922156	0
45078_composicao_gemini-3.6-flash.txt	menores_notas_gemini	396	95.959596	12.626263	75.757576	10.10101	7.575758	2.525253	5.050505	0	0	0	0	2.525253	0	0	0	0	0	0	2.525253	0	15.151515	0	2.525253	10.10101	0	2.525253	0	0	2.525253	55.555556	159.090909	113.636364	93.434343	17.676768	10.10101	10.10101	12.626263	50.505051	10.10101	40.40404	35.353535	5.050505	37.878788	2.525253	75.757576	25.252525	58.080808	30.30303	7.575758	15.151515	2.525253	7.575758	15.151515	108.585859	2.525253	20.20202	83.333333	88.383838	12.626263	17.676768	0	10.10101	2.525253	0	27.777778	0	2.525253	0	45.454545	2.525253	0	0	2.525253	0	0	5.050505	0	0	0	0	2.525253	53.030303	0	2.525253	0	0	0	0	0	0	7.575758	0	0	0	0	2.525253	0	2.525253	0	2.525253	25.252525	0	10.10101	12.626263	55.555556	2.525253	2.525253	0	5.050505	0	10.10101	2.525253	2.525253	5.050505	0	0	5.050505	0	0	0	5.050505	0	0	0	0	0	0	0	7.575758	106.060606	20.20202	83.333333	0	45.454545	0	0	0	0	2.525253	0	0	0	5.050505	7.575758	5.050505	32.828283	12.626263	0	0	15.151515	7.575758	0	22.727273	10.10101	2.525253	0	2.525253	0	0	0	0	0	0	0	7.575758	5.050505	2.525253	5.050505	0	0	0	0	0	5.050505	2.525253	0	2.525253	0	0	0	5.050505	2.525253	0	0	0	0	0	0	0	0	2.525253	0	0	7.575758	17.676768	0	0	0	0	0	0	0	0	0	0	5.050505	0	0	5.050505	0	0	0	0	0	0	0	0	0	0	0	0	0	0	0	0	0	0	0	0	0	0	0	0	184.343434	20.20202	300.505051	151.515152	101.010101	22.727273	209.59596	65.656566	5.050505	15.151515	10.10101	0	0	7.575758	22.727273	7.575758	2.525253	5.050505	47.979798	2.525253
45124_composicao_gemini-3.6-flash.txt	menores_notas_gemini	316	98.101266	25.316456	79.113924	15.822785	3.164557	0	3.164557	0	0	0	0	0	6.329114	0	0	0	0	0	0	0	6.329114	0	0	3.164557	0	0	0	0	0	12.658228	313.291139	177.21519	101.265823	28.481013	12.658228	12.658228	6.329114	75.949367	3.164557	69.620253	18.987342	6.329114	44.303797	18.987342	94.936709	9.493671	60.126582	47.468354	12.658228	12.658228	0	0	15.822785	132.911392	0	28.481013	110.759494	82.278481	15.822785	12.658228	3.164557	9.493671	0	0	9.493671	0	6.329114	0	34.810127	6.329114	0	0	3.164557	0	0	6.329114	3.164557	3.164557	3.164557	0	0	34.810127	18.987342	0	0	3.164557	0	0	0	0	0	0	6.329114	0	3.164557	3.164557	0	3.164557	0	0	15.822785	0	9.493671	12.658228	56.962025	0	3.164557	0	6.329114	0	12.658228	6.329114	0	0	0	3.164557	6.329114	0	0	0	0	0	0	0	0	0	0	6.329114	3.164557	82.278481	15.822785	85.443038	0	47.468354	0	0	0	0	0	3.164557	0	0	3.164557	0	0	37.974684	9.493671	0	0	6.329114	0	3.164557	15.822785	6.329114	6.329114	0	3.164557	0	6.329114	0	0	0	0	0	3.164557	0	3.164557	3.164557	0	0	0	0	0	0	0	0	0	0	0	0	0	0	0	0	0	0	0	0	0	0	0	3.164557	0	0	9.493671	0	0	3.164557	3.164557	0	0	0	0	0	0	0	0	0	3.164557	0	0	0	0	0	0	0	0	0	0	0	0	0	0	0	0	0	0	0	0	0	0	0	0	123.417722	12.658228	325.949367	158.227848	98.101266	31.64557	186.708861	53.797468	3.164557	6.329114	3.164557	0	0	0	15.822785	0	6.329114	6.329114	37.974684	3.164557
45241_composicao_gemini-3.6-flash.txt	menores_notas_gemini	368	119.565217	21.73913	40.76087	2.717391	21.73913	5.434783	8.152174	2.717391	0	0	0	2.717391	5.434783	0	5.434783	0	0	0	0	2.717391	21.73913	2.717391	8.152174	0	5.434783	2.717391	0	0	2.717391	32.608696	247.282609	84.23913	157.608696	32.608696	2.717391	0	5.434783	21.73913	2.717391	13.586957	38.043478	0	62.5	0	73.369565	16.304348	5.434783	19.021739	2.717391	8.152174	2.717391	0	24.456522	46.195652	5.434783	2.717391	16.304348	141.304348	16.304348	13.586957	13.586957	16.304348	8.152174	19.021739	32.608696	5.434783	8.152174	8.152174	92.391304	13.586957	0	0	0	5.434783	5.434783	0	2.717391	5.434783	2.717391	2.717391	0	24.456522	48.913043	27.173913	5.434783	0	0	2.717391	0	0	0	2.717391	0	0	8.152174	0	0	5.434783	0	5.434783	38.043478	2.717391	35.326087	21.73913	105.978261	2.717391	2.717391	0	16.304348	2.717391	2.717391	5.434783	0	8.152174	0	0	2.717391	2.717391	0	0	8.152174	0	0	0	0	2.717391	0	5.434783	10.869565	70.652174	5.434783	40.76087	0	48.913043	0	5.434783	2.717391	0	0	0	0	0	2.717391	8.152174	0	32.608696	16.304348	0	0	21.73913	8.152174	2.717391	29.891304	32.608696	0	0	19.021739	0	0	0	0	0	0	0	10.869565	8.152174	0	5.434783	0	0	5.434783	0	0	0	0	0	0	0	0	0	5.434783	2.717391	0	0	2.717391	5.434783	5.434783	10.869565	0	0	0	0	0	0	13.586957	0	0	5.434783	2.717391	0	0	0	0	0	0	0	0	0	2.717391	0	0	0	0	0	0	0	0	0	0	0	0	0	0	0	0	0	0	0	0	0	0	0	0	182.065217	35.326087	279.891304	86.956522	190.217391	35.326087	116.847826	67.934783	5.434783	21.73913	2.717391	0	0	8.152174	38.043478	8.152174	8.152174	8.152174	95.108696	19.021739
45268_composicao_gemini-3.6-flash.txt	menores_notas_gemini	382	96.858639	10.471204	78.534031	15.706806	2.617801	5.235602	2.617801	0	0	0	0	0	5.235602	0	0	0	5.235602	0	0	5.235602	15.706806	0	2.617801	2.617801	10.471204	0	0	0	0	18.324607	290.575916	183.246073	96.858639	26.17801	13.089005	0	10.471204	52.356021	15.706806	73.298429	31.413613	5.235602	28.795812	10.471204	75.91623	7.853403	60.209424	28.795812	0	18.324607	0	0	7.853403	120.418848	0	39.267016	70.680628	89.005236	18.324607	7.853403	0	13.089005	0	0	39.267016	0	2.617801	5.235602	44.502618	2.617801	2.617801	0	2.617801	0	2.617801	0	0	5.235602	0	0	0	60.209424	0	0	0	2.617801	0	0	0	0	5.235602	0	0	5.235602	0	5.235602	0	20.942408	0	0	26.17801	0	7.853403	34.031414	60.209424	0	20.942408	0	5.235602	2.617801	15.706806	0	2.617801	2.617801	0	10.471204	5.235602	2.617801	0	0	2.617801	0	0	0	0	2.617801	2.617801	2.617801	23.560209	91.623037	18.324607	78.534031	0	41.884817	0	5.235602	0	0	0	0	0	2.617801	7.853403	2.617801	0	34.031414	7.853403	0	0	15.706806	2.617801	0	23.560209	7.853403	18.324607	0	2.617801	0	0	0	0	0	0	0	10.471204	2.617801	2.617801	10.471204	0	0	5.235602	0	0	0	0	0	0	0	0	0	2.617801	0	0	0	0	0	0	13.089005	0	2.617801	0	0	0	0	23.560209	0	0	0	5.235602	0	0	0	0	0	0	0	0	0	2.617801	0	0	0	0	0	0	0	0	0	0	0	0	0	0	0	0	0	0	0	0	0	0	0	0	107.329843	28.795812	308.900524	136.125654	112.565445	34.031414	175.39267	60.209424	20.942408	15.706806	2.617801	0	0	2.617801	41.884817	5.235602	5.235602	13.089005	68.062827	2.617801
45357_composicao_gemini-3.6-flash.txt	menores_notas_gemini	409	92.909535	12.224939	105.134474	7.334963	2.444988	0	2.444988	2.444988	0	0	0	0	7.334963	0	0	0	7.334963	0	4.889976	4.889976	9.779951	2.444988	4.889976	7.334963	4.889976	0	0	0	0	14.669927	276.283619	158.924205	97.799511	22.00489	9.779951	0	2.444988	46.454768	0	46.454768	12.224939	4.889976	46.454768	0	83.129584	7.334963	75.794621	34.229829	2.444988	7.334963	0	0	9.779951	139.364303	0	46.454768	80.684597	80.684597	19.559902	9.779951	4.889976	0	4.889976	0	36.674817	0	4.889976	14.669927	51.344743	2.444988	7.334963	0	2.444988	0	2.444988	0	7.334963	7.334963	0	0	0	36.674817	17.114914	4.889976	0	2.444988	0	0	0	0	2.444988	0	0	0	0	2.444988	0	12.224939	0	4.889976	24.449878	4.889976	9.779951	19.559902	61.124694	9.779951	9.779951	0	2.444988	0	7.334963	4.889976	0	4.889976	0	2.444988	7.334963	0	0	0	4.889976	0	0	0	0	0	2.444988	2.444988	9.779951	63.569682	34.229829	105.134474	0	58.679707	0	2.444988	0	0	0	2.444988	0	0	14.669927	2.444988	2.444988	46.454768	12.224939	0	0	9.779951	2.444988	2.444988	24.449878	9.779951	0	0	0	0	4.889976	0	0	0	0	0	4.889976	0	0	4.889976	0	2.444988	0	0	0	0	0	0	0	0	0	0	0	2.444988	0	0	0	0	0	9.779951	0	4.889976	0	2.444988	0	0	7.334963	0	0	2.444988	4.889976	0	0	0	0	0	0	4.889976	0	0	0	0	0	0	0	0	0	0	0	0	0	0	0	0	0	0	0	0	0	0	0	0	0	0	0	105.134474	29.339853	290.953545	156.479218	110.02445	26.894866	185.819071	83.129584	19.559902	12.224939	4.889976	0	0	2.444988	26.894866	2.444988	14.669927	7.334963	53.789731	0
45389_composicao_gemini-3.6-flash.txt	menores_notas_gemini	385	101.298701	10.38961	98.701299	5.194805	2.597403	2.597403	2.597403	2.597403	0	0	0	0	7.792208	0	0	0	7.792208	0	0	0	10.38961	0	0	2.597403	2.597403	0	0	0	0	31.168831	275.324675	161.038961	122.077922	20.779221	18.181818	10.38961	18.181818	72.727273	20.779221	51.948052	25.974026	7.792208	51.948052	25.974026	142.857143	15.584416	93.506494	49.350649	7.792208	7.792208	0	5.194805	18.181818	124.675325	2.597403	51.948052	106.493506	93.506494	12.987013	12.987013	5.194805	2.597403	0	2.597403	23.376623	0	5.194805	2.597403	25.974026	5.194805	5.194805	0	5.194805	2.597403	0	2.597403	2.597403	2.597403	0	0	0	51.948052	2.597403	0	0	2.597403	0	0	0	0	5.194805	2.597403	0	2.597403	0	2.597403	0	0	0	0	18.181818	0	10.38961	18.181818	57.142857	0	0	0	2.597403	0	5.194805	2.597403	0	5.194805	0	2.597403	5.194805	0	0	0	5.194805	0	0	0	0	0	2.597403	0	7.792208	67.532468	2.597403	98.701299	0	62.337662	0	2.597403	0	0	5.194805	0	0	0	7.792208	7.792208	2.597403	57.142857	5.194805	0	0	10.38961	7.792208	2.597403	18.181818	10.38961	2.597403	0	0	0	7.792208	0	0	0	0	0	5.194805	0	0	12.987013	0	2.597403	0	0	0	0	0	0	0	0	0	0	2.597403	2.597403	0	0	0	0	0	2.597403	0	2.597403	0	0	0	0	7.792208	0	0	5.194805	2.597403	0	0	0	0	0	0	2.597403	0	0	2.597403	0	0	0	0	0	0	0	0	0	0	0	0	0	0	0	0	0	0	0	0	0	0	0	0	111.688312	7.792208	306.493506	158.441558	111.688312	25.974026	168.831169	80.519481	0	10.38961	5.194805	0	0	7.792208	18.181818	5.194805	5.194805	7.792208	46.753247	0
45519_composicao_gemini-3.6-flash.txt	menores_notas_gemini	365	104.109589	19.178082	76.712329	13.69863	2.739726	5.479452	0	0	0	0	0	0	10.958904	2.739726	0	2.739726	10.958904	0	0	0	5.479452	0	0	2.739726	5.479452	0	0	0	0	30.136986	282.191781	175.342466	84.931507	24.657534	13.69863	10.958904	2.739726	60.273973	0	57.534247	19.178082	8.219178	52.054795	5.479452	65.753425	13.69863	71.232877	35.616438	0	2.739726	0	2.739726	8.219178	128.767123	2.739726	52.054795	95.890411	82.191781	10.958904	8.219178	8.219178	2.739726	2.739726	0	8.219178	0	0	2.739726	46.575342	13.69863	0	0	8.219178	0	0	0	0	2.739726	0	0	0	30.136986	24.657534	2.739726	0	2.739726	0	0	0	0	5.479452	0	0	5.479452	0	0	0	8.219178	0	0	8.219178	0	13.69863	27.39726	52.054795	0	5.479452	0	2.739726	2.739726	2.739726	0	2.739726	5.479452	0	5.479452	0	0	0	0	5.479452	0	0	0	0	0	0	0	0	82.191781	16.438356	76.712329	0	73.972603	0	2.739726	0	0	0	0	0	0	2.739726	5.479452	0	63.013699	10.958904	2.739726	0	5.479452	5.479452	0	8.219178	13.69863	2.739726	0	0	0	10.958904	0	0	0	0	0	2.739726	0	0	13.69863	0	2.739726	0	0	0	0	0	0	2.739726	0	0	0	5.479452	0	0	0	0	0	0	2.739726	0	2.739726	0	2.739726	0	0	0	0	0	2.739726	8.219178	0	0	0	0	0	0	0	0	0	0	0	0	0	0	0	0	0	0	0	0	0	0	0	0	0	0	0	0	0	0	0	0	0	0	123.287671	5.479452	312.328767	150.684932	95.890411	21.917808	180.821918	82.191781	5.479452	5.479452	0	0	0	5.479452	8.219178	5.479452	2.739726	0	46.575342	0
45531_composicao_gemini-3.6-flash.txt	menores_notas_gemini	381	91.863517	13.12336	97.112861	10.498688	7.874016	2.624672	2.624672	0	0	0	0	0	10.498688	0	0	0	7.874016	0	0	0	5.249344	0	0	0	2.624672	5.249344	0	0	5.249344	36.745407	296.587927	207.349081	81.364829	15.748031	26.246719	2.624672	10.498688	81.364829	18.372703	76.115486	7.874016	20.997375	49.868766	0	94.488189	7.874016	73.490814	39.370079	10.498688	5.249344	0	5.249344	20.997375	146.981627	0	44.619423	89.238845	81.364829	13.12336	7.874016	2.624672	7.874016	2.624672	0	18.372703	0	0	5.249344	49.868766	5.249344	0	5.249344	0	2.624672	0	2.624672	2.624672	2.624672	2.624672	0	0	36.745407	7.874016	0	0	2.624672	0	0	0	0	5.249344	0	0	0	0	0	0	2.624672	2.624672	2.624672	13.12336	0	26.246719	2.624672	47.244094	0	2.624672	0	5.249344	0	0	0	0	0	0	2.624672	0	0	0	0	0	0	0	0	0	0	0	0	0	89.238845	5.249344	104.986877	0	49.868766	0	2.624672	5.249344	0	0	0	0	0	2.624672	5.249344	0	44.619423	5.249344	0	0	5.249344	5.249344	0	13.12336	23.622047	0	0	0	0	10.498688	0	0	0	0	0	5.249344	0	0	0	0	0	0	0	0	2.624672	0	0	0	0	0	0	0	5.249344	0	0	0	0	0	2.624672	0	0	0	2.624672	0	2.624672	10.498688	0	0	0	10.498688	0	0	0	0	0	0	0	0	0	0	0	0	0	0	0	0	0	0	0	0	0	0	0	0	0	0	0	0	0	0	0	0	0	0	104.986877	5.249344	330.708661	175.853018	94.488189	7.874016	199.475066	60.367454	5.249344	5.249344	0	0	0	5.249344	18.372703	5.249344	7.874016	0	41.994751	0
45638_composicao_gemini-3.6-flash.txt	menores_notas_gemini	389	95.115681	2.570694	105.398458	15.424165	2.570694	5.141388	0	0	0	0	0	0	5.141388	0	2.570694	0	5.141388	0	0	0	5.141388	0	0	0	5.141388	0	0	0	0	28.277635	293.059126	161.953728	115.681234	17.994859	10.282776	7.712082	10.282776	77.120823	0	53.984576	35.989717	17.994859	41.131105	0	128.534704	10.282776	66.838046	48.843188	0	17.994859	0	0	12.85347	113.11054	0	30.848329	84.832905	89.974293	17.994859	7.712082	0	2.570694	0	0	23.136247	0	2.570694	5.141388	66.838046	0	5.141388	0	0	0	0	0	0	5.141388	0	0	0	41.131105	2.570694	2.570694	0	2.570694	0	0	0	0	0	0	0	5.141388	5.141388	0	0	10.282776	0	0	15.424165	0	17.994859	25.706941	48.843188	0	10.282776	0	7.712082	0	7.712082	0	5.141388	0	0	2.570694	2.570694	0	0	0	0	0	0	0	0	0	0	0	0	77.120823	33.419023	105.398458	0	69.40874	0	2.570694	0	0	0	0	0	0	2.570694	0	5.141388	59.125964	7.712082	0	0	5.141388	0	0	15.424165	15.424165	15.424165	0	2.570694	0	2.570694	0	0	0	0	0	2.570694	2.570694	0	15.424165	0	0	0	0	0	0	0	0	0	0	0	0	0	0	0	0	0	0	0	2.570694	0	2.570694	0	5.141388	0	0	7.712082	0	0	0	5.141388	0	0	0	0	0	0	5.141388	0	0	0	0	0	0	0	0	0	0	0	0	0	0	0	0	0	0	0	0	0	0	0	0	0	0	0	203.084833	10.282776	321.336761	136.246787	107.969152	20.565553	205.655527	79.691517	10.282776	5.141388	5.141388	0	0	0	15.424165	0	5.141388	2.570694	59.125964	2.570694
45667_composicao_gemini-3.6-flash.txt	menores_notas_gemini	392	114.795918	7.653061	86.734694	12.755102	0	2.55102	2.55102	2.55102	0	0	0	0	12.755102	0	0	0	7.653061	0	0	0	2.55102	0	0	2.55102	2.55102	0	0	0	0	38.265306	288.265306	163.265306	102.040816	17.857143	22.959184	0	5.102041	81.632653	15.306122	68.877551	12.755102	12.755102	58.673469	30.612245	71.428571	10.204082	68.877551	35.714286	7.653061	7.653061	0	2.55102	20.408163	119.897959	2.55102	40.816327	76.530612	73.979592	17.857143	12.755102	2.55102	10.204082	7.653061	0	33.163265	0	7.653061	2.55102	40.816327	0	2.55102	0	0	2.55102	0	2.55102	7.653061	0	0	2.55102	0	35.714286	10.204082	0	0	2.55102	0	0	0	0	5.102041	0	0	5.102041	0	7.653061	0	10.204082	2.55102	2.55102	25.510204	5.102041	10.204082	15.306122	51.020408	2.55102	7.653061	0	5.102041	0	7.653061	2.55102	2.55102	5.102041	0	5.102041	5.102041	0	0	0	5.102041	0	0	0	0	0	0	2.55102	5.102041	79.081633	7.653061	86.734694	0	66.326531	0	2.55102	0	0	0	5.102041	0	0	0	5.102041	2.55102	58.673469	5.102041	0	0	2.55102	5.102041	0	25.510204	7.653061	2.55102	0	0	0	10.204082	0	0	0	0	0	0	0	0	2.55102	0	0	2.55102	0	0	0	0	0	0	0	0	0	2.55102	2.55102	0	0	0	0	2.55102	5.102041	0	7.653061	0	2.55102	0	0	12.755102	0	0	5.102041	7.653061	0	0	0	0	0	0	2.55102	0	0	0	0	0	0	0	0	0	0	0	0	0	0	0	0	0	0	0	0	0	0	0	0	0	0	0	122.44898	15.306122	326.530612	147.959184	102.040816	25.510204	173.469388	76.530612	10.204082	2.55102	2.55102	0	0	5.102041	25.510204	5.102041	7.653061	5.102041	51.020408	0
45746_composicao_gemini-3.6-flash.txt	menores_notas_gemini	351	119.65812	8.547009	59.82906	11.396011	0	2.849003	0	0	0	0	0	0	5.698006	0	0	0	5.698006	0	5.698006	0	14.245014	0	5.698006	2.849003	2.849003	0	0	0	0	48.433048	284.900285	170.940171	96.866097	22.792023	19.94302	5.698006	2.849003	71.225071	11.396011	65.527066	45.584046	14.245014	51.282051	34.188034	76.923077	11.396011	54.131054	42.735043	0	11.396011	0	2.849003	8.547009	116.809117	0	31.339031	76.923077	102.564103	8.547009	8.547009	5.698006	2.849003	2.849003	0	25.641026	0	0	5.698006	54.131054	14.245014	0	0	2.849003	0	0	0	0	2.849003	2.849003	0	0	48.433048	8.547009	0	0	0	0	0	0	0	5.698006	0	0	5.698006	0	0	0	5.698006	0	0	19.94302	0	22.792023	8.547009	56.980057	0	5.698006	0	2.849003	0	8.547009	0	2.849003	0	0	0	0	0	0	0	0	0	0	0	0	0	0	0	11.396011	113.960114	17.094017	59.82906	0	39.88604	0	2.849003	0	0	0	2.849003	0	0	0	2.849003	0	37.037037	5.698006	0	0	28.490028	2.849003	0	19.94302	22.792023	0	0	0	0	5.698006	0	0	0	0	0	8.547009	0	0	2.849003	0	0	0	0	0	0	0	0	0	0	0	0	0	2.849003	0	0	0	0	0	0	0	5.698006	0	0	0	2.849003	28.490028	0	0	2.849003	2.849003	0	0	0	0	0	0	0	0	0	2.849003	0	0	0	0	0	0	0	0	0	0	0	0	0	0	0	0	0	0	0	0	0	0	0	0	128.205128	22.792023	339.031339	136.752137	116.809117	19.94302	182.336182	48.433048	5.698006	28.490028	2.849003	0	0	2.849003	19.94302	8.547009	5.698006	0	51.282051	0
45996_composicao_gemini-3.6-flash.txt	menores_notas_gemini	354	90.39548	5.649718	101.694915	14.124294	0	2.824859	0	2.824859	0	0	0	0	5.649718	0	0	0	5.649718	0	2.824859	0	2.824859	0	2.824859	0	2.824859	0	0	0	0	2.824859	322.033898	163.841808	118.644068	16.949153	19.774011	14.124294	2.824859	96.045198	45.19774	96.045198	33.898305	8.474576	45.19774	2.824859	87.570621	11.299435	73.446328	53.672316	0	8.474576	0	5.649718	11.299435	144.067797	0	53.672316	81.920904	81.920904	14.124294	11.299435	2.824859	0	0	0	31.073446	0	2.824859	5.649718	62.146893	11.299435	5.649718	0	2.824859	2.824859	0	2.824859	2.824859	5.649718	2.824859	0	0	50.847458	0	0	0	2.824859	0	0	0	0	0	0	0	5.649718	0	0	0	0	0	0	28.248588	0	14.124294	14.124294	53.672316	0	0	0	8.474576	0	11.299435	0	2.824859	5.649718	0	11.299435	2.824859	0	0	0	5.649718	0	0	0	0	0	0	0	2.824859	64.971751	2.824859	101.694915	0	59.322034	0	8.474576	0	0	0	2.824859	0	0	8.474576	2.824859	2.824859	59.322034	5.649718	0	0	2.824859	2.824859	0	28.248588	14.124294	2.824859	0	0	0	5.649718	0	0	2.824859	0	0	2.824859	0	0	5.649718	0	0	0	0	0	0	0	0	0	0	0	0	2.824859	0	0	0	0	0	0	14.124294	0	2.824859	0	2.824859	0	0	2.824859	0	0	0	5.649718	0	0	0	0	0	0	2.824859	0	0	0	0	0	0	0	0	0	0	0	0	0	0	0	0	0	0	0	0	0	0	0	0	0	0	0	197.740113	11.299435	324.858757	166.666667	98.870056	31.073446	169.491525	84.745763	0	2.824859	2.824859	0	0	2.824859	28.248588	2.824859	11.299435	2.824859	56.497175	0
46034_composicao_gemini-3.6-flash.txt	menores_notas_gemini	386	111.398964	18.134715	85.492228	15.544041	5.181347	7.772021	7.772021	0	0	0	0	0	2.590674	2.590674	0	2.590674	2.590674	0	0	0	12.953368	0	0	0	7.772021	0	0	0	0	12.953368	305.699482	165.803109	111.398964	25.906736	12.953368	7.772021	5.181347	82.901554	5.181347	72.53886	36.26943	12.953368	41.450777	0	145.07772	2.590674	56.994819	56.994819	12.953368	12.953368	0	7.772021	25.906736	119.170984	5.181347	38.860104	82.901554	69.948187	2.590674	5.181347	0	2.590674	0	0	10.362694	0	0	0	36.26943	0	0	2.590674	0	0	0	2.590674	2.590674	5.181347	5.181347	0	2.590674	49.222798	2.590674	0	0	2.590674	0	0	0	0	0	0	0	0	0	0	0	0	2.590674	0	7.772021	0	10.362694	10.362694	54.404145	0	0	0	0	0	12.953368	10.362694	2.590674	0	0	5.181347	5.181347	5.181347	0	0	0	0	0	0	0	2.590674	0	2.590674	5.181347	75.129534	7.772021	88.082902	0	62.176166	0	5.181347	0	0	0	2.590674	0	0	5.181347	0	0	59.585492	2.590674	0	0	12.953368	0	0	7.772021	10.362694	2.590674	0	0	0	7.772021	0	0	0	0	0	12.953368	0	0	5.181347	0	0	0	0	0	0	0	0	0	0	0	0	0	0	0	0	0	0	0	0	0	0	0	2.590674	0	0	2.590674	0	0	0	7.772021	0	0	0	0	0	0	0	0	0	2.590674	0	0	0	0	0	0	0	0	0	0	0	0	0	0	0	0	0	0	0	0	0	0	0	0	215.025907	18.134715	318.65285	147.668394	72.53886	31.088083	170.984456	75.129534	2.590674	12.953368	2.590674	0	0	0	7.772021	0	7.772021	12.953368	28.497409	0
46108_composicao_gemini-3.6-flash.txt	menores_notas_gemini	371	94.339623	13.477089	110.512129	5.390836	0	8.086253	2.695418	0	0	0	0	0	5.390836	0	0	0	5.390836	0	0	0	5.390836	0	0	0	8.086253	0	0	0	0	21.563342	274.932615	86.253369	48.51752	21.563342	24.25876	8.086253	10.781671	67.385445	2.695418	48.51752	13.477089	0	29.649596	8.086253	78.167116	10.781671	72.77628	51.212938	0	26.954178	0	5.390836	16.172507	123.989218	0	37.735849	97.03504	94.339623	18.867925	10.781671	2.695418	5.390836	5.390836	2.695418	24.25876	0	2.695418	2.695418	37.735849	16.172507	8.086253	0	2.695418	0	0	0	5.390836	0	0	0	0	37.735849	5.390836	5.390836	0	2.695418	0	0	0	0	5.390836	0	0	2.695418	0	2.695418	0	21.563342	2.695418	0	29.649596	0	16.172507	26.954178	48.51752	5.390836	16.172507	0	5.390836	0	10.781671	2.695418	2.695418	2.695418	0	8.086253	8.086253	0	0	0	2.695418	0	0	0	0	0	0	2.695418	16.172507	80.862534	13.477089	110.512129	0	56.603774	0	5.390836	0	0	0	0	0	0	2.695418	5.390836	2.695418	43.126685	5.390836	0	0	5.390836	5.390836	0	5.390836	13.477089	0	0	0	0	5.390836	0	0	0	0	0	5.390836	0	0	13.477089	0	0	0	0	0	2.695418	0	0	0	0	0	0	0	5.390836	0	0	0	0	0	0	0	2.695418	0	2.695418	0	2.695418	37.735849	0	0	0	5.390836	0	0	0	0	0	0	2.695418	0	0	0	0	0	0	0	0	0	0	0	0	0	0	0	0	0	0	0	0	0	0	0	0	0	0	0	218.328841	5.390836	296.495957	156.334232	121.293801	40.431267	202.156334	72.77628	24.25876	18.867925	2.695418	0	0	5.390836	43.126685	5.390836	5.390836	8.086253	72.77628	0
46249_composicao_gemini-3.6-flash.txt	menores_notas_gemini	337	103.857567	11.869436	97.922849	8.902077	2.967359	14.836795	2.967359	0	0	0	0	0	2.967359	0	0	0	2.967359	0	0	2.967359	2.967359	0	0	0	8.902077	0	0	0	0	29.673591	290.801187	186.94362	91.988131	20.771513	8.902077	2.967359	8.902077	91.988131	2.967359	89.020772	29.673591	8.902077	38.575668	17.804154	86.053412	5.934718	68.249258	41.543027	2.967359	5.934718	0	2.967359	14.836795	142.433234	0	44.510386	89.020772	83.086053	14.836795	5.934718	0	0	0	0	32.64095	0	2.967359	8.902077	56.379822	8.902077	8.902077	0	0	0	0	0	2.967359	5.934718	0	2.967359	0	29.673591	8.902077	0	0	2.967359	0	0	0	0	0	0	0	8.902077	0	2.967359	0	11.869436	0	0	32.64095	0	14.836795	23.738872	41.543027	0	11.869436	0	5.934718	0	8.902077	0	2.967359	0	0	2.967359	2.967359	0	0	0	0	0	0	0	0	0	0	0	2.967359	91.988131	5.934718	97.922849	0	53.412463	0	0	0	0	0	0	0	0	2.967359	0	0	47.477745	5.934718	0	0	2.967359	0	0	32.64095	14.836795	0	0	0	0	2.967359	0	0	0	0	0	2.967359	0	0	5.934718	0	0	0	0	0	0	0	0	0	0	0	0	0	0	0	0	0	0	5.934718	5.934718	0	0	0	5.934718	0	0	11.869436	0	0	0	2.967359	0	0	0	0	0	0	2.967359	0	0	0	0	0	0	0	0	0	0	0	0	0	0	0	0	0	0	0	0	0	0	0	0	0	0	0	115.727003	8.902077	320.474777	163.204748	89.020772	14.836795	195.845697	56.379822	11.869436	2.967359	2.967359	0	0	0	32.64095	0	11.869436	2.967359	71.216617	0
46255_composicao_gemini-3.6-flash.txt	menores_notas_gemini	357	131.652661	22.408964	58.823529	5.602241	19.607843	2.80112	2.80112	8.403361	0	0	0	0	22.408964	0	5.602241	0	16.806723	0	0	2.80112	11.204482	0	0	2.80112	5.602241	0	0	0	0	56.022409	224.089636	117.647059	131.652661	25.210084	5.602241	5.602241	5.602241	28.011204	14.005602	22.408964	14.005602	0	67.226891	2.80112	75.630252	25.210084	11.204482	36.414566	8.403361	11.204482	0	5.602241	14.005602	67.226891	8.403361	2.80112	47.619048	131.652661	11.204482	8.403361	5.602241	2.80112	2.80112	5.602241	36.414566	0	8.403361	8.403361	81.232493	0	0	0	0	5.602241	0	0	2.80112	2.80112	2.80112	2.80112	0	16.806723	47.619048	8.403361	0	2.80112	0	5.602241	0	0	0	0	0	0	0	2.80112	0	2.80112	0	0	44.817927	0	16.806723	19.607843	81.232493	0	2.80112	0	2.80112	0	2.80112	5.602241	0	8.403361	0	0	5.602241	2.80112	0	0	2.80112	5.602241	0	0	0	0	0	5.602241	0	78.431373	8.403361	58.823529	0	50.420168	0	8.403361	2.80112	2.80112	0	0	0	0	0	5.602241	0	39.215686	14.005602	0	2.80112	11.204482	5.602241	0	44.817927	16.806723	5.602241	2.80112	0	0	5.602241	0	0	0	0	0	8.403361	0	0	2.80112	0	0	2.80112	0	0	0	0	0	0	0	0	0	2.80112	0	0	0	0	0	5.602241	8.403361	0	0	0	0	2.80112	2.80112	22.408964	0	0	11.204482	11.204482	0	0	5.602241	0	0	0	0	0	0	0	0	0	0	0	0	0	0	0	0	0	0	0	0	0	0	0	0	0	0	0	0	0	0	0	154.061625	36.414566	280.112045	112.044818	151.260504	19.607843	145.658263	67.226891	2.80112	11.204482	0	0	0	5.602241	64.42577	2.80112	8.403361	8.403361	81.232493	0
46273_composicao_gemini-3.6-flash.txt	menores_notas_gemini	365	112.328767	8.219178	65.753425	13.69863	8.219178	5.479452	0	0	0	0	0	0	5.479452	2.739726	0	2.739726	5.479452	0	0	0	10.958904	0	0	2.739726	5.479452	0	0	0	0	2.739726	210.958904	169.863014	123.287671	10.958904	16.438356	13.69863	16.438356	98.630137	8.219178	95.890411	30.136986	5.479452	57.534247	24.657534	71.232877	8.219178	79.452055	63.013699	8.219178	8.219178	0	13.69863	5.479452	126.027397	2.739726	38.356164	90.410959	84.931507	21.917808	16.438356	2.739726	0	0	0	35.616438	0	5.479452	2.739726	49.315068	0	0	0	2.739726	2.739726	0	2.739726	5.479452	2.739726	0	0	0	46.575342	5.479452	0	0	2.739726	0	2.739726	0	0	10.958904	0	0	0	2.739726	0	0	13.69863	0	2.739726	10.958904	0	10.958904	19.178082	57.534247	2.739726	16.438356	0	8.219178	2.739726	16.438356	2.739726	2.739726	2.739726	0	8.219178	2.739726	0	2.739726	0	2.739726	0	0	2.739726	0	0	2.739726	2.739726	13.69863	87.671233	10.958904	68.493151	0	65.753425	0	2.739726	0	0	2.739726	0	0	0	2.739726	2.739726	0	54.794521	10.958904	0	0	10.958904	2.739726	0	10.958904	8.219178	0	0	2.739726	0	5.479452	0	0	0	0	0	8.219178	0	2.739726	10.958904	0	0	0	0	0	2.739726	0	0	0	0	0	0	0	2.739726	0	0	0	0	0	2.739726	0	2.739726	0	2.739726	0	0	2.739726	0	0	0	5.479452	0	0	0	0	0	0	2.739726	0	0	0	0	0	0	0	0	0	0	0	0	0	0	0	0	0	0	0	0	0	0	0	0	0	0	0	120.547945	13.69863	317.808219	139.726027	109.589041	38.356164	167.123288	76.712329	16.438356	10.958904	2.739726	0	0	2.739726	10.958904	2.739726	8.219178	5.479452	41.09589	0
46276_composicao_gemini-3.6-flash.txt	menores_notas_gemini	374	109.625668	13.368984	74.86631	13.368984	2.673797	0	2.673797	0	0	0	0	0	2.673797	0	0	0	0	0	0	0	13.368984	0	0	0	0	0	0	0	0	5.347594	312.834225	192.513369	82.887701	16.042781	10.695187	0	13.368984	82.887701	13.368984	61.497326	5.347594	16.042781	32.085561	0	152.406417	5.347594	66.84492	42.780749	2.673797	16.042781	0	0	21.390374	131.016043	0	53.475936	85.561497	77.540107	16.042781	10.695187	2.673797	5.347594	2.673797	2.673797	5.347594	2.673797	5.347594	5.347594	34.759358	2.673797	2.673797	2.673797	5.347594	0	0	5.347594	0	2.673797	2.673797	0	2.673797	50.802139	8.02139	0	0	0	0	2.673797	0	0	5.347594	0	2.673797	5.347594	0	2.673797	2.673797	0	10.695187	0	18.716578	0	2.673797	2.673797	61.497326	0	0	0	0	0	18.716578	2.673797	0	2.673797	0	0	2.673797	2.673797	2.673797	0	2.673797	0	0	0	0	0	2.673797	0	5.347594	88.235294	10.695187	74.86631	0	64.171123	0	2.673797	0	0	0	0	0	8.02139	8.02139	2.673797	0	56.149733	8.02139	2.673797	0	13.368984	2.673797	0	18.716578	2.673797	0	0	0	0	13.368984	0	0	0	0	0	13.368984	0	0	0	0	0	0	0	0	0	0	0	2.673797	0	0	0	2.673797	0	0	0	0	0	0	2.673797	0	0	0	0	0	0	13.368984	0	0	2.673797	10.695187	0	0	0	0	0	0	0	0	0	0	0	0	0	0	0	0	0	0	0	0	0	0	0	0	0	0	0	0	0	0	2.673797	0	0	0	197.860963	16.042781	318.181818	157.754011	93.582888	21.390374	165.775401	88.235294	10.695187	13.368984	0	0	0	2.673797	18.716578	2.673797	5.347594	8.02139	24.064171	2.673797
46288_composicao_gemini-3.6-flash.txt	menores_notas_gemini	353	124.645892	22.66289	50.991501	11.331445	5.665722	2.832861	8.498584	0	0	0	0	2.832861	2.832861	0	0	0	2.832861	0	2.832861	0	11.331445	0	0	0	2.832861	2.832861	0	0	2.832861	11.331445	294.617564	138.810198	121.813031	31.161473	8.498584	2.832861	2.832861	59.490085	11.331445	45.325779	28.328612	0	45.325779	8.498584	67.988669	11.331445	42.492918	11.331445	0	8.498584	0	0	22.66289	96.31728	0	28.328612	59.490085	84.985836	16.997167	11.331445	0	0	0	0	16.997167	2.832861	2.832861	0	31.161473	2.832861	0	0	0	0	0	0	0	0	0	0	0	42.492918	22.66289	0	0	0	0	0	0	0	0	0	0	2.832861	0	2.832861	0	5.665722	0	0	25.495751	0	5.665722	14.164306	65.155807	11.331445	2.832861	0	0	0	5.665722	5.665722	5.665722	8.498584	0	8.498584	2.832861	2.832861	0	0	8.498584	0	0	0	0	0	2.832861	2.832861	2.832861	82.152975	8.498584	53.824363	0	67.988669	2.832861	2.832861	0	0	0	2.832861	0	0	5.665722	0	0	59.490085	11.331445	0	0	11.331445	0	0	25.495751	5.665722	0	0	2.832861	0	2.832861	0	0	0	0	0	11.331445	0	0	0	0	0	0	0	0	0	0	0	0	0	0	0	0	0	0	0	0	0	0	0	0	2.832861	0	0	0	0	16.997167	0	0	0	2.832861	0	0	0	0	0	0	0	0	0	0	0	0	0	0	0	0	0	0	0	0	0	0	0	0	0	0	0	0	0	0	0	0	0	0	147.308782	16.997167	305.949008	130.311615	104.815864	39.660057	144.475921	82.152975	11.331445	11.331445	0	0	0	0	25.495751	0	0	8.498584	45.325779	2.832861
46290_composicao_gemini-3.6-flash.txt	menores_notas_gemini	325	107.692308	15.384615	70.769231	9.230769	3.076923	6.153846	6.153846	0	0	0	0	0	6.153846	0	0	0	6.153846	0	0	3.076923	12.307692	0	0	3.076923	9.230769	3.076923	0	0	3.076923	3.076923	289.230769	141.538462	113.846154	9.230769	6.153846	12.307692	6.153846	67.692308	9.230769	58.461538	21.538462	3.076923	46.153846	3.076923	61.538462	15.384615	49.230769	33.846154	9.230769	6.153846	0	0	12.307692	104.615385	0	27.692308	80	101.538462	18.461538	15.384615	0	12.307692	0	9.230769	40	0	3.076923	0	36.923077	6.153846	0	3.076923	0	0	0	0	0	0	0	0	0	70.769231	0	0	0	0	0	0	0	0	3.076923	0	0	0	6.153846	0	0	21.538462	0	3.076923	12.307692	0	21.538462	24.615385	70.769231	0	21.538462	0	6.153846	0	15.384615	15.384615	0	3.076923	0	6.153846	9.230769	3.076923	3.076923	0	3.076923	0	0	3.076923	0	3.076923	3.076923	3.076923	15.384615	61.538462	6.153846	70.769231	0	67.692308	0	3.076923	0	0	0	0	0	0	6.153846	9.230769	6.153846	46.153846	15.384615	0	6.153846	12.307692	9.230769	0	6.153846	18.461538	3.076923	0	0	0	9.230769	0	0	0	0	0	6.153846	3.076923	0	12.307692	0	0	3.076923	0	0	3.076923	3.076923	0	0	0	0	0	6.153846	3.076923	0	0	0	0	0	0	0	3.076923	0	0	0	3.076923	15.384615	0	0	6.153846	9.230769	0	0	0	0	0	0	6.153846	0	0	0	0	0	0	0	0	0	0	0	0	0	0	0	0	0	0	0	0	0	0	0	0	0	0	0	123.076923	21.538462	298.461538	132.307692	126.153846	55.384615	138.461538	92.307692	21.538462	12.307692	6.153846	0	0	9.230769	18.461538	9.230769	0	21.538462	58.461538	0
46626_composicao_gemini-3.6-flash.txt	menores_notas_gemini	295	91.525424	13.559322	105.084746	20.338983	3.389831	3.389831	6.779661	0	0	0	0	0	13.559322	0	0	0	3.389831	0	0	0	6.779661	0	0	0	3.389831	0	0	0	0	40.677966	264.40678	179.661017	94.915254	13.559322	10.169492	0	6.779661	71.186441	3.389831	50.847458	30.508475	16.949153	50.847458	0	81.355932	13.559322	64.40678	44.067797	3.389831	10.169492	0	3.389831	20.338983	125.423729	0	50.847458	88.135593	118.644068	13.559322	13.559322	3.389831	10.169492	0	0	13.559322	0	3.389831	10.169492	77.966102	6.779661	6.779661	6.779661	3.389831	0	0	0	0	6.779661	3.389831	0	0	54.237288	0	0	0	3.389831	0	3.389831	0	0	10.169492	0	0	0	3.389831	0	0	0	6.779661	3.389831	37.288136	0	20.338983	3.389831	61.016949	0	0	0	3.389831	0	10.169492	6.779661	3.389831	3.389831	0	10.169492	3.389831	0	0	0	3.389831	0	0	0	0	0	6.779661	6.779661	3.389831	33.898305	3.389831	115.254237	0	47.457627	0	3.389831	0	3.389831	0	0	0	3.389831	0	10.169492	3.389831	44.067797	3.389831	0	0	6.779661	10.169492	0	37.288136	20.338983	3.389831	0	0	0	20.338983	0	0	3.389831	0	0	6.779661	0	0	3.389831	0	0	6.779661	0	0	3.389831	0	0	0	0	0	0	6.779661	3.389831	0	0	0	0	0	6.779661	0	3.389831	0	6.779661	0	3.389831	0	3.389831	0	3.389831	10.169492	0	0	0	0	0	0	3.389831	0	0	0	0	0	0	0	0	0	0	0	0	0	0	0	0	0	0	0	0	0	0	0	0	0	0	0	210.169492	20.338983	305.084746	159.322034	132.20339	30.508475	152.542373	71.186441	6.779661	6.779661	3.389831	0	0	10.169492	37.288136	10.169492	10.169492	0	61.016949	0
46687_composicao_gemini-3.6-flash.txt	menores_notas_gemini	384	109.375	10.416667	72.916667	5.208333	5.208333	2.604167	0	0	0	0	0	0	10.416667	0	0	0	5.208333	0	0	0	13.020833	0	0	0	2.604167	0	0	0	0	18.229167	216.145833	177.083333	106.770833	10.416667	13.020833	2.604167	0	75.520833	2.604167	75.520833	5.208333	5.208333	52.083333	0	62.5	7.8125	70.3125	33.854167	2.604167	13.020833	0	0	15.625	125	0	57.291667	109.375	106.770833	13.020833	7.8125	7.8125	10.416667	5.208333	0	23.4375	0	2.604167	2.604167	49.479167	0	2.604167	0	7.8125	2.604167	0	2.604167	2.604167	2.604167	7.8125	0	2.604167	59.895833	2.604167	0	0	2.604167	0	0	0	0	10.416667	0	0	0	2.604167	0	0	7.8125	2.604167	5.208333	15.625	0	10.416667	23.4375	65.104167	0	7.8125	0	10.416667	0	13.020833	5.208333	0	0	0	5.208333	5.208333	0	0	0	0	0	0	0	0	0	0	5.208333	20.833333	65.104167	2.604167	72.916667	0	67.708333	0	0	0	0	0	2.604167	0	0	5.208333	5.208333	5.208333	49.479167	15.625	0	0	15.625	5.208333	5.208333	15.625	7.8125	18.229167	0	0	0	10.416667	0	0	0	0	0	13.020833	0	0	18.229167	0	0	2.604167	0	0	2.604167	0	0	0	0	0	0	2.604167	2.604167	0	0	0	0	0	2.604167	0	0	0	5.208333	0	7.8125	7.8125	0	0	10.416667	0	0	0	0	0	0	0	10.416667	0	0	0	0	0	0	0	0	0	0	0	0	0	0	0	0	0	0	0	0	0	0	0	0	0	0	0	119.791667	13.020833	309.895833	148.4375	122.395833	41.666667	140.625	85.9375	10.416667	15.625	10.416667	0	0	5.208333	15.625	5.208333	13.020833	5.208333	49.479167	0
46699_composicao_gemini-3.6-flash.txt	menores_notas_gemini	388	87.628866	10.309278	90.206186	2.57732	2.57732	7.731959	2.57732	0	0	0	0	0	10.309278	0	0	0	5.154639	0	2.57732	0	12.886598	0	2.57732	5.154639	7.731959	0	0	0	0	41.237113	273.195876	170.103093	85.051546	23.195876	12.886598	7.731959	5.154639	77.319588	5.154639	69.587629	20.618557	10.309278	41.237113	23.195876	74.742268	7.731959	69.587629	46.391753	0	7.731959	0	0	5.154639	128.865979	0	38.659794	77.319588	85.051546	12.886598	7.731959	0	5.154639	2.57732	2.57732	38.659794	0	0	7.731959	59.278351	2.57732	0	0	2.57732	0	0	0	2.57732	5.154639	0	2.57732	0	41.237113	5.154639	0	0	2.57732	0	0	0	0	5.154639	0	0	2.57732	0	0	0	7.731959	0	0	20.618557	0	25.773196	20.618557	48.969072	0	7.731959	0	2.57732	0	15.463918	0	0	0	0	5.154639	0	0	0	0	0	0	0	0	0	0	0	0	7.731959	79.896907	25.773196	90.206186	0	56.701031	2.57732	5.154639	0	0	0	0	0	0	2.57732	0	0	51.546392	5.154639	0	0	15.463918	0	0	20.618557	23.195876	2.57732	0	0	0	0	0	0	0	0	0	7.731959	0	5.154639	10.309278	0	0	0	0	0	0	0	0	0	0	0	0	0	0	0	0	0	0	5.154639	15.463918	0	2.57732	0	2.57732	0	0	5.154639	0	0	2.57732	7.731959	0	0	0	0	0	0	5.154639	0	0	0	0	0	0	0	0	0	0	0	0	0	0	0	0	0	0	0	0	0	0	0	0	0	0	0	188.14433	23.195876	314.43299	141.752577	110.824742	25.773196	198.453608	67.010309	10.309278	15.463918	10.309278	0	0	0	25.773196	0	10.309278	0	67.010309	0
46705_composicao_gemini-3.6-flash.txt	menores_notas_gemini	363	123.966942	16.528926	74.380165	5.509642	2.754821	8.264463	2.754821	0	0	0	0	0	2.754821	0	0	0	2.754821	0	2.754821	0	8.264463	0	5.509642	2.754821	8.264463	0	0	0	0	0	303.030303	154.269972	107.438017	13.774105	19.283747	5.509642	8.264463	93.663912	16.528926	88.15427	5.509642	2.754821	46.831956	24.793388	88.15427	5.509642	60.606061	55.096419	2.754821	8.264463	0	11.019284	16.528926	129.476584	0	41.322314	93.663912	71.625344	11.019284	8.264463	2.754821	11.019284	0	0	22.038567	2.754821	2.754821	5.509642	30.30303	11.019284	0	0	2.754821	0	0	0	2.754821	2.754821	0	2.754821	0	46.831956	0	0	0	0	0	0	0	0	0	0	0	5.509642	5.509642	0	0	13.774105	0	0	13.774105	0	16.528926	16.528926	46.831956	0	11.019284	0	8.264463	0	13.774105	2.754821	2.754821	0	0	0	2.754821	0	0	0	0	0	0	0	0	0	0	2.754821	16.528926	107.438017	19.283747	74.380165	0	52.341598	2.754821	5.509642	0	0	0	0	0	0	0	2.754821	0	55.096419	0	0	0	8.264463	2.754821	0	13.774105	13.774105	0	0	0	0	2.754821	0	0	0	0	0	5.509642	0	2.754821	11.019284	0	2.754821	0	0	0	0	0	0	0	0	0	0	2.754821	0	0	0	0	0	0	5.509642	0	2.754821	0	2.754821	0	0	11.019284	0	0	0	2.754821	0	0	0	0	0	0	2.754821	0	0	2.754821	0	0	0	0	0	0	0	0	0	0	0	0	0	0	0	0	0	0	0	0	0	0	0	0	140.495868	16.528926	303.030303	151.515152	90.909091	30.30303	195.592287	60.606061	13.774105	8.264463	5.509642	0	0	2.754821	13.774105	2.754821	5.509642	2.754821	46.831956	0
46724_composicao_gemini-3.6-flash.txt	menores_notas_gemini	361	124.65374	8.310249	88.642659	5.540166	5.540166	0	2.770083	0	0	0	0	0	0	0	0	0	0	0	0	0	8.310249	0	0	0	0	0	0	0	0	5.540166	304.709141	155.124654	99.722992	16.620499	5.540166	0	0	58.171745	0	74.792244	13.850416	2.770083	44.32133	11.080332	74.792244	19.390582	58.171745	33.240997	2.770083	11.080332	0	11.080332	2.770083	113.573407	0	33.240997	80.33241	63.711911	16.620499	13.850416	0	2.770083	0	0	2.770083	0	2.770083	2.770083	41.551247	0	0	0	5.540166	0	2.770083	0	0	2.770083	0	0	0	41.551247	11.080332	0	0	0	0	2.770083	0	0	0	0	0	0	0	0	0	5.540166	0	0	13.850416	0	11.080332	24.930748	55.401662	0	5.540166	0	5.540166	0	11.080332	0	0	2.770083	0	0	2.770083	0	0	0	2.770083	0	0	0	0	0	0	0	22.160665	74.792244	19.390582	88.642659	0	60.941828	2.770083	2.770083	0	0	0	0	0	0	5.540166	2.770083	0	55.401662	8.310249	0	0	8.310249	2.770083	2.770083	8.310249	8.310249	8.310249	0	2.770083	0	8.310249	0	0	0	0	0	5.540166	2.770083	0	8.310249	0	0	0	0	0	0	5.540166	0	0	0	0	0	2.770083	0	0	0	0	0	0	2.770083	0	8.310249	0	0	0	0	5.540166	0	0	0	8.310249	0	0	0	0	0	0	0	0	5.540166	5.540166	0	0	0	0	0	0	0	0	0	0	0	0	0	0	0	0	0	0	0	0	0	0	0	0	221.606648	8.310249	310.249307	141.274238	85.872576	36.01108	182.825485	74.792244	5.540166	8.310249	5.540166	0	0	2.770083	13.850416	8.310249	2.770083	2.770083	49.861496	2.770083
46743_composicao_gemini-3.6-flash.txt	menores_notas_gemini	373	99.19571	2.680965	69.705094	13.404826	5.36193	8.042895	2.680965	0	0	0	0	0	8.042895	0	2.680965	0	5.36193	0	0	0	2.680965	0	0	0	8.042895	0	0	0	0	13.404826	286.863271	166.219839	83.10992	26.809651	21.447721	2.680965	5.36193	48.257373	16.085791	53.619303	18.766756	13.404826	37.533512	8.042895	99.19571	18.766756	37.533512	42.895442	2.680965	10.723861	0	13.404826	8.042895	128.686327	0	24.128686	77.747989	88.47185	26.809651	16.085791	8.042895	2.680965	0	0	21.447721	0	0	2.680965	45.576408	2.680965	8.042895	0	10.723861	0	0	0	0	2.680965	0	0	0	18.766756	34.852547	0	0	0	0	0	0	0	2.680965	0	0	0	0	0	0	24.128686	0	8.042895	32.171582	2.680965	13.404826	26.809651	53.619303	8.042895	16.085791	0	8.042895	0	13.404826	2.680965	0	2.680965	0	5.36193	2.680965	0	0	0	2.680965	0	0	0	0	0	2.680965	2.680965	13.404826	112.600536	13.404826	75.067024	0	61.662198	0	2.680965	0	0	0	0	0	0	0	5.36193	0	48.257373	13.404826	2.680965	0	2.680965	5.36193	2.680965	29.490617	13.404826	0	0	0	0	8.042895	0	0	0	0	0	2.680965	0	0	10.723861	0	0	0	0	0	0	0	0	0	0	0	0	2.680965	2.680965	0	0	0	0	5.36193	2.680965	0	10.723861	0	0	0	0	24.128686	0	0	0	8.042895	0	0	0	0	0	0	0	0	0	2.680965	0	0	0	0	0	0	0	0	0	0	0	0	0	0	0	0	0	0	0	0	0	0	0	0	171.581769	24.128686	302.949062	155.495979	115.281501	34.852547	193.029491	67.024129	24.128686	2.680965	5.36193	0	0	5.36193	40.214477	18.766756	2.680965	8.042895	72.386059	0
46946_composicao_gemini-3.6-flash.txt	menores_notas_gemini	370	89.189189	5.405405	72.972973	8.108108	2.702703	8.108108	2.702703	0	0	0	0	0	10.810811	0	0	0	10.810811	0	0	0	2.702703	0	0	0	8.108108	0	0	0	0	8.108108	300	178.378378	97.297297	10.810811	10.810811	5.405405	16.216216	89.189189	0	70.27027	21.621622	5.405405	43.243243	8.108108	91.891892	8.108108	56.756757	59.459459	8.108108	13.513514	0	5.405405	5.405405	124.324324	0	29.72973	62.162162	105.405405	18.918919	16.216216	2.702703	0	0	0	21.621622	2.702703	2.702703	5.405405	64.864865	13.513514	2.702703	0	2.702703	2.702703	0	2.702703	2.702703	2.702703	2.702703	0	2.702703	32.432432	13.513514	2.702703	0	2.702703	0	0	0	0	5.405405	0	2.702703	0	0	2.702703	0	24.324324	0	0	29.72973	0	16.216216	27.027027	51.351351	0	24.324324	0	5.405405	0	10.810811	5.405405	0	0	0	5.405405	2.702703	0	2.702703	0	0	0	0	2.702703	0	0	2.702703	0	2.702703	113.513514	8.108108	72.972973	0	62.162162	0	0	0	2.702703	0	2.702703	0	0	8.108108	5.405405	2.702703	48.648649	10.810811	0	0	2.702703	5.405405	0	27.027027	16.216216	8.108108	0	5.405405	0	10.810811	0	0	0	0	0	2.702703	0	0	2.702703	0	0	0	0	0	5.405405	0	2.702703	2.702703	0	0	0	2.702703	2.702703	0	0	0	0	0	2.702703	2.702703	0	0	5.405405	0	2.702703	24.324324	0	0	5.405405	5.405405	0	0	0	0	0	0	5.405405	0	0	2.702703	0	0	0	0	0	0	0	0	0	0	0	0	0	0	0	0	0	0	0	0	0	0	0	0	167.567568	13.513514	308.108108	137.837838	129.72973	24.324324	194.594595	83.783784	24.324324	2.702703	8.108108	0	0	5.405405	37.837838	10.810811	8.108108	5.405405	72.972973	5.405405
47010_composicao_gemini-3.6-flash.txt	menores_notas_gemini	344	81.395349	0	113.372093	14.534884	0	0	2.906977	2.906977	0	0	0	0	5.813953	0	0	0	5.813953	0	0	0	2.906977	0	0	0	0	0	0	0	0	26.162791	299.418605	197.674419	119.186047	14.534884	8.72093	8.72093	5.813953	95.930233	5.813953	81.395349	14.534884	8.72093	31.976744	20.348837	78.488372	8.72093	75.581395	34.883721	2.906977	20.348837	0	11.627907	11.627907	133.72093	0	52.325581	119.186047	78.488372	20.348837	8.72093	0	0	0	2.906977	11.627907	0	0	5.813953	40.697674	2.906977	2.906977	0	0	2.906977	0	0	2.906977	5.813953	0	0	0	43.604651	0	0	0	2.906977	0	0	0	0	2.906977	0	0	0	0	0	0	5.813953	0	2.906977	26.162791	0	11.627907	11.627907	46.511628	0	5.813953	0	0	0	5.813953	2.906977	2.906977	2.906977	0	2.906977	0	0	0	0	2.906977	0	0	0	0	0	0	0	5.813953	81.395349	61.046512	113.372093	0	46.511628	0	0	0	0	0	0	0	0	8.72093	2.906977	0	43.604651	5.813953	0	0	2.906977	2.906977	0	23.255814	8.72093	2.906977	0	5.813953	0	5.813953	0	0	0	0	0	0	2.906977	0	0	0	0	0	0	0	0	0	0	0	0	0	0	0	0	0	0	0	0	2.906977	0	0	5.813953	2.906977	2.906977	0	0	8.72093	0	0	0	5.813953	0	0	0	0	0	0	2.906977	0	0	2.906977	0	0	0	0	0	0	0	0	0	0	0	0	0	0	0	0	0	0	0	0	0	0	0	0	81.395349	2.906977	328.488372	154.069767	98.837209	20.348837	238.372093	55.232558	5.813953	2.906977	2.906977	0	0	2.906977	26.162791	0	8.72093	0	49.418605	0
47046_composicao_gemini-3.6-flash.txt	menores_notas_gemini	391	112.531969	20.460358	92.071611	10.230179	7.672634	2.557545	2.557545	0	0	0	0	0	10.230179	0	0	0	0	0	2.557545	0	23.017903	0	2.557545	5.11509	2.557545	0	0	0	0	5.11509	296.675192	171.355499	76.726343	25.575448	15.345269	2.557545	5.11509	61.381074	2.557545	56.265985	23.017903	15.345269	43.478261	10.230179	69.053708	7.672634	58.823529	23.017903	5.11509	15.345269	0	12.787724	17.902813	112.531969	0	38.363171	69.053708	102.30179	7.672634	10.230179	0	2.557545	2.557545	2.557545	20.460358	0	2.557545	5.11509	63.938619	5.11509	2.557545	2.557545	2.557545	0	2.557545	2.557545	0	5.11509	0	0	0	46.035806	20.460358	2.557545	0	0	0	0	0	0	5.11509	0	0	5.11509	0	0	0	12.787724	5.11509	0	25.575448	2.557545	12.787724	15.345269	69.053708	0	12.787724	0	2.557545	0	10.230179	2.557545	0	0	0	0	2.557545	2.557545	0	0	0	0	0	0	0	0	0	0	2.557545	74.168798	7.672634	92.071611	0	40.920716	2.557545	5.11509	0	0	0	2.557545	0	0	5.11509	7.672634	2.557545	38.363171	5.11509	0	0	23.017903	7.672634	0	28.132992	12.787724	0	0	7.672634	0	10.230179	0	0	0	0	0	10.230179	2.557545	5.11509	5.11509	0	0	2.557545	2.557545	2.557545	0	0	0	0	0	0	0	5.11509	2.557545	0	0	0	0	0	5.11509	0	5.11509	0	0	0	5.11509	12.787724	0	0	10.230179	0	0	0	0	0	0	0	2.557545	0	0	0	0	0	0	0	0	0	0	0	0	0	0	0	0	0	0	0	0	0	0	0	0	0	0	0	225.063939	28.132992	301.790281	138.107417	130.434783	12.787724	173.913043	66.496164	17.902813	23.017903	2.557545	0	0	7.672634	28.132992	7.672634	5.11509	5.11509	56.265985	7.672634
47068_composicao_gemini-3.6-flash.txt	menores_notas_gemini	324	104.938272	9.259259	89.506173	9.259259	0	6.17284	3.08642	0	0	0	0	0	3.08642	0	0	0	3.08642	0	0	0	6.17284	0	0	0	6.17284	0	0	0	0	30.864198	283.950617	169.753086	117.283951	18.518519	21.604938	6.17284	9.259259	70.987654	18.518519	67.901235	24.691358	15.432099	18.518519	12.345679	104.938272	12.345679	77.160494	67.901235	6.17284	18.518519	0	3.08642	27.777778	138.888889	0	46.296296	98.765432	95.679012	9.259259	12.345679	0	0	0	0	27.777778	0	0	3.08642	70.987654	3.08642	6.17284	0	0	3.08642	0	0	3.08642	3.08642	6.17284	0	0	55.555556	0	0	0	3.08642	0	0	0	0	3.08642	0	0	0	6.17284	0	0	0	0	0	12.345679	0	30.864198	6.17284	55.555556	0	0	0	6.17284	0	12.345679	6.17284	0	0	0	3.08642	6.17284	0	0	0	0	0	0	0	0	0	3.08642	3.08642	6.17284	67.901235	9.259259	89.506173	0	61.728395	0	3.08642	0	0	0	0	0	0	0	3.08642	0	46.296296	15.432099	0	0	6.17284	3.08642	0	12.345679	30.864198	3.08642	0	3.08642	0	3.08642	0	0	0	0	0	3.08642	0	0	6.17284	0	0	0	0	0	6.17284	0	0	0	0	0	0	0	3.08642	0	0	0	0	6.17284	3.08642	0	3.08642	0	6.17284	0	0	3.08642	0	0	3.08642	3.08642	0	0	0	0	0	0	0	0	0	0	0	0	0	0	0	0	0	0	0	0	0	0	0	0	0	0	0	0	0	0	0	0	0	0	114.197531	9.259259	314.814815	179.012346	104.938272	24.691358	166.666667	67.901235	0	6.17284	0	0	0	3.08642	12.345679	6.17284	9.259259	9.259259	49.382716	3.08642
47123_composicao_gemini-3.6-flash.txt	menores_notas_gemini	395	108.860759	15.189873	86.075949	7.594937	0	0	2.531646	2.531646	0	0	0	2.531646	10.126582	0	0	0	2.531646	0	0	0	10.126582	0	2.531646	0	0	2.531646	0	0	2.531646	12.658228	316.455696	189.873418	118.987342	10.126582	7.594937	0	2.531646	75.949367	0	48.101266	27.848101	0	40.506329	12.658228	91.139241	7.594937	48.101266	37.974684	2.531646	12.658228	0	0	17.721519	111.392405	0	35.443038	91.139241	73.417722	12.658228	5.063291	0	7.594937	5.063291	0	12.658228	0	5.063291	2.531646	40.506329	0	0	0	0	0	0	0	0	0	2.531646	0	0	50.632911	5.063291	2.531646	0	2.531646	0	0	0	0	0	2.531646	0	0	0	2.531646	0	7.594937	7.594937	0	12.658228	0	7.594937	10.126582	60.759494	0	7.594937	0	2.531646	0	7.594937	2.531646	2.531646	5.063291	0	2.531646	0	0	0	0	5.063291	0	0	0	0	0	5.063291	0	5.063291	86.075949	5.063291	91.139241	0	53.164557	0	5.063291	2.531646	2.531646	0	2.531646	0	0	7.594937	7.594937	2.531646	48.101266	7.594937	0	0	10.126582	7.594937	0	7.594937	7.594937	0	0	0	0	10.126582	0	0	0	0	0	7.594937	2.531646	0	2.531646	0	0	2.531646	0	0	0	0	0	2.531646	0	0	0	7.594937	0	0	0	0	0	0	5.063291	0	0	0	0	0	0	7.594937	0	0	0	10.126582	0	0	0	0	0	0	2.531646	0	0	0	0	0	0	0	0	0	0	0	0	0	0	0	0	0	0	0	0	0	0	0	0	0	0	0	124.050633	25.316456	329.113924	139.240506	86.075949	25.316456	179.746835	83.544304	15.189873	10.126582	2.531646	0	0	7.594937	15.189873	7.594937	2.531646	0	30.379747	0
