composition_id	base_id	candidate_source	candidate_group	candidate_band	is_mirror	mirror_model	assessor_source	assessor_model	path	filename	filename_original	ai_assessment_filename	ai_assessment_path	score_source_file	adequacao_ao_tema	adequacao_a_coletanea	adequacao_ao_tipo_de_texto	adequacao_a_norma_padrao	coesao	coerencia	pontuacao_total	score_sum_check	score_residual
36237_human_high	36237	human	human_high	high	False		human		corpus/01_composicoes/maiores_notas/36237.txt		36237 (0519-029).txt			corpus/00_fontes/composicoes_de_admissao_universitaria.tsv	4.5	5.0	5.0	5.0	5.0	5.0	29.5	29.5	0.0
46656_human_high	46656	human	human_high	high	False		human		corpus/01_composicoes/maiores_notas/46656.txt		46656 (0414-009).txt			corpus/00_fontes/composicoes_de_admissao_universitaria.tsv	5.0	5.0	4.0	4.5	5.0	5.0	28.5	28.5	0.0
36560_human_high	36560	human	human_high	high	False		human		corpus/01_composicoes/maiores_notas/36560.txt		36560 (0502-031).txt			corpus/00_fontes/composicoes_de_admissao_universitaria.tsv	4.5	4.5	4.5	5.0	5.0	4.5	28.0	28.0	0.0
36923_human_high	36923	human	human_high	high	False		human		corpus/01_composicoes/maiores_notas/36923.txt		36923 (0416-024).txt			corpus/00_fontes/composicoes_de_admissao_universitaria.tsv	5.0	4.0	4.5	5.0	5.0	4.5	28.0	28.0	0.0
45355_human_high	45355	human	human_high	high	False		human		corpus/01_composicoes/maiores_notas/45355.txt		45355 (0477-030).txt			corpus/00_fontes/composicoes_de_admissao_universitaria.tsv	4.5	4.5	4.5	5.0	5.0	4.5	28.0	28.0	0.0
35994_human_high	35994	human	human_high	high	False		human		corpus/01_composicoes/maiores_notas/35994.txt		35994 (0513-004).txt			corpus/00_fontes/composicoes_de_admissao_universitaria.tsv	4.5	4.5	4.5	4.5	5.0	4.5	27.5	27.5	0.0
40127_human_high	40127	human	human_high	high	False		human		corpus/01_composicoes/maiores_notas/40127.txt		40127 (0433-014).txt			corpus/00_fontes/composicoes_de_admissao_universitaria.tsv	5.0	3.0	5.0	5.0	4.5	5.0	27.5	27.5	0.0
40621_human_high	40621	human	human_high	high	False		human		corpus/01_composicoes/maiores_notas/40621.txt		40621 (0519-033).txt			corpus/00_fontes/composicoes_de_admissao_universitaria.tsv	4.5	5.0	5.0	4.0	3.0	5.0	26.5	26.5	0.0
34726_human_high	34726	human	human_high	high	False		human		corpus/01_composicoes/maiores_notas/34726.txt		34726 (0409-003).txt			corpus/00_fontes/composicoes_de_admissao_universitaria.tsv	5.0	3.0	3.5	5.0	5.0	4.5	26.0	26.0	0.0
34811_human_high	34811	human	human_high	high	False		human		corpus/01_composicoes/maiores_notas/34811.txt		34811 (0517-014).txt			corpus/00_fontes/composicoes_de_admissao_universitaria.tsv	4.0	4.0	4.0	5.0	5.0	4.0	26.0	26.0	0.0
36280_human_high	36280	human	human_high	high	False		human		corpus/01_composicoes/maiores_notas/36280.txt		36280 (0457-003).txt			corpus/00_fontes/composicoes_de_admissao_universitaria.tsv	5.0	4.0	5.0	4.0	5.0	3.0	26.0	26.0	0.0
37681_human_high	37681	human	human_high	high	False		human		corpus/01_composicoes/maiores_notas/37681.txt		37681 (0477-016).txt			corpus/00_fontes/composicoes_de_admissao_universitaria.tsv	4.5	4.0	4.0	4.5	5.0	4.0	26.0	26.0	0.0
39896_human_high	39896	human	human_high	high	False		human		corpus/01_composicoes/maiores_notas/39896.txt		39896 (0470-006).txt			corpus/00_fontes/composicoes_de_admissao_universitaria.tsv	4.0	3.5	4.5	5.0	5.0	4.0	26.0	26.0	0.0
38047_human_high	38047	human	human_high	high	False		human		corpus/01_composicoes/maiores_notas/38047.txt		38047 (0496-031).txt			corpus/00_fontes/composicoes_de_admissao_universitaria.tsv	3.5	3.5	5.0	5.0	4.5	4.0	25.5	25.5	0.0
39608_human_high	39608	human	human_high	high	False		human		corpus/01_composicoes/maiores_notas/39608.txt		39608 (0477-031).txt			corpus/00_fontes/composicoes_de_admissao_universitaria.tsv	4.0	4.0	4.5	4.0	5.0	4.0	25.5	25.5	0.0
40140_human_high	40140	human	human_high	high	False		human		corpus/01_composicoes/maiores_notas/40140.txt		40140 (0491-029).txt			corpus/00_fontes/composicoes_de_admissao_universitaria.tsv	4.5	4.5	4.5	4.0	4.0	4.0	25.5	25.5	0.0
35240_human_high	35240	human	human_high	high	False		human		corpus/01_composicoes/maiores_notas/35240.txt		35240 (0502-029).txt			corpus/00_fontes/composicoes_de_admissao_universitaria.tsv	4.0	3.5	4.5	4.0	4.0	5.0	25.0	25.0	0.0
36415_human_high	36415	human	human_high	high	False		human		corpus/01_composicoes/maiores_notas/36415.txt		36415 (0505-042).txt			corpus/00_fontes/composicoes_de_admissao_universitaria.tsv	4.0	4.0	4.0	5.0	4.0	4.0	25.0	25.0	0.0
33890_human_high	33890	human	human_high	high	False		human		corpus/01_composicoes/maiores_notas/33890.txt		33890 (0473-037).txt			corpus/00_fontes/composicoes_de_admissao_universitaria.tsv	3.5	3.0	4.0	4.0	5.0	5.0	24.5	24.5	0.0
34096_human_high	34096	human	human_high	high	False		human		corpus/01_composicoes/maiores_notas/34096.txt		34096 (0414-037)_normalizada_FO.txt			corpus/00_fontes/composicoes_de_admissao_universitaria.tsv	4.5	4.0	4.0	3.5	3.5	5.0	24.5	24.5	0.0
34148_human_high	34148	human	human_high	high	False		human		corpus/01_composicoes/maiores_notas/34148.txt		34148 (0476-030).txt			corpus/00_fontes/composicoes_de_admissao_universitaria.tsv	4.0	3.5	3.5	4.5	4.0	5.0	24.5	24.5	0.0
34813_human_high	34813	human	human_high	high	False		human		corpus/01_composicoes/maiores_notas/34813.txt		34813 (0453-015).txt			corpus/00_fontes/composicoes_de_admissao_universitaria.tsv	4.0	4.0	4.0	5.0	3.0	4.5	24.5	24.5	0.0
34844_human_high	34844	human	human_high	high	False		human		corpus/01_composicoes/maiores_notas/34844.txt		34844 (0498-016).txt			corpus/00_fontes/composicoes_de_admissao_universitaria.tsv	3.0	3.0	4.0	5.0	5.0	4.5	24.5	24.5	0.0
36030_human_high	36030	human	human_high	high	False		human		corpus/01_composicoes/maiores_notas/36030.txt		36030 (0497-031).txt			corpus/00_fontes/composicoes_de_admissao_universitaria.tsv	4.0	4.0	4.0	5.0	3.5	4.0	24.5	24.5	0.0
37293_human_high	37293	human	human_high	high	False		human		corpus/01_composicoes/maiores_notas/37293.txt		37293 (0416-035).txt			corpus/00_fontes/composicoes_de_admissao_universitaria.tsv	3.5	3.5	4.5	4.5	4.0	4.5	24.5	24.5	0.0
38333_human_high	38333	human	human_high	high	False		human		corpus/01_composicoes/maiores_notas/38333.txt		38333 (0516-008).txt			corpus/00_fontes/composicoes_de_admissao_universitaria.tsv	4.5	4.5	4.0	5.0	4.0	2.5	24.5	24.5	0.0
39561_human_high	39561	human	human_high	high	False		human		corpus/01_composicoes/maiores_notas/39561.txt		39561 (0477-011).txt			corpus/00_fontes/composicoes_de_admissao_universitaria.tsv	4.0	4.0	4.0	4.0	4.5	4.0	24.5	24.5	0.0
36349_human_high	36349	human	human_high	high	False		human		corpus/01_composicoes/maiores_notas/36349.txt		36349 (0479-030).txt			corpus/00_fontes/composicoes_de_admissao_universitaria.tsv	4.0	3.5	3.5	5.0	4.0	4.0	24.0	24.0	0.0
36441_human_high	36441	human	human_high	high	False		human		corpus/01_composicoes/maiores_notas/36441.txt		36441 (0505-043).txt			corpus/00_fontes/composicoes_de_admissao_universitaria.tsv	4.0	4.0	3.0	5.0	4.0	4.0	24.0	24.0	0.0
37321_human_high	37321	human	human_high	high	False		human		corpus/01_composicoes/maiores_notas/37321.txt		37321 (0513-039).txt			corpus/00_fontes/composicoes_de_admissao_universitaria.tsv	3.5	3.5	4.5	4.0	4.0	4.5	24.0	24.0	0.0
38105_human_high	38105	human	human_high	high	False		human		corpus/01_composicoes/maiores_notas/38105.txt		38105 (0469-030).txt			corpus/00_fontes/composicoes_de_admissao_universitaria.tsv	4.0	3.5	4.0	4.5	4.0	4.0	24.0	24.0	0.0
40134_human_high	40134	human	human_high	high	False		human		corpus/01_composicoes/maiores_notas/40134.txt		40134 (0476-007).txt			corpus/00_fontes/composicoes_de_admissao_universitaria.tsv	4.0	4.0	3.5	4.0	4.0	4.5	24.0	24.0	0.0
40676_human_high	40676	human	human_high	high	False		human		corpus/01_composicoes/maiores_notas/40676.txt		40676 (0485-015).txt			corpus/00_fontes/composicoes_de_admissao_universitaria.tsv	4.0	4.5	4.5	4.0	3.0	4.0	24.0	24.0	0.0
46260_human_high	46260	human	human_high	high	False		human		corpus/01_composicoes/maiores_notas/46260.txt		46260 (0473-022).txt			corpus/00_fontes/composicoes_de_admissao_universitaria.tsv	4.0	2.0	5.0	4.0	4.0	5.0	24.0	24.0	0.0
46711_human_high	46711	human	human_high	high	False		human		corpus/01_composicoes/maiores_notas/46711.txt		46711 (0477-007).txt			corpus/00_fontes/composicoes_de_admissao_universitaria.tsv	4.0	4.0	4.0	3.5	4.5	4.0	24.0	24.0	0.0
35400_human_high	35400	human	human_high	high	False		human		corpus/01_composicoes/maiores_notas/35400.txt		35400 (0491-021).txt			corpus/00_fontes/composicoes_de_admissao_universitaria.tsv	4.0	4.0	4.5	3.5	3.0	4.5	23.5	23.5	0.0
35733_human_high	35733	human	human_high	high	False		human		corpus/01_composicoes/maiores_notas/35733.txt		35733 (0487-028).txt			corpus/00_fontes/composicoes_de_admissao_universitaria.tsv	4.0	4.0	4.0	5.0	3.0	3.5	23.5	23.5	0.0
35819_human_high	35819	human	human_high	high	False		human		corpus/01_composicoes/maiores_notas/35819.txt		35819 (0498-008).txt			corpus/00_fontes/composicoes_de_admissao_universitaria.tsv	3.0	3.5	3.5	4.5	5.0	4.0	23.5	23.5	0.0
36403_human_high	36403	human	human_high	high	False		human		corpus/01_composicoes/maiores_notas/36403.txt		36403 (0434-002).txt			corpus/00_fontes/composicoes_de_admissao_universitaria.tsv	5.0	4.5	4.0	3.0	3.0	4.0	23.5	23.5	0.0
37193_human_high	37193	human	human_high	high	False		human		corpus/01_composicoes/maiores_notas/37193.txt		37193 (0421-010).txt			corpus/00_fontes/composicoes_de_admissao_universitaria.tsv	4.0	3.0	4.5	4.0	4.0	4.0	23.5	23.5	0.0
37525_human_high	37525	human	human_high	high	False		human		corpus/01_composicoes/maiores_notas/37525.txt		37525 (0409-014).txt			corpus/00_fontes/composicoes_de_admissao_universitaria.tsv	4.0	2.5	4.0	5.0	4.0	4.0	23.5	23.5	0.0
37605_human_high	37605	human	human_high	high	False		human		corpus/01_composicoes/maiores_notas/37605.txt		37605 (0490-024).txt			corpus/00_fontes/composicoes_de_admissao_universitaria.tsv	2.5	1.5	4.5	5.0	5.0	5.0	23.5	23.5	0.0
37924_human_high	37924	human	human_high	high	False		human		corpus/01_composicoes/maiores_notas/37924.txt		37924 (0454-003).txt			corpus/00_fontes/composicoes_de_admissao_universitaria.tsv	4.0	2.5	4.5	4.0	4.0	4.5	23.5	23.5	0.0
38475_human_high	38475	human	human_high	high	False		human		corpus/01_composicoes/maiores_notas/38475.txt		38475 (0512-004).txt			corpus/00_fontes/composicoes_de_admissao_universitaria.tsv	3.5	4.0	4.0	4.0	4.5	3.5	23.5	23.5	0.0
40021_human_high	40021	human	human_high	high	False		human		corpus/01_composicoes/maiores_notas/40021.txt		40021 (0485-016).txt			corpus/00_fontes/composicoes_de_admissao_universitaria.tsv	3.5	3.0	4.5	5.0	4.0	3.5	23.5	23.5	0.0
40548_human_high	40548	human	human_high	high	False		human		corpus/01_composicoes/maiores_notas/40548.txt		40548 (0519-038).txt			corpus/00_fontes/composicoes_de_admissao_universitaria.tsv	4.0	4.0	3.5	4.0	4.0	4.0	23.5	23.5	0.0
40772_human_high	40772	human	human_high	high	False		human		corpus/01_composicoes/maiores_notas/40772.txt		40772 (0449-013).txt			corpus/00_fontes/composicoes_de_admissao_universitaria.tsv	5.0	4.0	4.5	2.5	3.0	4.5	23.5	23.5	0.0
34306_human_high	34306	human	human_high	high	False		human		corpus/01_composicoes/maiores_notas/34306.txt		34306 (0417-028).txt			corpus/00_fontes/composicoes_de_admissao_universitaria.tsv	4.0	3.0	4.0	4.0	4.0	4.0	23.0	23.0	0.0
34841_human_high	34841	human	human_high	high	False		human		corpus/01_composicoes/maiores_notas/34841.txt		34841 (0495-021).txt			corpus/00_fontes/composicoes_de_admissao_universitaria.tsv	3.5	3.5	4.0	4.5	3.5	4.0	23.0	23.0	0.0
35134_human_high	35134	human	human_high	high	False		human		corpus/01_composicoes/maiores_notas/35134.txt		35134 (0457-009).txt			corpus/00_fontes/composicoes_de_admissao_universitaria.tsv	3.0	3.5	4.0	4.5	4.5	3.5	23.0	23.0	0.0
36074_human_high	36074	human	human_high	high	False		human		corpus/01_composicoes/maiores_notas/36074.txt		36074 (0510-016).txt			corpus/00_fontes/composicoes_de_admissao_universitaria.tsv	3.5	3.5	4.0	3.5	4.5	4.0	23.0	23.0	0.0
36163_human_high	36163	human	human_high	high	False		human		corpus/01_composicoes/maiores_notas/36163.txt		36163 (0455-031).txt			corpus/00_fontes/composicoes_de_admissao_universitaria.tsv	4.0	4.0	4.0	4.0	3.0	4.0	23.0	23.0	0.0
36551_human_high	36551	human	human_high	high	False		human		corpus/01_composicoes/maiores_notas/36551.txt		36551 (0497-013).txt			corpus/00_fontes/composicoes_de_admissao_universitaria.tsv	4.0	4.0	4.0	3.5	4.0	3.5	23.0	23.0	0.0
36566_human_high	36566	human	human_high	high	False		human		corpus/01_composicoes/maiores_notas/36566.txt		36566 (0402-010).txt			corpus/00_fontes/composicoes_de_admissao_universitaria.tsv	3.5	1.5	4.5	3.5	5.0	5.0	23.0	23.0	0.0
36650_human_high	36650	human	human_high	high	False		human		corpus/01_composicoes/maiores_notas/36650.txt		36650 (0487-017).txt			corpus/00_fontes/composicoes_de_admissao_universitaria.tsv	4.0	4.0	3.5	4.5	3.0	4.0	23.0	23.0	0.0
39585_human_high	39585	human	human_high	high	False		human		corpus/01_composicoes/maiores_notas/39585.txt		39585 (0477-024).txt			corpus/00_fontes/composicoes_de_admissao_universitaria.tsv	3.5	3.5	3.5	5.0	4.0	3.5	23.0	23.0	0.0
40286_human_high	40286	human	human_high	high	False		human		corpus/01_composicoes/maiores_notas/40286.txt		40286 (0495-031).txt			corpus/00_fontes/composicoes_de_admissao_universitaria.tsv	4.0	5.0	4.0	5.0	3.0	2.0	23.0	23.0	0.0
40713_human_high	40713	human	human_high	high	False		human		corpus/01_composicoes/maiores_notas/40713.txt		40713 (0495-025).txt			corpus/00_fontes/composicoes_de_admissao_universitaria.tsv	3.5	4.0	4.0	4.5	3.0	4.0	23.0	23.0	0.0
34277_human_high	34277	human	human_high	high	False		human		corpus/01_composicoes/maiores_notas/34277.txt		34277 (0508-003).txt			corpus/00_fontes/composicoes_de_admissao_universitaria.tsv	3.5	3.5	3.5	4.5	4.0	3.5	22.5	22.5	0.0
34717_human_high	34717	human	human_high	high	False		human		corpus/01_composicoes/maiores_notas/34717.txt		34717 (0507-039).txt			corpus/00_fontes/composicoes_de_admissao_universitaria.tsv	3.5	4.0	3.5	4.0	4.0	3.5	22.5	22.5	0.0
34754_human_high	34754	human	human_high	high	False		human		corpus/01_composicoes/maiores_notas/34754.txt		34754 (0484-006).txt			corpus/00_fontes/composicoes_de_admissao_universitaria.tsv	3.5	3.5	4.0	4.5	3.5	3.5	22.5	22.5	0.0
34901_human_high	34901	human	human_high	high	False		human		corpus/01_composicoes/maiores_notas/34901.txt		34901 (0443-012).txt			corpus/00_fontes/composicoes_de_admissao_universitaria.tsv	2.0	3.0	4.0	4.5	4.5	4.5	22.5	22.5	0.0
35789_human_high	35789	human	human_high	high	False		human		corpus/01_composicoes/maiores_notas/35789.txt		35789 (0513-019).txt			corpus/00_fontes/composicoes_de_admissao_universitaria.tsv	4.0	4.0	4.5	2.0	4.0	4.0	22.5	22.5	0.0
36090_human_high	36090	human	human_high	high	False		human		corpus/01_composicoes/maiores_notas/36090.txt		36090 (0509-013).txt			corpus/00_fontes/composicoes_de_admissao_universitaria.tsv	3.0	3.0	4.0	4.5	4.0	4.0	22.5	22.5	0.0
38958_human_high	38958	human	human_high	high	False		human		corpus/01_composicoes/maiores_notas/38958.txt		38958 (0402-035).txt			corpus/00_fontes/composicoes_de_admissao_universitaria.tsv	4.0	2.5	3.5	4.5	4.5	3.5	22.5	22.5	0.0
39465_human_high	39465	human	human_high	high	False		human		corpus/01_composicoes/maiores_notas/39465.txt		39465 (0435-028).txt			corpus/00_fontes/composicoes_de_admissao_universitaria.tsv	3.5	3.5	4.0	3.5	4.5	3.5	22.5	22.5	0.0
39509_human_high	39509	human	human_high	high	False		human		corpus/01_composicoes/maiores_notas/39509.txt		39509 (0496-026).txt			corpus/00_fontes/composicoes_de_admissao_universitaria.tsv	3.0	2.5	4.5	4.5	4.0	4.0	22.5	22.5	0.0
39989_human_high	39989	human	human_high	high	False		human		corpus/01_composicoes/maiores_notas/39989.txt		39989 (0478-015).txt			corpus/00_fontes/composicoes_de_admissao_universitaria.tsv	3.0	3.0	4.0	4.5	4.0	4.0	22.5	22.5	0.0
40024_human_high	40024	human	human_high	high	False		human		corpus/01_composicoes/maiores_notas/40024.txt		40024 (0438-027).txt			corpus/00_fontes/composicoes_de_admissao_universitaria.tsv	4.0	4.5	4.5	1.0	4.0	4.5	22.5	22.5	0.0
40429_human_high	40429	human	human_high	high	False		human		corpus/01_composicoes/maiores_notas/40429.txt		40429 (0413-023).txt			corpus/00_fontes/composicoes_de_admissao_universitaria.tsv	3.0	2.0	4.5	5.0	4.0	4.0	22.5	22.5	0.0
45141_human_high	45141	human	human_high	high	False		human		corpus/01_composicoes/maiores_notas/45141.txt		45141 (0517-040).txt			corpus/00_fontes/composicoes_de_admissao_universitaria.tsv	3.0	3.5	4.0	4.5	4.0	3.5	22.5	22.5	0.0
46003_human_high	46003	human	human_high	high	False		human		corpus/01_composicoes/maiores_notas/46003.txt		46003 (0416-011).txt			corpus/00_fontes/composicoes_de_admissao_universitaria.tsv	3.0	2.0	4.0	5.0	4.5	4.0	22.5	22.5	0.0
46597_human_high	46597	human	human_high	high	False		human		corpus/01_composicoes/maiores_notas/46597.txt		46597 (0517-002).txt			corpus/00_fontes/composicoes_de_admissao_universitaria.tsv	3.0	4.0	4.0	4.0	4.5	3.0	22.5	22.5	0.0
33927_human_high	33927	human	human_high	high	False		human		corpus/01_composicoes/maiores_notas/33927.txt		33927 (0415-001).txt			corpus/00_fontes/composicoes_de_admissao_universitaria.tsv	3.5	3.5	4.0	4.0	3.5	3.5	22.0	22.0	0.0
34084_human_high	34084	human	human_high	high	False		human		corpus/01_composicoes/maiores_notas/34084.txt		34084 (0471-019).txt			corpus/00_fontes/composicoes_de_admissao_universitaria.tsv	3.5	3.0	3.0	5.0	4.0	3.5	22.0	22.0	0.0
34641_human_high	34641	human	human_high	high	False		human		corpus/01_composicoes/maiores_notas/34641.txt		34641 (0511-008).txt			corpus/00_fontes/composicoes_de_admissao_universitaria.tsv	4.0	4.0	4.0	4.0	2.5	3.5	22.0	22.0	0.0
34698_human_high	34698	human	human_high	high	False		human		corpus/01_composicoes/maiores_notas/34698.txt		34698 (0514-001).txt			corpus/00_fontes/composicoes_de_admissao_universitaria.tsv	3.5	3.5	3.5	4.5	4.0	3.0	22.0	22.0	0.0
35100_human_high	35100	human	human_high	high	False		human		corpus/01_composicoes/maiores_notas/35100.txt		35100 (0454-001).txt			corpus/00_fontes/composicoes_de_admissao_universitaria.tsv	4.0	4.0	2.0	4.0	4.5	3.5	22.0	22.0	0.0
35247_human_high	35247	human	human_high	high	False		human		corpus/01_composicoes/maiores_notas/35247.txt		35247 (0498-017).txt			corpus/00_fontes/composicoes_de_admissao_universitaria.tsv	3.0	3.0	3.5	5.0	4.0	3.5	22.0	22.0	0.0
35497_human_high	35497	human	human_high	high	False		human		corpus/01_composicoes/maiores_notas/35497.txt		35497 (0483-018).txt			corpus/00_fontes/composicoes_de_admissao_universitaria.tsv	4.0	4.0	4.0	4.0	3.0	3.0	22.0	22.0	0.0
36471_human_high	36471	human	human_high	high	False		human		corpus/01_composicoes/maiores_notas/36471.txt		36471 (0517-039).txt			corpus/00_fontes/composicoes_de_admissao_universitaria.tsv	4.0	4.0	4.0	4.0	2.0	4.0	22.0	22.0	0.0
36926_human_high	36926	human	human_high	high	False		human		corpus/01_composicoes/maiores_notas/36926.txt		36926 (0510-007).txt			corpus/00_fontes/composicoes_de_admissao_universitaria.tsv	3.0	3.5	3.5	3.5	4.5	4.0	22.0	22.0	0.0
37612_human_high	37612	human	human_high	high	False		human		corpus/01_composicoes/maiores_notas/37612.txt		37612 (0500-011).txt			corpus/00_fontes/composicoes_de_admissao_universitaria.tsv	3.5	3.5	3.0	4.0	5.0	3.0	22.0	22.0	0.0
37961_human_high	37961	human	human_high	high	False		human		corpus/01_composicoes/maiores_notas/37961.txt		37961 (0510-026).txt			corpus/00_fontes/composicoes_de_admissao_universitaria.tsv	3.5	3.0	3.5	4.0	4.0	4.0	22.0	22.0	0.0
38742_human_high	38742	human	human_high	high	False		human		corpus/01_composicoes/maiores_notas/38742.txt		38742 (0529-010).txt			corpus/00_fontes/composicoes_de_admissao_universitaria.tsv	3.5	4.0	3.5	4.5	2.5	4.0	22.0	22.0	0.0
39305_human_high	39305	human	human_high	high	False		human		corpus/01_composicoes/maiores_notas/39305.txt		39305 (0522-015).txt			corpus/00_fontes/composicoes_de_admissao_universitaria.tsv	4.0	4.0	4.0	4.0	2.0	4.0	22.0	22.0	0.0
40060_human_high	40060	human	human_high	high	False		human		corpus/01_composicoes/maiores_notas/40060.txt		40060 (0449-010).txt			corpus/00_fontes/composicoes_de_admissao_universitaria.tsv	4.0	3.5	4.0	3.5	3.5	3.5	22.0	22.0	0.0
40173_human_high	40173	human	human_high	high	False		human		corpus/01_composicoes/maiores_notas/40173.txt		40173 (0478-027).txt			corpus/00_fontes/composicoes_de_admissao_universitaria.tsv	4.0	4.0	3.5	2.0	4.5	4.0	22.0	22.0	0.0
40580_human_high	40580	human	human_high	high	False		human		corpus/01_composicoes/maiores_notas/40580.txt		40580 (0457-019).txt			corpus/00_fontes/composicoes_de_admissao_universitaria.tsv	3.5	3.5	4.0	4.5	3.0	3.5	22.0	22.0	0.0
33895_human_high	33895	human	human_high	high	False		human		corpus/01_composicoes/maiores_notas/33895.txt		33895 (0458-001).txt			corpus/00_fontes/composicoes_de_admissao_universitaria.tsv	3.5	3.0	4.0	4.0	3.0	4.0	21.5	21.5	0.0
33991_human_high	33991	human	human_high	high	False		human		corpus/01_composicoes/maiores_notas/33991.txt		33991 (0455-017).txt			corpus/00_fontes/composicoes_de_admissao_universitaria.tsv	3.5	3.0	3.5	3.0	4.5	4.0	21.5	21.5	0.0
34648_human_high	34648	human	human_high	high	False		human		corpus/01_composicoes/maiores_notas/34648.txt		34648 (0510-009).txt			corpus/00_fontes/composicoes_de_admissao_universitaria.tsv	4.0	3.5	3.5	3.5	4.0	3.0	21.5	21.5	0.0
35763_human_high	35763	human	human_high	high	False		human		corpus/01_composicoes/maiores_notas/35763.txt		35763 (0512-010).txt			corpus/00_fontes/composicoes_de_admissao_universitaria.tsv	4.0	2.5	4.0	5.0	4.0	2.0	21.5	21.5	0.0
35892_human_high	35892	human	human_high	high	False		human		corpus/01_composicoes/maiores_notas/35892.txt		35892 (0513-018).txt			corpus/00_fontes/composicoes_de_admissao_universitaria.tsv	4.0	4.0	3.5	4.0	2.0	4.0	21.5	21.5	0.0
35934_human_high	35934	human	human_high	high	False		human		corpus/01_composicoes/maiores_notas/35934.txt		35934 (0481-021).txt			corpus/00_fontes/composicoes_de_admissao_universitaria.tsv	3.0	3.0	4.0	4.5	3.0	4.0	21.5	21.5	0.0
36330_human_high	36330	human	human_high	high	False		human		corpus/01_composicoes/maiores_notas/36330.txt		36330 (0472-010).txt			corpus/00_fontes/composicoes_de_admissao_universitaria.tsv	3.5	3.5	3.0	4.5	3.5	3.5	21.5	21.5	0.0
36436_human_high	36436	human	human_high	high	False		human		corpus/01_composicoes/maiores_notas/36436.txt		36436 (0482-003).txt			corpus/00_fontes/composicoes_de_admissao_universitaria.tsv	4.5	3.5	3.5	3.0	3.0	4.0	21.5	21.5	0.0
36515_human_high	36515	human	human_high	high	False		human		corpus/01_composicoes/maiores_notas/36515.txt		36515 (0476-001).txt			corpus/00_fontes/composicoes_de_admissao_universitaria.tsv	3.0	2.5	3.5	5.0	4.0	3.5	21.5	21.5	0.0
36822_human_high	36822	human	human_high	high	False		human		corpus/01_composicoes/maiores_notas/36822.txt		36822 (0404-015).txt			corpus/00_fontes/composicoes_de_admissao_universitaria.tsv	3.5	4.0	4.0	2.0	4.0	4.0	21.5	21.5	0.0
37102_human_high	37102	human	human_high	high	False		human		corpus/01_composicoes/maiores_notas/37102.txt		37102 (0454-014).txt			corpus/00_fontes/composicoes_de_admissao_universitaria.tsv	4.0	2.0	3.5	4.0	4.0	4.0	21.5	21.5	0.0
37376_human_high	37376	human	human_high	high	False		human		corpus/01_composicoes/maiores_notas/37376.txt		37376 (0406-019).txt			corpus/00_fontes/composicoes_de_admissao_universitaria.tsv	3.0	2.5	2.5	5.0	4.5	4.0	21.5	21.5	0.0
37687_human_high	37687	human	human_high	high	False		human		corpus/01_composicoes/maiores_notas/37687.txt		37687 (0473-029).txt			corpus/00_fontes/composicoes_de_admissao_universitaria.tsv	3.0	4.0	4.0	3.5	3.0	4.0	21.5	21.5	0.0
38392_human_high	38392	human	human_high	high	False		human		corpus/01_composicoes/maiores_notas/38392.txt		38392 (0521-005).txt			corpus/00_fontes/composicoes_de_admissao_universitaria.tsv	4.0	3.5	4.0	3.0	3.5	3.5	21.5	21.5	0.0
38437_human_high	38437	human	human_high	high	False		human		corpus/01_composicoes/maiores_notas/38437.txt		38437 (0495-008).txt			corpus/00_fontes/composicoes_de_admissao_universitaria.tsv	2.0	3.0	4.0	4.5	4.5	3.5	21.5	21.5	0.0
39650_human_high	39650	human	human_high	high	False		human		corpus/01_composicoes/maiores_notas/39650.txt		39650 (0476-031).txt			corpus/00_fontes/composicoes_de_admissao_universitaria.tsv	3.0	3.0	3.5	4.5	4.5	3.0	21.5	21.5	0.0
39715_human_high	39715	human	human_high	high	False		human		corpus/01_composicoes/maiores_notas/39715.txt		39715 (0435-013).txt			corpus/00_fontes/composicoes_de_admissao_universitaria.tsv	3.5	4.0	3.0	3.0	4.5	3.5	21.5	21.5	0.0
40297_human_high	40297	human	human_high	high	False		human		corpus/01_composicoes/maiores_notas/40297.txt		40297 (0402-031).txt			corpus/00_fontes/composicoes_de_admissao_universitaria.tsv	4.5	2.0	2.5	3.5	4.5	4.5	21.5	21.5	0.0
40615_human_high	40615	human	human_high	high	False		human		corpus/01_composicoes/maiores_notas/40615.txt		40615 (0464-010).txt			corpus/00_fontes/composicoes_de_admissao_universitaria.tsv	3.5	3.0	4.0	4.0	4.0	3.0	21.5	21.5	0.0
40943_human_high	40943	human	human_high	high	False		human		corpus/01_composicoes/maiores_notas/40943.txt		40943 (0480-033).txt			corpus/00_fontes/composicoes_de_admissao_universitaria.tsv	4.0	4.0	3.5	2.5	3.0	4.5	21.5	21.5	0.0
33879_human_high	33879	human	human_high	high	False		human		corpus/01_composicoes/maiores_notas/33879.txt		33879 (0521-029).txt			corpus/00_fontes/composicoes_de_admissao_universitaria.tsv	3.5	4.0	3.5	2.5	3.5	4.0	21.0	21.0	0.0
34281_human_high	34281	human	human_high	high	False		human		corpus/01_composicoes/maiores_notas/34281.txt		34281 (0495-034).txt			corpus/00_fontes/composicoes_de_admissao_universitaria.tsv	3.0	3.0	4.0	4.0	4.0	3.0	21.0	21.0	0.0
34652_human_high	34652	human	human_high	high	False		human		corpus/01_composicoes/maiores_notas/34652.txt		34652 (0511-011).txt			corpus/00_fontes/composicoes_de_admissao_universitaria.tsv	3.5	4.0	3.5	3.5	3.0	3.5	21.0	21.0	0.0
34994_human_high	34994	human	human_high	high	False		human		corpus/01_composicoes/maiores_notas/34994.txt		34994 (0490-028).txt			corpus/00_fontes/composicoes_de_admissao_universitaria.tsv	3.0	2.0	3.0	4.0	4.5	4.5	21.0	21.0	0.0
35053_human_high	35053	human	human_high	high	False		human		corpus/01_composicoes/maiores_notas/35053.txt		35053 (0467-013).txt			corpus/00_fontes/composicoes_de_admissao_universitaria.tsv	3.5	3.5	3.5	4.0	4.0	2.5	21.0	21.0	0.0
35121_human_high	35121	human	human_high	high	False		human		corpus/01_composicoes/maiores_notas/35121.txt		35121 (0528-022).txt			corpus/00_fontes/composicoes_de_admissao_universitaria.tsv	4.0	3.5	2.5	4.0	3.0	4.0	21.0	21.0	0.0
35865_human_high	35865	human	human_high	high	False		human		corpus/01_composicoes/maiores_notas/35865.txt		35865 (0517-008).txt			corpus/00_fontes/composicoes_de_admissao_universitaria.tsv	4.0	4.0	4.0	3.0	2.0	4.0	21.0	21.0	0.0
36068_human_high	36068	human	human_high	high	False		human		corpus/01_composicoes/maiores_notas/36068.txt		36068 (0492-005).txt			corpus/00_fontes/composicoes_de_admissao_universitaria.tsv	3.0	3.0	4.0	4.0	3.0	4.0	21.0	21.0	0.0
36503_human_high	36503	human	human_high	high	False		human		corpus/01_composicoes/maiores_notas/36503.txt		36503 (0517-022).txt			corpus/00_fontes/composicoes_de_admissao_universitaria.tsv	3.5	4.0	4.0	3.5	2.0	4.0	21.0	21.0	0.0
36532_human_high	36532	human	human_high	high	False		human		corpus/01_composicoes/maiores_notas/36532.txt		36532 (0460-008).txt			corpus/00_fontes/composicoes_de_admissao_universitaria.tsv	3.0	3.0	3.0	4.0	4.0	4.0	21.0	21.0	0.0
36937_human_high	36937	human	human_high	high	False		human		corpus/01_composicoes/maiores_notas/36937.txt		36937 (0510-018).txt			corpus/00_fontes/composicoes_de_admissao_universitaria.tsv	3.5	3.0	4.0	2.5	4.0	4.0	21.0	21.0	0.0
37015_human_high	37015	human	human_high	high	False		human		corpus/01_composicoes/maiores_notas/37015.txt		37015 (0454-012).txt			corpus/00_fontes/composicoes_de_admissao_universitaria.tsv	4.0	4.0	3.0	4.0	3.0	3.0	21.0	21.0	0.0
37126_human_high	37126	human	human_high	high	False		human		corpus/01_composicoes/maiores_notas/37126.txt		37126 (0417-021).txt			corpus/00_fontes/composicoes_de_admissao_universitaria.tsv	3.5	3.0	2.5	4.0	4.0	4.0	21.0	21.0	0.0
37362_human_high	37362	human	human_high	high	False		human		corpus/01_composicoes/maiores_notas/37362.txt		37362 (0510-017).txt			corpus/00_fontes/composicoes_de_admissao_universitaria.tsv	3.5	4.0	3.0	2.5	4.5	3.5	21.0	21.0	0.0
37480_human_high	37480	human	human_high	high	False		human		corpus/01_composicoes/maiores_notas/37480.txt		37480 (0417-030).txt			corpus/00_fontes/composicoes_de_admissao_universitaria.tsv	4.0	3.5	4.0	3.0	3.0	3.5	21.0	21.0	0.0
37662_human_high	37662	human	human_high	high	False		human		corpus/01_composicoes/maiores_notas/37662.txt		37662 (0483-003).txt			corpus/00_fontes/composicoes_de_admissao_universitaria.tsv	3.0	3.0	4.0	4.0	3.0	4.0	21.0	21.0	0.0
38406_human_high	38406	human	human_high	high	False		human		corpus/01_composicoes/maiores_notas/38406.txt		38406 (0457-026).txt			corpus/00_fontes/composicoes_de_admissao_universitaria.tsv	3.0	2.5	3.5	4.5	4.5	3.0	21.0	21.0	0.0
38641_human_high	38641	human	human_high	high	False		human		corpus/01_composicoes/maiores_notas/38641.txt		38641 (0517-005).txt			corpus/00_fontes/composicoes_de_admissao_universitaria.tsv	2.5	3.5	4.0	4.5	2.5	4.0	21.0	21.0	0.0
38845_human_high	38845	human	human_high	high	False		human		corpus/01_composicoes/maiores_notas/38845.txt		38845 (0414-014).txt			corpus/00_fontes/composicoes_de_admissao_universitaria.tsv	4.0	1.5	4.5	2.5	4.0	4.5	21.0	21.0	0.0
38848_human_high	38848	human	human_high	high	False		human		corpus/01_composicoes/maiores_notas/38848.txt		38848 (0414-015).txt			corpus/00_fontes/composicoes_de_admissao_universitaria.tsv	4.0	5.0	4.0	3.0	2.0	3.0	21.0	21.0	0.0
40013_human_high	40013	human	human_high	high	False		human		corpus/01_composicoes/maiores_notas/40013.txt		40013 (0472-001).txt			corpus/00_fontes/composicoes_de_admissao_universitaria.tsv	3.5	4.0	3.5	3.5	3.0	3.5	21.0	21.0	0.0
40975_human_high	40975	human	human_high	high	False		human		corpus/01_composicoes/maiores_notas/40975.txt		40975 (0521-015).txt			corpus/00_fontes/composicoes_de_admissao_universitaria.tsv	3.0	3.5	3.5	3.0	4.0	4.0	21.0	21.0	0.0
45059_human_high	45059	human	human_high	high	False		human		corpus/01_composicoes/maiores_notas/45059.txt		45059 (0422-029).txt			corpus/00_fontes/composicoes_de_admissao_universitaria.tsv	3.0	1.5	4.0	4.5	4.5	3.5	21.0	21.0	0.0
45169_human_high	45169	human	human_high	high	False		human		corpus/01_composicoes/maiores_notas/45169.txt		45169 (0489-022).txt			corpus/00_fontes/composicoes_de_admissao_universitaria.tsv	3.0	2.0	3.5	5.0	4.0	3.5	21.0	21.0	0.0
45279_human_high	45279	human	human_high	high	False		human		corpus/01_composicoes/maiores_notas/45279.txt		45279 (0521-018).txt			corpus/00_fontes/composicoes_de_admissao_universitaria.tsv	3.5	3.5	3.5	2.5	4.0	4.0	21.0	21.0	0.0
46321_human_high	46321	human	human_high	high	False		human		corpus/01_composicoes/maiores_notas/46321.txt		46321 (0443-019).txt			corpus/00_fontes/composicoes_de_admissao_universitaria.tsv	2.5	3.0	3.0	5.0	3.5	4.0	21.0	21.0	0.0
33669_human_high	33669	human	human_high	high	False		human		corpus/01_composicoes/maiores_notas/33669.txt		33669 (0477-015).txt			corpus/00_fontes/composicoes_de_admissao_universitaria.tsv	3.0	3.0	3.5	4.0	4.0	3.0	20.5	20.5	0.0
33999_human_high	33999	human	human_high	high	False		human		corpus/01_composicoes/maiores_notas/33999.txt		33999 (0510-015).txt			corpus/00_fontes/composicoes_de_admissao_universitaria.tsv	3.0	3.0	3.5	3.0	4.5	3.5	20.5	20.5	0.0
34353_human_high	34353	human	human_high	high	False		human		corpus/01_composicoes/maiores_notas/34353.txt		34353 (0416-026).txt			corpus/00_fontes/composicoes_de_admissao_universitaria.tsv	2.5	2.5	4.0	4.5	4.5	2.5	20.5	20.5	0.0
35077_human_high	35077	human	human_high	high	False		human		corpus/01_composicoes/maiores_notas/35077.txt		35077 (0491-011).txt			corpus/00_fontes/composicoes_de_admissao_universitaria.tsv	3.0	4.0	3.5	3.5	3.0	3.5	20.5	20.5	0.0
35464_human_high	35464	human	human_high	high	False		human		corpus/01_composicoes/maiores_notas/35464.txt		35464 (0484-001).txt			corpus/00_fontes/composicoes_de_admissao_universitaria.tsv	4.0	3.0	3.5	4.0	2.0	4.0	20.5	20.5	0.0
35750_human_high	35750	human	human_high	high	False		human		corpus/01_composicoes/maiores_notas/35750.txt		35750 (0421-016).txt			corpus/00_fontes/composicoes_de_admissao_universitaria.tsv	3.0	3.0	4.0	4.0	3.0	3.5	20.5	20.5	0.0
35928_human_high	35928	human	human_high	high	False		human		corpus/01_composicoes/maiores_notas/35928.txt		35928 (0400-028).txt			corpus/00_fontes/composicoes_de_admissao_universitaria.tsv	4.0	4.0	3.5	3.0	2.5	3.5	20.5	20.5	0.0
36006_human_high	36006	human	human_high	high	False		human		corpus/01_composicoes/maiores_notas/36006.txt		36006 (0423-010).txt			corpus/00_fontes/composicoes_de_admissao_universitaria.tsv	3.5	1.5	4.0	4.5	4.0	3.0	20.5	20.5	0.0
36064_human_high	36064	human	human_high	high	False		human		corpus/01_composicoes/maiores_notas/36064.txt		36064 (0513-001).txt			corpus/00_fontes/composicoes_de_admissao_universitaria.tsv	3.5	4.0	3.5	3.5	2.0	4.0	20.5	20.5	0.0
36691_human_high	36691	human	human_high	high	False		human		corpus/01_composicoes/maiores_notas/36691.txt		36691 (0498-019).txt			corpus/00_fontes/composicoes_de_admissao_universitaria.tsv	3.0	3.0	3.0	4.0	4.0	3.5	20.5	20.5	0.0
36707_human_high	36707	human	human_high	high	False		human		corpus/01_composicoes/maiores_notas/36707.txt		36707 (0489-015).txt			corpus/00_fontes/composicoes_de_admissao_universitaria.tsv	3.0	3.0	3.5	3.5	4.0	3.5	20.5	20.5	0.0
36743_human_high	36743	human	human_high	high	False		human		corpus/01_composicoes/maiores_notas/36743.txt		36743 (0475-017).txt			corpus/00_fontes/composicoes_de_admissao_universitaria.tsv	3.0	3.0	3.5	4.0	4.0	3.0	20.5	20.5	0.0
36782_human_high	36782	human	human_high	high	False		human		corpus/01_composicoes/maiores_notas/36782.txt		36782 (0455-014).txt			corpus/00_fontes/composicoes_de_admissao_universitaria.tsv	3.0	3.0	3.0	4.0	3.5	4.0	20.5	20.5	0.0
36845_human_high	36845	human	human_high	high	False		human		corpus/01_composicoes/maiores_notas/36845.txt		36845 (0509-012).txt			corpus/00_fontes/composicoes_de_admissao_universitaria.tsv	2.5	2.5	4.0	4.5	4.5	2.5	20.5	20.5	0.0
36945_human_high	36945	human	human_high	high	False		human		corpus/01_composicoes/maiores_notas/36945.txt		36945 (0512-011).txt			corpus/00_fontes/composicoes_de_admissao_universitaria.tsv	3.5	2.0	3.5	5.0	4.0	2.5	20.5	20.5	0.0
37655_human_high	37655	human	human_high	high	False		human		corpus/01_composicoes/maiores_notas/37655.txt		37655 (0414-020).txt			corpus/00_fontes/composicoes_de_admissao_universitaria.tsv	4.5	4.5	4.0	0.5	3.0	4.0	20.5	20.5	0.0
38020_human_high	38020	human	human_high	high	False		human		corpus/01_composicoes/maiores_notas/38020.txt		38020 (0464-016).txt			corpus/00_fontes/composicoes_de_admissao_universitaria.tsv	3.0	3.0	3.5	4.0	3.5	3.5	20.5	20.5	0.0
38080_human_high	38080	human	human_high	high	False		human		corpus/01_composicoes/maiores_notas/38080.txt		38080 (0512-013).txt			corpus/00_fontes/composicoes_de_admissao_universitaria.tsv	3.5	2.5	3.5	4.0	4.0	3.0	20.5	20.5	0.0
38236_human_high	38236	human	human_high	high	False		human		corpus/01_composicoes/maiores_notas/38236.txt		38236 (0455-012).txt			corpus/00_fontes/composicoes_de_admissao_universitaria.tsv	3.5	2.0	3.5	4.0	4.0	3.5	20.5	20.5	0.0
38784_human_high	38784	human	human_high	high	False		human		corpus/01_composicoes/maiores_notas/38784.txt		38784 (0457-022).txt			corpus/00_fontes/composicoes_de_admissao_universitaria.tsv	3.0	3.0	2.5	4.5	4.5	3.0	20.5	20.5	0.0
39131_human_high	39131	human	human_high	high	False		human		corpus/01_composicoes/maiores_notas/39131.txt		39131 (0479-013).txt			corpus/00_fontes/composicoes_de_admissao_universitaria.tsv	3.0	3.0	3.5	4.0	4.0	3.0	20.5	20.5	0.0
39635_human_high	39635	human	human_high	high	False		human		corpus/01_composicoes/maiores_notas/39635.txt		39635 (0496-010).txt			corpus/00_fontes/composicoes_de_admissao_universitaria.tsv	2.5	2.5	4.5	5.0	3.0	3.0	20.5	20.5	0.0
39684_human_high	39684	human	human_high	high	False		human		corpus/01_composicoes/maiores_notas/39684.txt		39684 (0502-015).txt			corpus/00_fontes/composicoes_de_admissao_universitaria.tsv	3.5	4.5	3.5	3.0	3.5	2.5	20.5	20.5	0.0
39810_human_high	39810	human	human_high	high	False		human		corpus/01_composicoes/maiores_notas/39810.txt		39810 (0510-004).txt			corpus/00_fontes/composicoes_de_admissao_universitaria.tsv	3.5	3.0	3.5	2.5	4.0	4.0	20.5	20.5	0.0
40004_human_high	40004	human	human_high	high	False		human		corpus/01_composicoes/maiores_notas/40004.txt		40004 (0414-040).txt			corpus/00_fontes/composicoes_de_admissao_universitaria.tsv	3.0	2.0	4.0	4.5	2.0	5.0	20.5	20.5	0.0
40130_human_high	40130	human	human_high	high	False		human		corpus/01_composicoes/maiores_notas/40130.txt		40130 (0469-006).txt			corpus/00_fontes/composicoes_de_admissao_universitaria.tsv	3.5	3.5	3.5	3.5	3.5	3.0	20.5	20.5	0.0
40449_human_high	40449	human	human_high	high	False		human		corpus/01_composicoes/maiores_notas/40449.txt		40449 (0455-007).txt			corpus/00_fontes/composicoes_de_admissao_universitaria.tsv	3.5	3.5	3.5	4.0	2.5	3.5	20.5	20.5	0.0
40697_human_high	40697	human	human_high	high	False		human		corpus/01_composicoes/maiores_notas/40697.txt		40697 (0456-013).txt			corpus/00_fontes/composicoes_de_admissao_universitaria.tsv	3.5	3.5	3.5	3.0	3.5	3.5	20.5	20.5	0.0
41088_human_high	41088	human	human_high	high	False		human		corpus/01_composicoes/maiores_notas/41088.txt		41088 (0432-012).txt			corpus/00_fontes/composicoes_de_admissao_universitaria.tsv	3.5	4.0	3.5	3.0	3.0	3.5	20.5	20.5	0.0
45576_human_high	45576	human	human_high	high	False		human		corpus/01_composicoes/maiores_notas/45576.txt		45576 (0456-011).txt			corpus/00_fontes/composicoes_de_admissao_universitaria.tsv	3.5	3.5	3.5	2.5	4.0	3.5	20.5	20.5	0.0
46771_human_high	46771	human	human_high	high	False		human		corpus/01_composicoes/maiores_notas/46771.txt		46771 (0519-007).txt			corpus/00_fontes/composicoes_de_admissao_universitaria.tsv	3.0	2.0	3.5	4.5	4.5	3.0	20.5	20.5	0.0
32875_human_high	32875	human	human_high	high	False		human		corpus/01_composicoes/maiores_notas/32875.txt		32875 (0413-027).txt			corpus/00_fontes/composicoes_de_admissao_universitaria.tsv	4.0	3.5	4.5	3.0	2.0	3.0	20.0	20.0	0.0
33083_human_high	33083	human	human_high	high	False		human		corpus/01_composicoes/maiores_notas/33083.txt		33083_(0496-015).txt			corpus/00_fontes/composicoes_de_admissao_universitaria.tsv	2.5	2.5	3.5	4.5	3.5	3.5	20.0	20.0	0.0
33228_human_high	33228	human	human_high	high	False		human		corpus/01_composicoes/maiores_notas/33228.txt		33228 (0509-018).txt			corpus/00_fontes/composicoes_de_admissao_universitaria.tsv	2.5	3.0	3.5	4.0	4.0	3.0	20.0	20.0	0.0
33849_human_high	33849	human	human_high	high	False		human		corpus/01_composicoes/maiores_notas/33849.txt		33849 (0416-012).txt			corpus/00_fontes/composicoes_de_admissao_universitaria.tsv	3.5	2.5	4.0	3.0	3.0	4.0	20.0	20.0	0.0
34032_human_high	34032	human	human_high	high	False		human		corpus/01_composicoes/maiores_notas/34032.txt		34032 (0500-003).txt			corpus/00_fontes/composicoes_de_admissao_universitaria.tsv	3.0	3.0	3.0	4.5	3.5	3.0	20.0	20.0	0.0
34116_human_high	34116	human	human_high	high	False		human		corpus/01_composicoes/maiores_notas/34116.txt		34116 (0506-037).txt			corpus/00_fontes/composicoes_de_admissao_universitaria.tsv	2.5	2.5	3.5	4.0	4.0	3.5	20.0	20.0	0.0
34419_human_high	34419	human	human_high	high	False		human		corpus/01_composicoes/maiores_notas/34419.txt		34419 (0521-040)_corrigido.txt			corpus/00_fontes/composicoes_de_admissao_universitaria.tsv	3.0	3.0	3.5	3.0	3.5	4.0	20.0	20.0	0.0
34511_human_high	34511	human	human_high	high	False		human		corpus/01_composicoes/maiores_notas/34511.txt		34511 (0415-015).txt			corpus/00_fontes/composicoes_de_admissao_universitaria.tsv	3.5	3.5	4.0	3.5	2.0	3.5	20.0	20.0	0.0
34675_human_high	34675	human	human_high	high	False		human		corpus/01_composicoes/maiores_notas/34675.txt		34675 (0455-030).txt			corpus/00_fontes/composicoes_de_admissao_universitaria.tsv	3.0	3.5	3.5	3.5	3.5	3.0	20.0	20.0	0.0
34802_human_high	34802	human	human_high	high	False		human		corpus/01_composicoes/maiores_notas/34802.txt		34802 (0513-012).txt			corpus/00_fontes/composicoes_de_admissao_universitaria.tsv	3.0	2.5	3.0	4.0	4.0	3.5	20.0	20.0	0.0
35125_human_high	35125	human	human_high	high	False		human		corpus/01_composicoes/maiores_notas/35125.txt		35125 (0491-003).txt			corpus/00_fontes/composicoes_de_admissao_universitaria.tsv	3.0	2.0	3.5	4.0	3.5	4.0	20.0	20.0	0.0
35451_human_high	35451	human	human_high	high	False		human		corpus/01_composicoes/maiores_notas/35451.txt		35451 (0522-021).txt			corpus/00_fontes/composicoes_de_admissao_universitaria.tsv	3.0	3.0	3.0	4.0	4.0	3.0	20.0	20.0	0.0
35496_human_high	35496	human	human_high	high	False		human		corpus/01_composicoes/maiores_notas/35496.txt		35496 (0476-002).txt			corpus/00_fontes/composicoes_de_admissao_universitaria.tsv	3.0	3.0	4.0	3.0	3.0	4.0	20.0	20.0	0.0
35647_human_high	35647	human	human_high	high	False		human		corpus/01_composicoes/maiores_notas/35647.txt		35647 (0455-040).txt			corpus/00_fontes/composicoes_de_admissao_universitaria.tsv	3.0	3.0	3.0	4.0	4.0	3.0	20.0	20.0	0.0
35867_human_high	35867	human	human_high	high	False		human		corpus/01_composicoes/maiores_notas/35867.txt		35867 (0419-017).txt			corpus/00_fontes/composicoes_de_admissao_universitaria.tsv	3.0	3.0	2.5	4.0	4.0	3.5	20.0	20.0	0.0
36214_human_high	36214	human	human_high	high	False		human		corpus/01_composicoes/maiores_notas/36214.txt		36214 (0516-003).txt			corpus/00_fontes/composicoes_de_admissao_universitaria.tsv	4.0	2.5	2.5	4.0	2.5	4.5	20.0	20.0	0.0
36260_human_high	36260	human	human_high	high	False		human		corpus/01_composicoes/maiores_notas/36260.txt		36260 (0518-004).txt			corpus/00_fontes/composicoes_de_admissao_universitaria.tsv	3.0	3.0	4.0	3.0	3.5	3.5	20.0	20.0	0.0
36261_human_high	36261	human	human_high	high	False		human		corpus/01_composicoes/maiores_notas/36261.txt		36261 (0456-006).txt			corpus/00_fontes/composicoes_de_admissao_universitaria.tsv	3.0	3.0	3.0	4.0	4.0	3.0	20.0	20.0	0.0
36494_human_high	36494	human	human_high	high	False		human		corpus/01_composicoes/maiores_notas/36494.txt		36494 (0510-011).txt			corpus/00_fontes/composicoes_de_admissao_universitaria.tsv	3.0	3.0	4.0	3.0	3.5	3.5	20.0	20.0	0.0
36626_human_high	36626	human	human_high	high	False		human		corpus/01_composicoes/maiores_notas/36626.txt		36626 (0487-018).txt			corpus/00_fontes/composicoes_de_admissao_universitaria.tsv	3.5	3.0	3.0	4.0	3.0	3.5	20.0	20.0	0.0
36777_human_high	36777	human	human_high	high	False		human		corpus/01_composicoes/maiores_notas/36777.txt		36777 (0454-018).txt			corpus/00_fontes/composicoes_de_admissao_universitaria.tsv	3.5	1.5	4.0	5.0	3.0	3.0	20.0	20.0	0.0
36862_human_high	36862	human	human_high	high	False		human		corpus/01_composicoes/maiores_notas/36862.txt		36862 (0483-035).txt			corpus/00_fontes/composicoes_de_admissao_universitaria.tsv	3.0	3.0	4.0	4.0	3.0	3.0	20.0	20.0	0.0
36988_human_high	36988	human	human_high	high	False		human		corpus/01_composicoes/maiores_notas/36988.txt		36988 (0488-014).txt			corpus/00_fontes/composicoes_de_admissao_universitaria.tsv	3.0	3.0	3.5	3.5	4.0	3.0	20.0	20.0	0.0
37284_human_high	37284	human	human_high	high	False		human		corpus/01_composicoes/maiores_notas/37284.txt		37284 (0526-028).txt			corpus/00_fontes/composicoes_de_admissao_universitaria.tsv	3.0	4.0	3.0	4.0	4.0	2.0	20.0	20.0	0.0
37386_human_high	37386	human	human_high	high	False		human		corpus/01_composicoes/maiores_notas/37386.txt		37386 (0482-015).txt			corpus/00_fontes/composicoes_de_admissao_universitaria.tsv	4.0	3.5	3.0	4.0	2.0	3.5	20.0	20.0	0.0
37753_human_high	37753	human	human_high	high	False		human		corpus/01_composicoes/maiores_notas/37753.txt		37753 (0526-022).txt			corpus/00_fontes/composicoes_de_admissao_universitaria.tsv	3.0	3.0	3.0	4.0	3.0	4.0	20.0	20.0	0.0
37801_human_high	37801	human	human_high	high	False		human		corpus/01_composicoes/maiores_notas/37801.txt		37801 (0507-021).txt			corpus/00_fontes/composicoes_de_admissao_universitaria.tsv	3.0	3.0	3.5	3.5	4.0	3.0	20.0	20.0	0.0
37817_human_high	37817	human	human_high	high	False		human		corpus/01_composicoes/maiores_notas/37817.txt		37817 (0507-009).txt			corpus/00_fontes/composicoes_de_admissao_universitaria.tsv	4.0	4.0	4.0	0.0	4.0	4.0	20.0	20.0	0.0
37922_human_high	37922	human	human_high	high	False		human		corpus/01_composicoes/maiores_notas/37922.txt		37922 (0487-025).txt			corpus/00_fontes/composicoes_de_admissao_universitaria.tsv	4.0	3.0	3.5	3.0	2.5	4.0	20.0	20.0	0.0
38367_human_high	38367	human	human_high	high	False		human		corpus/01_composicoes/maiores_notas/38367.txt		38367 (0485-004).txt			corpus/00_fontes/composicoes_de_admissao_universitaria.tsv	3.0	3.0	4.0	3.0	4.0	3.0	20.0	20.0	0.0
38562_human_high	38562	human	human_high	high	False		human		corpus/01_composicoes/maiores_notas/38562.txt		38562 (0416-027).txt			corpus/00_fontes/composicoes_de_admissao_universitaria.tsv	3.0	1.5	3.5	5.0	3.0	4.0	20.0	20.0	0.0
38612_human_high	38612	human	human_high	high	False		human		corpus/01_composicoes/maiores_notas/38612.txt		38612 (0506-029).txt			corpus/00_fontes/composicoes_de_admissao_universitaria.tsv	2.5	2.5	3.5	3.5	4.0	4.0	20.0	20.0	0.0
38672_human_high	38672	human	human_high	high	False		human		corpus/01_composicoes/maiores_notas/38672.txt		38672 (0492-021).txt			corpus/00_fontes/composicoes_de_admissao_universitaria.tsv	3.5	3.5	3.5	2.5	3.5	3.5	20.0	20.0	0.0
39108_human_high	39108	human	human_high	high	False		human		corpus/01_composicoes/maiores_notas/39108.txt		39108 (0521-028).txt			corpus/00_fontes/composicoes_de_admissao_universitaria.tsv	3.5	3.5	3.5	1.5	4.0	4.0	20.0	20.0	0.0
39227_human_high	39227	human	human_high	high	False		human		corpus/01_composicoes/maiores_notas/39227.txt		39227 (0456-005).txt			corpus/00_fontes/composicoes_de_admissao_universitaria.tsv	3.5	3.5	3.5	3.0	3.5	3.0	20.0	20.0	0.0
39663_human_high	39663	human	human_high	high	False		human		corpus/01_composicoes/maiores_notas/39663.txt		39663 (0424-019).txt			corpus/00_fontes/composicoes_de_admissao_universitaria.tsv	3.0	3.0	2.5	5.0	4.0	2.5	20.0	20.0	0.0
40289_human_high	40289	human	human_high	high	False		human		corpus/01_composicoes/maiores_notas/40289.txt		40289 (0435-005).txt			corpus/00_fontes/composicoes_de_admissao_universitaria.tsv	3.5	3.5	3.0	3.5	3.0	3.5	20.0	20.0	0.0
40710_human_high	40710	human	human_high	high	False		human		corpus/01_composicoes/maiores_notas/40710.txt		40710 (0489-016).txt			corpus/00_fontes/composicoes_de_admissao_universitaria.tsv	3.0	3.0	3.5	4.0	3.5	3.0	20.0	20.0	0.0
41022_human_high	41022	human	human_high	high	False		human		corpus/01_composicoes/maiores_notas/41022.txt		41022 (0510-002).txt			corpus/00_fontes/composicoes_de_admissao_universitaria.tsv	3.5	3.0	4.0	1.5	4.5	3.5	20.0	20.0	0.0
45015_human_high	45015	human	human_high	high	False		human		corpus/01_composicoes/maiores_notas/45015.txt		45015 (0501-009).txt			corpus/00_fontes/composicoes_de_admissao_universitaria.tsv	4.0	3.0	3.0	2.5	4.5	3.0	20.0	20.0	0.0
45081_human_high	45081	human	human_high	high	False		human		corpus/01_composicoes/maiores_notas/45081.txt		45081 (0485-025).txt			corpus/00_fontes/composicoes_de_admissao_universitaria.tsv	4.0	4.0	4.0	1.5	3.0	3.5	20.0	20.0	0.0
45186_human_high	45186	human	human_high	high	False		human		corpus/01_composicoes/maiores_notas/45186.txt		45186 (0519-021).txt			corpus/00_fontes/composicoes_de_admissao_universitaria.tsv	2.5	2.0	3.5	5.0	4.0	3.0	20.0	20.0	0.0
32757_human_high	32757	human	human_high	high	False		human		corpus/01_composicoes/maiores_notas/32757.txt		32757 (0469-024).txt			corpus/00_fontes/composicoes_de_admissao_universitaria.tsv	3.0	3.0	3.0	4.5	3.0	3.0	19.5	19.5	0.0
33914_human_high	33914	human	human_high	high	False		human		corpus/01_composicoes/maiores_notas/33914.txt		33914 (0406-029).txt			corpus/00_fontes/composicoes_de_admissao_universitaria.tsv	3.0	2.0	3.0	3.0	4.5	4.0	19.5	19.5	0.0
34175_human_high	34175	human	human_high	high	False		human		corpus/01_composicoes/maiores_notas/34175.txt		34175 (0514-037).txt			corpus/00_fontes/composicoes_de_admissao_universitaria.tsv	2.5	2.5	2.5	4.0	4.5	3.5	19.5	19.5	0.0
34381_human_high	34381	human	human_high	high	False		human		corpus/01_composicoes/maiores_notas/34381.txt		34381 (0516-005).txt			corpus/00_fontes/composicoes_de_admissao_universitaria.tsv	3.5	4.0	3.5	3.0	2.5	3.0	19.5	19.5	0.0
34461_human_high	34461	human	human_high	high	False		human		corpus/01_composicoes/maiores_notas/34461.txt		34461 (0478-014).txt			corpus/00_fontes/composicoes_de_admissao_universitaria.tsv	3.0	3.0	4.0	3.5	3.0	3.0	19.5	19.5	0.0
34832_human_high	34832	human	human_high	high	False		human		corpus/01_composicoes/maiores_notas/34832.txt		34832 (0518-014).txt			corpus/00_fontes/composicoes_de_admissao_universitaria.tsv	3.0	3.0	3.5	3.0	4.0	3.0	19.5	19.5	0.0
34875_human_high	34875	human	human_high	high	False		human		corpus/01_composicoes/maiores_notas/34875.txt		34875 (0473-031).txt			corpus/00_fontes/composicoes_de_admissao_universitaria.tsv	2.5	1.0	4.0	4.0	4.5	3.5	19.5	19.5	0.0
34967_human_high	34967	human	human_high	high	False		human		corpus/01_composicoes/maiores_notas/34967.txt		34967 (0499-029).txt			corpus/00_fontes/composicoes_de_admissao_universitaria.tsv	3.0	3.5	3.5	2.5	4.0	3.0	19.5	19.5	0.0
35126_human_high	35126	human	human_high	high	False		human		corpus/01_composicoes/maiores_notas/35126.txt		35126 (0455-019).txt			corpus/00_fontes/composicoes_de_admissao_universitaria.tsv	3.0	1.5	3.5	4.5	4.0	3.0	19.5	19.5	0.0
35378_human_high	35378	human	human_high	high	False		human		corpus/01_composicoes/maiores_notas/35378.txt		35378 (0512-039).txt			corpus/00_fontes/composicoes_de_admissao_universitaria.tsv	4.0	2.5	4.0	3.0	4.0	2.0	19.5	19.5	0.0
35482_human_high	35482	human	human_high	high	False		human		corpus/01_composicoes/maiores_notas/35482.txt		35482 (0417-022).txt			corpus/00_fontes/composicoes_de_admissao_universitaria.tsv	3.0	3.0	3.0	4.0	3.0	3.5	19.5	19.5	0.0
35542_human_high	35542	human	human_high	high	False		human		corpus/01_composicoes/maiores_notas/35542.txt		35542 (0484-010).txt			corpus/00_fontes/composicoes_de_admissao_universitaria.tsv	3.0	3.0	3.5	4.0	2.5	3.5	19.5	19.5	0.0
35734_human_high	35734	human	human_high	high	False		human		corpus/01_composicoes/maiores_notas/35734.txt		35734 (0513-006).txt			corpus/00_fontes/composicoes_de_admissao_universitaria.tsv	4.5	4.5	4.5	3.0	0.0	3.0	19.5	19.5	0.0
36245_human_high	36245	human	human_high	high	False		human		corpus/01_composicoes/maiores_notas/36245.txt		36245 (0475-025).txt			corpus/00_fontes/composicoes_de_admissao_universitaria.tsv	3.0	3.0	3.5	3.5	3.5	3.0	19.5	19.5	0.0
36385_human_high	36385	human	human_high	high	False		human		corpus/01_composicoes/maiores_notas/36385.txt		36385 (0487-006).txt			corpus/00_fontes/composicoes_de_admissao_universitaria.tsv	3.0	3.0	3.0	4.0	3.5	3.0	19.5	19.5	0.0
36442_human_high	36442	human	human_high	high	False		human		corpus/01_composicoes/maiores_notas/36442.txt		36442 (0516-028).txt			corpus/00_fontes/composicoes_de_admissao_universitaria.tsv	3.5	3.0	2.5	4.0	2.5	4.0	19.5	19.5	0.0
36577_human_high	36577	human	human_high	high	False		human		corpus/01_composicoes/maiores_notas/36577.txt		36577 (0495-028).txt			corpus/00_fontes/composicoes_de_admissao_universitaria.tsv	2.5	2.5	3.5	4.5	3.5	3.0	19.5	19.5	0.0
36769_human_high	36769	human	human_high	high	False		human		corpus/01_composicoes/maiores_notas/36769.txt		36769 (0417-014).txt			corpus/00_fontes/composicoes_de_admissao_universitaria.tsv	3.0	2.5	3.0	4.0	4.0	3.0	19.5	19.5	0.0
36794_human_high	36794	human	human_high	high	False		human		corpus/01_composicoes/maiores_notas/36794.txt		36794 (0471-024).txt			corpus/00_fontes/composicoes_de_admissao_universitaria.tsv	3.0	3.5	2.5	4.5	3.0	3.0	19.5	19.5	0.0
36966_human_high	36966	human	human_high	high	False		human		corpus/01_composicoes/maiores_notas/36966.txt		36966 (0517-011).txt			corpus/00_fontes/composicoes_de_admissao_universitaria.tsv	3.0	2.5	3.5	4.0	3.0	3.5	19.5	19.5	0.0
36976_human_high	36976	human	human_high	high	False		human		corpus/01_composicoes/maiores_notas/36976.txt		36976 (0413-039).txt			corpus/00_fontes/composicoes_de_admissao_universitaria.tsv	4.0	4.5	4.0	0.0	3.0	4.0	19.5	19.5	0.0
37416_human_high	37416	human	human_high	high	False		human		corpus/01_composicoes/maiores_notas/37416.txt		37416 (0453-012).txt			corpus/00_fontes/composicoes_de_admissao_universitaria.tsv	4.0	4.0	4.0	0.5	3.0	4.0	19.5	19.5	0.0
37754_human_high	37754	human	human_high	high	False		human		corpus/01_composicoes/maiores_notas/37754.txt		37754 (0460-003).txt			corpus/00_fontes/composicoes_de_admissao_universitaria.tsv	3.0	3.0	2.5	3.0	4.0	4.0	19.5	19.5	0.0
37783_human_high	37783	human	human_high	high	False		human		corpus/01_composicoes/maiores_notas/37783.txt		37783 (0417-027).txt			corpus/00_fontes/composicoes_de_admissao_universitaria.tsv	4.0	4.0	3.0	2.0	3.0	3.5	19.5	19.5	0.0
38061_human_high	38061	human	human_high	high	False		human		corpus/01_composicoes/maiores_notas/38061.txt		38061 (0416-033).txt			corpus/00_fontes/composicoes_de_admissao_universitaria.tsv	3.5	3.0	3.0	3.5	3.0	3.5	19.5	19.5	0.0
38493_human_high	38493	human	human_high	high	False		human		corpus/01_composicoes/maiores_notas/38493.txt		38493 (0503-008).txt			corpus/00_fontes/composicoes_de_admissao_universitaria.tsv	3.0	3.0	3.0	4.0	3.0	3.5	19.5	19.5	0.0
38584_human_high	38584	human	human_high	high	False		human		corpus/01_composicoes/maiores_notas/38584.txt		38584 (0402-028).txt			corpus/00_fontes/composicoes_de_admissao_universitaria.tsv	2.5	2.0	3.0	4.0	4.0	4.0	19.5	19.5	0.0
39244_human_high	39244	human	human_high	high	False		human		corpus/01_composicoes/maiores_notas/39244.txt		39244 (0467-027).txt			corpus/00_fontes/composicoes_de_admissao_universitaria.tsv	2.5	2.5	3.5	4.0	4.0	3.0	19.5	19.5	0.0
39298_human_high	39298	human	human_high	high	False		human		corpus/01_composicoes/maiores_notas/39298.txt		39298 (0469-021).txt			corpus/00_fontes/composicoes_de_admissao_universitaria.tsv	3.0	3.0	4.0	4.5	2.0	3.0	19.5	19.5	0.0
39614_human_high	39614	human	human_high	high	False		human		corpus/01_composicoes/maiores_notas/39614.txt		39614 (0477-017).txt			corpus/00_fontes/composicoes_de_admissao_universitaria.tsv	3.0	3.0	3.5	3.0	4.0	3.0	19.5	19.5	0.0
39716_human_high	39716	human	human_high	high	False		human		corpus/01_composicoes/maiores_notas/39716.txt		39716 (0461-014).txt			corpus/00_fontes/composicoes_de_admissao_universitaria.tsv	3.0	3.5	3.5	3.5	3.0	3.0	19.5	19.5	0.0
40663_human_high	40663	human	human_high	high	False		human		corpus/01_composicoes/maiores_notas/40663.txt		40663 (0523-007).txt			corpus/00_fontes/composicoes_de_admissao_universitaria.tsv	4.0	2.5	4.0	3.0	3.0	3.0	19.5	19.5	0.0
41023_human_high	41023	human	human_high	high	False		human		corpus/01_composicoes/maiores_notas/41023.txt		41023 (0455-016).txt			corpus/00_fontes/composicoes_de_admissao_universitaria.tsv	3.0	3.5	4.0	2.5	2.5	4.0	19.5	19.5	0.0
46479_human_high	46479	human	human_high	high	False		human		corpus/01_composicoes/maiores_notas/46479.txt		46479 (0514-039).txt			corpus/00_fontes/composicoes_de_admissao_universitaria.tsv	3.0	3.0	3.0	3.5	4.0	3.0	19.5	19.5	0.0
46998_human_high	46998	human	human_high	high	False		human		corpus/01_composicoes/maiores_notas/46998.txt		46998 (0507-048).txt			corpus/00_fontes/composicoes_de_admissao_universitaria.tsv	3.5	4.0	3.0	3.0	2.0	4.0	19.5	19.5	0.0
47002_human_high	47002	human	human_high	high	False		human		corpus/01_composicoes/maiores_notas/47002.txt		47002 (0520-020).txt			corpus/00_fontes/composicoes_de_admissao_universitaria.tsv	2.5	2.5	3.5	4.0	4.0	3.0	19.5	19.5	0.0
47099_human_high	47099	human	human_high	high	False		human		corpus/01_composicoes/maiores_notas/47099.txt		47099 (0473-020).txt			corpus/00_fontes/composicoes_de_admissao_universitaria.tsv	3.0	3.5	2.5	4.0	3.0	3.5	19.5	19.5	0.0
33383_human_high	33383	human	human_high	high	False		human		corpus/01_composicoes/maiores_notas/33383.txt		33383 (0438-006).txt			corpus/00_fontes/composicoes_de_admissao_universitaria.tsv	3.0	3.0	3.5	2.5	4.0	3.0	19.0	19.0	0.0
33975_human_high	33975	human	human_high	high	False		human		corpus/01_composicoes/maiores_notas/33975.txt		33975 (0482-028).txt			corpus/00_fontes/composicoes_de_admissao_universitaria.tsv	3.0	2.5	3.0	5.0	3.0	2.5	19.0	19.0	0.0
33978_human_high	33978	human	human_high	high	False		human		corpus/01_composicoes/maiores_notas/33978.txt		33978 (0516-031).txt			corpus/00_fontes/composicoes_de_admissao_universitaria.tsv	3.5	3.5	4.0	1.0	4.0	3.0	19.0	19.0	0.0
34050_human_high	34050	human	human_high	high	False		human		corpus/01_composicoes/maiores_notas/34050.txt		34050 (0482-008).txt			corpus/00_fontes/composicoes_de_admissao_universitaria.tsv	3.5	3.5	3.0	3.5	2.0	3.5	19.0	19.0	0.0
34086_human_high	34086	human	human_high	high	False		human		corpus/01_composicoes/maiores_notas/34086.txt		34086 (0469-004).txt			corpus/00_fontes/composicoes_de_admissao_universitaria.tsv	3.0	3.0	3.5	4.0	2.5	3.0	19.0	19.0	0.0
34356_human_low	34356	human	human_low	low	False		human		corpus/01_composicoes/menores_notas/34356.txt		34356 (0528-002).txt			corpus/00_fontes/composicoes_de_admissao_universitaria.tsv	0.0	0.0	0.0	0.0	0.0	0.0	0.0	0.0	0.0
35071_human_low	35071	human	human_low	low	False		human		corpus/01_composicoes/menores_notas/35071.txt		35071 (0483-004).txt			corpus/00_fontes/composicoes_de_admissao_universitaria.tsv	0.0	0.0	0.0	0.0	0.0	0.0	0.0	0.0	0.0
35217_human_low	35217	human	human_low	low	False		human		corpus/01_composicoes/menores_notas/35217.txt		35217 (0435-018).txt			corpus/00_fontes/composicoes_de_admissao_universitaria.tsv	0.0	0.0	0.0	0.0	0.0	0.0	0.0	0.0	0.0
37999_human_low	37999	human	human_low	low	False		human		corpus/01_composicoes/menores_notas/37999.txt		37999 (0401-002).txt			corpus/00_fontes/composicoes_de_admissao_universitaria.tsv	0.0	0.0	0.0	0.0	0.0	0.0	0.0	0.0	0.0
38172_human_low	38172	human	human_low	low	False		human		corpus/01_composicoes/menores_notas/38172.txt		38172 (0446-005).txt			corpus/00_fontes/composicoes_de_admissao_universitaria.tsv	0.0	0.0	0.0	0.0	0.0	0.0	0.0	0.0	0.0
38677_human_low	38677	human	human_low	low	False		human		corpus/01_composicoes/menores_notas/38677.txt		38677 (0401-015).txt			corpus/00_fontes/composicoes_de_admissao_universitaria.tsv	0.0	0.0	0.0	0.0	0.0	0.0	0.0	0.0	0.0
39124_human_low	39124	human	human_low	low	False		human		corpus/01_composicoes/menores_notas/39124.txt		39124 (0429-013).txt			corpus/00_fontes/composicoes_de_admissao_universitaria.tsv	0.0	0.0	0.0	0.0	0.0	0.0	0.0	0.0	0.0
40426_human_low	40426	human	human_low	low	False		human		corpus/01_composicoes/menores_notas/40426.txt		40426 (0469-032).txt			corpus/00_fontes/composicoes_de_admissao_universitaria.tsv	0.0	0.0	0.0	0.0	0.0	0.0	0.0	0.0	0.0
46743_human_low	46743	human	human_low	low	False		human		corpus/01_composicoes/menores_notas/46743.txt		46743 (0495-027).txt			corpus/00_fontes/composicoes_de_admissao_universitaria.tsv	0.0	0.0	0.0	0.0	0.0	0.0	0.0	0.0	0.0
40929_human_low	40929	human	human_low	low	False		human		corpus/01_composicoes/menores_notas/40929.txt		40929 (0483-021).txt			corpus/00_fontes/composicoes_de_admissao_universitaria.tsv	0.5	0.5	0.5	0.5	0.5	0.5	3.0	3.0	0.0
37224_human_low	37224	human	human_low	low	False		human		corpus/01_composicoes/menores_notas/37224.txt		37224 (0524-002).txt			corpus/00_fontes/composicoes_de_admissao_universitaria.tsv	1.0	1.0	1.0	0.0	0.0	1.0	4.0	4.0	0.0
45075_human_low	45075	human	human_low	low	False		human		corpus/01_composicoes/menores_notas/45075.txt		45075 (0486-018).txt			corpus/00_fontes/composicoes_de_admissao_universitaria.tsv	1.0	1.0	1.0	0.0	0.0	1.0	4.0	4.0	0.0
34362_human_low	34362	human	human_low	low	False		human		corpus/01_composicoes/menores_notas/34362.txt		34362 (0452-005).txt			corpus/00_fontes/composicoes_de_admissao_universitaria.tsv	1.0	0.5	1.5	0.0	0.0	1.5	4.5	4.5	0.0
47046_human_low	47046	human	human_low	low	False		human		corpus/01_composicoes/menores_notas/47046.txt		47046 (0453-009).txt			corpus/00_fontes/composicoes_de_admissao_universitaria.tsv	1.0	1.5	1.5	0.0	0.0	1.5	5.5	5.5	0.0
38310_human_low	38310	human	human_low	low	False		human		corpus/01_composicoes/menores_notas/38310.txt		38310 (0413-005).txt			corpus/00_fontes/composicoes_de_admissao_universitaria.tsv	1.0	0.5	1.5	0.0	2.0	1.0	6.0	6.0	0.0
39164_human_low	39164	human	human_low	low	False		human		corpus/01_composicoes/menores_notas/39164.txt		39164 (0513-009).txt			corpus/00_fontes/composicoes_de_admissao_universitaria.tsv	1.0	0.5	1.0	1.5	1.0	1.0	6.0	6.0	0.0
32674_human_low	32674	human	human_low	low	False		human		corpus/01_composicoes/menores_notas/32674.txt		32674 (0460-006)(2).txt			corpus/00_fontes/composicoes_de_admissao_universitaria.tsv	1.0	1.0	2.0	0.5	1.0	1.0	6.5	6.5	0.0
38555_human_low	38555	human	human_low	low	False		human		corpus/01_composicoes/menores_notas/38555.txt		38555 (0465-014).txt			corpus/00_fontes/composicoes_de_admissao_universitaria.tsv	2.0	1.5	2.0	0.0	0.0	1.0	6.5	6.5	0.0
46273_human_low	46273	human	human_low	low	False		human		corpus/01_composicoes/menores_notas/46273.txt		46273 (0527-008).txt			corpus/00_fontes/composicoes_de_admissao_universitaria.tsv	1.0	1.0	1.0	1.0	1.5	1.0	6.5	6.5	0.0
32792_human_low	32792	human	human_low	low	False		human		corpus/01_composicoes/menores_notas/32792.txt		32792 (0453-008).txt			corpus/00_fontes/composicoes_de_admissao_universitaria.tsv	1.0	1.5	2.0	0.0	1.0	1.5	7.0	7.0	0.0
35549_human_low	35549	human	human_low	low	False		human		corpus/01_composicoes/menores_notas/35549.txt		35549 (0507-027).txt			corpus/00_fontes/composicoes_de_admissao_universitaria.tsv	1.0	1.0	2.5	0.0	1.0	1.5	7.0	7.0	0.0
35577_human_low	35577	human	human_low	low	False		human		corpus/01_composicoes/menores_notas/35577.txt		35577 (0524-015).txt			corpus/00_fontes/composicoes_de_admissao_universitaria.tsv	1.0	1.0	1.0	0.0	3.0	1.0	7.0	7.0	0.0
36742_human_low	36742	human	human_low	low	False		human		corpus/01_composicoes/menores_notas/36742.txt		36742 (0524-010).txt			corpus/00_fontes/composicoes_de_admissao_universitaria.tsv	1.0	1.0	2.0	0.0	2.0	1.0	7.0	7.0	0.0
38196_human_low	38196	human	human_low	low	False		human		corpus/01_composicoes/menores_notas/38196.txt		38196 (0414-018).txt			corpus/00_fontes/composicoes_de_admissao_universitaria.tsv	1.0	1.0	1.0	2.0	1.0	1.0	7.0	7.0	0.0
38794_human_low	38794	human	human_low	low	False		human		corpus/01_composicoes/menores_notas/38794.txt		38794 (0452-016).txt			corpus/00_fontes/composicoes_de_admissao_universitaria.tsv	1.0	1.5	1.5	0.0	1.0	2.0	7.0	7.0	0.0
38928_human_low	38928	human	human_low	low	False		human		corpus/01_composicoes/menores_notas/38928.txt		38928 (0432-011).txt			corpus/00_fontes/composicoes_de_admissao_universitaria.tsv	1.5	0.5	2.0	1.0	0.0	2.0	7.0	7.0	0.0
38957_human_low	38957	human	human_low	low	False		human		corpus/01_composicoes/menores_notas/38957.txt		38957 (0529-009).txt			corpus/00_fontes/composicoes_de_admissao_universitaria.tsv	1.5	2.0	1.5	0.0	0.0	2.0	7.0	7.0	0.0
40496_human_low	40496	human	human_low	low	False		human		corpus/01_composicoes/menores_notas/40496.txt		40496 (0507-007).txt			corpus/00_fontes/composicoes_de_admissao_universitaria.tsv	1.0	1.0	1.5	1.0	1.5	1.0	7.0	7.0	0.0
32755_human_low	32755	human	human_low	low	False		human		corpus/01_composicoes/menores_notas/32755.txt		32755 (0410-007).txt			corpus/00_fontes/composicoes_de_admissao_universitaria.tsv	1.5	1.0	2.5	0.5	0.5	1.5	7.5	7.5	0.0
36000_human_low	36000	human	human_low	low	False		human		corpus/01_composicoes/menores_notas/36000.txt		36000 (0508-013).txt			corpus/00_fontes/composicoes_de_admissao_universitaria.tsv	1.5	1.5	2.0	0.0	0.5	2.0	7.5	7.5	0.0
37010_human_low	37010	human	human_low	low	False		human		corpus/01_composicoes/menores_notas/37010.txt		37010 (0524-022).txt			corpus/00_fontes/composicoes_de_admissao_universitaria.tsv	1.0	1.0	2.5	0.0	2.0	1.0	7.5	7.5	0.0
37345_human_low	37345	human	human_low	low	False		human		corpus/01_composicoes/menores_notas/37345.txt		37345 (0524-003).txt			corpus/00_fontes/composicoes_de_admissao_universitaria.tsv	2.0	2.0	1.5	0.0	0.0	2.0	7.5	7.5	0.0
32782_human_low	32782	human	human_low	low	False		human		corpus/01_composicoes/menores_notas/32782.txt		32782 (0439-029).txt			corpus/00_fontes/composicoes_de_admissao_universitaria.tsv	1.0	1.0	2.0	0.0	3.0	1.0	8.0	8.0	0.0
34025_human_low	34025	human	human_low	low	False		human		corpus/01_composicoes/menores_notas/34025.txt		34025 (0468-006).txt			corpus/00_fontes/composicoes_de_admissao_universitaria.tsv	1.0	1.0	2.0	0.5	2.5	1.0	8.0	8.0	0.0
34714_human_low	34714	human	human_low	low	False		human		corpus/01_composicoes/menores_notas/34714.txt		34714 (0433-004).txt			corpus/00_fontes/composicoes_de_admissao_universitaria.tsv	2.0	1.0	2.0	0.0	1.0	2.0	8.0	8.0	0.0
35291_human_low	35291	human	human_low	low	False		human		corpus/01_composicoes/menores_notas/35291.txt		35291 (0499-009).txt			corpus/00_fontes/composicoes_de_admissao_universitaria.tsv	1.0	1.0	1.0	0.0	4.0	1.0	8.0	8.0	0.0
36181_human_low	36181	human	human_low	low	False		human		corpus/01_composicoes/menores_notas/36181.txt		36181 (0506-039).txt			corpus/00_fontes/composicoes_de_admissao_universitaria.tsv	2.0	2.0	1.0	0.0	1.0	2.0	8.0	8.0	0.0
36238_human_low	36238	human	human_low	low	False		human		corpus/01_composicoes/menores_notas/36238.txt		36238 (0479-023).txt			corpus/00_fontes/composicoes_de_admissao_universitaria.tsv	1.0	1.0	1.5	0.0	3.0	1.5	8.0	8.0	0.0
36524_human_low	36524	human	human_low	low	False		human		corpus/01_composicoes/menores_notas/36524.txt		36524 (0522-023).txt			corpus/00_fontes/composicoes_de_admissao_universitaria.tsv	1.0	1.0	1.0	0.5	3.5	1.0	8.0	8.0	0.0
37078_human_low	37078	human	human_low	low	False		human		corpus/01_composicoes/menores_notas/37078.txt		37078 (0447-003).txt			corpus/00_fontes/composicoes_de_admissao_universitaria.tsv	1.0	1.0	2.0	0.0	3.0	1.0	8.0	8.0	0.0
38917_human_low	38917	human	human_low	low	False		human		corpus/01_composicoes/menores_notas/38917.txt		38917 (0410-011).txt			corpus/00_fontes/composicoes_de_admissao_universitaria.tsv	2.0	2.0	1.5	1.0	1.0	0.5	8.0	8.0	0.0
39446_human_low	39446	human	human_low	low	False		human		corpus/01_composicoes/menores_notas/39446.txt		39446 (0449-030).txt			corpus/00_fontes/composicoes_de_admissao_universitaria.tsv	1.5	1.0	1.5	0.5	2.0	1.5	8.0	8.0	0.0
39914_human_low	39914	human	human_low	low	False		human		corpus/01_composicoes/menores_notas/39914.txt		39914 (0526-027).txt			corpus/00_fontes/composicoes_de_admissao_universitaria.tsv	1.0	1.5	2.0	0.5	0.5	2.5	8.0	8.0	0.0
40368_human_low	40368	human	human_low	low	False		human		corpus/01_composicoes/menores_notas/40368.txt		40368 (0507-015).txt			corpus/00_fontes/composicoes_de_admissao_universitaria.tsv	1.0	1.0	3.0	0.0	2.0	1.0	8.0	8.0	0.0
40887_human_low	40887	human	human_low	low	False		human		corpus/01_composicoes/menores_notas/40887.txt		40887 (0411-026).txt			corpus/00_fontes/composicoes_de_admissao_universitaria.tsv	1.0	1.0	2.0	2.5	0.0	1.5	8.0	8.0	0.0
41093_human_low	41093	human	human_low	low	False		human		corpus/01_composicoes/menores_notas/41093.txt		41093 (0471-030).txt			corpus/00_fontes/composicoes_de_admissao_universitaria.tsv	1.0	1.0	1.0	1.5	2.0	1.5	8.0	8.0	0.0
45268_human_low	45268	human	human_low	low	False		human		corpus/01_composicoes/menores_notas/45268.txt		45268 (0423-026).txt			corpus/00_fontes/composicoes_de_admissao_universitaria.tsv	2.0	1.5	1.5	0.0	1.5	1.5	8.0	8.0	0.0
45638_human_low	45638	human	human_low	low	False		human		corpus/01_composicoes/menores_notas/45638.txt		45638 (0524-004).txt			corpus/00_fontes/composicoes_de_admissao_universitaria.tsv	1.0	1.0	2.0	0.0	3.0	1.0	8.0	8.0	0.0
45746_human_low	45746	human	human_low	low	False		human		corpus/01_composicoes/menores_notas/45746.txt		45746 (0439-024).txt			corpus/00_fontes/composicoes_de_admissao_universitaria.tsv	1.0	1.0	2.0	0.0	3.0	1.0	8.0	8.0	0.0
33167_human_low	33167	human	human_low	low	False		human		corpus/01_composicoes/menores_notas/33167.txt		33167_0410-030.txt			corpus/00_fontes/composicoes_de_admissao_universitaria.tsv	1.5	2.0	2.0	0.5	0.5	2.0	8.5	8.5	0.0
33436_human_low	33436	human	human_low	low	False		human		corpus/01_composicoes/menores_notas/33436.txt		33436 (0429-021).txt			corpus/00_fontes/composicoes_de_admissao_universitaria.tsv	1.0	1.0	2.0	0.5	2.5	1.5	8.5	8.5	0.0
33497_human_low	33497	human	human_low	low	False		human		corpus/01_composicoes/menores_notas/33497.txt		33497 (0453-003).txt			corpus/00_fontes/composicoes_de_admissao_universitaria.tsv	2.0	1.0	2.5	0.0	0.5	2.5	8.5	8.5	0.0
33645_human_low	33645	human	human_low	low	False		human		corpus/01_composicoes/menores_notas/33645.txt		33645 (0410-012).txt			corpus/00_fontes/composicoes_de_admissao_universitaria.tsv	1.5	1.0	2.0	1.5	0.5	2.0	8.5	8.5	0.0
34236_human_low	34236	human	human_low	low	False		human		corpus/01_composicoes/menores_notas/34236.txt		34236 (0492-034).txt			corpus/00_fontes/composicoes_de_admissao_universitaria.tsv	1.0	1.0	3.0	0.0	1.5	2.0	8.5	8.5	0.0
34895_human_low	34895	human	human_low	low	False		human		corpus/01_composicoes/menores_notas/34895.txt		34895 (0508-053).txt			corpus/00_fontes/composicoes_de_admissao_universitaria.tsv	2.0	2.0	2.0	0.5	0.0	2.0	8.5	8.5	0.0
35131_human_low	35131	human	human_low	low	False		human		corpus/01_composicoes/menores_notas/35131.txt		35131 (0436-009).txt			corpus/00_fontes/composicoes_de_admissao_universitaria.tsv	1.0	1.0	1.0	1.0	3.0	1.5	8.5	8.5	0.0
35220_human_low	35220	human	human_low	low	False		human		corpus/01_composicoes/menores_notas/35220.txt		35220 (0507-037).txt			corpus/00_fontes/composicoes_de_admissao_universitaria.tsv	1.0	1.0	1.5	2.0	2.0	1.0	8.5	8.5	0.0
35906_human_low	35906	human	human_low	low	False		human		corpus/01_composicoes/menores_notas/35906.txt		35906 (0511-049).txt			corpus/00_fontes/composicoes_de_admissao_universitaria.tsv	1.0	1.0	1.0	2.5	2.0	1.0	8.5	8.5	0.0
36172_human_low	36172	human	human_low	low	False		human		corpus/01_composicoes/menores_notas/36172.txt		36172 (0508-016).txt			corpus/00_fontes/composicoes_de_admissao_universitaria.tsv	1.0	1.0	2.0	1.5	1.0	2.0	8.5	8.5	0.0
36188_human_low	36188	human	human_low	low	False		human		corpus/01_composicoes/menores_notas/36188.txt		36188 (0483-015).txt			corpus/00_fontes/composicoes_de_admissao_universitaria.tsv	1.0	1.0	2.0	1.0	2.0	1.5	8.5	8.5	0.0
36248_human_low	36248	human	human_low	low	False		human		corpus/01_composicoes/menores_notas/36248.txt		36248 (0518-028).txt			corpus/00_fontes/composicoes_de_admissao_universitaria.tsv	1.0	1.0	2.0	0.0	2.5	2.0	8.5	8.5	0.0
36616_human_low	36616	human	human_low	low	False		human		corpus/01_composicoes/menores_notas/36616.txt		36616 (0485-014).txt			corpus/00_fontes/composicoes_de_admissao_universitaria.tsv	2.0	2.0	2.5	0.0	0.0	2.0	8.5	8.5	0.0
37212_human_low	37212	human	human_low	low	False		human		corpus/01_composicoes/menores_notas/37212.txt		37212 (0403-018).txt			corpus/00_fontes/composicoes_de_admissao_universitaria.tsv	2.0	2.0	2.5	0.0	0.0	2.0	8.5	8.5	0.0
38036_human_low	38036	human	human_low	low	False		human		corpus/01_composicoes/menores_notas/38036.txt		38036 (0467-017).txt			corpus/00_fontes/composicoes_de_admissao_universitaria.tsv	2.0	1.5	2.5	0.0	0.0	2.5	8.5	8.5	0.0
39516_human_low	39516	human	human_low	low	False		human		corpus/01_composicoes/menores_notas/39516.txt		39516 (0511-027).txt			corpus/00_fontes/composicoes_de_admissao_universitaria.tsv	1.5	1.5	1.5	0.5	2.0	1.5	8.5	8.5	0.0
41096_human_low	41096	human	human_low	low	False		human		corpus/01_composicoes/menores_notas/41096.txt		41096 (0413-006).txt			corpus/00_fontes/composicoes_de_admissao_universitaria.tsv	1.5	1.0	2.5	0.0	2.0	1.5	8.5	8.5	0.0
46699_human_low	46699	human	human_low	low	False		human		corpus/01_composicoes/menores_notas/46699.txt		46699 (0432-007).txt			corpus/00_fontes/composicoes_de_admissao_universitaria.tsv	2.0	1.0	2.5	0.0	0.0	3.0	8.5	8.5	0.0
32714_human_low	32714	human	human_low	low	False		human		corpus/01_composicoes/menores_notas/32714.txt		32714 (0429-001) REV.txt			corpus/00_fontes/composicoes_de_admissao_universitaria.tsv	1.0	1.0	2.5	1.0	2.0	1.5	9.0	9.0	0.0
33787_human_low	33787	human	human_low	low	False		human		corpus/01_composicoes/menores_notas/33787.txt		33787 (0439-033).txt			corpus/00_fontes/composicoes_de_admissao_universitaria.tsv	1.0	1.0	2.0	1.0	3.0	1.0	9.0	9.0	0.0
34807_human_low	34807	human	human_low	low	False		human		corpus/01_composicoes/menores_notas/34807.txt		34807 (0507-002).txt			corpus/00_fontes/composicoes_de_admissao_universitaria.tsv	1.0	1.0	2.0	2.0	2.0	1.0	9.0	9.0	0.0
35173_human_low	35173	human	human_low	low	False		human		corpus/01_composicoes/menores_notas/35173.txt		35173 (0462-012).txt			corpus/00_fontes/composicoes_de_admissao_universitaria.tsv	2.0	1.5	1.5	0.0	2.0	2.0	9.0	9.0	0.0
35228_human_low	35228	human	human_low	low	False		human		corpus/01_composicoes/menores_notas/35228.txt		35228 (0460-016).txt			corpus/00_fontes/composicoes_de_admissao_universitaria.tsv	2.0	2.0	2.5	0.5	0.5	1.5	9.0	9.0	0.0
35457_human_low	35457	human	human_low	low	False		human		corpus/01_composicoes/menores_notas/35457.txt		35457 (0524-030).txt			corpus/00_fontes/composicoes_de_admissao_universitaria.tsv	1.5	1.5	1.5	0.0	3.0	1.5	9.0	9.0	0.0
35911_human_low	35911	human	human_low	low	False		human		corpus/01_composicoes/menores_notas/35911.txt		35911 (0422-028).txt			corpus/00_fontes/composicoes_de_admissao_universitaria.tsv	1.0	1.0	1.0	2.0	3.0	1.0	9.0	9.0	0.0
36095_human_low	36095	human	human_low	low	False		human		corpus/01_composicoes/menores_notas/36095.txt		36095 (0422-017).txt			corpus/00_fontes/composicoes_de_admissao_universitaria.tsv	1.0	1.0	2.0	1.0	3.0	1.0	9.0	9.0	0.0
36522_human_low	36522	human	human_low	low	False		human		corpus/01_composicoes/menores_notas/36522.txt		36522 (0429-025).txt			corpus/00_fontes/composicoes_de_admissao_universitaria.tsv	1.0	1.0	2.5	1.0	2.0	1.5	9.0	9.0	0.0
37034_human_low	37034	human	human_low	low	False		human		corpus/01_composicoes/menores_notas/37034.txt		37034 (0525-024).txt			corpus/00_fontes/composicoes_de_admissao_universitaria.tsv	2.0	2.0	1.0	1.0	2.0	1.0	9.0	9.0	0.0
37377_human_low	37377	human	human_low	low	False		human		corpus/01_composicoes/menores_notas/37377.txt		37377 (0499-014).txt			corpus/00_fontes/composicoes_de_admissao_universitaria.tsv	1.0	1.0	1.0	2.0	3.0	1.0	9.0	9.0	0.0
38158_human_low	38158	human	human_low	low	False		human		corpus/01_composicoes/menores_notas/38158.txt		38158 (0413-025).txt			corpus/00_fontes/composicoes_de_admissao_universitaria.tsv	1.5	2.0	3.5	0.0	0.5	1.5	9.0	9.0	0.0
38499_human_low	38499	human	human_low	low	False		human		corpus/01_composicoes/menores_notas/38499.txt		38499 (0507-005).txt			corpus/00_fontes/composicoes_de_admissao_universitaria.tsv	1.5	1.5	2.5	0.0	2.0	1.5	9.0	9.0	0.0
38764_human_low	38764	human	human_low	low	False		human		corpus/01_composicoes/menores_notas/38764.txt		38764 (0405-024).txt			corpus/00_fontes/composicoes_de_admissao_universitaria.tsv	1.5	2.0	2.0	0.5	1.0	2.0	9.0	9.0	0.0
38970_human_low	38970	human	human_low	low	False		human		corpus/01_composicoes/menores_notas/38970.txt		38970 (0508-011).txt			corpus/00_fontes/composicoes_de_admissao_universitaria.tsv	2.0	1.5	2.5	0.0	1.0	2.0	9.0	9.0	0.0
40270_human_low	40270	human	human_low	low	False		human		corpus/01_composicoes/menores_notas/40270.txt		40270 (0447-005).txt			corpus/00_fontes/composicoes_de_admissao_universitaria.tsv	1.0	1.0	2.0	1.0	3.0	1.0	9.0	9.0	0.0
40865_human_low	40865	human	human_low	low	False		human		corpus/01_composicoes/menores_notas/40865.txt		40865 (0452-001).txt			corpus/00_fontes/composicoes_de_admissao_universitaria.tsv	2.0	3.0	2.5	0.0	0.0	1.5	9.0	9.0	0.0
45044_human_low	45044	human	human_low	low	False		human		corpus/01_composicoes/menores_notas/45044.txt		45044 (0502-027).txt			corpus/00_fontes/composicoes_de_admissao_universitaria.tsv	2.5	1.0	3.0	0.0	0.5	2.0	9.0	9.0	0.0
45389_human_low	45389	human	human_low	low	False		human		corpus/01_composicoes/menores_notas/45389.txt		45389 (0400-018).txt			corpus/00_fontes/composicoes_de_admissao_universitaria.tsv	1.0	1.5	1.5	0.5	2.5	2.0	9.0	9.0	0.0
46034_human_low	46034	human	human_low	low	False		human		corpus/01_composicoes/menores_notas/46034.txt		46034 (0480-005).txt			corpus/00_fontes/composicoes_de_admissao_universitaria.tsv	1.5	1.0	2.0	0.0	1.5	3.0	9.0	9.0	0.0
33465_human_low	33465	human	human_low	low	False		human		corpus/01_composicoes/menores_notas/33465.txt		33465 (0453-020).txt			corpus/00_fontes/composicoes_de_admissao_universitaria.tsv	1.0	1.5	2.0	3.5	0.0	1.5	9.5	9.5	0.0
33789_human_low	33789	human	human_low	low	False		human		corpus/01_composicoes/menores_notas/33789.txt		33789 (0421-026).txt			corpus/00_fontes/composicoes_de_admissao_universitaria.tsv	2.5	1.0	2.5	1.0	1.0	1.5	9.5	9.5	0.0
34642_human_low	34642	human	human_low	low	False		human		corpus/01_composicoes/menores_notas/34642.txt		34642 (0432-010).txt			corpus/00_fontes/composicoes_de_admissao_universitaria.tsv	1.5	0.5	2.0	3.0	0.0	2.5	9.5	9.5	0.0
34743_human_low	34743	human	human_low	low	False		human		corpus/01_composicoes/menores_notas/34743.txt		34743 (0417-001).txt			corpus/00_fontes/composicoes_de_admissao_universitaria.tsv	1.0	1.0	1.5	2.5	2.5	1.0	9.5	9.5	0.0
35056_human_low	35056	human	human_low	low	False		human		corpus/01_composicoes/menores_notas/35056.txt		35056 (0406-017).txt			corpus/00_fontes/composicoes_de_admissao_universitaria.tsv	1.0	1.0	1.5	3.0	1.5	1.5	9.5	9.5	0.0
36137_human_low	36137	human	human_low	low	False		human		corpus/01_composicoes/menores_notas/36137.txt		36137 (0497-002).txt			corpus/00_fontes/composicoes_de_admissao_universitaria.tsv	2.0	1.5	2.0	0.0	1.5	2.5	9.5	9.5	0.0
36727_human_low	36727	human	human_low	low	False		human		corpus/01_composicoes/menores_notas/36727.txt		36727 (0417-002).txt			corpus/00_fontes/composicoes_de_admissao_universitaria.tsv	2.0	2.0	2.0	1.0	0.5	2.0	9.5	9.5	0.0
37043_human_low	37043	human	human_low	low	False		human		corpus/01_composicoes/menores_notas/37043.txt		37043 (0448-011).txt			corpus/00_fontes/composicoes_de_admissao_universitaria.tsv	2.0	1.5	2.5	0.5	1.5	1.5	9.5	9.5	0.0
37664_human_low	37664	human	human_low	low	False		human		corpus/01_composicoes/menores_notas/37664.txt		37664 (0505-023).txt			corpus/00_fontes/composicoes_de_admissao_universitaria.tsv	1.5	2.0	2.5	0.5	1.0	2.0	9.5	9.5	0.0
38445_human_low	38445	human	human_low	low	False		human		corpus/01_composicoes/menores_notas/38445.txt		38445 (0509-027).txt			corpus/00_fontes/composicoes_de_admissao_universitaria.tsv	1.0	1.0	2.0	1.0	3.0	1.5	9.5	9.5	0.0
38451_human_low	38451	human	human_low	low	False		human		corpus/01_composicoes/menores_notas/38451.txt		38451 (0496-033).txt			corpus/00_fontes/composicoes_de_admissao_universitaria.tsv	1.0	1.0	2.5	0.0	3.0	2.0	9.5	9.5	0.0
38506_human_low	38506	human	human_low	low	False		human		corpus/01_composicoes/menores_notas/38506.txt		38506 (0468-003).txt			corpus/00_fontes/composicoes_de_admissao_universitaria.tsv	1.0	1.0	2.5	2.0	2.0	1.0	9.5	9.5	0.0
38632_human_low	38632	human	human_low	low	False		human		corpus/01_composicoes/menores_notas/38632.txt		38632 (0400-005).txt			corpus/00_fontes/composicoes_de_admissao_universitaria.tsv	1.0	1.5	1.5	1.5	2.5	1.5	9.5	9.5	0.0
38786_human_low	38786	human	human_low	low	False		human		corpus/01_composicoes/menores_notas/38786.txt		38786 (0420-026).txt			corpus/00_fontes/composicoes_de_admissao_universitaria.tsv	1.5	1.5	2.0	2.0	1.0	1.5	9.5	9.5	0.0
39065_human_low	39065	human	human_low	low	False		human		corpus/01_composicoes/menores_notas/39065.txt		39065 (0406-008).txt			corpus/00_fontes/composicoes_de_admissao_universitaria.tsv	2.5	2.0	2.0	0.0	1.0	2.0	9.5	9.5	0.0
39379_human_low	39379	human	human_low	low	False		human		corpus/01_composicoes/menores_notas/39379.txt		39379 (0429-023).txt			corpus/00_fontes/composicoes_de_admissao_universitaria.tsv	2.0	1.5	2.5	1.0	0.5	2.0	9.5	9.5	0.0
39727_human_low	39727	human	human_low	low	False		human		corpus/01_composicoes/menores_notas/39727.txt		39727 (0489-012).txt			corpus/00_fontes/composicoes_de_admissao_universitaria.tsv	1.0	1.0	1.5	1.0	4.0	1.0	9.5	9.5	0.0
39833_human_low	39833	human	human_low	low	False		human		corpus/01_composicoes/menores_notas/39833.txt		39833 (0418-029).txt			corpus/00_fontes/composicoes_de_admissao_universitaria.tsv	2.0	1.5	2.0	1.0	1.5	1.5	9.5	9.5	0.0
39956_human_low	39956	human	human_low	low	False		human		corpus/01_composicoes/menores_notas/39956.txt		39956 (0426-003).txt			corpus/00_fontes/composicoes_de_admissao_universitaria.tsv	1.0	1.0	2.0	0.0	3.0	2.5	9.5	9.5	0.0
40688_human_low	40688	human	human_low	low	False		human		corpus/01_composicoes/menores_notas/40688.txt		40688 (0502-014).txt			corpus/00_fontes/composicoes_de_admissao_universitaria.tsv	2.5	1.0	2.5	1.0	0.5	2.0	9.5	9.5	0.0
41011_human_low	41011	human	human_low	low	False		human		corpus/01_composicoes/menores_notas/41011.txt		41011 (0463-010).txt			corpus/00_fontes/composicoes_de_admissao_universitaria.tsv	1.0	1.0	2.0	1.0	3.0	1.5	9.5	9.5	0.0
45124_human_low	45124	human	human_low	low	False		human		corpus/01_composicoes/menores_notas/45124.txt		45124 (0509-001).txt			corpus/00_fontes/composicoes_de_admissao_universitaria.tsv	1.0	1.5	1.5	2.0	2.0	1.5	9.5	9.5	0.0
46288_human_low	46288	human	human_low	low	False		human		corpus/01_composicoes/menores_notas/46288.txt		46288 (0477-026).txt			corpus/00_fontes/composicoes_de_admissao_universitaria.tsv	1.0	1.0	1.5	2.5	2.5	1.0	9.5	9.5	0.0
46946_human_low	46946	human	human_low	low	False		human		corpus/01_composicoes/menores_notas/46946.txt		46946 (0415-019).txt			corpus/00_fontes/composicoes_de_admissao_universitaria.tsv	1.0	1.0	2.5	2.0	1.0	2.0	9.5	9.5	0.0
33871_human_low	33871	human	human_low	low	False		human		corpus/01_composicoes/menores_notas/33871.txt		33871 (0434-026).txt			corpus/00_fontes/composicoes_de_admissao_universitaria.tsv	2.0	2.0	2.5	0.5	0.5	2.5	10.0	10.0	0.0
34009_human_low	34009	human	human_low	low	False		human		corpus/01_composicoes/menores_notas/34009.txt		34009 (0518-031).txt			corpus/00_fontes/composicoes_de_admissao_universitaria.tsv	1.0	1.0	3.5	0.0	3.5	1.0	10.0	10.0	0.0
34046_human_low	34046	human	human_low	low	False		human		corpus/01_composicoes/menores_notas/34046.txt		34046 (0490-012).txt			corpus/00_fontes/composicoes_de_admissao_universitaria.tsv	1.0	1.0	2.0	1.5	2.5	2.0	10.0	10.0	0.0
34185_human_low	34185	human	human_low	low	False		human		corpus/01_composicoes/menores_notas/34185.txt		34185 (0462-028).txt			corpus/00_fontes/composicoes_de_admissao_universitaria.tsv	2.0	1.0	3.0	0.0	1.0	3.0	10.0	10.0	0.0
34273_human_low	34273	human	human_low	low	False		human		corpus/01_composicoes/menores_notas/34273.txt		34273 (0472-021).txt			corpus/00_fontes/composicoes_de_admissao_universitaria.tsv	1.5	1.5	2.0	0.0	2.5	2.5	10.0	10.0	0.0
34616_human_low	34616	human	human_low	low	False		human		corpus/01_composicoes/menores_notas/34616.txt		34616 (0453-030).txt			corpus/00_fontes/composicoes_de_admissao_universitaria.tsv	2.0	3.0	2.5	0.0	0.5	2.0	10.0	10.0	0.0
34618_human_low	34618	human	human_low	low	False		human		corpus/01_composicoes/menores_notas/34618.txt		34618 (0409-020).txt			corpus/00_fontes/composicoes_de_admissao_universitaria.tsv	2.0	1.5	2.5	2.0	0.0	2.0	10.0	10.0	0.0
34638_human_low	34638	human	human_low	low	False		human		corpus/01_composicoes/menores_notas/34638.txt		34638 (0449-007).txt			corpus/00_fontes/composicoes_de_admissao_universitaria.tsv	2.5	1.0	2.0	0.0	1.5	3.0	10.0	10.0	0.0
35028_human_low	35028	human	human_low	low	False		human		corpus/01_composicoes/menores_notas/35028.txt		35028 (0421-006).txt			corpus/00_fontes/composicoes_de_admissao_universitaria.tsv	2.0	1.5	2.5	0.0	2.0	2.0	10.0	10.0	0.0
35278_human_low	35278	human	human_low	low	False		human		corpus/01_composicoes/menores_notas/35278.txt		35278 (0481-008).txt			corpus/00_fontes/composicoes_de_admissao_universitaria.tsv	1.5	1.5	2.0	0.5	2.0	2.5	10.0	10.0	0.0
35852_human_low	35852	human	human_low	low	False		human		corpus/01_composicoes/menores_notas/35852.txt		35852 (0525-027).txt			corpus/00_fontes/composicoes_de_admissao_universitaria.tsv	1.5	1.5	1.5	2.5	1.0	2.0	10.0	10.0	0.0
36578_human_low	36578	human	human_low	low	False		human		corpus/01_composicoes/menores_notas/36578.txt		36578 (0525-032).txt			corpus/00_fontes/composicoes_de_admissao_universitaria.tsv	2.0	2.0	2.0	2.0	0.0	2.0	10.0	10.0	0.0
36721_human_low	36721	human	human_low	low	False		human		corpus/01_composicoes/menores_notas/36721.txt		36721 (0432-017).txt			corpus/00_fontes/composicoes_de_admissao_universitaria.tsv	1.5	0.5	2.5	2.0	1.0	2.5	10.0	10.0	0.0
36797_human_low	36797	human	human_low	low	False		human		corpus/01_composicoes/menores_notas/36797.txt		36797 (0498-010).txt			corpus/00_fontes/composicoes_de_admissao_universitaria.tsv	1.5	1.5	2.0	0.0	3.5	1.5	10.0	10.0	0.0
36867_human_low	36867	human	human_low	low	False		human		corpus/01_composicoes/menores_notas/36867.txt		36867 (0507-033).txt			corpus/00_fontes/composicoes_de_admissao_universitaria.tsv	2.0	2.5	2.5	0.0	0.5	2.5	10.0	10.0	0.0
36872_human_low	36872	human	human_low	low	False		human		corpus/01_composicoes/menores_notas/36872.txt		36872 (0494-001).txt			corpus/00_fontes/composicoes_de_admissao_universitaria.tsv	1.5	1.5	2.5	0.5	2.0	2.0	10.0	10.0	0.0
36973_human_low	36973	human	human_low	low	False		human		corpus/01_composicoes/menores_notas/36973.txt		36973 (0478-030).txt			corpus/00_fontes/composicoes_de_admissao_universitaria.tsv	1.5	1.5	3.0	1.0	1.5	1.5	10.0	10.0	0.0
37063_human_low	37063	human	human_low	low	False		human		corpus/01_composicoes/menores_notas/37063.txt		37063 (0459-004).txt			corpus/00_fontes/composicoes_de_admissao_universitaria.tsv	2.0	2.0	2.0	0.0	1.5	2.5	10.0	10.0	0.0
37158_human_low	37158	human	human_low	low	False		human		corpus/01_composicoes/menores_notas/37158.txt		37158 (0413-011).txt			corpus/00_fontes/composicoes_de_admissao_universitaria.tsv	2.0	1.5	2.5	0.0	1.5	2.5	10.0	10.0	0.0
37442_human_low	37442	human	human_low	low	False		human		corpus/01_composicoes/menores_notas/37442.txt		37442 (0527-028).txt			corpus/00_fontes/composicoes_de_admissao_universitaria.tsv	1.0	1.0	2.5	3.0	1.0	1.5	10.0	10.0	0.0
37489_human_low	37489	human	human_low	low	False		human		corpus/01_composicoes/menores_notas/37489.txt		37489 (0448-006).txt			corpus/00_fontes/composicoes_de_admissao_universitaria.tsv	2.0	2.0	1.5	0.5	2.0	2.0	10.0	10.0	0.0
38204_human_low	38204	human	human_low	low	False		human		corpus/01_composicoes/menores_notas/38204.txt		38204 (0465-019).txt			corpus/00_fontes/composicoes_de_admissao_universitaria.tsv	2.0	1.5	2.5	0.0	1.5	2.5	10.0	10.0	0.0
38284_human_low	38284	human	human_low	low	False		human		corpus/01_composicoes/menores_notas/38284.txt		38284 (0514-029).txt			corpus/00_fontes/composicoes_de_admissao_universitaria.tsv	1.5	1.5	2.5	0.0	2.0	2.5	10.0	10.0	0.0
38439_human_low	38439	human	human_low	low	False		human		corpus/01_composicoes/menores_notas/38439.txt		38439 (0509-002).txt			corpus/00_fontes/composicoes_de_admissao_universitaria.tsv	1.5	1.5	2.0	2.0	1.0	2.0	10.0	10.0	0.0
39436_human_low	39436	human	human_low	low	False		human		corpus/01_composicoes/menores_notas/39436.txt		39436 (0479-017).txt			corpus/00_fontes/composicoes_de_admissao_universitaria.tsv	1.0	1.0	2.0	2.0	3.0	1.0	10.0	10.0	0.0
39493_human_low	39493	human	human_low	low	False		human		corpus/01_composicoes/menores_notas/39493.txt		39493 (0490-025).txt			corpus/00_fontes/composicoes_de_admissao_universitaria.tsv	1.0	1.0	1.5	2.0	2.5	2.0	10.0	10.0	0.0
39722_human_low	39722	human	human_low	low	False		human		corpus/01_composicoes/menores_notas/39722.txt		39722 (0466-004).txt			corpus/00_fontes/composicoes_de_admissao_universitaria.tsv	1.0	1.0	2.0	2.0	3.0	1.0	10.0	10.0	0.0
39786_human_low	39786	human	human_low	low	False		human		corpus/01_composicoes/menores_notas/39786.txt		39786 (0444-006).txt			corpus/00_fontes/composicoes_de_admissao_universitaria.tsv	2.0	1.0	2.5	1.5	1.0	2.0	10.0	10.0	0.0
39912_human_low	39912	human	human_low	low	False		human		corpus/01_composicoes/menores_notas/39912.txt		39912 (0529-013).txt			corpus/00_fontes/composicoes_de_admissao_universitaria.tsv	1.0	1.0	1.5	2.0	2.5	2.0	10.0	10.0	0.0
39985_human_low	39985	human	human_low	low	False		human		corpus/01_composicoes/menores_notas/39985.txt		39985 (0409-015).txt			corpus/00_fontes/composicoes_de_admissao_universitaria.tsv	2.0	3.0	2.5	0.0	0.5	2.0	10.0	10.0	0.0
40256_human_low	40256	human	human_low	low	False		human		corpus/01_composicoes/menores_notas/40256.txt		40256 (0470-024).txt			corpus/00_fontes/composicoes_de_admissao_universitaria.tsv	1.0	1.5	1.5	4.0	0.0	2.0	10.0	10.0	0.0
40362_human_low	40362	human	human_low	low	False		human		corpus/01_composicoes/menores_notas/40362.txt		40362 (0428-006).txt			corpus/00_fontes/composicoes_de_admissao_universitaria.tsv	1.0	1.0	1.0	3.5	2.0	1.5	10.0	10.0	0.0
40523_human_low	40523	human	human_low	low	False		human		corpus/01_composicoes/menores_notas/40523.txt		40523 (0496-023).txt			corpus/00_fontes/composicoes_de_admissao_universitaria.tsv	1.0	1.0	2.5	0.0	3.5	2.0	10.0	10.0	0.0
40690_human_low	40690	human	human_low	low	False		human		corpus/01_composicoes/menores_notas/40690.txt		40690 (0466-010).txt			corpus/00_fontes/composicoes_de_admissao_universitaria.tsv	1.0	1.0	2.0	3.0	2.0	1.0	10.0	10.0	0.0
40765_human_low	40765	human	human_low	low	False		human		corpus/01_composicoes/menores_notas/40765.txt		40765 (0441-011).txt			corpus/00_fontes/composicoes_de_admissao_universitaria.tsv	1.0	1.0	3.0	1.5	1.0	2.5	10.0	10.0	0.0
40803_human_low	40803	human	human_low	low	False		human		corpus/01_composicoes/menores_notas/40803.txt		40803 (0503-030).txt			corpus/00_fontes/composicoes_de_admissao_universitaria.tsv	1.0	1.0	1.5	1.0	3.5	2.0	10.0	10.0	0.0
46249_human_low	46249	human	human_low	low	False		human		corpus/01_composicoes/menores_notas/46249.txt		46249 (0505-031).txt			corpus/00_fontes/composicoes_de_admissao_universitaria.tsv	1.5	2.0	2.5	0.5	1.0	2.5	10.0	10.0	0.0
46255_human_low	46255	human	human_low	low	False		human		corpus/01_composicoes/menores_notas/46255.txt		46255 (0518-029).txt			corpus/00_fontes/composicoes_de_admissao_universitaria.tsv	1.0	1.0	2.0	1.5	3.0	1.5	10.0	10.0	0.0
46626_human_low	46626	human	human_low	low	False		human		corpus/01_composicoes/menores_notas/46626.txt		46626 (0410-010).txt			corpus/00_fontes/composicoes_de_admissao_universitaria.tsv	2.0	2.0	3.0	0.5	0.5	2.0	10.0	10.0	0.0
46724_human_low	46724	human	human_low	low	False		human		corpus/01_composicoes/menores_notas/46724.txt		46724 (0508-033).txt			corpus/00_fontes/composicoes_de_admissao_universitaria.tsv	1.5	1.5	2.0	2.0	0.5	2.5	10.0	10.0	0.0
47010_human_low	47010	human	human_low	low	False		human		corpus/01_composicoes/menores_notas/47010.txt		47010 (0411-009).txt			corpus/00_fontes/composicoes_de_admissao_universitaria.tsv	1.5	1.5	3.5	0.5	1.0	2.0	10.0	10.0	0.0
47068_human_low	47068	human	human_low	low	False		human		corpus/01_composicoes/menores_notas/47068.txt		47068 (0450-002).txt			corpus/00_fontes/composicoes_de_admissao_universitaria.tsv	1.0	1.0	1.5	2.0	2.0	2.5	10.0	10.0	0.0
32860_human_low	32860	human	human_low	low	False		human		corpus/01_composicoes/menores_notas/32860.txt		32860 (0412-010)(1).txt			corpus/00_fontes/composicoes_de_admissao_universitaria.tsv	1.0	1.0	2.0	3.0	1.5	2.0	10.5	10.5	0.0
33310_human_low	33310	human	human_low	low	False		human		corpus/01_composicoes/menores_notas/33310.txt		33310 (0508-024).txt			corpus/00_fontes/composicoes_de_admissao_universitaria.tsv	1.0	1.0	2.0	3.5	1.0	2.0	10.5	10.5	0.0
33360_human_low	33360	human	human_low	low	False		human		corpus/01_composicoes/menores_notas/33360.txt		33360 (0410-028).txt			corpus/00_fontes/composicoes_de_admissao_universitaria.tsv	2.0	2.0	2.5	1.0	1.0	2.0	10.5	10.5	0.0
33856_human_low	33856	human	human_low	low	False		human		corpus/01_composicoes/menores_notas/33856.txt		33856 (0470-011).txt			corpus/00_fontes/composicoes_de_admissao_universitaria.tsv	2.5	2.5	2.0	0.0	1.5	2.0	10.5	10.5	0.0
34308_human_low	34308	human	human_low	low	False		human		corpus/01_composicoes/menores_notas/34308.txt		34308 (0406-009).txt			corpus/00_fontes/composicoes_de_admissao_universitaria.tsv	2.0	2.0	2.0	1.5	0.5	2.5	10.5	10.5	0.0
35198_human_low	35198	human	human_low	low	False		human		corpus/01_composicoes/menores_notas/35198.txt		35198 (0450-006).txt			corpus/00_fontes/composicoes_de_admissao_universitaria.tsv	1.0	1.0	2.5	1.5	2.5	2.0	10.5	10.5	0.0
35485_human_low	35485	human	human_low	low	False		human		corpus/01_composicoes/menores_notas/35485.txt		35485 (0453-002).txt			corpus/00_fontes/composicoes_de_admissao_universitaria.tsv	2.5	3.5	3.0	0.0	0.0	1.5	10.5	10.5	0.0
35633_human_low	35633	human	human_low	low	False		human		corpus/01_composicoes/menores_notas/35633.txt		35633 (0406-005).txt			corpus/00_fontes/composicoes_de_admissao_universitaria.tsv	2.0	2.0	2.0	0.5	2.0	2.0	10.5	10.5	0.0
35820_human_low	35820	human	human_low	low	False		human		corpus/01_composicoes/menores_notas/35820.txt		35820 (0424-013).txt			corpus/00_fontes/composicoes_de_admissao_universitaria.tsv	1.0	1.0	1.5	4.5	1.5	1.0	10.5	10.5	0.0
35937_human_low	35937	human	human_low	low	False		human		corpus/01_composicoes/menores_notas/35937.txt		35937 (0420-013).txt			corpus/00_fontes/composicoes_de_admissao_universitaria.tsv	2.0	2.0	2.0	1.0	1.0	2.5	10.5	10.5	0.0
36079_human_low	36079	human	human_low	low	False		human		corpus/01_composicoes/menores_notas/36079.txt		36079 (0451-011).txt			corpus/00_fontes/composicoes_de_admissao_universitaria.tsv	1.5	1.5	3.5	0.0	2.0	2.0	10.5	10.5	0.0
36085_human_low	36085	human	human_low	low	False		human		corpus/01_composicoes/menores_notas/36085.txt		36085 (0507-010).txt			corpus/00_fontes/composicoes_de_admissao_universitaria.tsv	1.5	1.5	3.0	0.0	3.0	1.5	10.5	10.5	0.0
36307_human_low	36307	human	human_low	low	False		human		corpus/01_composicoes/menores_notas/36307.txt		36307 (0489-006).txt			corpus/00_fontes/composicoes_de_admissao_universitaria.tsv	1.0	1.0	2.0	2.5	3.0	1.0	10.5	10.5	0.0
36430_human_low	36430	human	human_low	low	False		human		corpus/01_composicoes/menores_notas/36430.txt		36430 (0482-032).txt			corpus/00_fontes/composicoes_de_admissao_universitaria.tsv	1.0	1.0	1.5	3.0	2.0	2.0	10.5	10.5	0.0
36547_human_low	36547	human	human_low	low	False		human		corpus/01_composicoes/menores_notas/36547.txt		36547 (0468-017).txt			corpus/00_fontes/composicoes_de_admissao_universitaria.tsv	2.0	2.0	2.5	1.0	1.0	2.0	10.5	10.5	0.0
36590_human_low	36590	human	human_low	low	False		human		corpus/01_composicoes/menores_notas/36590.txt		36590 (0422-001).txt			corpus/00_fontes/composicoes_de_admissao_universitaria.tsv	1.0	1.5	3.0	2.0	1.0	2.0	10.5	10.5	0.0
36704_human_low	36704	human	human_low	low	False		human		corpus/01_composicoes/menores_notas/36704.txt		36704 (0453-028).txt			corpus/00_fontes/composicoes_de_admissao_universitaria.tsv	2.0	2.5	2.5	1.5	0.0	2.0	10.5	10.5	0.0
36827_human_low	36827	human	human_low	low	False		human		corpus/01_composicoes/menores_notas/36827.txt		36827(1) (0513-010).txt			corpus/00_fontes/composicoes_de_admissao_universitaria.tsv	2.0	2.5	2.5	1.0	0.0	2.5	10.5	10.5	0.0
37099_human_low	37099	human	human_low	low	False		human		corpus/01_composicoes/menores_notas/37099.txt		37099 (0448-020).txt			corpus/00_fontes/composicoes_de_admissao_universitaria.tsv	2.0	2.0	2.0	1.5	1.5	1.5	10.5	10.5	0.0
37602_human_low	37602	human	human_low	low	False		human		corpus/01_composicoes/menores_notas/37602.txt		37602 (0518-022).txt			corpus/00_fontes/composicoes_de_admissao_universitaria.tsv	1.0	1.0	3.5	0.0	3.5	1.5	10.5	10.5	0.0
37858_human_low	37858	human	human_low	low	False		human		corpus/01_composicoes/menores_notas/37858.txt		37858 (0425-013).txt			corpus/00_fontes/composicoes_de_admissao_universitaria.tsv	2.0	2.0	2.0	0.0	2.0	2.5	10.5	10.5	0.0
38340_human_low	38340	human	human_low	low	False		human		corpus/01_composicoes/menores_notas/38340.txt		38340 (0460-022).txt			corpus/00_fontes/composicoes_de_admissao_universitaria.tsv	1.5	1.5	3.0	0.5	2.0	2.0	10.5	10.5	0.0
38395_human_low	38395	human	human_low	low	False		human		corpus/01_composicoes/menores_notas/38395.txt		38395 (0526-001).txt			corpus/00_fontes/composicoes_de_admissao_universitaria.tsv	1.5	2.0	3.0	0.5	1.5	2.0	10.5	10.5	0.0
38536_human_low	38536	human	human_low	low	False		human		corpus/01_composicoes/menores_notas/38536.txt		38536 (0468-020).txt			corpus/00_fontes/composicoes_de_admissao_universitaria.tsv	2.0	2.0	2.5	1.0	1.0	2.0	10.5	10.5	0.0
38637_human_low	38637	human	human_low	low	False		human		corpus/01_composicoes/menores_notas/38637.txt		38637 (0464-002).txt			corpus/00_fontes/composicoes_de_admissao_universitaria.tsv	2.0	2.0	2.5	0.5	1.5	2.0	10.5	10.5	0.0
38670_human_low	38670	human	human_low	low	False		human		corpus/01_composicoes/menores_notas/38670.txt		38670 (0507-028).txt			corpus/00_fontes/composicoes_de_admissao_universitaria.tsv	1.0	1.5	2.5	0.0	4.0	1.5	10.5	10.5	0.0
38674_human_low	38674	human	human_low	low	False		human		corpus/01_composicoes/menores_notas/38674.txt		38674 (0515-025).txt			corpus/00_fontes/composicoes_de_admissao_universitaria.tsv	1.0	1.0	1.5	4.0	2.0	1.0	10.5	10.5	0.0
39063_human_low	39063	human	human_low	low	False		human		corpus/01_composicoes/menores_notas/39063.txt		39063 (0415-012).txt			corpus/00_fontes/composicoes_de_admissao_universitaria.tsv	1.5	1.5	1.5	2.0	2.0	2.0	10.5	10.5	0.0
39302_human_low	39302	human	human_low	low	False		human		corpus/01_composicoes/menores_notas/39302.txt		39302 (0460-018).txt			corpus/00_fontes/composicoes_de_admissao_universitaria.tsv	1.0	1.0	2.5	2.5	2.0	1.5	10.5	10.5	0.0
39502_human_low	39502	human	human_low	low	False		human		corpus/01_composicoes/menores_notas/39502.txt		39502 (0508-017).txt			corpus/00_fontes/composicoes_de_admissao_universitaria.tsv	1.5	1.5	2.5	3.0	0.0	2.0	10.5	10.5	0.0
39648_human_low	39648	human	human_low	low	False		human		corpus/01_composicoes/menores_notas/39648.txt		39648 (0503-028).txt			corpus/00_fontes/composicoes_de_admissao_universitaria.tsv	1.0	1.0	1.5	2.0	3.0	2.0	10.5	10.5	0.0
39695_human_low	39695	human	human_low	low	False		human		corpus/01_composicoes/menores_notas/39695.txt		39695 (0500-030).txt			corpus/00_fontes/composicoes_de_admissao_universitaria.tsv	2.0	2.0	2.0	1.0	1.5	2.0	10.5	10.5	0.0
40617_human_low	40617	human	human_low	low	False		human		corpus/01_composicoes/menores_notas/40617.txt		40617 (0507-036).txt			corpus/00_fontes/composicoes_de_admissao_universitaria.tsv	1.0	1.0	2.0	2.0	3.0	1.5	10.5	10.5	0.0
40869_human_low	40869	human	human_low	low	False		human		corpus/01_composicoes/menores_notas/40869.txt		40869 (0458-006).txt			corpus/00_fontes/composicoes_de_admissao_universitaria.tsv	2.0	2.0	2.0	1.0	1.0	2.5	10.5	10.5	0.0
40906_human_low	40906	human	human_low	low	False		human		corpus/01_composicoes/menores_notas/40906.txt		40906 (0450-010).txt			corpus/00_fontes/composicoes_de_admissao_universitaria.tsv	1.0	1.0	2.5	2.0	2.5	1.5	10.5	10.5	0.0
40926_human_low	40926	human	human_low	low	False		human		corpus/01_composicoes/menores_notas/40926.txt		40926 (0468-023).txt			corpus/00_fontes/composicoes_de_admissao_universitaria.tsv	2.0	2.0	2.5	1.0	1.0	2.0	10.5	10.5	0.0
40978_human_low	40978	human	human_low	low	False		human		corpus/01_composicoes/menores_notas/40978.txt		40978 (0452-011).txt			corpus/00_fontes/composicoes_de_admissao_universitaria.tsv	1.0	1.0	2.5	3.5	0.0	2.5	10.5	10.5	0.0
45357_human_low	45357	human	human_low	low	False		human		corpus/01_composicoes/menores_notas/45357.txt		45357 (0460-007).txt			corpus/00_fontes/composicoes_de_admissao_universitaria.tsv	1.0	1.0	1.0	3.5	2.5	1.5	10.5	10.5	0.0
46705_human_low	46705	human	human_low	low	False		human		corpus/01_composicoes/menores_notas/46705.txt		46705 (0526-008).txt			corpus/00_fontes/composicoes_de_admissao_universitaria.tsv	1.5	1.5	3.0	0.5	1.5	2.5	10.5	10.5	0.0
32733_human_low	32733	human	human_low	low	False		human		corpus/01_composicoes/menores_notas/32733.txt		32733 (0429-020).txt			corpus/00_fontes/composicoes_de_admissao_universitaria.tsv	1.5	2.0	2.5	1.0	2.0	2.0	11.0	11.0	0.0
33948_human_low	33948	human	human_low	low	False		human		corpus/01_composicoes/menores_notas/33948.txt		33948 (0490-029).txt			corpus/00_fontes/composicoes_de_admissao_universitaria.tsv	2.0	2.0	2.0	0.5	2.5	2.0	11.0	11.0	0.0
33964_human_low	33964	human	human_low	low	False		human		corpus/01_composicoes/menores_notas/33964.txt		33964 (0428-030).txt			corpus/00_fontes/composicoes_de_admissao_universitaria.tsv	2.0	2.0	2.5	0.0	2.0	2.5	11.0	11.0	0.0
34210_human_low	34210	human	human_low	low	False		human		corpus/01_composicoes/menores_notas/34210.txt		34210 (0466-005).txt			corpus/00_fontes/composicoes_de_admissao_universitaria.tsv	2.0	1.0	2.0	0.0	3.0	3.0	11.0	11.0	0.0
34537_human_low	34537	human	human_low	low	False		human		corpus/01_composicoes/menores_notas/34537.txt		34537 (0502-030).txt			corpus/00_fontes/composicoes_de_admissao_universitaria.tsv	2.0	2.0	2.5	1.5	0.5	2.5	11.0	11.0	0.0
34637_human_low	34637	human	human_low	low	False		human		corpus/01_composicoes/menores_notas/34637.txt		34637 (0504-026).txt			corpus/00_fontes/composicoes_de_admissao_universitaria.tsv	1.0	1.0	2.5	2.5	2.5	1.5	11.0	11.0	0.0
34823_human_low	34823	human	human_low	low	False		human		corpus/01_composicoes/menores_notas/34823.txt		34823 (0429-030).txt			corpus/00_fontes/composicoes_de_admissao_universitaria.tsv	2.0	2.0	2.5	0.5	2.0	2.0	11.0	11.0	0.0
35019_human_low	35019	human	human_low	low	False		human		corpus/01_composicoes/menores_notas/35019.txt		35019 (0466-026).txt			corpus/00_fontes/composicoes_de_admissao_universitaria.tsv	1.0	1.5	2.0	1.0	3.0	2.5	11.0	11.0	0.0
35214_human_low	35214	human	human_low	low	False		human		corpus/01_composicoes/menores_notas/35214.txt		35214 (0462-002).txt			corpus/00_fontes/composicoes_de_admissao_universitaria.tsv	2.5	1.5	2.5	0.0	1.5	3.0	11.0	11.0	0.0
35465_human_low	35465	human	human_low	low	False		human		corpus/01_composicoes/menores_notas/35465.txt		35465 (0526-020).txt			corpus/00_fontes/composicoes_de_admissao_universitaria.tsv	2.0	1.5	2.0	0.5	2.0	3.0	11.0	11.0	0.0
35661_human_low	35661	human	human_low	low	False		human		corpus/01_composicoes/menores_notas/35661.txt		35661 (0479-026).txt			corpus/00_fontes/composicoes_de_admissao_universitaria.tsv	1.5	2.5	2.0	0.0	3.0	2.0	11.0	11.0	0.0
35979_human_low	35979	human	human_low	low	False		human		corpus/01_composicoes/menores_notas/35979.txt		35979 (0437-014).txt			corpus/00_fontes/composicoes_de_admissao_universitaria.tsv	2.0	1.5	2.0	1.0	2.0	2.5	11.0	11.0	0.0
35986_human_low	35986	human	human_low	low	False		human		corpus/01_composicoes/menores_notas/35986.txt		35986 (0507-040).txt			corpus/00_fontes/composicoes_de_admissao_universitaria.tsv	2.5	2.5	2.5	0.0	1.0	2.5	11.0	11.0	0.0
36140_human_low	36140	human	human_low	low	False		human		corpus/01_composicoes/menores_notas/36140.txt		36140 (0492-028).txt			corpus/00_fontes/composicoes_de_admissao_universitaria.tsv	1.5	1.5	2.5	0.0	3.0	2.5	11.0	11.0	0.0
36225_human_low	36225	human	human_low	low	False		human		corpus/01_composicoes/menores_notas/36225.txt		36225 (0490-027).txt			corpus/00_fontes/composicoes_de_admissao_universitaria.tsv	1.5	1.0	2.0	1.0	2.5	3.0	11.0	11.0	0.0
36278_human_low	36278	human	human_low	low	False		human		corpus/01_composicoes/menores_notas/36278.txt		36278 (0511-015).txt			corpus/00_fontes/composicoes_de_admissao_universitaria.tsv	2.0	1.5	2.0	2.0	1.5	2.0	11.0	11.0	0.0
36295_human_low	36295	human	human_low	low	False		human		corpus/01_composicoes/menores_notas/36295.txt		36295 (0514-028).txt			corpus/00_fontes/composicoes_de_admissao_universitaria.tsv	1.5	1.5	2.5	2.0	1.5	2.0	11.0	11.0	0.0
36341_human_low	36341	human	human_low	low	False		human		corpus/01_composicoes/menores_notas/36341.txt		36341 (0506-008).txt			corpus/00_fontes/composicoes_de_admissao_universitaria.tsv	1.0	1.0	3.0	2.0	3.0	1.0	11.0	11.0	0.0
36856_human_low	36856	human	human_low	low	False		human		corpus/01_composicoes/menores_notas/36856.txt		36856 (0475-009).txt			corpus/00_fontes/composicoes_de_admissao_universitaria.tsv	2.0	1.0	1.0	1.0	3.0	3.0	11.0	11.0	0.0
37094_human_low	37094	human	human_low	low	False		human		corpus/01_composicoes/menores_notas/37094.txt		37094 (0422-003).txt			corpus/00_fontes/composicoes_de_admissao_universitaria.tsv	1.5	1.5	2.5	0.0	3.0	2.5	11.0	11.0	0.0
37260_human_low	37260	human	human_low	low	False		human		corpus/01_composicoes/menores_notas/37260.txt		37260 (0409-001).txt			corpus/00_fontes/composicoes_de_admissao_universitaria.tsv	2.0	1.5	3.0	0.0	2.0	2.5	11.0	11.0	0.0
37677_human_low	37677	human	human_low	low	False		human		corpus/01_composicoes/menores_notas/37677.txt		37677 (0402-034).txt			corpus/00_fontes/composicoes_de_admissao_universitaria.tsv	1.0	1.0	2.0	2.0	3.5	1.5	11.0	11.0	0.0
37694_human_low	37694	human	human_low	low	False		human		corpus/01_composicoes/menores_notas/37694.txt		37694 (0405-007).txt			corpus/00_fontes/composicoes_de_admissao_universitaria.tsv	2.0	1.5	2.0	1.0	2.5	2.0	11.0	11.0	0.0
37734_human_low	37734	human	human_low	low	False		human		corpus/01_composicoes/menores_notas/37734.txt		37734 (0436-029).txt			corpus/00_fontes/composicoes_de_admissao_universitaria.tsv	1.0	1.0	1.5	3.5	3.0	1.0	11.0	11.0	0.0
37949_human_low	37949	human	human_low	low	False		human		corpus/01_composicoes/menores_notas/37949.txt		37949 (0432-032).txt			corpus/00_fontes/composicoes_de_admissao_universitaria.tsv	2.0	2.5	2.5	0.0	1.5	2.5	11.0	11.0	0.0
37994_human_low	37994	human	human_low	low	False		human		corpus/01_composicoes/menores_notas/37994.txt		37994 (0423-024).txt			corpus/00_fontes/composicoes_de_admissao_universitaria.tsv	1.0	1.0	1.5	1.0	3.5	3.0	11.0	11.0	0.0
38002_human_low	38002	human	human_low	low	False		human		corpus/01_composicoes/menores_notas/38002.txt		38002 (0519-017).txt			corpus/00_fontes/composicoes_de_admissao_universitaria.tsv	2.0	1.5	2.0	0.5	3.0	2.0	11.0	11.0	0.0
38193_human_low	38193	human	human_low	low	False		human		corpus/01_composicoes/menores_notas/38193.txt		38193 (0404-005).txt			corpus/00_fontes/composicoes_de_admissao_universitaria.tsv	2.5	2.5	3.0	0.0	1.0	2.0	11.0	11.0	0.0
38226_human_low	38226	human	human_low	low	False		human		corpus/01_composicoes/menores_notas/38226.txt		38226 (0481-013).txt			corpus/00_fontes/composicoes_de_admissao_universitaria.tsv	1.5	1.5	2.0	2.0	2.0	2.0	11.0	11.0	0.0
38469_human_low	38469	human	human_low	low	False		human		corpus/01_composicoes/menores_notas/38469.txt		38469 (0427-017).txt			corpus/00_fontes/composicoes_de_admissao_universitaria.tsv	1.0	1.0	1.5	3.0	3.0	1.5	11.0	11.0	0.0
38495_human_low	38495	human	human_low	low	False		human		corpus/01_composicoes/menores_notas/38495.txt		38495 (0520-035).txt			corpus/00_fontes/composicoes_de_admissao_universitaria.tsv	1.0	1.0	1.5	3.0	2.5	2.0	11.0	11.0	0.0
38891_human_low	38891	human	human_low	low	False		human		corpus/01_composicoes/menores_notas/38891.txt		38891 (0425-015).txt			corpus/00_fontes/composicoes_de_admissao_universitaria.tsv	2.0	2.0	2.0	0.5	2.0	2.5	11.0	11.0	0.0
39349_human_low	39349	human	human_low	low	False		human		corpus/01_composicoes/menores_notas/39349.txt		39349 (0470-012).txt			corpus/00_fontes/composicoes_de_admissao_universitaria.tsv	1.5	1.0	2.0	2.0	3.0	1.5	11.0	11.0	0.0
39615_human_low	39615	human	human_low	low	False		human		corpus/01_composicoes/menores_notas/39615.txt		39615 (0461-013).txt			corpus/00_fontes/composicoes_de_admissao_universitaria.tsv	2.0	2.0	2.0	2.0	1.0	2.0	11.0	11.0	0.0
39701_human_low	39701	human	human_low	low	False		human		corpus/01_composicoes/menores_notas/39701.txt		39701 (0411-018).txt			corpus/00_fontes/composicoes_de_admissao_universitaria.tsv	1.0	1.0	2.5	2.0	3.0	1.5	11.0	11.0	0.0
40126_human_low	40126	human	human_low	low	False		human		corpus/01_composicoes/menores_notas/40126.txt		40126 (0401-010).txt			corpus/00_fontes/composicoes_de_admissao_universitaria.tsv	2.0	3.0	3.0	0.0	1.0	2.0	11.0	11.0	0.0
40461_human_low	40461	human	human_low	low	False		human		corpus/01_composicoes/menores_notas/40461.txt		40461 (0489-001).txt			corpus/00_fontes/composicoes_de_admissao_universitaria.tsv	2.0	2.5	3.0	0.0	1.0	2.5	11.0	11.0	0.0
40898_human_low	40898	human	human_low	low	False		human		corpus/01_composicoes/menores_notas/40898.txt		40898 (0524-020).txt			corpus/00_fontes/composicoes_de_admissao_universitaria.tsv	2.0	2.0	2.5	0.0	2.0	2.5	11.0	11.0	0.0
45078_human_low	45078	human	human_low	low	False		human		corpus/01_composicoes/menores_notas/45078.txt		45078 (0504-003).txt			corpus/00_fontes/composicoes_de_admissao_universitaria.tsv	1.0	1.0	2.0	3.5	2.0	1.5	11.0	11.0	0.0
45241_human_low	45241	human	human_low	low	False		human		corpus/01_composicoes/menores_notas/45241.txt		45241 (0498-030).txt			corpus/00_fontes/composicoes_de_admissao_universitaria.tsv	1.5	1.5	1.5	2.0	3.0	1.5	11.0	11.0	0.0
45519_human_low	45519	human	human_low	low	False		human		corpus/01_composicoes/menores_notas/45519.txt		45519 (0497-032).txt			corpus/00_fontes/composicoes_de_admissao_universitaria.tsv	2.5	2.0	2.5	0.0	1.5	2.5	11.0	11.0	0.0
45531_human_low	45531	human	human_low	low	False		human		corpus/01_composicoes/menores_notas/45531.txt		45531 (0448-021).txt			corpus/00_fontes/composicoes_de_admissao_universitaria.tsv	2.0	1.5	2.5	1.0	2.0	2.0	11.0	11.0	0.0
45667_human_low	45667	human	human_low	low	False		human		corpus/01_composicoes/menores_notas/45667.txt		45667 (0506-019).txt			corpus/00_fontes/composicoes_de_admissao_universitaria.tsv	1.5	1.5	3.0	1.0	2.0	2.0	11.0	11.0	0.0
45996_human_low	45996	human	human_low	low	False		human		corpus/01_composicoes/menores_notas/45996.txt		45996 (0422-015).txt			corpus/00_fontes/composicoes_de_admissao_universitaria.tsv	1.0	1.0	1.0	4.0	3.0	1.0	11.0	11.0	0.0
46108_human_low	46108	human	human_low	low	False		human		corpus/01_composicoes/menores_notas/46108.txt		46108 (0504-008).txt			corpus/00_fontes/composicoes_de_admissao_universitaria.tsv	1.0	1.0	2.5	3.5	1.5	1.5	11.0	11.0	0.0
46276_human_low	46276	human	human_low	low	False		human		corpus/01_composicoes/menores_notas/46276.txt		46276 (0502-034).txt			corpus/00_fontes/composicoes_de_admissao_universitaria.tsv	3.0	1.5	2.5	0.0	0.0	4.0	11.0	11.0	0.0
46290_human_low	46290	human	human_low	low	False		human		corpus/01_composicoes/menores_notas/46290.txt		46290 (0414-035).txt			corpus/00_fontes/composicoes_de_admissao_universitaria.tsv	2.0	2.0	1.0	2.0	2.0	2.0	11.0	11.0	0.0
46687_human_low	46687	human	human_low	low	False		human		corpus/01_composicoes/menores_notas/46687.txt		46687 (0431-018).txt			corpus/00_fontes/composicoes_de_admissao_universitaria.tsv	1.0	1.0	3.0	1.0	4.0	1.0	11.0	11.0	0.0
47123_human_low	47123	human	human_low	low	False		human		corpus/01_composicoes/menores_notas/47123.txt		47123 (0479-016).txt			corpus/00_fontes/composicoes_de_admissao_universitaria.tsv	1.0	1.0	2.0	3.0	3.0	1.0	11.0	11.0	0.0
32610_human_low	32610	human	human_low	low	False		human		corpus/01_composicoes/menores_notas/32610.txt		32610 (0463-002).txt			corpus/00_fontes/composicoes_de_admissao_universitaria.tsv	1.0	1.0	2.0	2.5	3.5	1.5	11.5	11.5	0.0
32749_human_low	32749	human	human_low	low	False		human		corpus/01_composicoes/menores_notas/32749.txt		32749 (0411-016).txt			corpus/00_fontes/composicoes_de_admissao_universitaria.tsv	1.0	1.0	2.5	1.5	3.5	2.0	11.5	11.5	0.0
33862_human_low	33862	human	human_low	low	False		human		corpus/01_composicoes/menores_notas/33862.txt		33862 (0498-020).txt			corpus/00_fontes/composicoes_de_admissao_universitaria.tsv	1.0	1.0	1.5	4.0	3.0	1.0	11.5	11.5	0.0
34251_human_low	34251	human	human_low	low	False		human		corpus/01_composicoes/menores_notas/34251.txt		34251 (0511-012).txt			corpus/00_fontes/composicoes_de_admissao_universitaria.tsv	2.0	2.0	2.5	1.0	2.0	2.0	11.5	11.5	0.0
34613_human_low	34613	human	human_low	low	False		human		corpus/01_composicoes/menores_notas/34613.txt		34613 (0472-031).txt			corpus/00_fontes/composicoes_de_admissao_universitaria.tsv	1.5	1.5	2.0	1.0	3.0	2.5	11.5	11.5	0.0
34971_human_low	34971	human	human_low	low	False		human		corpus/01_composicoes/menores_notas/34971.txt		34971 (0492-012).txt			corpus/00_fontes/composicoes_de_admissao_universitaria.tsv	1.5	1.5	2.5	1.5	2.5	2.0	11.5	11.5	0.0
35072_human_low	35072	human	human_low	low	False		human		corpus/01_composicoes/menores_notas/35072.txt		35072 (0496-007).txt			corpus/00_fontes/composicoes_de_admissao_universitaria.tsv	1.0	1.0	2.0	3.0	3.0	1.5	11.5	11.5	0.0
35136_human_low	35136	human	human_low	low	False		human		corpus/01_composicoes/menores_notas/35136.txt		35136 (0505-029).txt			corpus/00_fontes/composicoes_de_admissao_universitaria.tsv	2.0	2.5	2.5	0.5	1.5	2.5	11.5	11.5	0.0
35163_human_low	35163	human	human_low	low	False		human		corpus/01_composicoes/menores_notas/35163.txt		35163 (0471-035).txt			corpus/00_fontes/composicoes_de_admissao_universitaria.tsv	1.0	1.0	1.5	4.0	2.5	1.5	11.5	11.5	0.0
32757_human_high	32757	human	human_high	high	False		gpt_ai	gpt-5.6-sol		32757.txt		32757_avaliacao_gpt-5.6-sol.md	corpus/04_composicoes_avaliadas/maiores_notas/32757_avaliacao_gpt-5.6-sol.md	corpus/04_composicoes_avaliadas/maiores_notas/32757_avaliacao_gpt-5.6-sol.md	2.5	2.5	3.5	3.0	3.5	4.0	19.0	19.0	0.0
32875_human_high	32875	human	human_high	high	False		gpt_ai	gpt-5.6-sol		32875.txt		32875_avaliacao_gpt-5.6-sol.md	corpus/04_composicoes_avaliadas/maiores_notas/32875_avaliacao_gpt-5.6-sol.md	corpus/04_composicoes_avaliadas/maiores_notas/32875_avaliacao_gpt-5.6-sol.md	3.0	3.0	5.0	2.0	4.0	5.0	22.0	22.0	0.0
33083_human_high	33083	human	human_high	high	False		gpt_ai	gpt-5.6-sol		33083.txt		33083_avaliacao_gpt-5.6-sol.md	corpus/04_composicoes_avaliadas/maiores_notas/33083_avaliacao_gpt-5.6-sol.md	corpus/04_composicoes_avaliadas/maiores_notas/33083_avaliacao_gpt-5.6-sol.md	2.5	2.5	3.5	4.5	3.5	3.5	20.0	20.0	0.0
33228_human_high	33228	human	human_high	high	False		gpt_ai	gpt-5.6-sol		33228.txt		33228_avaliacao_gpt-5.6-sol.md	corpus/04_composicoes_avaliadas/maiores_notas/33228_avaliacao_gpt-5.6-sol.md	corpus/04_composicoes_avaliadas/maiores_notas/33228_avaliacao_gpt-5.6-sol.md	3.0	3.0	4.0	0.0	4.0	4.0	18.0	18.0	0.0
33383_human_high	33383	human	human_high	high	False		gpt_ai	gpt-5.6-sol		33383.txt		33383_avaliacao_gpt-5.6-sol.md	corpus/04_composicoes_avaliadas/maiores_notas/33383_avaliacao_gpt-5.6-sol.md	corpus/04_composicoes_avaliadas/maiores_notas/33383_avaliacao_gpt-5.6-sol.md	3.0	3.0	4.0	2.0	3.5	4.0	19.5	19.5	0.0
33669_human_high	33669	human	human_high	high	False		gpt_ai	gpt-5.6-sol		33669.txt		33669_avaliacao_gpt-5.6-sol.md	corpus/04_composicoes_avaliadas/maiores_notas/33669_avaliacao_gpt-5.6-sol.md	corpus/04_composicoes_avaliadas/maiores_notas/33669_avaliacao_gpt-5.6-sol.md	3.0	2.5	4.0	3.0	4.0	4.0	20.5	20.5	0.0
33849_human_high	33849	human	human_high	high	False		gpt_ai	gpt-5.6-sol		33849.txt		33849_avaliacao_gpt-5.6-sol.md	corpus/04_composicoes_avaliadas/maiores_notas/33849_avaliacao_gpt-5.6-sol.md	corpus/04_composicoes_avaliadas/maiores_notas/33849_avaliacao_gpt-5.6-sol.md	3.5	3.5	4.0	2.0	4.0	4.0	21.0	21.0	0.0
33879_human_high	33879	human	human_high	high	False		gpt_ai	gpt-5.6-sol		33879.txt		33879_avaliacao_gpt-5.6-sol.md	corpus/04_composicoes_avaliadas/maiores_notas/33879_avaliacao_gpt-5.6-sol.md	corpus/04_composicoes_avaliadas/maiores_notas/33879_avaliacao_gpt-5.6-sol.md	3.5	4.0	4.0	2.0	3.0	4.0	20.5	20.5	0.0
33890_human_high	33890	human	human_high	high	False		gpt_ai	gpt-5.6-sol		33890.txt		33890_avaliacao_gpt-5.6-sol.md	corpus/04_composicoes_avaliadas/maiores_notas/33890_avaliacao_gpt-5.6-sol.md	corpus/04_composicoes_avaliadas/maiores_notas/33890_avaliacao_gpt-5.6-sol.md	3.0	3.0	4.0	4.0	5.0	4.0	23.0	23.0	0.0
33895_human_high	33895	human	human_high	high	False		gpt_ai	gpt-5.6-sol		33895.txt		33895_avaliacao_gpt-5.6-sol.md	corpus/04_composicoes_avaliadas/maiores_notas/33895_avaliacao_gpt-5.6-sol.md	corpus/04_composicoes_avaliadas/maiores_notas/33895_avaliacao_gpt-5.6-sol.md	4.0	4.0	4.5	1.0	4.0	4.0	21.5	21.5	0.0
33914_human_high	33914	human	human_high	high	False		gpt_ai	gpt-5.6-sol		33914.txt		33914_avaliacao_gpt-5.6-sol.md	corpus/04_composicoes_avaliadas/maiores_notas/33914_avaliacao_gpt-5.6-sol.md	corpus/04_composicoes_avaliadas/maiores_notas/33914_avaliacao_gpt-5.6-sol.md	3.0	2.5	4.0	3.0	3.0	4.0	19.5	19.5	0.0
33927_human_high	33927	human	human_high	high	False		gpt_ai	gpt-5.6-sol		33927.txt		33927_avaliacao_gpt-5.6-sol.md	corpus/04_composicoes_avaliadas/maiores_notas/33927_avaliacao_gpt-5.6-sol.md	corpus/04_composicoes_avaliadas/maiores_notas/33927_avaliacao_gpt-5.6-sol.md	3.0	4.0	4.0	4.0	4.0	4.0	23.0	23.0	0.0
33975_human_high	33975	human	human_high	high	False		gpt_ai	gpt-5.6-sol		33975.txt		33975_avaliacao_gpt-5.6-sol.md	corpus/04_composicoes_avaliadas/maiores_notas/33975_avaliacao_gpt-5.6-sol.md	corpus/04_composicoes_avaliadas/maiores_notas/33975_avaliacao_gpt-5.6-sol.md	3.0	2.0	4.0	2.0	4.0	4.0	19.0	19.0	0.0
33978_human_high	33978	human	human_high	high	False		gpt_ai	gpt-5.6-sol		33978.txt		33978_avaliacao_gpt-5.6-sol.md	corpus/04_composicoes_avaliadas/maiores_notas/33978_avaliacao_gpt-5.6-sol.md	corpus/04_composicoes_avaliadas/maiores_notas/33978_avaliacao_gpt-5.6-sol.md	3.0	3.0	4.0	2.0	3.0	3.0	18.0	18.0	0.0
33991_human_high	33991	human	human_high	high	False		gpt_ai	gpt-5.6-sol		33991.txt		33991_avaliacao_gpt-5.6-sol.md	corpus/04_composicoes_avaliadas/maiores_notas/33991_avaliacao_gpt-5.6-sol.md	corpus/04_composicoes_avaliadas/maiores_notas/33991_avaliacao_gpt-5.6-sol.md	3.5	3.0	3.5	3.0	4.5	4.0	21.5	21.5	0.0
33999_human_high	33999	human	human_high	high	False		gpt_ai	gpt-5.6-sol		33999.txt		33999_avaliacao_gpt-5.6-sol.md	corpus/04_composicoes_avaliadas/maiores_notas/33999_avaliacao_gpt-5.6-sol.md	corpus/04_composicoes_avaliadas/maiores_notas/33999_avaliacao_gpt-5.6-sol.md	4.0	3.5	4.5	4.5	4.5	4.0	25.0	25.0	0.0
34032_human_high	34032	human	human_high	high	False		gpt_ai	gpt-5.6-sol		34032.txt		34032_avaliacao_gpt-5.6-sol.md	corpus/04_composicoes_avaliadas/maiores_notas/34032_avaliacao_gpt-5.6-sol.md	corpus/04_composicoes_avaliadas/maiores_notas/34032_avaliacao_gpt-5.6-sol.md	3.0	3.0	4.0	4.0	4.0	3.0	21.0	21.0	0.0
34050_human_high	34050	human	human_high	high	False		gpt_ai	gpt-5.6-sol		34050.txt		34050_avaliacao_gpt-5.6-sol.md	corpus/04_composicoes_avaliadas/maiores_notas/34050_avaliacao_gpt-5.6-sol.md	corpus/04_composicoes_avaliadas/maiores_notas/34050_avaliacao_gpt-5.6-sol.md	4.5	4.0	4.0	4.0	4.0	4.0	24.5	24.5	0.0
34084_human_high	34084	human	human_high	high	False		gpt_ai	gpt-5.6-sol		34084.txt		34084_avaliacao_gpt-5.6-sol.md	corpus/04_composicoes_avaliadas/maiores_notas/34084_avaliacao_gpt-5.6-sol.md	corpus/04_composicoes_avaliadas/maiores_notas/34084_avaliacao_gpt-5.6-sol.md	4.0	4.5	4.0	4.0	4.0	4.0	24.5	24.5	0.0
34086_human_high	34086	human	human_high	high	False		gpt_ai	gpt-5.6-sol		34086.txt		34086_avaliacao_gpt-5.6-sol.md	corpus/04_composicoes_avaliadas/maiores_notas/34086_avaliacao_gpt-5.6-sol.md	corpus/04_composicoes_avaliadas/maiores_notas/34086_avaliacao_gpt-5.6-sol.md	3.0	4.0	4.5	3.0	4.0	4.0	22.5	22.5	0.0
34096_human_high	34096	human	human_high	high	False		gpt_ai	gpt-5.6-sol		34096.txt		34096_avaliacao_gpt-5.6-sol.md	corpus/04_composicoes_avaliadas/maiores_notas/34096_avaliacao_gpt-5.6-sol.md	corpus/04_composicoes_avaliadas/maiores_notas/34096_avaliacao_gpt-5.6-sol.md	3.0	3.0	4.0	3.0	3.0	4.0	20.0	20.0	0.0
34116_human_high	34116	human	human_high	high	False		gpt_ai	gpt-5.6-sol		34116.txt		34116_avaliacao_gpt-5.6-sol.md	corpus/04_composicoes_avaliadas/maiores_notas/34116_avaliacao_gpt-5.6-sol.md	corpus/04_composicoes_avaliadas/maiores_notas/34116_avaliacao_gpt-5.6-sol.md	5.0	4.0	5.0	5.0	5.0	5.0	29.0	29.0	0.0
34148_human_high	34148	human	human_high	high	False		gpt_ai	gpt-5.6-sol		34148.txt		34148_avaliacao_gpt-5.6-sol.md	corpus/04_composicoes_avaliadas/maiores_notas/34148_avaliacao_gpt-5.6-sol.md	corpus/04_composicoes_avaliadas/maiores_notas/34148_avaliacao_gpt-5.6-sol.md	4.0	3.5	4.0	2.0	3.0	3.0	19.5	19.5	0.0
34175_human_high	34175	human	human_high	high	False		gpt_ai	gpt-5.6-sol		34175.txt		34175_avaliacao_gpt-5.6-sol.md	corpus/04_composicoes_avaliadas/maiores_notas/34175_avaliacao_gpt-5.6-sol.md	corpus/04_composicoes_avaliadas/maiores_notas/34175_avaliacao_gpt-5.6-sol.md	4.0	4.0	5.0	5.0	5.0	5.0	28.0	28.0	0.0
34277_human_high	34277	human	human_high	high	False		gpt_ai	gpt-5.6-sol		34277.txt		34277_avaliacao_gpt-5.6-sol.md	corpus/04_composicoes_avaliadas/maiores_notas/34277_avaliacao_gpt-5.6-sol.md	corpus/04_composicoes_avaliadas/maiores_notas/34277_avaliacao_gpt-5.6-sol.md	4.5	4.5	4.5	4.0	3.5	4.0	25.0	25.0	0.0
34281_human_high	34281	human	human_high	high	False		gpt_ai	gpt-5.6-sol		34281.txt		34281_avaliacao_gpt-5.6-sol.md	corpus/04_composicoes_avaliadas/maiores_notas/34281_avaliacao_gpt-5.6-sol.md	corpus/04_composicoes_avaliadas/maiores_notas/34281_avaliacao_gpt-5.6-sol.md	3.0	4.0	4.0	3.0	4.0	3.5	21.5	21.5	0.0
34306_human_high	34306	human	human_high	high	False		gpt_ai	gpt-5.6-sol		34306.txt		34306_avaliacao_gpt-5.6-sol.md	corpus/04_composicoes_avaliadas/maiores_notas/34306_avaliacao_gpt-5.6-sol.md	corpus/04_composicoes_avaliadas/maiores_notas/34306_avaliacao_gpt-5.6-sol.md	4.0	3.0	4.0	0.0	3.0	4.0	18.0	18.0	0.0
34353_human_high	34353	human	human_high	high	False		gpt_ai	gpt-5.6-sol		34353.txt		34353_avaliacao_gpt-5.6-sol.md	corpus/04_composicoes_avaliadas/maiores_notas/34353_avaliacao_gpt-5.6-sol.md	corpus/04_composicoes_avaliadas/maiores_notas/34353_avaliacao_gpt-5.6-sol.md	3.0	2.5	3.0	0.0	2.0	2.0	12.5	12.5	0.0
34381_human_high	34381	human	human_high	high	False		gpt_ai	gpt-5.6-sol		34381.txt		34381_avaliacao_gpt-5.6-sol.md	corpus/04_composicoes_avaliadas/maiores_notas/34381_avaliacao_gpt-5.6-sol.md	corpus/04_composicoes_avaliadas/maiores_notas/34381_avaliacao_gpt-5.6-sol.md	3.5	3.0	4.0	3.0	3.0	3.0	19.5	19.5	0.0
34419_human_high	34419	human	human_high	high	False		gpt_ai	gpt-5.6-sol		34419.txt		34419_avaliacao_gpt-5.6-sol.md	corpus/04_composicoes_avaliadas/maiores_notas/34419_avaliacao_gpt-5.6-sol.md	corpus/04_composicoes_avaliadas/maiores_notas/34419_avaliacao_gpt-5.6-sol.md	3.5	3.5	4.5	3.0	4.0	4.0	22.5	22.5	0.0
34461_human_high	34461	human	human_high	high	False		gpt_ai	gpt-5.6-sol		34461.txt		34461_avaliacao_gpt-5.6-sol.md	corpus/04_composicoes_avaliadas/maiores_notas/34461_avaliacao_gpt-5.6-sol.md	corpus/04_composicoes_avaliadas/maiores_notas/34461_avaliacao_gpt-5.6-sol.md	3.5	3.5	4.0	0.0	2.0	2.0	15.0	15.0	0.0
34511_human_high	34511	human	human_high	high	False		gpt_ai	gpt-5.6-sol		34511.txt		34511_avaliacao_gpt-5.6-sol.md	corpus/04_composicoes_avaliadas/maiores_notas/34511_avaliacao_gpt-5.6-sol.md	corpus/04_composicoes_avaliadas/maiores_notas/34511_avaliacao_gpt-5.6-sol.md	4.0	5.0	4.0	2.0	3.0	4.0	22.0	22.0	0.0
34641_human_high	34641	human	human_high	high	False		gpt_ai	gpt-5.6-sol		34641.txt		34641_avaliacao_gpt-5.6-sol.md	corpus/04_composicoes_avaliadas/maiores_notas/34641_avaliacao_gpt-5.6-sol.md	corpus/04_composicoes_avaliadas/maiores_notas/34641_avaliacao_gpt-5.6-sol.md	4.0	4.0	5.0	3.0	4.0	5.0	25.0	25.0	0.0
34648_human_high	34648	human	human_high	high	False		gpt_ai	gpt-5.6-sol		34648.txt		34648_avaliacao_gpt-5.6-sol.md	corpus/04_composicoes_avaliadas/maiores_notas/34648_avaliacao_gpt-5.6-sol.md	corpus/04_composicoes_avaliadas/maiores_notas/34648_avaliacao_gpt-5.6-sol.md	4.0	4.0	5.0	4.0	4.0	4.0	25.0	25.0	0.0
34652_human_high	34652	human	human_high	high	False		gpt_ai	gpt-5.6-sol		34652.txt		34652_avaliacao_gpt-5.6-sol.md	corpus/04_composicoes_avaliadas/maiores_notas/34652_avaliacao_gpt-5.6-sol.md	corpus/04_composicoes_avaliadas/maiores_notas/34652_avaliacao_gpt-5.6-sol.md	4.5	4.0	4.5	3.0	3.5	4.0	23.5	23.5	0.0
34675_human_high	34675	human	human_high	high	False		gpt_ai	gpt-5.6-sol		34675.txt		34675_avaliacao_gpt-5.6-sol.md	corpus/04_composicoes_avaliadas/maiores_notas/34675_avaliacao_gpt-5.6-sol.md	corpus/04_composicoes_avaliadas/maiores_notas/34675_avaliacao_gpt-5.6-sol.md	4.0	4.0	5.0	5.0	5.0	5.0	28.0	28.0	0.0
34698_human_high	34698	human	human_high	high	False		gpt_ai	gpt-5.6-sol		34698.txt		34698_avaliacao_gpt-5.6-sol.md	corpus/04_composicoes_avaliadas/maiores_notas/34698_avaliacao_gpt-5.6-sol.md	corpus/04_composicoes_avaliadas/maiores_notas/34698_avaliacao_gpt-5.6-sol.md	4.5	4.5	5.0	4.0	5.0	5.0	28.0	28.0	0.0
34717_human_high	34717	human	human_high	high	False		gpt_ai	gpt-5.6-sol		34717.txt		34717_avaliacao_gpt-5.6-sol.md	corpus/04_composicoes_avaliadas/maiores_notas/34717_avaliacao_gpt-5.6-sol.md	corpus/04_composicoes_avaliadas/maiores_notas/34717_avaliacao_gpt-5.6-sol.md	4.5	4.5	5.0	4.0	5.0	5.0	28.0	28.0	0.0
34726_human_high	34726	human	human_high	high	False		gpt_ai	gpt-5.6-sol		34726.txt		34726_avaliacao_gpt-5.6-sol.md	corpus/04_composicoes_avaliadas/maiores_notas/34726_avaliacao_gpt-5.6-sol.md	corpus/04_composicoes_avaliadas/maiores_notas/34726_avaliacao_gpt-5.6-sol.md	4.0	3.0	4.0	5.0	5.0	5.0	26.0	26.0	0.0
34754_human_high	34754	human	human_high	high	False		gpt_ai	gpt-5.6-sol		34754.txt		34754_avaliacao_gpt-5.6-sol.md	corpus/04_composicoes_avaliadas/maiores_notas/34754_avaliacao_gpt-5.6-sol.md	corpus/04_composicoes_avaliadas/maiores_notas/34754_avaliacao_gpt-5.6-sol.md	4.5	4.5	4.0	4.0	5.0	5.0	27.0	27.0	0.0
34802_human_high	34802	human	human_high	high	False		gpt_ai	gpt-5.6-sol		34802.txt		34802_avaliacao_gpt-5.6-sol.md	corpus/04_composicoes_avaliadas/maiores_notas/34802_avaliacao_gpt-5.6-sol.md	corpus/04_composicoes_avaliadas/maiores_notas/34802_avaliacao_gpt-5.6-sol.md	3.0	3.0	4.0	4.0	4.0	5.0	23.0	23.0	0.0
34811_human_high	34811	human	human_high	high	False		gpt_ai	gpt-5.6-sol		34811.txt		34811_avaliacao_gpt-5.6-sol.md	corpus/04_composicoes_avaliadas/maiores_notas/34811_avaliacao_gpt-5.6-sol.md	corpus/04_composicoes_avaliadas/maiores_notas/34811_avaliacao_gpt-5.6-sol.md	4.0	4.0	4.0	5.0	5.0	4.0	26.0	26.0	0.0
34813_human_high	34813	human	human_high	high	False		gpt_ai	gpt-5.6-sol		34813.txt		34813_avaliacao_gpt-5.6-sol.md	corpus/04_composicoes_avaliadas/maiores_notas/34813_avaliacao_gpt-5.6-sol.md	corpus/04_composicoes_avaliadas/maiores_notas/34813_avaliacao_gpt-5.6-sol.md	3.0	3.5	4.0	4.0	4.0	5.0	23.5	23.5	0.0
34832_human_high	34832	human	human_high	high	False		gpt_ai	gpt-5.6-sol		34832.txt		34832_avaliacao_gpt-5.6-sol.md	corpus/04_composicoes_avaliadas/maiores_notas/34832_avaliacao_gpt-5.6-sol.md	corpus/04_composicoes_avaliadas/maiores_notas/34832_avaliacao_gpt-5.6-sol.md	4.0	4.0	4.5	4.0	4.0	4.0	24.5	24.5	0.0
34841_human_high	34841	human	human_high	high	False		gpt_ai	gpt-5.6-sol		34841.txt		34841_avaliacao_gpt-5.6-sol.md	corpus/04_composicoes_avaliadas/maiores_notas/34841_avaliacao_gpt-5.6-sol.md	corpus/04_composicoes_avaliadas/maiores_notas/34841_avaliacao_gpt-5.6-sol.md	3.5	3.5	4.0	4.5	3.5	4.0	23.0	23.0	0.0
34844_human_high	34844	human	human_high	high	False		gpt_ai	gpt-5.6-sol		34844.txt		34844_avaliacao_gpt-5.6-sol.md	corpus/04_composicoes_avaliadas/maiores_notas/34844_avaliacao_gpt-5.6-sol.md	corpus/04_composicoes_avaliadas/maiores_notas/34844_avaliacao_gpt-5.6-sol.md	3.0	3.0	4.0	5.0	5.0	4.5	24.5	24.5	0.0
34875_human_high	34875	human	human_high	high	False		gpt_ai	gpt-5.6-sol		34875.txt		34875_avaliacao_gpt-5.6-sol.md	corpus/04_composicoes_avaliadas/maiores_notas/34875_avaliacao_gpt-5.6-sol.md	corpus/04_composicoes_avaliadas/maiores_notas/34875_avaliacao_gpt-5.6-sol.md	4.0	3.5	4.0	4.0	5.0	4.0	24.5	24.5	0.0
34901_human_high	34901	human	human_high	high	False		gpt_ai	gpt-5.6-sol		34901.txt		34901_avaliacao_gpt-5.6-sol.md	corpus/04_composicoes_avaliadas/maiores_notas/34901_avaliacao_gpt-5.6-sol.md	corpus/04_composicoes_avaliadas/maiores_notas/34901_avaliacao_gpt-5.6-sol.md	4.0	3.5	4.5	3.0	4.0	4.0	23.0	23.0	0.0
34967_human_high	34967	human	human_high	high	False		gpt_ai	gpt-5.6-sol		34967.txt		34967_avaliacao_gpt-5.6-sol.md	corpus/04_composicoes_avaliadas/maiores_notas/34967_avaliacao_gpt-5.6-sol.md	corpus/04_composicoes_avaliadas/maiores_notas/34967_avaliacao_gpt-5.6-sol.md	4.5	4.0	5.0	2.0	4.0	4.0	23.5	23.5	0.0
34994_human_high	34994	human	human_high	high	False		gpt_ai	gpt-5.6-sol		34994.txt		34994_avaliacao_gpt-5.6-sol.md	corpus/04_composicoes_avaliadas/maiores_notas/34994_avaliacao_gpt-5.6-sol.md	corpus/04_composicoes_avaliadas/maiores_notas/34994_avaliacao_gpt-5.6-sol.md	3.5	3.0	4.5	3.0	5.0	5.0	24.0	24.0	0.0
35053_human_high	35053	human	human_high	high	False		gpt_ai	gpt-5.6-sol		35053.txt		35053_avaliacao_gpt-5.6-sol.md	corpus/04_composicoes_avaliadas/maiores_notas/35053_avaliacao_gpt-5.6-sol.md	corpus/04_composicoes_avaliadas/maiores_notas/35053_avaliacao_gpt-5.6-sol.md	3.0	3.0	4.0	3.0	4.0	4.0	21.0	21.0	0.0
35077_human_high	35077	human	human_high	high	False		gpt_ai	gpt-5.6-sol		35077.txt		35077_avaliacao_gpt-5.6-sol.md	corpus/04_composicoes_avaliadas/maiores_notas/35077_avaliacao_gpt-5.6-sol.md	corpus/04_composicoes_avaliadas/maiores_notas/35077_avaliacao_gpt-5.6-sol.md	3.0	2.5	4.0	4.0	4.0	4.0	21.5	21.5	0.0
35100_human_high	35100	human	human_high	high	False		gpt_ai	gpt-5.6-sol		35100.txt		35100_avaliacao_gpt-5.6-sol.md	corpus/04_composicoes_avaliadas/maiores_notas/35100_avaliacao_gpt-5.6-sol.md	corpus/04_composicoes_avaliadas/maiores_notas/35100_avaliacao_gpt-5.6-sol.md	4.0	3.0	4.0	4.0	4.0	5.0	24.0	24.0	0.0
35121_human_high	35121	human	human_high	high	False		gpt_ai	gpt-5.6-sol		35121.txt		35121_avaliacao_gpt-5.6-sol.md	corpus/04_composicoes_avaliadas/maiores_notas/35121_avaliacao_gpt-5.6-sol.md	corpus/04_composicoes_avaliadas/maiores_notas/35121_avaliacao_gpt-5.6-sol.md	4.0	3.5	2.5	4.0	3.0	4.0	21.0	21.0	0.0
35125_human_high	35125	human	human_high	high	False		gpt_ai	gpt-5.6-sol		35125.txt		35125_avaliacao_gpt-5.6-sol.md	corpus/04_composicoes_avaliadas/maiores_notas/35125_avaliacao_gpt-5.6-sol.md	corpus/04_composicoes_avaliadas/maiores_notas/35125_avaliacao_gpt-5.6-sol.md	3.0	2.0	4.0	4.0	3.0	4.0	20.0	20.0	0.0
35126_human_high	35126	human	human_high	high	False		gpt_ai	gpt-5.6-sol		35126.txt		35126_avaliacao_gpt-5.6-sol.md	corpus/04_composicoes_avaliadas/maiores_notas/35126_avaliacao_gpt-5.6-sol.md	corpus/04_composicoes_avaliadas/maiores_notas/35126_avaliacao_gpt-5.6-sol.md	3.5	3.0	4.0	5.0	5.0	5.0	25.5	25.5	0.0
35134_human_high	35134	human	human_high	high	False		gpt_ai	gpt-5.6-sol		35134.txt		35134_avaliacao_gpt-5.6-sol.md	corpus/04_composicoes_avaliadas/maiores_notas/35134_avaliacao_gpt-5.6-sol.md	corpus/04_composicoes_avaliadas/maiores_notas/35134_avaliacao_gpt-5.6-sol.md	3.0	2.5	4.5	4.0	4.5	4.0	22.5	22.5	0.0
35240_human_high	35240	human	human_high	high	False		gpt_ai	gpt-5.6-sol		35240.txt		35240_avaliacao_gpt-5.6-sol.md	corpus/04_composicoes_avaliadas/maiores_notas/35240_avaliacao_gpt-5.6-sol.md	corpus/04_composicoes_avaliadas/maiores_notas/35240_avaliacao_gpt-5.6-sol.md	4.0	3.5	4.5	4.0	4.0	5.0	25.0	25.0	0.0
35247_human_high	35247	human	human_high	high	False		gpt_ai	gpt-5.6-sol		35247.txt		35247_avaliacao_gpt-5.6-sol.md	corpus/04_composicoes_avaliadas/maiores_notas/35247_avaliacao_gpt-5.6-sol.md	corpus/04_composicoes_avaliadas/maiores_notas/35247_avaliacao_gpt-5.6-sol.md	3.0	3.5	4.0	2.0	3.0	3.0	18.5	18.5	0.0
35378_human_high	35378	human	human_high	high	False		gpt_ai	gpt-5.6-sol		35378.txt		35378_avaliacao_gpt-5.6-sol.md	corpus/04_composicoes_avaliadas/maiores_notas/35378_avaliacao_gpt-5.6-sol.md	corpus/04_composicoes_avaliadas/maiores_notas/35378_avaliacao_gpt-5.6-sol.md	4.0	4.0	4.0	0.0	3.0	4.0	19.0	19.0	0.0
35400_human_high	35400	human	human_high	high	False		gpt_ai	gpt-5.6-sol		35400.txt		35400_avaliacao_gpt-5.6-sol.md	corpus/04_composicoes_avaliadas/maiores_notas/35400_avaliacao_gpt-5.6-sol.md	corpus/04_composicoes_avaliadas/maiores_notas/35400_avaliacao_gpt-5.6-sol.md	3.0	4.0	5.0	4.0	4.0	4.0	24.0	24.0	0.0
35451_human_high	35451	human	human_high	high	False		gpt_ai	gpt-5.6-sol		35451.txt		35451_avaliacao_gpt-5.6-sol.md	corpus/04_composicoes_avaliadas/maiores_notas/35451_avaliacao_gpt-5.6-sol.md	corpus/04_composicoes_avaliadas/maiores_notas/35451_avaliacao_gpt-5.6-sol.md	3.0	3.5	4.0	4.0	5.0	5.0	24.5	24.5	0.0
35464_human_high	35464	human	human_high	high	False		gpt_ai	gpt-5.6-sol		35464.txt		35464_avaliacao_gpt-5.6-sol.md	corpus/04_composicoes_avaliadas/maiores_notas/35464_avaliacao_gpt-5.6-sol.md	corpus/04_composicoes_avaliadas/maiores_notas/35464_avaliacao_gpt-5.6-sol.md	4.0	4.0	4.0	3.0	3.5	4.0	22.5	22.5	0.0
35482_human_high	35482	human	human_high	high	False		gpt_ai	gpt-5.6-sol		35482.txt		35482_avaliacao_gpt-5.6-sol.md	corpus/04_composicoes_avaliadas/maiores_notas/35482_avaliacao_gpt-5.6-sol.md	corpus/04_composicoes_avaliadas/maiores_notas/35482_avaliacao_gpt-5.6-sol.md	3.5	4.0	4.0	4.0	3.5	4.0	23.0	23.0	0.0
35496_human_high	35496	human	human_high	high	False		gpt_ai	gpt-5.6-sol		35496.txt		35496_avaliacao_gpt-5.6-sol.md	corpus/04_composicoes_avaliadas/maiores_notas/35496_avaliacao_gpt-5.6-sol.md	corpus/04_composicoes_avaliadas/maiores_notas/35496_avaliacao_gpt-5.6-sol.md	4.0	4.0	4.0	0.0	3.0	3.0	18.0	18.0	0.0
35497_human_high	35497	human	human_high	high	False		gpt_ai	gpt-5.6-sol		35497.txt		35497_avaliacao_gpt-5.6-sol.md	corpus/04_composicoes_avaliadas/maiores_notas/35497_avaliacao_gpt-5.6-sol.md	corpus/04_composicoes_avaliadas/maiores_notas/35497_avaliacao_gpt-5.6-sol.md	3.5	4.0	5.0	5.0	5.0	5.0	27.5	27.5	0.0
35542_human_high	35542	human	human_high	high	False		gpt_ai	gpt-5.6-sol		35542.txt		35542_avaliacao_gpt-5.6-sol.md	corpus/04_composicoes_avaliadas/maiores_notas/35542_avaliacao_gpt-5.6-sol.md	corpus/04_composicoes_avaliadas/maiores_notas/35542_avaliacao_gpt-5.6-sol.md	4.0	4.0	4.0	4.0	4.0	5.0	25.0	25.0	0.0
35647_human_high	35647	human	human_high	high	False		gpt_ai	gpt-5.6-sol		35647.txt		35647_avaliacao_gpt-5.6-sol.md	corpus/04_composicoes_avaliadas/maiores_notas/35647_avaliacao_gpt-5.6-sol.md	corpus/04_composicoes_avaliadas/maiores_notas/35647_avaliacao_gpt-5.6-sol.md	4.0	4.0	4.0	3.0	4.0	4.0	23.0	23.0	0.0
35733_human_high	35733	human	human_high	high	False		gpt_ai	gpt-5.6-sol		35733.txt		35733_avaliacao_gpt-5.6-sol.md	corpus/04_composicoes_avaliadas/maiores_notas/35733_avaliacao_gpt-5.6-sol.md	corpus/04_composicoes_avaliadas/maiores_notas/35733_avaliacao_gpt-5.6-sol.md	4.5	4.0	5.0	5.0	5.0	5.0	28.5	28.5	0.0
35734_human_high	35734	human	human_high	high	False		gpt_ai	gpt-5.6-sol		35734.txt		35734_avaliacao_gpt-5.6-sol.md	corpus/04_composicoes_avaliadas/maiores_notas/35734_avaliacao_gpt-5.6-sol.md	corpus/04_composicoes_avaliadas/maiores_notas/35734_avaliacao_gpt-5.6-sol.md	4.0	4.0	4.0	3.0	4.0	5.0	24.0	24.0	0.0
35750_human_high	35750	human	human_high	high	False		gpt_ai	gpt-5.6-sol		35750.txt		35750_avaliacao_gpt-5.6-sol.md	corpus/04_composicoes_avaliadas/maiores_notas/35750_avaliacao_gpt-5.6-sol.md	corpus/04_composicoes_avaliadas/maiores_notas/35750_avaliacao_gpt-5.6-sol.md	3.5	4.0	4.0	3.0	3.0	4.0	21.5	21.5	0.0
35763_human_high	35763	human	human_high	high	False		gpt_ai	gpt-5.6-sol		35763.txt		35763_avaliacao_gpt-5.6-sol.md	corpus/04_composicoes_avaliadas/maiores_notas/35763_avaliacao_gpt-5.6-sol.md	corpus/04_composicoes_avaliadas/maiores_notas/35763_avaliacao_gpt-5.6-sol.md	3.0	3.0	4.0	1.0	4.0	3.5	18.5	18.5	0.0
35789_human_high	35789	human	human_high	high	False		gpt_ai	gpt-5.6-sol		35789.txt		35789_avaliacao_gpt-5.6-sol.md	corpus/04_composicoes_avaliadas/maiores_notas/35789_avaliacao_gpt-5.6-sol.md	corpus/04_composicoes_avaliadas/maiores_notas/35789_avaliacao_gpt-5.6-sol.md	4.0	4.0	5.0	4.0	4.0	5.0	26.0	26.0	0.0
35819_human_high	35819	human	human_high	high	False		gpt_ai	gpt-5.6-sol		35819.txt		35819_avaliacao_gpt-5.6-sol.md	corpus/04_composicoes_avaliadas/maiores_notas/35819_avaliacao_gpt-5.6-sol.md	corpus/04_composicoes_avaliadas/maiores_notas/35819_avaliacao_gpt-5.6-sol.md	3.5	4.5	5.0	3.0	4.5	4.0	24.5	24.5	0.0
35865_human_high	35865	human	human_high	high	False		gpt_ai	gpt-5.6-sol		35865.txt		35865_avaliacao_gpt-5.6-sol.md	corpus/04_composicoes_avaliadas/maiores_notas/35865_avaliacao_gpt-5.6-sol.md	corpus/04_composicoes_avaliadas/maiores_notas/35865_avaliacao_gpt-5.6-sol.md	4.0	3.0	4.0	4.0	3.0	4.0	22.0	22.0	0.0
35867_human_high	35867	human	human_high	high	False		gpt_ai	gpt-5.6-sol		35867.txt		35867_avaliacao_gpt-5.6-sol.md	corpus/04_composicoes_avaliadas/maiores_notas/35867_avaliacao_gpt-5.6-sol.md	corpus/04_composicoes_avaliadas/maiores_notas/35867_avaliacao_gpt-5.6-sol.md	3.0	3.0	4.0	4.0	3.0	3.0	20.0	20.0	0.0
35892_human_high	35892	human	human_high	high	False		gpt_ai	gpt-5.6-sol		35892.txt		35892_avaliacao_gpt-5.6-sol.md	corpus/04_composicoes_avaliadas/maiores_notas/35892_avaliacao_gpt-5.6-sol.md	corpus/04_composicoes_avaliadas/maiores_notas/35892_avaliacao_gpt-5.6-sol.md	4.5	4.0	5.0	4.0	5.0	4.0	26.5	26.5	0.0
35928_human_high	35928	human	human_high	high	False		gpt_ai	gpt-5.6-sol		35928.txt		35928_avaliacao_gpt-5.6-sol.md	corpus/04_composicoes_avaliadas/maiores_notas/35928_avaliacao_gpt-5.6-sol.md	corpus/04_composicoes_avaliadas/maiores_notas/35928_avaliacao_gpt-5.6-sol.md	3.0	3.5	4.0	2.0	3.0	3.0	18.5	18.5	0.0
35934_human_high	35934	human	human_high	high	False		gpt_ai	gpt-5.6-sol		35934.txt		35934_avaliacao_gpt-5.6-sol.md	corpus/04_composicoes_avaliadas/maiores_notas/35934_avaliacao_gpt-5.6-sol.md	corpus/04_composicoes_avaliadas/maiores_notas/35934_avaliacao_gpt-5.6-sol.md	4.0	3.5	4.0	3.0	4.0	4.0	22.5	22.5	0.0
35994_human_high	35994	human	human_high	high	False		gpt_ai	gpt-5.6-sol		35994.txt		35994_avaliacao_gpt-5.6-sol.md	corpus/04_composicoes_avaliadas/maiores_notas/35994_avaliacao_gpt-5.6-sol.md	corpus/04_composicoes_avaliadas/maiores_notas/35994_avaliacao_gpt-5.6-sol.md	4.0	4.5	5.0	3.0	5.0	5.0	26.5	26.5	0.0
36006_human_high	36006	human	human_high	high	False		gpt_ai	gpt-5.6-sol		36006.txt		36006_avaliacao_gpt-5.6-sol.md	corpus/04_composicoes_avaliadas/maiores_notas/36006_avaliacao_gpt-5.6-sol.md	corpus/04_composicoes_avaliadas/maiores_notas/36006_avaliacao_gpt-5.6-sol.md	4.5	4.0	4.5	0.0	4.0	4.0	21.0	21.0	0.0
36030_human_high	36030	human	human_high	high	False		gpt_ai	gpt-5.6-sol		36030.txt		36030_avaliacao_gpt-5.6-sol.md	corpus/04_composicoes_avaliadas/maiores_notas/36030_avaliacao_gpt-5.6-sol.md	corpus/04_composicoes_avaliadas/maiores_notas/36030_avaliacao_gpt-5.6-sol.md	4.0	4.0	5.0	1.0	3.0	5.0	22.0	22.0	0.0
36064_human_high	36064	human	human_high	high	False		gpt_ai	gpt-5.6-sol		36064.txt		36064_avaliacao_gpt-5.6-sol.md	corpus/04_composicoes_avaliadas/maiores_notas/36064_avaliacao_gpt-5.6-sol.md	corpus/04_composicoes_avaliadas/maiores_notas/36064_avaliacao_gpt-5.6-sol.md	4.0	4.0	4.0	0.0	2.5	3.0	17.5	17.5	0.0
36068_human_high	36068	human	human_high	high	False		gpt_ai	gpt-5.6-sol		36068.txt		36068_avaliacao_gpt-5.6-sol.md	corpus/04_composicoes_avaliadas/maiores_notas/36068_avaliacao_gpt-5.6-sol.md	corpus/04_composicoes_avaliadas/maiores_notas/36068_avaliacao_gpt-5.6-sol.md	4.0	4.0	4.0	3.0	4.0	4.0	23.0	23.0	0.0
36074_human_high	36074	human	human_high	high	False		gpt_ai	gpt-5.6-sol		36074.txt		36074_avaliacao_gpt-5.6-sol.md	corpus/04_composicoes_avaliadas/maiores_notas/36074_avaliacao_gpt-5.6-sol.md	corpus/04_composicoes_avaliadas/maiores_notas/36074_avaliacao_gpt-5.6-sol.md	5.0	5.0	5.0	4.0	4.0	5.0	28.0	28.0	0.0
36090_human_high	36090	human	human_high	high	False		gpt_ai	gpt-5.6-sol		36090.txt		36090_avaliacao_gpt-5.6-sol.md	corpus/04_composicoes_avaliadas/maiores_notas/36090_avaliacao_gpt-5.6-sol.md	corpus/04_composicoes_avaliadas/maiores_notas/36090_avaliacao_gpt-5.6-sol.md	4.0	4.0	5.0	4.0	5.0	5.0	27.0	27.0	0.0
36163_human_high	36163	human	human_high	high	False		gpt_ai	gpt-5.6-sol		36163.txt		36163_avaliacao_gpt-5.6-sol.md	corpus/04_composicoes_avaliadas/maiores_notas/36163_avaliacao_gpt-5.6-sol.md	corpus/04_composicoes_avaliadas/maiores_notas/36163_avaliacao_gpt-5.6-sol.md	3.5	4.0	5.0	4.0	4.0	4.0	24.5	24.5	0.0
36214_human_high	36214	human	human_high	high	False		gpt_ai	gpt-5.6-sol		36214.txt		36214_avaliacao_gpt-5.6-sol.md	corpus/04_composicoes_avaliadas/maiores_notas/36214_avaliacao_gpt-5.6-sol.md	corpus/04_composicoes_avaliadas/maiores_notas/36214_avaliacao_gpt-5.6-sol.md	3.5	4.0	4.0	3.0	3.0	4.0	21.5	21.5	0.0
36237_human_high	36237	human	human_high	high	False		gpt_ai	gpt-5.6-sol		36237.txt		36237_avaliacao_gpt-5.6-sol.md	corpus/04_composicoes_avaliadas/maiores_notas/36237_avaliacao_gpt-5.6-sol.md	corpus/04_composicoes_avaliadas/maiores_notas/36237_avaliacao_gpt-5.6-sol.md	4.0	4.0	4.0	3.0	4.0	3.0	22.0	22.0	0.0
36245_human_high	36245	human	human_high	high	False		gpt_ai	gpt-5.6-sol		36245.txt		36245_avaliacao_gpt-5.6-sol.md	corpus/04_composicoes_avaliadas/maiores_notas/36245_avaliacao_gpt-5.6-sol.md	corpus/04_composicoes_avaliadas/maiores_notas/36245_avaliacao_gpt-5.6-sol.md	3.0	2.0	5.0	1.0	4.0	4.0	19.0	19.0	0.0
36260_human_high	36260	human	human_high	high	False		gpt_ai	gpt-5.6-sol		36260.txt		36260_avaliacao_gpt-5.6-sol.md	corpus/04_composicoes_avaliadas/maiores_notas/36260_avaliacao_gpt-5.6-sol.md	corpus/04_composicoes_avaliadas/maiores_notas/36260_avaliacao_gpt-5.6-sol.md	4.0	4.0	4.0	2.0	4.0	5.0	23.0	23.0	0.0
36261_human_high	36261	human	human_high	high	False		gpt_ai	gpt-5.6-sol		36261.txt		36261_avaliacao_gpt-5.6-sol.md	corpus/04_composicoes_avaliadas/maiores_notas/36261_avaliacao_gpt-5.6-sol.md	corpus/04_composicoes_avaliadas/maiores_notas/36261_avaliacao_gpt-5.6-sol.md	3.5	4.0	5.0	4.0	4.0	4.0	24.5	24.5	0.0
36280_human_high	36280	human	human_high	high	False		gpt_ai	gpt-5.6-sol		36280.txt		36280_avaliacao_gpt-5.6-sol.md	corpus/04_composicoes_avaliadas/maiores_notas/36280_avaliacao_gpt-5.6-sol.md	corpus/04_composicoes_avaliadas/maiores_notas/36280_avaliacao_gpt-5.6-sol.md	4.5	4.0	5.0	3.0	4.0	4.0	24.5	24.5	0.0
36330_human_high	36330	human	human_high	high	False		gpt_ai	gpt-5.6-sol		36330.txt		36330_avaliacao_gpt-5.6-sol.md	corpus/04_composicoes_avaliadas/maiores_notas/36330_avaliacao_gpt-5.6-sol.md	corpus/04_composicoes_avaliadas/maiores_notas/36330_avaliacao_gpt-5.6-sol.md	4.0	3.0	5.0	3.0	4.0	4.0	23.0	23.0	0.0
36349_human_high	36349	human	human_high	high	False		gpt_ai	gpt-5.6-sol		36349.txt		36349_avaliacao_gpt-5.6-sol.md	corpus/04_composicoes_avaliadas/maiores_notas/36349_avaliacao_gpt-5.6-sol.md	corpus/04_composicoes_avaliadas/maiores_notas/36349_avaliacao_gpt-5.6-sol.md	4.5	4.0	5.0	3.5	4.0	4.5	25.5	25.5	0.0
36385_human_high	36385	human	human_high	high	False		gpt_ai	gpt-5.6-sol		36385.txt		36385_avaliacao_gpt-5.6-sol.md	corpus/04_composicoes_avaliadas/maiores_notas/36385_avaliacao_gpt-5.6-sol.md	corpus/04_composicoes_avaliadas/maiores_notas/36385_avaliacao_gpt-5.6-sol.md	3.5	4.0	4.0	3.0	4.0	4.0	22.5	22.5	0.0
36403_human_high	36403	human	human_high	high	False		gpt_ai	gpt-5.6-sol		36403.txt		36403_avaliacao_gpt-5.6-sol.md	corpus/04_composicoes_avaliadas/maiores_notas/36403_avaliacao_gpt-5.6-sol.md	corpus/04_composicoes_avaliadas/maiores_notas/36403_avaliacao_gpt-5.6-sol.md	4.0	4.5	4.5	1.0	3.0	4.0	21.0	21.0	0.0
36415_human_high	36415	human	human_high	high	False		gpt_ai	gpt-5.6-sol		36415.txt		36415_avaliacao_gpt-5.6-sol.md	corpus/04_composicoes_avaliadas/maiores_notas/36415_avaliacao_gpt-5.6-sol.md	corpus/04_composicoes_avaliadas/maiores_notas/36415_avaliacao_gpt-5.6-sol.md	4.0	4.5	5.0	4.0	5.0	4.5	27.0	27.0	0.0
36436_human_high	36436	human	human_high	high	False		gpt_ai	gpt-5.6-sol		36436.txt		36436_avaliacao_gpt-5.6-sol.md	corpus/04_composicoes_avaliadas/maiores_notas/36436_avaliacao_gpt-5.6-sol.md	corpus/04_composicoes_avaliadas/maiores_notas/36436_avaliacao_gpt-5.6-sol.md	4.0	4.0	4.0	2.0	4.0	3.5	21.5	21.5	0.0
36441_human_high	36441	human	human_high	high	False		gpt_ai	gpt-5.6-sol		36441.txt		36441_avaliacao_gpt-5.6-sol.md	corpus/04_composicoes_avaliadas/maiores_notas/36441_avaliacao_gpt-5.6-sol.md	corpus/04_composicoes_avaliadas/maiores_notas/36441_avaliacao_gpt-5.6-sol.md	4.0	4.5	5.0	4.0	5.0	5.0	27.5	27.5	0.0
36442_human_high	36442	human	human_high	high	False		gpt_ai	gpt-5.6-sol		36442.txt		36442_avaliacao_gpt-5.6-sol.md	corpus/04_composicoes_avaliadas/maiores_notas/36442_avaliacao_gpt-5.6-sol.md	corpus/04_composicoes_avaliadas/maiores_notas/36442_avaliacao_gpt-5.6-sol.md	4.0	3.5	4.0	4.0	3.5	4.0	23.0	23.0	0.0
36471_human_high	36471	human	human_high	high	False		gpt_ai	gpt-5.6-sol		36471.txt		36471_avaliacao_gpt-5.6-sol.md	corpus/04_composicoes_avaliadas/maiores_notas/36471_avaliacao_gpt-5.6-sol.md	corpus/04_composicoes_avaliadas/maiores_notas/36471_avaliacao_gpt-5.6-sol.md	3.5	4.5	4.5	0.0	4.0	4.0	20.5	20.5	0.0
36494_human_high	36494	human	human_high	high	False		gpt_ai	gpt-5.6-sol		36494.txt		36494_avaliacao_gpt-5.6-sol.md	corpus/04_composicoes_avaliadas/maiores_notas/36494_avaliacao_gpt-5.6-sol.md	corpus/04_composicoes_avaliadas/maiores_notas/36494_avaliacao_gpt-5.6-sol.md	4.0	4.0	4.5	4.0	4.5	5.0	26.0	26.0	0.0
36503_human_high	36503	human	human_high	high	False		gpt_ai	gpt-5.6-sol		36503.txt		36503_avaliacao_gpt-5.6-sol.md	corpus/04_composicoes_avaliadas/maiores_notas/36503_avaliacao_gpt-5.6-sol.md	corpus/04_composicoes_avaliadas/maiores_notas/36503_avaliacao_gpt-5.6-sol.md	4.0	4.0	4.5	2.0	4.0	4.0	22.5	22.5	0.0
36515_human_high	36515	human	human_high	high	False		gpt_ai	gpt-5.6-sol		36515.txt		36515_avaliacao_gpt-5.6-sol.md	corpus/04_composicoes_avaliadas/maiores_notas/36515_avaliacao_gpt-5.6-sol.md	corpus/04_composicoes_avaliadas/maiores_notas/36515_avaliacao_gpt-5.6-sol.md	4.5	4.5	5.0	5.0	5.0	5.0	29.0	29.0	0.0
36532_human_high	36532	human	human_high	high	False		gpt_ai	gpt-5.6-sol		36532.txt		36532_avaliacao_gpt-5.6-sol.md	corpus/04_composicoes_avaliadas/maiores_notas/36532_avaliacao_gpt-5.6-sol.md	corpus/04_composicoes_avaliadas/maiores_notas/36532_avaliacao_gpt-5.6-sol.md	4.0	3.0	4.0	3.0	4.0	5.0	23.0	23.0	0.0
36551_human_high	36551	human	human_high	high	False		gpt_ai	gpt-5.6-sol		36551.txt		36551_avaliacao_gpt-5.6-sol.md	corpus/04_composicoes_avaliadas/maiores_notas/36551_avaliacao_gpt-5.6-sol.md	corpus/04_composicoes_avaliadas/maiores_notas/36551_avaliacao_gpt-5.6-sol.md	4.0	4.0	4.0	4.0	4.0	4.0	24.0	24.0	0.0
36560_human_high	36560	human	human_high	high	False		gpt_ai	gpt-5.6-sol		36560.txt		36560_avaliacao_gpt-5.6-sol.md	corpus/04_composicoes_avaliadas/maiores_notas/36560_avaliacao_gpt-5.6-sol.md	corpus/04_composicoes_avaliadas/maiores_notas/36560_avaliacao_gpt-5.6-sol.md	4.5	4.5	4.5	5.0	5.0	4.5	28.0	28.0	0.0
36566_human_high	36566	human	human_high	high	False		gpt_ai	gpt-5.6-sol		36566.txt		36566_avaliacao_gpt-5.6-sol.md	corpus/04_composicoes_avaliadas/maiores_notas/36566_avaliacao_gpt-5.6-sol.md	corpus/04_composicoes_avaliadas/maiores_notas/36566_avaliacao_gpt-5.6-sol.md	3.0	3.0	4.0	0.0	3.0	4.0	17.0	17.0	0.0
36577_human_high	36577	human	human_high	high	False		gpt_ai	gpt-5.6-sol		36577.txt		36577_avaliacao_gpt-5.6-sol.md	corpus/04_composicoes_avaliadas/maiores_notas/36577_avaliacao_gpt-5.6-sol.md	corpus/04_composicoes_avaliadas/maiores_notas/36577_avaliacao_gpt-5.6-sol.md	4.0	4.0	5.0	3.0	5.0	5.0	26.0	26.0	0.0
36626_human_high	36626	human	human_high	high	False		gpt_ai	gpt-5.6-sol		36626.txt		36626_avaliacao_gpt-5.6-sol.md	corpus/04_composicoes_avaliadas/maiores_notas/36626_avaliacao_gpt-5.6-sol.md	corpus/04_composicoes_avaliadas/maiores_notas/36626_avaliacao_gpt-5.6-sol.md	3.0	3.5	5.0	3.0	4.0	4.0	22.5	22.5	0.0
36650_human_high	36650	human	human_high	high	False		gpt_ai	gpt-5.6-sol		36650.txt		36650_avaliacao_gpt-5.6-sol.md	corpus/04_composicoes_avaliadas/maiores_notas/36650_avaliacao_gpt-5.6-sol.md	corpus/04_composicoes_avaliadas/maiores_notas/36650_avaliacao_gpt-5.6-sol.md	3.0	3.5	4.5	2.0	4.0	4.0	21.0	21.0	0.0
36691_human_high	36691	human	human_high	high	False		gpt_ai	gpt-5.6-sol		36691.txt		36691_avaliacao_gpt-5.6-sol.md	corpus/04_composicoes_avaliadas/maiores_notas/36691_avaliacao_gpt-5.6-sol.md	corpus/04_composicoes_avaliadas/maiores_notas/36691_avaliacao_gpt-5.6-sol.md	3.0	2.0	4.0	2.0	4.0	5.0	20.0	20.0	0.0
36707_human_high	36707	human	human_high	high	False		gpt_ai	gpt-5.6-sol		36707.txt		36707_avaliacao_gpt-5.6-sol.md	corpus/04_composicoes_avaliadas/maiores_notas/36707_avaliacao_gpt-5.6-sol.md	corpus/04_composicoes_avaliadas/maiores_notas/36707_avaliacao_gpt-5.6-sol.md	4.0	4.0	5.0	4.0	5.0	5.0	27.0	27.0	0.0
36743_human_high	36743	human	human_high	high	False		gpt_ai	gpt-5.6-sol		36743.txt		36743_avaliacao_gpt-5.6-sol.md	corpus/04_composicoes_avaliadas/maiores_notas/36743_avaliacao_gpt-5.6-sol.md	corpus/04_composicoes_avaliadas/maiores_notas/36743_avaliacao_gpt-5.6-sol.md	3.0	3.0	4.0	0.0	3.0	3.0	16.0	16.0	0.0
36769_human_high	36769	human	human_high	high	False		gpt_ai	gpt-5.6-sol		36769.txt		36769_avaliacao_gpt-5.6-sol.md	corpus/04_composicoes_avaliadas/maiores_notas/36769_avaliacao_gpt-5.6-sol.md	corpus/04_composicoes_avaliadas/maiores_notas/36769_avaliacao_gpt-5.6-sol.md	3.0	2.0	3.0	0.0	2.0	3.0	13.0	13.0	0.0
36777_human_high	36777	human	human_high	high	False		gpt_ai	gpt-5.6-sol		36777.txt		36777_avaliacao_gpt-5.6-sol.md	corpus/04_composicoes_avaliadas/maiores_notas/36777_avaliacao_gpt-5.6-sol.md	corpus/04_composicoes_avaliadas/maiores_notas/36777_avaliacao_gpt-5.6-sol.md	4.5	4.0	4.0	2.0	4.0	3.0	21.5	21.5	0.0
36782_human_high	36782	human	human_high	high	False		gpt_ai	gpt-5.6-sol		36782.txt		36782_avaliacao_gpt-5.6-sol.md	corpus/04_composicoes_avaliadas/maiores_notas/36782_avaliacao_gpt-5.6-sol.md	corpus/04_composicoes_avaliadas/maiores_notas/36782_avaliacao_gpt-5.6-sol.md	4.0	3.5	4.5	4.0	5.0	4.5	25.5	25.5	0.0
36794_human_high	36794	human	human_high	high	False		gpt_ai	gpt-5.6-sol		36794.txt		36794_avaliacao_gpt-5.6-sol.md	corpus/04_composicoes_avaliadas/maiores_notas/36794_avaliacao_gpt-5.6-sol.md	corpus/04_composicoes_avaliadas/maiores_notas/36794_avaliacao_gpt-5.6-sol.md	4.0	4.0	4.5	4.0	4.0	4.0	24.5	24.5	0.0
36822_human_high	36822	human	human_high	high	False		gpt_ai	gpt-5.6-sol		36822.txt		36822_avaliacao_gpt-5.6-sol.md	corpus/04_composicoes_avaliadas/maiores_notas/36822_avaliacao_gpt-5.6-sol.md	corpus/04_composicoes_avaliadas/maiores_notas/36822_avaliacao_gpt-5.6-sol.md	4.0	4.5	5.0	3.0	4.0	4.0	24.5	24.5	0.0
36845_human_high	36845	human	human_high	high	False		gpt_ai	gpt-5.6-sol		36845.txt		36845_avaliacao_gpt-5.6-sol.md	corpus/04_composicoes_avaliadas/maiores_notas/36845_avaliacao_gpt-5.6-sol.md	corpus/04_composicoes_avaliadas/maiores_notas/36845_avaliacao_gpt-5.6-sol.md	4.5	4.0	5.0	4.0	4.5	5.0	27.0	27.0	0.0
36862_human_high	36862	human	human_high	high	False		gpt_ai	gpt-5.6-sol		36862.txt		36862_avaliacao_gpt-5.6-sol.md	corpus/04_composicoes_avaliadas/maiores_notas/36862_avaliacao_gpt-5.6-sol.md	corpus/04_composicoes_avaliadas/maiores_notas/36862_avaliacao_gpt-5.6-sol.md	4.0	4.0	4.0	1.0	3.5	4.0	20.5	20.5	0.0
36923_human_high	36923	human	human_high	high	False		gpt_ai	gpt-5.6-sol		36923.txt		36923_avaliacao_gpt-5.6-sol.md	corpus/04_composicoes_avaliadas/maiores_notas/36923_avaliacao_gpt-5.6-sol.md	corpus/04_composicoes_avaliadas/maiores_notas/36923_avaliacao_gpt-5.6-sol.md	3.5	4.0	4.5	4.5	4.5	3.5	24.5	24.5	0.0
36926_human_high	36926	human	human_high	high	False		gpt_ai	gpt-5.6-sol		36926.txt		36926_avaliacao_gpt-5.6-sol.md	corpus/04_composicoes_avaliadas/maiores_notas/36926_avaliacao_gpt-5.6-sol.md	corpus/04_composicoes_avaliadas/maiores_notas/36926_avaliacao_gpt-5.6-sol.md	4.0	4.0	4.0	1.0	3.0	3.0	19.0	19.0	0.0
36937_human_high	36937	human	human_high	high	False		gpt_ai	gpt-5.6-sol		36937.txt		36937_avaliacao_gpt-5.6-sol.md	corpus/04_composicoes_avaliadas/maiores_notas/36937_avaliacao_gpt-5.6-sol.md	corpus/04_composicoes_avaliadas/maiores_notas/36937_avaliacao_gpt-5.6-sol.md	4.5	4.5	5.0	4.0	4.0	5.0	27.0	27.0	0.0
36945_human_high	36945	human	human_high	high	False		gpt_ai	gpt-5.6-sol		36945.txt		36945_avaliacao_gpt-5.6-sol.md	corpus/04_composicoes_avaliadas/maiores_notas/36945_avaliacao_gpt-5.6-sol.md	corpus/04_composicoes_avaliadas/maiores_notas/36945_avaliacao_gpt-5.6-sol.md	4.5	3.5	5.0	2.0	4.0	4.0	23.0	23.0	0.0
36966_human_high	36966	human	human_high	high	False		gpt_ai	gpt-5.6-sol		36966.txt		36966_avaliacao_gpt-5.6-sol.md	corpus/04_composicoes_avaliadas/maiores_notas/36966_avaliacao_gpt-5.6-sol.md	corpus/04_composicoes_avaliadas/maiores_notas/36966_avaliacao_gpt-5.6-sol.md	4.5	4.0	4.5	4.0	4.0	5.0	26.0	26.0	0.0
36976_human_high	36976	human	human_high	high	False		gpt_ai	gpt-5.6-sol		36976.txt		36976_avaliacao_gpt-5.6-sol.md	corpus/04_composicoes_avaliadas/maiores_notas/36976_avaliacao_gpt-5.6-sol.md	corpus/04_composicoes_avaliadas/maiores_notas/36976_avaliacao_gpt-5.6-sol.md	4.0	4.0	5.0	1.0	4.0	4.0	22.0	22.0	0.0
36988_human_high	36988	human	human_high	high	False		gpt_ai	gpt-5.6-sol		36988.txt		36988_avaliacao_gpt-5.6-sol.md	corpus/04_composicoes_avaliadas/maiores_notas/36988_avaliacao_gpt-5.6-sol.md	corpus/04_composicoes_avaliadas/maiores_notas/36988_avaliacao_gpt-5.6-sol.md	4.0	4.0	5.0	4.0	5.0	5.0	27.0	27.0	0.0
37015_human_high	37015	human	human_high	high	False		gpt_ai	gpt-5.6-sol		37015.txt		37015_avaliacao_gpt-5.6-sol.md	corpus/04_composicoes_avaliadas/maiores_notas/37015_avaliacao_gpt-5.6-sol.md	corpus/04_composicoes_avaliadas/maiores_notas/37015_avaliacao_gpt-5.6-sol.md	3.0	4.0	5.0	2.0	4.0	4.0	22.0	22.0	0.0
37102_human_high	37102	human	human_high	high	False		gpt_ai	gpt-5.6-sol		37102.txt		37102_avaliacao_gpt-5.6-sol.md	corpus/04_composicoes_avaliadas/maiores_notas/37102_avaliacao_gpt-5.6-sol.md	corpus/04_composicoes_avaliadas/maiores_notas/37102_avaliacao_gpt-5.6-sol.md	4.5	4.0	5.0	5.0	4.0	4.0	26.5	26.5	0.0
37126_human_high	37126	human	human_high	high	False		gpt_ai	gpt-5.6-sol		37126.txt		37126_avaliacao_gpt-5.6-sol.md	corpus/04_composicoes_avaliadas/maiores_notas/37126_avaliacao_gpt-5.6-sol.md	corpus/04_composicoes_avaliadas/maiores_notas/37126_avaliacao_gpt-5.6-sol.md	4.0	4.0	4.0	0.0	3.0	3.0	18.0	18.0	0.0
37193_human_high	37193	human	human_high	high	False		gpt_ai	gpt-5.6-sol		37193.txt		37193_avaliacao_gpt-5.6-sol.md	corpus/04_composicoes_avaliadas/maiores_notas/37193_avaliacao_gpt-5.6-sol.md	corpus/04_composicoes_avaliadas/maiores_notas/37193_avaliacao_gpt-5.6-sol.md	4.5	4.5	5.0	3.0	4.0	5.0	26.0	26.0	0.0
37284_human_high	37284	human	human_high	high	False		gpt_ai	gpt-5.6-sol		37284.txt		37284_avaliacao_gpt-5.6-sol.md	corpus/04_composicoes_avaliadas/maiores_notas/37284_avaliacao_gpt-5.6-sol.md	corpus/04_composicoes_avaliadas/maiores_notas/37284_avaliacao_gpt-5.6-sol.md	3.5	3.5	4.5	4.0	4.5	3.5	23.5	23.5	0.0
37293_human_high	37293	human	human_high	high	False		gpt_ai	gpt-5.6-sol		37293.txt		37293_avaliacao_gpt-5.6-sol.md	corpus/04_composicoes_avaliadas/maiores_notas/37293_avaliacao_gpt-5.6-sol.md	corpus/04_composicoes_avaliadas/maiores_notas/37293_avaliacao_gpt-5.6-sol.md	4.0	4.0	4.0	2.0	3.0	4.0	21.0	21.0	0.0
37321_human_high	37321	human	human_high	high	False		gpt_ai	gpt-5.6-sol		37321.txt		37321_avaliacao_gpt-5.6-sol.md	corpus/04_composicoes_avaliadas/maiores_notas/37321_avaliacao_gpt-5.6-sol.md	corpus/04_composicoes_avaliadas/maiores_notas/37321_avaliacao_gpt-5.6-sol.md	4.5	4.0	4.5	3.0	3.0	3.0	22.0	22.0	0.0
37362_human_high	37362	human	human_high	high	False		gpt_ai	gpt-5.6-sol		37362.txt		37362_avaliacao_gpt-5.6-sol.md	corpus/04_composicoes_avaliadas/maiores_notas/37362_avaliacao_gpt-5.6-sol.md	corpus/04_composicoes_avaliadas/maiores_notas/37362_avaliacao_gpt-5.6-sol.md	4.0	4.5	4.0	2.0	5.0	4.0	23.5	23.5	0.0
37376_human_high	37376	human	human_high	high	False		gpt_ai	gpt-5.6-sol		37376.txt		37376_avaliacao_gpt-5.6-sol.md	corpus/04_composicoes_avaliadas/maiores_notas/37376_avaliacao_gpt-5.6-sol.md	corpus/04_composicoes_avaliadas/maiores_notas/37376_avaliacao_gpt-5.6-sol.md	3.0	3.5	4.5	5.0	4.5	4.5	25.0	25.0	0.0
37386_human_high	37386	human	human_high	high	False		gpt_ai	gpt-5.6-sol		37386.txt		37386_avaliacao_gpt-5.6-sol.md	corpus/04_composicoes_avaliadas/maiores_notas/37386_avaliacao_gpt-5.6-sol.md	corpus/04_composicoes_avaliadas/maiores_notas/37386_avaliacao_gpt-5.6-sol.md	3.0	3.0	3.0	0.0	2.0	3.0	14.0	14.0	0.0
37416_human_high	37416	human	human_high	high	False		gpt_ai	gpt-5.6-sol		37416.txt		37416_avaliacao_gpt-5.6-sol.md	corpus/04_composicoes_avaliadas/maiores_notas/37416_avaliacao_gpt-5.6-sol.md	corpus/04_composicoes_avaliadas/maiores_notas/37416_avaliacao_gpt-5.6-sol.md	4.5	4.5	4.0	4.0	4.0	5.0	26.0	26.0	0.0
37480_human_high	37480	human	human_high	high	False		gpt_ai	gpt-5.6-sol		37480.txt		37480_avaliacao_gpt-5.6-sol.md	corpus/04_composicoes_avaliadas/maiores_notas/37480_avaliacao_gpt-5.6-sol.md	corpus/04_composicoes_avaliadas/maiores_notas/37480_avaliacao_gpt-5.6-sol.md	4.0	3.0	3.0	1.0	3.0	3.0	17.0	17.0	0.0
37525_human_high	37525	human	human_high	high	False		gpt_ai	gpt-5.6-sol		37525.txt		37525_avaliacao_gpt-5.6-sol.md	corpus/04_composicoes_avaliadas/maiores_notas/37525_avaliacao_gpt-5.6-sol.md	corpus/04_composicoes_avaliadas/maiores_notas/37525_avaliacao_gpt-5.6-sol.md	4.0	3.5	5.0	4.0	5.0	5.0	26.5	26.5	0.0
37605_human_high	37605	human	human_high	high	False		gpt_ai	gpt-5.6-sol		37605.txt		37605_avaliacao_gpt-5.6-sol.md	corpus/04_composicoes_avaliadas/maiores_notas/37605_avaliacao_gpt-5.6-sol.md	corpus/04_composicoes_avaliadas/maiores_notas/37605_avaliacao_gpt-5.6-sol.md	4.0	3.5	4.5	5.0	4.0	5.0	26.0	26.0	0.0
37612_human_high	37612	human	human_high	high	False		gpt_ai	gpt-5.6-sol		37612.txt		37612_avaliacao_gpt-5.6-sol.md	corpus/04_composicoes_avaliadas/maiores_notas/37612_avaliacao_gpt-5.6-sol.md	corpus/04_composicoes_avaliadas/maiores_notas/37612_avaliacao_gpt-5.6-sol.md	4.0	4.0	4.5	3.0	5.0	5.0	25.5	25.5	0.0
37655_human_high	37655	human	human_high	high	False		gpt_ai	gpt-5.6-sol		37655.txt		37655_avaliacao_gpt-5.6-sol.md	corpus/04_composicoes_avaliadas/maiores_notas/37655_avaliacao_gpt-5.6-sol.md	corpus/04_composicoes_avaliadas/maiores_notas/37655_avaliacao_gpt-5.6-sol.md	4.0	4.5	5.0	4.0	4.0	5.0	26.5	26.5	0.0
37662_human_high	37662	human	human_high	high	False		gpt_ai	gpt-5.6-sol		37662.txt		37662_avaliacao_gpt-5.6-sol.md	corpus/04_composicoes_avaliadas/maiores_notas/37662_avaliacao_gpt-5.6-sol.md	corpus/04_composicoes_avaliadas/maiores_notas/37662_avaliacao_gpt-5.6-sol.md	4.0	4.0	4.0	3.0	3.0	4.0	22.0	22.0	0.0
37681_human_high	37681	human	human_high	high	False		gpt_ai	gpt-5.6-sol		37681.txt		37681_avaliacao_gpt-5.6-sol.md	corpus/04_composicoes_avaliadas/maiores_notas/37681_avaliacao_gpt-5.6-sol.md	corpus/04_composicoes_avaliadas/maiores_notas/37681_avaliacao_gpt-5.6-sol.md	4.5	4.0	4.0	4.5	5.0	4.0	26.0	26.0	0.0
37687_human_high	37687	human	human_high	high	False		gpt_ai	gpt-5.6-sol		37687.txt		37687_avaliacao_gpt-5.6-sol.md	corpus/04_composicoes_avaliadas/maiores_notas/37687_avaliacao_gpt-5.6-sol.md	corpus/04_composicoes_avaliadas/maiores_notas/37687_avaliacao_gpt-5.6-sol.md	3.0	3.5	4.0	3.0	4.0	4.5	22.0	22.0	0.0
37753_human_high	37753	human	human_high	high	False		gpt_ai	gpt-5.6-sol		37753.txt		37753_avaliacao_gpt-5.6-sol.md	corpus/04_composicoes_avaliadas/maiores_notas/37753_avaliacao_gpt-5.6-sol.md	corpus/04_composicoes_avaliadas/maiores_notas/37753_avaliacao_gpt-5.6-sol.md	4.0	3.0	4.0	4.0	5.0	5.0	25.0	25.0	0.0
37754_human_high	37754	human	human_high	high	False		gpt_ai	gpt-5.6-sol		37754.txt		37754_avaliacao_gpt-5.6-sol.md	corpus/04_composicoes_avaliadas/maiores_notas/37754_avaliacao_gpt-5.6-sol.md	corpus/04_composicoes_avaliadas/maiores_notas/37754_avaliacao_gpt-5.6-sol.md	2.5	2.5	3.5	4.0	4.0	4.0	20.5	20.5	0.0
37783_human_high	37783	human	human_high	high	False		gpt_ai	gpt-5.6-sol		37783.txt		37783_avaliacao_gpt-5.6-sol.md	corpus/04_composicoes_avaliadas/maiores_notas/37783_avaliacao_gpt-5.6-sol.md	corpus/04_composicoes_avaliadas/maiores_notas/37783_avaliacao_gpt-5.6-sol.md	3.0	2.0	4.0	2.0	3.0	3.0	17.0	17.0	0.0
37801_human_high	37801	human	human_high	high	False		gpt_ai	gpt-5.6-sol		37801.txt		37801_avaliacao_gpt-5.6-sol.md	corpus/04_composicoes_avaliadas/maiores_notas/37801_avaliacao_gpt-5.6-sol.md	corpus/04_composicoes_avaliadas/maiores_notas/37801_avaliacao_gpt-5.6-sol.md	4.5	4.0	5.0	3.0	4.0	5.0	25.5	25.5	0.0
37817_human_high	37817	human	human_high	high	False		gpt_ai	gpt-5.6-sol		37817.txt		37817_avaliacao_gpt-5.6-sol.md	corpus/04_composicoes_avaliadas/maiores_notas/37817_avaliacao_gpt-5.6-sol.md	corpus/04_composicoes_avaliadas/maiores_notas/37817_avaliacao_gpt-5.6-sol.md	4.5	4.5	4.5	3.0	4.0	4.0	24.5	24.5	0.0
37922_human_high	37922	human	human_high	high	False		gpt_ai	gpt-5.6-sol		37922.txt		37922_avaliacao_gpt-5.6-sol.md	corpus/04_composicoes_avaliadas/maiores_notas/37922_avaliacao_gpt-5.6-sol.md	corpus/04_composicoes_avaliadas/maiores_notas/37922_avaliacao_gpt-5.6-sol.md	3.0	2.0	4.0	4.0	4.0	4.0	21.0	21.0	0.0
37924_human_high	37924	human	human_high	high	False		gpt_ai	gpt-5.6-sol		37924.txt		37924_avaliacao_gpt-5.6-sol.md	corpus/04_composicoes_avaliadas/maiores_notas/37924_avaliacao_gpt-5.6-sol.md	corpus/04_composicoes_avaliadas/maiores_notas/37924_avaliacao_gpt-5.6-sol.md	4.0	4.0	5.0	4.0	5.0	4.0	26.0	26.0	0.0
37961_human_high	37961	human	human_high	high	False		gpt_ai	gpt-5.6-sol		37961.txt		37961_avaliacao_gpt-5.6-sol.md	corpus/04_composicoes_avaliadas/maiores_notas/37961_avaliacao_gpt-5.6-sol.md	corpus/04_composicoes_avaliadas/maiores_notas/37961_avaliacao_gpt-5.6-sol.md	3.5	3.0	3.0	3.0	3.5	4.0	20.0	20.0	0.0
38020_human_high	38020	human	human_high	high	False		gpt_ai	gpt-5.6-sol		38020.txt		38020_avaliacao_gpt-5.6-sol.md	corpus/04_composicoes_avaliadas/maiores_notas/38020_avaliacao_gpt-5.6-sol.md	corpus/04_composicoes_avaliadas/maiores_notas/38020_avaliacao_gpt-5.6-sol.md	3.0	3.0	4.0	4.0	3.0	3.0	20.0	20.0	0.0
38047_human_high	38047	human	human_high	high	False		gpt_ai	gpt-5.6-sol		38047.txt		38047_avaliacao_gpt-5.6-sol.md	corpus/04_composicoes_avaliadas/maiores_notas/38047_avaliacao_gpt-5.6-sol.md	corpus/04_composicoes_avaliadas/maiores_notas/38047_avaliacao_gpt-5.6-sol.md	5.0	4.5	5.0	4.0	5.0	4.5	28.0	28.0	0.0
38061_human_high	38061	human	human_high	high	False		gpt_ai	gpt-5.6-sol		38061.txt		38061_avaliacao_gpt-5.6-sol.md	corpus/04_composicoes_avaliadas/maiores_notas/38061_avaliacao_gpt-5.6-sol.md	corpus/04_composicoes_avaliadas/maiores_notas/38061_avaliacao_gpt-5.6-sol.md	4.0	3.0	3.0	0.0	3.0	3.0	16.0	16.0	0.0
38080_human_high	38080	human	human_high	high	False		gpt_ai	gpt-5.6-sol		38080.txt		38080_avaliacao_gpt-5.6-sol.md	corpus/04_composicoes_avaliadas/maiores_notas/38080_avaliacao_gpt-5.6-sol.md	corpus/04_composicoes_avaliadas/maiores_notas/38080_avaliacao_gpt-5.6-sol.md	4.0	3.5	4.0	4.0	5.0	4.5	25.0	25.0	0.0
38105_human_high	38105	human	human_high	high	False		gpt_ai	gpt-5.6-sol		38105.txt		38105_avaliacao_gpt-5.6-sol.md	corpus/04_composicoes_avaliadas/maiores_notas/38105_avaliacao_gpt-5.6-sol.md	corpus/04_composicoes_avaliadas/maiores_notas/38105_avaliacao_gpt-5.6-sol.md	3.0	3.0	4.0	4.0	3.0	4.0	21.0	21.0	0.0
38236_human_high	38236	human	human_high	high	False		gpt_ai	gpt-5.6-sol		38236.txt		38236_avaliacao_gpt-5.6-sol.md	corpus/04_composicoes_avaliadas/maiores_notas/38236_avaliacao_gpt-5.6-sol.md	corpus/04_composicoes_avaliadas/maiores_notas/38236_avaliacao_gpt-5.6-sol.md	4.0	4.0	4.0	4.0	4.0	5.0	25.0	25.0	0.0
38333_human_high	38333	human	human_high	high	False		gpt_ai	gpt-5.6-sol		38333.txt		38333_avaliacao_gpt-5.6-sol.md	corpus/04_composicoes_avaliadas/maiores_notas/38333_avaliacao_gpt-5.6-sol.md	corpus/04_composicoes_avaliadas/maiores_notas/38333_avaliacao_gpt-5.6-sol.md	4.0	4.0	5.0	4.0	4.0	4.0	25.0	25.0	0.0
38367_human_high	38367	human	human_high	high	False		gpt_ai	gpt-5.6-sol		38367.txt		38367_avaliacao_gpt-5.6-sol.md	corpus/04_composicoes_avaliadas/maiores_notas/38367_avaliacao_gpt-5.6-sol.md	corpus/04_composicoes_avaliadas/maiores_notas/38367_avaliacao_gpt-5.6-sol.md	4.5	4.0	5.0	4.0	4.0	4.0	25.5	25.5	0.0
38392_human_high	38392	human	human_high	high	False		gpt_ai	gpt-5.6-sol		38392.txt		38392_avaliacao_gpt-5.6-sol.md	corpus/04_composicoes_avaliadas/maiores_notas/38392_avaliacao_gpt-5.6-sol.md	corpus/04_composicoes_avaliadas/maiores_notas/38392_avaliacao_gpt-5.6-sol.md	4.5	4.5	5.0	4.0	4.0	4.0	26.0	26.0	0.0
38406_human_high	38406	human	human_high	high	False		gpt_ai	gpt-5.6-sol		38406.txt		38406_avaliacao_gpt-5.6-sol.md	corpus/04_composicoes_avaliadas/maiores_notas/38406_avaliacao_gpt-5.6-sol.md	corpus/04_composicoes_avaliadas/maiores_notas/38406_avaliacao_gpt-5.6-sol.md	4.0	3.5	5.0	3.0	4.0	5.0	24.5	24.5	0.0
38437_human_high	38437	human	human_high	high	False		gpt_ai	gpt-5.6-sol		38437.txt		38437_avaliacao_gpt-5.6-sol.md	corpus/04_composicoes_avaliadas/maiores_notas/38437_avaliacao_gpt-5.6-sol.md	corpus/04_composicoes_avaliadas/maiores_notas/38437_avaliacao_gpt-5.6-sol.md	3.0	3.0	5.0	3.0	5.0	5.0	24.0	24.0	0.0
38475_human_high	38475	human	human_high	high	False		gpt_ai	gpt-5.6-sol		38475.txt		38475_avaliacao_gpt-5.6-sol.md	corpus/04_composicoes_avaliadas/maiores_notas/38475_avaliacao_gpt-5.6-sol.md	corpus/04_composicoes_avaliadas/maiores_notas/38475_avaliacao_gpt-5.6-sol.md	3.0	4.0	5.0	4.0	5.0	5.0	26.0	26.0	0.0
38493_human_high	38493	human	human_high	high	False		gpt_ai	gpt-5.6-sol		38493.txt		38493_avaliacao_gpt-5.6-sol.md	corpus/04_composicoes_avaliadas/maiores_notas/38493_avaliacao_gpt-5.6-sol.md	corpus/04_composicoes_avaliadas/maiores_notas/38493_avaliacao_gpt-5.6-sol.md	4.0	4.0	4.0	4.0	4.0	4.0	24.0	24.0	0.0
38562_human_high	38562	human	human_high	high	False		gpt_ai	gpt-5.6-sol		38562.txt		38562_avaliacao_gpt-5.6-sol.md	corpus/04_composicoes_avaliadas/maiores_notas/38562_avaliacao_gpt-5.6-sol.md	corpus/04_composicoes_avaliadas/maiores_notas/38562_avaliacao_gpt-5.6-sol.md	4.0	3.0	5.0	4.0	4.0	5.0	25.0	25.0	0.0
38584_human_high	38584	human	human_high	high	False		gpt_ai	gpt-5.6-sol		38584.txt		38584_avaliacao_gpt-5.6-sol.md	corpus/04_composicoes_avaliadas/maiores_notas/38584_avaliacao_gpt-5.6-sol.md	corpus/04_composicoes_avaliadas/maiores_notas/38584_avaliacao_gpt-5.6-sol.md	3.0	3.0	5.0	2.0	3.0	4.0	20.0	20.0	0.0
38612_human_high	38612	human	human_high	high	False		gpt_ai	gpt-5.6-sol		38612.txt		38612_avaliacao_gpt-5.6-sol.md	corpus/04_composicoes_avaliadas/maiores_notas/38612_avaliacao_gpt-5.6-sol.md	corpus/04_composicoes_avaliadas/maiores_notas/38612_avaliacao_gpt-5.6-sol.md	4.5	4.5	4.0	4.0	4.0	4.0	25.0	25.0	0.0
38641_human_high	38641	human	human_high	high	False		gpt_ai	gpt-5.6-sol		38641.txt		38641_avaliacao_gpt-5.6-sol.md	corpus/04_composicoes_avaliadas/maiores_notas/38641_avaliacao_gpt-5.6-sol.md	corpus/04_composicoes_avaliadas/maiores_notas/38641_avaliacao_gpt-5.6-sol.md	4.0	3.0	4.0	2.0	3.0	4.0	20.0	20.0	0.0
38672_human_high	38672	human	human_high	high	False		gpt_ai	gpt-5.6-sol		38672.txt		38672_avaliacao_gpt-5.6-sol.md	corpus/04_composicoes_avaliadas/maiores_notas/38672_avaliacao_gpt-5.6-sol.md	corpus/04_composicoes_avaliadas/maiores_notas/38672_avaliacao_gpt-5.6-sol.md	3.5	4.0	4.0	3.0	3.5	4.0	22.0	22.0	0.0
38742_human_high	38742	human	human_high	high	False		gpt_ai	gpt-5.6-sol		38742.txt		38742_avaliacao_gpt-5.6-sol.md	corpus/04_composicoes_avaliadas/maiores_notas/38742_avaliacao_gpt-5.6-sol.md	corpus/04_composicoes_avaliadas/maiores_notas/38742_avaliacao_gpt-5.6-sol.md	3.0	3.0	4.0	4.0	4.0	4.0	22.0	22.0	0.0
38784_human_high	38784	human	human_high	high	False		gpt_ai	gpt-5.6-sol		38784.txt		38784_avaliacao_gpt-5.6-sol.md	corpus/04_composicoes_avaliadas/maiores_notas/38784_avaliacao_gpt-5.6-sol.md	corpus/04_composicoes_avaliadas/maiores_notas/38784_avaliacao_gpt-5.6-sol.md	4.0	4.0	4.0	3.0	4.0	4.0	23.0	23.0	0.0
38845_human_high	38845	human	human_high	high	False		gpt_ai	gpt-5.6-sol		38845.txt		38845_avaliacao_gpt-5.6-sol.md	corpus/04_composicoes_avaliadas/maiores_notas/38845_avaliacao_gpt-5.6-sol.md	corpus/04_composicoes_avaliadas/maiores_notas/38845_avaliacao_gpt-5.6-sol.md	4.0	3.5	5.0	2.5	4.0	4.0	23.0	23.0	0.0
38848_human_high	38848	human	human_high	high	False		gpt_ai	gpt-5.6-sol		38848.txt		38848_avaliacao_gpt-5.6-sol.md	corpus/04_composicoes_avaliadas/maiores_notas/38848_avaliacao_gpt-5.6-sol.md	corpus/04_composicoes_avaliadas/maiores_notas/38848_avaliacao_gpt-5.6-sol.md	3.5	3.0	4.0	2.0	4.0	3.5	20.0	20.0	0.0
38958_human_high	38958	human	human_high	high	False		gpt_ai	gpt-5.6-sol		38958.txt		38958_avaliacao_gpt-5.6-sol.md	corpus/04_composicoes_avaliadas/maiores_notas/38958_avaliacao_gpt-5.6-sol.md	corpus/04_composicoes_avaliadas/maiores_notas/38958_avaliacao_gpt-5.6-sol.md	4.0	4.0	5.0	4.0	3.0	5.0	25.0	25.0	0.0
39108_human_high	39108	human	human_high	high	False		gpt_ai	gpt-5.6-sol		39108.txt		39108_avaliacao_gpt-5.6-sol.md	corpus/04_composicoes_avaliadas/maiores_notas/39108_avaliacao_gpt-5.6-sol.md	corpus/04_composicoes_avaliadas/maiores_notas/39108_avaliacao_gpt-5.6-sol.md	4.0	4.0	4.0	3.0	4.0	4.0	23.0	23.0	0.0
39131_human_high	39131	human	human_high	high	False		gpt_ai	gpt-5.6-sol		39131.txt		39131_avaliacao_gpt-5.6-sol.md	corpus/04_composicoes_avaliadas/maiores_notas/39131_avaliacao_gpt-5.6-sol.md	corpus/04_composicoes_avaliadas/maiores_notas/39131_avaliacao_gpt-5.6-sol.md	4.0	4.0	5.0	5.0	5.0	5.0	28.0	28.0	0.0
39227_human_high	39227	human	human_high	high	False		gpt_ai	gpt-5.6-sol		39227.txt		39227_avaliacao_gpt-5.6-sol.md	corpus/04_composicoes_avaliadas/maiores_notas/39227_avaliacao_gpt-5.6-sol.md	corpus/04_composicoes_avaliadas/maiores_notas/39227_avaliacao_gpt-5.6-sol.md	4.5	4.5	5.0	4.0	4.0	4.0	26.0	26.0	0.0
39244_human_high	39244	human	human_high	high	False		gpt_ai	gpt-5.6-sol		39244.txt		39244_avaliacao_gpt-5.6-sol.md	corpus/04_composicoes_avaliadas/maiores_notas/39244_avaliacao_gpt-5.6-sol.md	corpus/04_composicoes_avaliadas/maiores_notas/39244_avaliacao_gpt-5.6-sol.md	3.0	2.0	4.0	0.0	2.0	3.0	14.0	14.0	0.0
39298_human_high	39298	human	human_high	high	False		gpt_ai	gpt-5.6-sol		39298.txt		39298_avaliacao_gpt-5.6-sol.md	corpus/04_composicoes_avaliadas/maiores_notas/39298_avaliacao_gpt-5.6-sol.md	corpus/04_composicoes_avaliadas/maiores_notas/39298_avaliacao_gpt-5.6-sol.md	4.5	4.5	5.0	4.0	4.0	4.0	26.0	26.0	0.0
39305_human_high	39305	human	human_high	high	False		gpt_ai	gpt-5.6-sol		39305.txt		39305_avaliacao_gpt-5.6-sol.md	corpus/04_composicoes_avaliadas/maiores_notas/39305_avaliacao_gpt-5.6-sol.md	corpus/04_composicoes_avaliadas/maiores_notas/39305_avaliacao_gpt-5.6-sol.md	3.0	4.0	4.0	3.0	4.0	3.0	21.0	21.0	0.0
39465_human_high	39465	human	human_high	high	False		gpt_ai	gpt-5.6-sol		39465.txt		39465_avaliacao_gpt-5.6-sol.md	corpus/04_composicoes_avaliadas/maiores_notas/39465_avaliacao_gpt-5.6-sol.md	corpus/04_composicoes_avaliadas/maiores_notas/39465_avaliacao_gpt-5.6-sol.md	4.0	4.0	4.0	4.0	4.0	5.0	25.0	25.0	0.0
39509_human_high	39509	human	human_high	high	False		gpt_ai	gpt-5.6-sol		39509.txt		39509_avaliacao_gpt-5.6-sol.md	corpus/04_composicoes_avaliadas/maiores_notas/39509_avaliacao_gpt-5.6-sol.md	corpus/04_composicoes_avaliadas/maiores_notas/39509_avaliacao_gpt-5.6-sol.md	5.0	4.5	5.0	4.5	5.0	4.5	28.5	28.5	0.0
39561_human_high	39561	human	human_high	high	False		gpt_ai	gpt-5.6-sol		39561.txt		39561_avaliacao_gpt-5.6-sol.md	corpus/04_composicoes_avaliadas/maiores_notas/39561_avaliacao_gpt-5.6-sol.md	corpus/04_composicoes_avaliadas/maiores_notas/39561_avaliacao_gpt-5.6-sol.md	4.0	4.0	4.5	4.0	4.5	5.0	26.0	26.0	0.0
39585_human_high	39585	human	human_high	high	False		gpt_ai	gpt-5.6-sol		39585.txt		39585_avaliacao_gpt-5.6-sol.md	corpus/04_composicoes_avaliadas/maiores_notas/39585_avaliacao_gpt-5.6-sol.md	corpus/04_composicoes_avaliadas/maiores_notas/39585_avaliacao_gpt-5.6-sol.md	4.5	4.0	4.5	4.0	4.0	5.0	26.0	26.0	0.0
39608_human_high	39608	human	human_high	high	False		gpt_ai	gpt-5.6-sol		39608.txt		39608_avaliacao_gpt-5.6-sol.md	corpus/04_composicoes_avaliadas/maiores_notas/39608_avaliacao_gpt-5.6-sol.md	corpus/04_composicoes_avaliadas/maiores_notas/39608_avaliacao_gpt-5.6-sol.md	4.5	4.5	5.0	3.0	4.0	4.0	25.0	25.0	0.0
39614_human_high	39614	human	human_high	high	False		gpt_ai	gpt-5.6-sol		39614.txt		39614_avaliacao_gpt-5.6-sol.md	corpus/04_composicoes_avaliadas/maiores_notas/39614_avaliacao_gpt-5.6-sol.md	corpus/04_composicoes_avaliadas/maiores_notas/39614_avaliacao_gpt-5.6-sol.md	3.0	3.0	4.0	2.0	4.0	3.0	19.0	19.0	0.0
39635_human_high	39635	human	human_high	high	False		gpt_ai	gpt-5.6-sol		39635.txt		39635_avaliacao_gpt-5.6-sol.md	corpus/04_composicoes_avaliadas/maiores_notas/39635_avaliacao_gpt-5.6-sol.md	corpus/04_composicoes_avaliadas/maiores_notas/39635_avaliacao_gpt-5.6-sol.md	3.5	4.0	5.0	4.0	5.0	4.0	25.5	25.5	0.0
39650_human_high	39650	human	human_high	high	False		gpt_ai	gpt-5.6-sol		39650.txt		39650_avaliacao_gpt-5.6-sol.md	corpus/04_composicoes_avaliadas/maiores_notas/39650_avaliacao_gpt-5.6-sol.md	corpus/04_composicoes_avaliadas/maiores_notas/39650_avaliacao_gpt-5.6-sol.md	4.5	5.0	4.5	4.0	4.5	4.5	27.0	27.0	0.0
39663_human_high	39663	human	human_high	high	False		gpt_ai	gpt-5.6-sol		39663.txt		39663_avaliacao_gpt-5.6-sol.md	corpus/04_composicoes_avaliadas/maiores_notas/39663_avaliacao_gpt-5.6-sol.md	corpus/04_composicoes_avaliadas/maiores_notas/39663_avaliacao_gpt-5.6-sol.md	3.5	3.5	4.0	4.0	5.0	4.0	24.0	24.0	0.0
39684_human_high	39684	human	human_high	high	False		gpt_ai	gpt-5.6-sol		39684.txt		39684_avaliacao_gpt-5.6-sol.md	corpus/04_composicoes_avaliadas/maiores_notas/39684_avaliacao_gpt-5.6-sol.md	corpus/04_composicoes_avaliadas/maiores_notas/39684_avaliacao_gpt-5.6-sol.md	4.0	4.5	5.0	4.0	4.0	5.0	26.5	26.5	0.0
39715_human_high	39715	human	human_high	high	False		gpt_ai	gpt-5.6-sol		39715.txt		39715_avaliacao_gpt-5.6-sol.md	corpus/04_composicoes_avaliadas/maiores_notas/39715_avaliacao_gpt-5.6-sol.md	corpus/04_composicoes_avaliadas/maiores_notas/39715_avaliacao_gpt-5.6-sol.md	3.0	3.0	4.0	3.0	4.0	4.0	21.0	21.0	0.0
39716_human_high	39716	human	human_high	high	False		gpt_ai	gpt-5.6-sol		39716.txt		39716_avaliacao_gpt-5.6-sol.md	corpus/04_composicoes_avaliadas/maiores_notas/39716_avaliacao_gpt-5.6-sol.md	corpus/04_composicoes_avaliadas/maiores_notas/39716_avaliacao_gpt-5.6-sol.md	4.0	3.0	4.0	3.0	4.0	5.0	23.0	23.0	0.0
39810_human_high	39810	human	human_high	high	False		gpt_ai	gpt-5.6-sol		39810.txt		39810_avaliacao_gpt-5.6-sol.md	corpus/04_composicoes_avaliadas/maiores_notas/39810_avaliacao_gpt-5.6-sol.md	corpus/04_composicoes_avaliadas/maiores_notas/39810_avaliacao_gpt-5.6-sol.md	3.5	2.5	4.0	3.0	4.0	5.0	22.0	22.0	0.0
39896_human_high	39896	human	human_high	high	False		gpt_ai	gpt-5.6-sol		39896.txt		39896_avaliacao_gpt-5.6-sol.md	corpus/04_composicoes_avaliadas/maiores_notas/39896_avaliacao_gpt-5.6-sol.md	corpus/04_composicoes_avaliadas/maiores_notas/39896_avaliacao_gpt-5.6-sol.md	5.0	4.0	4.5	3.0	4.0	4.0	24.5	24.5	0.0
39989_human_high	39989	human	human_high	high	False		gpt_ai	gpt-5.6-sol		39989.txt		39989_avaliacao_gpt-5.6-sol.md	corpus/04_composicoes_avaliadas/maiores_notas/39989_avaliacao_gpt-5.6-sol.md	corpus/04_composicoes_avaliadas/maiores_notas/39989_avaliacao_gpt-5.6-sol.md	4.5	4.0	5.0	4.0	5.0	4.0	26.5	26.5	0.0
40004_human_high	40004	human	human_high	high	False		gpt_ai	gpt-5.6-sol		40004.txt		40004_avaliacao_gpt-5.6-sol.md	corpus/04_composicoes_avaliadas/maiores_notas/40004_avaliacao_gpt-5.6-sol.md	corpus/04_composicoes_avaliadas/maiores_notas/40004_avaliacao_gpt-5.6-sol.md	4.0	3.0	4.0	4.0	3.5	4.0	22.5	22.5	0.0
40013_human_high	40013	human	human_high	high	False		gpt_ai	gpt-5.6-sol		40013.txt		40013_avaliacao_gpt-5.6-sol.md	corpus/04_composicoes_avaliadas/maiores_notas/40013_avaliacao_gpt-5.6-sol.md	corpus/04_composicoes_avaliadas/maiores_notas/40013_avaliacao_gpt-5.6-sol.md	4.0	4.0	4.5	3.0	4.0	3.5	23.0	23.0	0.0
40021_human_high	40021	human	human_high	high	False		gpt_ai	gpt-5.6-sol		40021.txt		40021_avaliacao_gpt-5.6-sol.md	corpus/04_composicoes_avaliadas/maiores_notas/40021_avaliacao_gpt-5.6-sol.md	corpus/04_composicoes_avaliadas/maiores_notas/40021_avaliacao_gpt-5.6-sol.md	4.5	4.0	5.0	4.0	5.0	5.0	27.5	27.5	0.0
40024_human_high	40024	human	human_high	high	False		gpt_ai	gpt-5.6-sol		40024.txt		40024_avaliacao_gpt-5.6-sol.md	corpus/04_composicoes_avaliadas/maiores_notas/40024_avaliacao_gpt-5.6-sol.md	corpus/04_composicoes_avaliadas/maiores_notas/40024_avaliacao_gpt-5.6-sol.md	3.0	3.5	5.0	2.0	4.0	4.0	21.5	21.5	0.0
40060_human_high	40060	human	human_high	high	False		gpt_ai	gpt-5.6-sol		40060.txt		40060_avaliacao_gpt-5.6-sol.md	corpus/04_composicoes_avaliadas/maiores_notas/40060_avaliacao_gpt-5.6-sol.md	corpus/04_composicoes_avaliadas/maiores_notas/40060_avaliacao_gpt-5.6-sol.md	3.5	4.0	4.5	2.0	4.0	4.0	22.0	22.0	0.0
40127_human_high	40127	human	human_high	high	False		gpt_ai	gpt-5.6-sol		40127.txt		40127_avaliacao_gpt-5.6-sol.md	corpus/04_composicoes_avaliadas/maiores_notas/40127_avaliacao_gpt-5.6-sol.md	corpus/04_composicoes_avaliadas/maiores_notas/40127_avaliacao_gpt-5.6-sol.md	4.0	4.0	4.0	4.0	4.0	4.0	24.0	24.0	0.0
40130_human_high	40130	human	human_high	high	False		gpt_ai	gpt-5.6-sol		40130.txt		40130_avaliacao_gpt-5.6-sol.md	corpus/04_composicoes_avaliadas/maiores_notas/40130_avaliacao_gpt-5.6-sol.md	corpus/04_composicoes_avaliadas/maiores_notas/40130_avaliacao_gpt-5.6-sol.md	4.0	4.0	4.0	2.0	3.0	4.0	21.0	21.0	0.0
40134_human_high	40134	human	human_high	high	False		gpt_ai	gpt-5.6-sol		40134.txt		40134_avaliacao_gpt-5.6-sol.md	corpus/04_composicoes_avaliadas/maiores_notas/40134_avaliacao_gpt-5.6-sol.md	corpus/04_composicoes_avaliadas/maiores_notas/40134_avaliacao_gpt-5.6-sol.md	4.0	4.0	4.5	4.0	4.5	5.0	26.0	26.0	0.0
40140_human_high	40140	human	human_high	high	False		gpt_ai	gpt-5.6-sol		40140.txt		40140_avaliacao_gpt-5.6-sol.md	corpus/04_composicoes_avaliadas/maiores_notas/40140_avaliacao_gpt-5.6-sol.md	corpus/04_composicoes_avaliadas/maiores_notas/40140_avaliacao_gpt-5.6-sol.md	4.0	4.5	5.0	5.0	5.0	5.0	28.5	28.5	0.0
40173_human_high	40173	human	human_high	high	False		gpt_ai	gpt-5.6-sol		40173.txt		40173_avaliacao_gpt-5.6-sol.md	corpus/04_composicoes_avaliadas/maiores_notas/40173_avaliacao_gpt-5.6-sol.md	corpus/04_composicoes_avaliadas/maiores_notas/40173_avaliacao_gpt-5.6-sol.md	4.0	4.0	4.0	0.0	2.0	4.0	18.0	18.0	0.0
40286_human_high	40286	human	human_high	high	False		gpt_ai	gpt-5.6-sol		40286.txt		40286_avaliacao_gpt-5.6-sol.md	corpus/04_composicoes_avaliadas/maiores_notas/40286_avaliacao_gpt-5.6-sol.md	corpus/04_composicoes_avaliadas/maiores_notas/40286_avaliacao_gpt-5.6-sol.md	4.5	4.5	5.0	5.0	5.0	4.5	28.5	28.5	0.0
40289_human_high	40289	human	human_high	high	False		gpt_ai	gpt-5.6-sol		40289.txt		40289_avaliacao_gpt-5.6-sol.md	corpus/04_composicoes_avaliadas/maiores_notas/40289_avaliacao_gpt-5.6-sol.md	corpus/04_composicoes_avaliadas/maiores_notas/40289_avaliacao_gpt-5.6-sol.md	4.0	4.0	4.0	3.0	4.0	3.0	22.0	22.0	0.0
40297_human_high	40297	human	human_high	high	False		gpt_ai	gpt-5.6-sol		40297.txt		40297_avaliacao_gpt-5.6-sol.md	corpus/04_composicoes_avaliadas/maiores_notas/40297_avaliacao_gpt-5.6-sol.md	corpus/04_composicoes_avaliadas/maiores_notas/40297_avaliacao_gpt-5.6-sol.md	4.0	4.0	4.0	3.0	4.0	4.0	23.0	23.0	0.0
40429_human_high	40429	human	human_high	high	False		gpt_ai	gpt-5.6-sol		40429.txt		40429_avaliacao_gpt-5.6-sol.md	corpus/04_composicoes_avaliadas/maiores_notas/40429_avaliacao_gpt-5.6-sol.md	corpus/04_composicoes_avaliadas/maiores_notas/40429_avaliacao_gpt-5.6-sol.md	3.0	2.0	4.0	4.0	4.0	5.0	22.0	22.0	0.0
40449_human_high	40449	human	human_high	high	False		gpt_ai	gpt-5.6-sol		40449.txt		40449_avaliacao_gpt-5.6-sol.md	corpus/04_composicoes_avaliadas/maiores_notas/40449_avaliacao_gpt-5.6-sol.md	corpus/04_composicoes_avaliadas/maiores_notas/40449_avaliacao_gpt-5.6-sol.md	4.5	4.0	5.0	4.5	5.0	5.0	28.0	28.0	0.0
40548_human_high	40548	human	human_high	high	False		gpt_ai	gpt-5.6-sol		40548.txt		40548_avaliacao_gpt-5.6-sol.md	corpus/04_composicoes_avaliadas/maiores_notas/40548_avaliacao_gpt-5.6-sol.md	corpus/04_composicoes_avaliadas/maiores_notas/40548_avaliacao_gpt-5.6-sol.md	4.0	3.5	3.0	1.5	3.0	4.0	19.0	19.0	0.0
40580_human_high	40580	human	human_high	high	False		gpt_ai	gpt-5.6-sol		40580.txt		40580_avaliacao_gpt-5.6-sol.md	corpus/04_composicoes_avaliadas/maiores_notas/40580_avaliacao_gpt-5.6-sol.md	corpus/04_composicoes_avaliadas/maiores_notas/40580_avaliacao_gpt-5.6-sol.md	4.0	4.0	5.0	4.0	4.0	4.0	25.0	25.0	0.0
40615_human_high	40615	human	human_high	high	False		gpt_ai	gpt-5.6-sol		40615.txt		40615_avaliacao_gpt-5.6-sol.md	corpus/04_composicoes_avaliadas/maiores_notas/40615_avaliacao_gpt-5.6-sol.md	corpus/04_composicoes_avaliadas/maiores_notas/40615_avaliacao_gpt-5.6-sol.md	4.0	4.0	4.0	2.0	4.0	4.0	22.0	22.0	0.0
40621_human_high	40621	human	human_high	high	False		gpt_ai	gpt-5.6-sol		40621.txt		40621_avaliacao_gpt-5.6-sol.md	corpus/04_composicoes_avaliadas/maiores_notas/40621_avaliacao_gpt-5.6-sol.md	corpus/04_composicoes_avaliadas/maiores_notas/40621_avaliacao_gpt-5.6-sol.md	4.0	4.0	4.5	4.0	5.0	5.0	26.5	26.5	0.0
40663_human_high	40663	human	human_high	high	False		gpt_ai	gpt-5.6-sol		40663.txt		40663_avaliacao_gpt-5.6-sol.md	corpus/04_composicoes_avaliadas/maiores_notas/40663_avaliacao_gpt-5.6-sol.md	corpus/04_composicoes_avaliadas/maiores_notas/40663_avaliacao_gpt-5.6-sol.md	3.0	2.5	4.0	1.0	4.0	3.5	18.0	18.0	0.0
40676_human_high	40676	human	human_high	high	False		gpt_ai	gpt-5.6-sol		40676.txt		40676_avaliacao_gpt-5.6-sol.md	corpus/04_composicoes_avaliadas/maiores_notas/40676_avaliacao_gpt-5.6-sol.md	corpus/04_composicoes_avaliadas/maiores_notas/40676_avaliacao_gpt-5.6-sol.md	3.0	3.5	4.0	3.0	4.0	3.0	20.5	20.5	0.0
40697_human_high	40697	human	human_high	high	False		gpt_ai	gpt-5.6-sol		40697.txt		40697_avaliacao_gpt-5.6-sol.md	corpus/04_composicoes_avaliadas/maiores_notas/40697_avaliacao_gpt-5.6-sol.md	corpus/04_composicoes_avaliadas/maiores_notas/40697_avaliacao_gpt-5.6-sol.md	5.0	5.0	5.0	3.0	4.0	4.0	26.0	26.0	0.0
40710_human_high	40710	human	human_high	high	False		gpt_ai	gpt-5.6-sol		40710.txt		40710_avaliacao_gpt-5.6-sol.md	corpus/04_composicoes_avaliadas/maiores_notas/40710_avaliacao_gpt-5.6-sol.md	corpus/04_composicoes_avaliadas/maiores_notas/40710_avaliacao_gpt-5.6-sol.md	3.0	3.0	4.0	4.0	4.0	4.0	22.0	22.0	0.0
40713_human_high	40713	human	human_high	high	False		gpt_ai	gpt-5.6-sol		40713.txt		40713_avaliacao_gpt-5.6-sol.md	corpus/04_composicoes_avaliadas/maiores_notas/40713_avaliacao_gpt-5.6-sol.md	corpus/04_composicoes_avaliadas/maiores_notas/40713_avaliacao_gpt-5.6-sol.md	3.0	4.0	4.0	2.0	3.0	4.0	20.0	20.0	0.0
40772_human_high	40772	human	human_high	high	False		gpt_ai	gpt-5.6-sol		40772.txt		40772_avaliacao_gpt-5.6-sol.md	corpus/04_composicoes_avaliadas/maiores_notas/40772_avaliacao_gpt-5.6-sol.md	corpus/04_composicoes_avaliadas/maiores_notas/40772_avaliacao_gpt-5.6-sol.md	4.0	3.5	4.5	2.0	4.0	3.5	21.5	21.5	0.0
40943_human_high	40943	human	human_high	high	False		gpt_ai	gpt-5.6-sol		40943.txt		40943_avaliacao_gpt-5.6-sol.md	corpus/04_composicoes_avaliadas/maiores_notas/40943_avaliacao_gpt-5.6-sol.md	corpus/04_composicoes_avaliadas/maiores_notas/40943_avaliacao_gpt-5.6-sol.md	4.0	4.0	4.0	2.0	3.0	3.0	20.0	20.0	0.0
40975_human_high	40975	human	human_high	high	False		gpt_ai	gpt-5.6-sol		40975.txt		40975_avaliacao_gpt-5.6-sol.md	corpus/04_composicoes_avaliadas/maiores_notas/40975_avaliacao_gpt-5.6-sol.md	corpus/04_composicoes_avaliadas/maiores_notas/40975_avaliacao_gpt-5.6-sol.md	3.0	2.5	4.0	1.0	2.0	3.0	15.5	15.5	0.0
41022_human_high	41022	human	human_high	high	False		gpt_ai	gpt-5.6-sol		41022.txt		41022_avaliacao_gpt-5.6-sol.md	corpus/04_composicoes_avaliadas/maiores_notas/41022_avaliacao_gpt-5.6-sol.md	corpus/04_composicoes_avaliadas/maiores_notas/41022_avaliacao_gpt-5.6-sol.md	4.0	4.0	4.0	4.0	4.0	5.0	25.0	25.0	0.0
41023_human_high	41023	human	human_high	high	False		gpt_ai	gpt-5.6-sol		41023.txt		41023_avaliacao_gpt-5.6-sol.md	corpus/04_composicoes_avaliadas/maiores_notas/41023_avaliacao_gpt-5.6-sol.md	corpus/04_composicoes_avaliadas/maiores_notas/41023_avaliacao_gpt-5.6-sol.md	3.5	4.0	5.0	2.0	4.0	4.0	22.5	22.5	0.0
41088_human_high	41088	human	human_high	high	False		gpt_ai	gpt-5.6-sol		41088.txt		41088_avaliacao_gpt-5.6-sol.md	corpus/04_composicoes_avaliadas/maiores_notas/41088_avaliacao_gpt-5.6-sol.md	corpus/04_composicoes_avaliadas/maiores_notas/41088_avaliacao_gpt-5.6-sol.md	4.0	4.0	4.0	2.0	4.0	4.0	22.0	22.0	0.0
45015_human_high	45015	human	human_high	high	False		gpt_ai	gpt-5.6-sol		45015.txt		45015_avaliacao_gpt-5.6-sol.md	corpus/04_composicoes_avaliadas/maiores_notas/45015_avaliacao_gpt-5.6-sol.md	corpus/04_composicoes_avaliadas/maiores_notas/45015_avaliacao_gpt-5.6-sol.md	4.0	4.0	4.0	3.0	4.0	3.0	22.0	22.0	0.0
45059_human_high	45059	human	human_high	high	False		gpt_ai	gpt-5.6-sol		45059.txt		45059_avaliacao_gpt-5.6-sol.md	corpus/04_composicoes_avaliadas/maiores_notas/45059_avaliacao_gpt-5.6-sol.md	corpus/04_composicoes_avaliadas/maiores_notas/45059_avaliacao_gpt-5.6-sol.md	4.0	3.5	4.5	4.0	5.0	5.0	26.0	26.0	0.0
45081_human_high	45081	human	human_high	high	False		gpt_ai	gpt-5.6-sol		45081.txt		45081_avaliacao_gpt-5.6-sol.md	corpus/04_composicoes_avaliadas/maiores_notas/45081_avaliacao_gpt-5.6-sol.md	corpus/04_composicoes_avaliadas/maiores_notas/45081_avaliacao_gpt-5.6-sol.md	4.0	4.0	4.0	2.0	3.0	4.0	21.0	21.0	0.0
45141_human_high	45141	human	human_high	high	False		gpt_ai	gpt-5.6-sol		45141.txt		45141_avaliacao_gpt-5.6-sol.md	corpus/04_composicoes_avaliadas/maiores_notas/45141_avaliacao_gpt-5.6-sol.md	corpus/04_composicoes_avaliadas/maiores_notas/45141_avaliacao_gpt-5.6-sol.md	4.0	4.0	5.0	4.0	5.0	4.0	26.0	26.0	0.0
45169_human_high	45169	human	human_high	high	False		gpt_ai	gpt-5.6-sol		45169.txt		45169_avaliacao_gpt-5.6-sol.md	corpus/04_composicoes_avaliadas/maiores_notas/45169_avaliacao_gpt-5.6-sol.md	corpus/04_composicoes_avaliadas/maiores_notas/45169_avaliacao_gpt-5.6-sol.md	4.0	3.0	4.0	4.0	4.0	4.0	23.0	23.0	0.0
45186_human_high	45186	human	human_high	high	False		gpt_ai	gpt-5.6-sol		45186.txt		45186_avaliacao_gpt-5.6-sol.md	corpus/04_composicoes_avaliadas/maiores_notas/45186_avaliacao_gpt-5.6-sol.md	corpus/04_composicoes_avaliadas/maiores_notas/45186_avaliacao_gpt-5.6-sol.md	4.0	4.0	4.5	4.0	4.0	5.0	25.5	25.5	0.0
45279_human_high	45279	human	human_high	high	False		gpt_ai	gpt-5.6-sol		45279.txt		45279_avaliacao_gpt-5.6-sol.md	corpus/04_composicoes_avaliadas/maiores_notas/45279_avaliacao_gpt-5.6-sol.md	corpus/04_composicoes_avaliadas/maiores_notas/45279_avaliacao_gpt-5.6-sol.md	4.0	4.0	4.0	2.0	3.0	3.0	20.0	20.0	0.0
45355_human_high	45355	human	human_high	high	False		gpt_ai	gpt-5.6-sol		45355.txt		45355_avaliacao_gpt-5.6-sol.md	corpus/04_composicoes_avaliadas/maiores_notas/45355_avaliacao_gpt-5.6-sol.md	corpus/04_composicoes_avaliadas/maiores_notas/45355_avaliacao_gpt-5.6-sol.md	4.0	4.0	5.0	4.0	5.0	4.0	26.0	26.0	0.0
45576_human_high	45576	human	human_high	high	False		gpt_ai	gpt-5.6-sol		45576.txt		45576_avaliacao_gpt-5.6-sol.md	corpus/04_composicoes_avaliadas/maiores_notas/45576_avaliacao_gpt-5.6-sol.md	corpus/04_composicoes_avaliadas/maiores_notas/45576_avaliacao_gpt-5.6-sol.md	5.0	4.0	5.0	4.0	5.0	5.0	28.0	28.0	0.0
46003_human_high	46003	human	human_high	high	False		gpt_ai	gpt-5.6-sol		46003.txt		46003_avaliacao_gpt-5.6-sol.md	corpus/04_composicoes_avaliadas/maiores_notas/46003_avaliacao_gpt-5.6-sol.md	corpus/04_composicoes_avaliadas/maiores_notas/46003_avaliacao_gpt-5.6-sol.md	4.0	3.0	4.0	2.0	3.0	4.0	20.0	20.0	0.0
46260_human_high	46260	human	human_high	high	False		gpt_ai	gpt-5.6-sol		46260.txt		46260_avaliacao_gpt-5.6-sol.md	corpus/04_composicoes_avaliadas/maiores_notas/46260_avaliacao_gpt-5.6-sol.md	corpus/04_composicoes_avaliadas/maiores_notas/46260_avaliacao_gpt-5.6-sol.md	3.0	3.0	4.0	4.0	5.0	4.0	23.0	23.0	0.0
46321_human_high	46321	human	human_high	high	False		gpt_ai	gpt-5.6-sol		46321.txt		46321_avaliacao_gpt-5.6-sol.md	corpus/04_composicoes_avaliadas/maiores_notas/46321_avaliacao_gpt-5.6-sol.md	corpus/04_composicoes_avaliadas/maiores_notas/46321_avaliacao_gpt-5.6-sol.md	3.0	4.0	4.0	2.0	3.0	4.0	20.0	20.0	0.0
46479_human_high	46479	human	human_high	high	False		gpt_ai	gpt-5.6-sol		46479.txt		46479_avaliacao_gpt-5.6-sol.md	corpus/04_composicoes_avaliadas/maiores_notas/46479_avaliacao_gpt-5.6-sol.md	corpus/04_composicoes_avaliadas/maiores_notas/46479_avaliacao_gpt-5.6-sol.md	4.0	4.5	5.0	5.0	5.0	4.0	27.5	27.5	0.0
46597_human_high	46597	human	human_high	high	False		gpt_ai	gpt-5.6-sol		46597.txt		46597_avaliacao_gpt-5.6-sol.md	corpus/04_composicoes_avaliadas/maiores_notas/46597_avaliacao_gpt-5.6-sol.md	corpus/04_composicoes_avaliadas/maiores_notas/46597_avaliacao_gpt-5.6-sol.md	4.0	4.0	5.0	5.0	5.0	5.0	28.0	28.0	0.0
46656_human_high	46656	human	human_high	high	False		gpt_ai	gpt-5.6-sol		46656.txt		46656_avaliacao_gpt-5.6-sol.md	corpus/04_composicoes_avaliadas/maiores_notas/46656_avaliacao_gpt-5.6-sol.md	corpus/04_composicoes_avaliadas/maiores_notas/46656_avaliacao_gpt-5.6-sol.md	4.0	4.0	5.0	5.0	5.0	5.0	28.0	28.0	0.0
46711_human_high	46711	human	human_high	high	False		gpt_ai	gpt-5.6-sol		46711.txt		46711_avaliacao_gpt-5.6-sol.md	corpus/04_composicoes_avaliadas/maiores_notas/46711_avaliacao_gpt-5.6-sol.md	corpus/04_composicoes_avaliadas/maiores_notas/46711_avaliacao_gpt-5.6-sol.md	4.0	4.0	4.0	0.0	3.0	4.0	19.0	19.0	0.0
46771_human_high	46771	human	human_high	high	False		gpt_ai	gpt-5.6-sol		46771.txt		46771_avaliacao_gpt-5.6-sol.md	corpus/04_composicoes_avaliadas/maiores_notas/46771_avaliacao_gpt-5.6-sol.md	corpus/04_composicoes_avaliadas/maiores_notas/46771_avaliacao_gpt-5.6-sol.md	4.0	3.0	4.0	3.0	4.0	4.0	22.0	22.0	0.0
46998_human_high	46998	human	human_high	high	False		gpt_ai	gpt-5.6-sol		46998.txt		46998_avaliacao_gpt-5.6-sol.md	corpus/04_composicoes_avaliadas/maiores_notas/46998_avaliacao_gpt-5.6-sol.md	corpus/04_composicoes_avaliadas/maiores_notas/46998_avaliacao_gpt-5.6-sol.md	4.0	4.5	4.0	2.0	3.0	3.0	20.5	20.5	0.0
47002_human_high	47002	human	human_high	high	False		gpt_ai	gpt-5.6-sol		47002.txt		47002_avaliacao_gpt-5.6-sol.md	corpus/04_composicoes_avaliadas/maiores_notas/47002_avaliacao_gpt-5.6-sol.md	corpus/04_composicoes_avaliadas/maiores_notas/47002_avaliacao_gpt-5.6-sol.md	3.0	4.0	4.0	0.0	3.0	4.0	18.0	18.0	0.0
47099_human_high	47099	human	human_high	high	False		gpt_ai	gpt-5.6-sol		47099.txt		47099_avaliacao_gpt-5.6-sol.md	corpus/04_composicoes_avaliadas/maiores_notas/47099_avaliacao_gpt-5.6-sol.md	corpus/04_composicoes_avaliadas/maiores_notas/47099_avaliacao_gpt-5.6-sol.md	3.0	3.0	4.0	2.0	3.0	3.0	18.0	18.0	0.0
32610_human_low	32610	human	human_low	low	False		gpt_ai	gpt-5.6-sol		32610.txt		32610_avaliacao_gpt-5.6-sol.md	corpus/04_composicoes_avaliadas/menores_notas/32610_avaliacao_gpt-5.6-sol.md	corpus/04_composicoes_avaliadas/menores_notas/32610_avaliacao_gpt-5.6-sol.md	3.0	2.0	3.5	0.0	2.0	3.0	13.5	13.5	0.0
32674_human_low	32674	human	human_low	low	False		gpt_ai	gpt-5.6-sol		32674.txt		32674_avaliacao_gpt-5.6-sol.md	corpus/04_composicoes_avaliadas/menores_notas/32674_avaliacao_gpt-5.6-sol.md	corpus/04_composicoes_avaliadas/menores_notas/32674_avaliacao_gpt-5.6-sol.md	3.0	2.0	3.0	0.0	2.0	2.0	12.0	12.0	0.0
32714_human_low	32714	human	human_low	low	False		gpt_ai	gpt-5.6-sol		32714.txt		32714_avaliacao_gpt-5.6-sol.md	corpus/04_composicoes_avaliadas/menores_notas/32714_avaliacao_gpt-5.6-sol.md	corpus/04_composicoes_avaliadas/menores_notas/32714_avaliacao_gpt-5.6-sol.md	3.5	2.5	3.0	1.0	2.0	3.0	15.0	15.0	0.0
32733_human_low	32733	human	human_low	low	False		gpt_ai	gpt-5.6-sol		32733.txt		32733_avaliacao_gpt-5.6-sol.md	corpus/04_composicoes_avaliadas/menores_notas/32733_avaliacao_gpt-5.6-sol.md	corpus/04_composicoes_avaliadas/menores_notas/32733_avaliacao_gpt-5.6-sol.md	3.0	2.0	3.0	0.0	3.0	3.0	14.0	14.0	0.0
32749_human_low	32749	human	human_low	low	False		gpt_ai	gpt-5.6-sol		32749.txt		32749_avaliacao_gpt-5.6-sol.md	corpus/04_composicoes_avaliadas/menores_notas/32749_avaliacao_gpt-5.6-sol.md	corpus/04_composicoes_avaliadas/menores_notas/32749_avaliacao_gpt-5.6-sol.md	3.0	1.0	3.0	4.0	3.0	3.0	17.0	17.0	0.0
32755_human_low	32755	human	human_low	low	False		gpt_ai	gpt-5.6-sol		32755.txt		32755_avaliacao_gpt-5.6-sol.md	corpus/04_composicoes_avaliadas/menores_notas/32755_avaliacao_gpt-5.6-sol.md	corpus/04_composicoes_avaliadas/menores_notas/32755_avaliacao_gpt-5.6-sol.md	2.0	1.0	2.0	0.0	1.0	2.0	8.0	8.0	0.0
32782_human_low	32782	human	human_low	low	False		gpt_ai	gpt-5.6-sol		32782.txt		32782_avaliacao_gpt-5.6-sol.md	corpus/04_composicoes_avaliadas/menores_notas/32782_avaliacao_gpt-5.6-sol.md	corpus/04_composicoes_avaliadas/menores_notas/32782_avaliacao_gpt-5.6-sol.md	3.5	3.0	4.0	2.0	3.5	3.5	19.5	19.5	0.0
32792_human_low	32792	human	human_low	low	False		gpt_ai	gpt-5.6-sol		32792.txt		32792_avaliacao_gpt-5.6-sol.md	corpus/04_composicoes_avaliadas/menores_notas/32792_avaliacao_gpt-5.6-sol.md	corpus/04_composicoes_avaliadas/menores_notas/32792_avaliacao_gpt-5.6-sol.md	3.0	2.0	3.0	0.0	2.0	3.0	13.0	13.0	0.0
32860_human_low	32860	human	human_low	low	False		gpt_ai	gpt-5.6-sol		32860.txt		32860_avaliacao_gpt-5.6-sol.md	corpus/04_composicoes_avaliadas/menores_notas/32860_avaliacao_gpt-5.6-sol.md	corpus/04_composicoes_avaliadas/menores_notas/32860_avaliacao_gpt-5.6-sol.md	4.0	3.0	3.0	1.0	2.0	2.0	15.0	15.0	0.0
33167_human_low	33167	human	human_low	low	False		gpt_ai	gpt-5.6-sol		33167.txt		33167_avaliacao_gpt-5.6-sol.md	corpus/04_composicoes_avaliadas/menores_notas/33167_avaliacao_gpt-5.6-sol.md	corpus/04_composicoes_avaliadas/menores_notas/33167_avaliacao_gpt-5.6-sol.md	4.0	3.0	4.0	0.0	3.0	2.0	16.0	16.0	0.0
33310_human_low	33310	human	human_low	low	False		gpt_ai	gpt-5.6-sol		33310.txt		33310_avaliacao_gpt-5.6-sol.md	corpus/04_composicoes_avaliadas/menores_notas/33310_avaliacao_gpt-5.6-sol.md	corpus/04_composicoes_avaliadas/menores_notas/33310_avaliacao_gpt-5.6-sol.md	3.0	2.0	4.0	4.0	4.0	5.0	22.0	22.0	0.0
33360_human_low	33360	human	human_low	low	False		gpt_ai	gpt-5.6-sol		33360.txt		33360_avaliacao_gpt-5.6-sol.md	corpus/04_composicoes_avaliadas/menores_notas/33360_avaliacao_gpt-5.6-sol.md	corpus/04_composicoes_avaliadas/menores_notas/33360_avaliacao_gpt-5.6-sol.md	4.0	3.0	4.0	0.0	2.0	3.0	16.0	16.0	0.0
33436_human_low	33436	human	human_low	low	False		gpt_ai	gpt-5.6-sol		33436.txt		33436_avaliacao_gpt-5.6-sol.md	corpus/04_composicoes_avaliadas/menores_notas/33436_avaliacao_gpt-5.6-sol.md	corpus/04_composicoes_avaliadas/menores_notas/33436_avaliacao_gpt-5.6-sol.md	4.0	3.0	4.0	0.0	3.0	4.0	18.0	18.0	0.0
33465_human_low	33465	human	human_low	low	False		gpt_ai	gpt-5.6-sol		33465.txt		33465_avaliacao_gpt-5.6-sol.md	corpus/04_composicoes_avaliadas/menores_notas/33465_avaliacao_gpt-5.6-sol.md	corpus/04_composicoes_avaliadas/menores_notas/33465_avaliacao_gpt-5.6-sol.md	3.0	2.5	3.0	0.0	2.5	3.0	14.0	14.0	0.0
33497_human_low	33497	human	human_low	low	False		gpt_ai	gpt-5.6-sol		33497.txt		33497_avaliacao_gpt-5.6-sol.md	corpus/04_composicoes_avaliadas/menores_notas/33497_avaliacao_gpt-5.6-sol.md	corpus/04_composicoes_avaliadas/menores_notas/33497_avaliacao_gpt-5.6-sol.md	3.0	2.0	4.0	1.0	3.0	3.0	16.0	16.0	0.0
33645_human_low	33645	human	human_low	low	False		gpt_ai	gpt-5.6-sol		33645.txt		33645_avaliacao_gpt-5.6-sol.md	corpus/04_composicoes_avaliadas/menores_notas/33645_avaliacao_gpt-5.6-sol.md	corpus/04_composicoes_avaliadas/menores_notas/33645_avaliacao_gpt-5.6-sol.md	3.0	2.0	3.0	0.0	2.0	3.0	13.0	13.0	0.0
33787_human_low	33787	human	human_low	low	False		gpt_ai	gpt-5.6-sol		33787.txt		33787_avaliacao_gpt-5.6-sol.md	corpus/04_composicoes_avaliadas/menores_notas/33787_avaliacao_gpt-5.6-sol.md	corpus/04_composicoes_avaliadas/menores_notas/33787_avaliacao_gpt-5.6-sol.md	1.0	1.0	2.0	1.0	3.0	1.0	9.0	9.0	0.0
33789_human_low	33789	human	human_low	low	False		gpt_ai	gpt-5.6-sol		33789.txt		33789_avaliacao_gpt-5.6-sol.md	corpus/04_composicoes_avaliadas/menores_notas/33789_avaliacao_gpt-5.6-sol.md	corpus/04_composicoes_avaliadas/menores_notas/33789_avaliacao_gpt-5.6-sol.md	3.0	2.0	3.0	0.0	2.0	2.0	12.0	12.0	0.0
33856_human_low	33856	human	human_low	low	False		gpt_ai	gpt-5.6-sol		33856.txt		33856_avaliacao_gpt-5.6-sol.md	corpus/04_composicoes_avaliadas/menores_notas/33856_avaliacao_gpt-5.6-sol.md	corpus/04_composicoes_avaliadas/menores_notas/33856_avaliacao_gpt-5.6-sol.md	2.5	2.5	2.0	0.0	1.5	2.0	10.5	10.5	0.0
33862_human_low	33862	human	human_low	low	False		gpt_ai	gpt-5.6-sol		33862.txt		33862_avaliacao_gpt-5.6-sol.md	corpus/04_composicoes_avaliadas/menores_notas/33862_avaliacao_gpt-5.6-sol.md	corpus/04_composicoes_avaliadas/menores_notas/33862_avaliacao_gpt-5.6-sol.md	4.0	3.0	3.0	0.0	2.0	3.0	15.0	15.0	0.0
33871_human_low	33871	human	human_low	low	False		gpt_ai	gpt-5.6-sol		33871.txt		33871_avaliacao_gpt-5.6-sol.md	corpus/04_composicoes_avaliadas/menores_notas/33871_avaliacao_gpt-5.6-sol.md	corpus/04_composicoes_avaliadas/menores_notas/33871_avaliacao_gpt-5.6-sol.md	3.0	3.0	3.0	2.0	3.0	4.0	18.0	18.0	0.0
33948_human_low	33948	human	human_low	low	False		gpt_ai	gpt-5.6-sol		33948.txt		33948_avaliacao_gpt-5.6-sol.md	corpus/04_composicoes_avaliadas/menores_notas/33948_avaliacao_gpt-5.6-sol.md	corpus/04_composicoes_avaliadas/menores_notas/33948_avaliacao_gpt-5.6-sol.md	3.0	2.0	3.0	0.0	2.0	3.0	13.0	13.0	0.0
33964_human_low	33964	human	human_low	low	False		gpt_ai	gpt-5.6-sol		33964.txt		33964_avaliacao_gpt-5.6-sol.md	corpus/04_composicoes_avaliadas/menores_notas/33964_avaliacao_gpt-5.6-sol.md	corpus/04_composicoes_avaliadas/menores_notas/33964_avaliacao_gpt-5.6-sol.md	3.0	3.0	3.0	0.0	3.0	2.0	14.0	14.0	0.0
34009_human_low	34009	human	human_low	low	False		gpt_ai	gpt-5.6-sol		34009.txt		34009_avaliacao_gpt-5.6-sol.md	corpus/04_composicoes_avaliadas/menores_notas/34009_avaliacao_gpt-5.6-sol.md	corpus/04_composicoes_avaliadas/menores_notas/34009_avaliacao_gpt-5.6-sol.md	3.5	3.0	4.5	3.0	4.0	5.0	23.0	23.0	0.0
34025_human_low	34025	human	human_low	low	False		gpt_ai	gpt-5.6-sol		34025.txt		34025_avaliacao_gpt-5.6-sol.md	corpus/04_composicoes_avaliadas/menores_notas/34025_avaliacao_gpt-5.6-sol.md	corpus/04_composicoes_avaliadas/menores_notas/34025_avaliacao_gpt-5.6-sol.md	3.0	2.0	4.0	3.0	4.0	3.0	19.0	19.0	0.0
34046_human_low	34046	human	human_low	low	False		gpt_ai	gpt-5.6-sol		34046.txt		34046_avaliacao_gpt-5.6-sol.md	corpus/04_composicoes_avaliadas/menores_notas/34046_avaliacao_gpt-5.6-sol.md	corpus/04_composicoes_avaliadas/menores_notas/34046_avaliacao_gpt-5.6-sol.md	3.0	2.0	4.0	1.0	4.0	3.0	17.0	17.0	0.0
34185_human_low	34185	human	human_low	low	False		gpt_ai	gpt-5.6-sol		34185.txt		34185_avaliacao_gpt-5.6-sol.md	corpus/04_composicoes_avaliadas/menores_notas/34185_avaliacao_gpt-5.6-sol.md	corpus/04_composicoes_avaliadas/menores_notas/34185_avaliacao_gpt-5.6-sol.md	3.0	2.0	4.0	0.0	3.0	4.0	16.0	16.0	0.0
34210_human_low	34210	human	human_low	low	False		gpt_ai	gpt-5.6-sol		34210.txt		34210_avaliacao_gpt-5.6-sol.md	corpus/04_composicoes_avaliadas/menores_notas/34210_avaliacao_gpt-5.6-sol.md	corpus/04_composicoes_avaliadas/menores_notas/34210_avaliacao_gpt-5.6-sol.md	4.0	3.0	3.5	0.0	2.0	4.0	16.5	16.5	0.0
34236_human_low	34236	human	human_low	low	False		gpt_ai	gpt-5.6-sol		34236.txt		34236_avaliacao_gpt-5.6-sol.md	corpus/04_composicoes_avaliadas/menores_notas/34236_avaliacao_gpt-5.6-sol.md	corpus/04_composicoes_avaliadas/menores_notas/34236_avaliacao_gpt-5.6-sol.md	4.0	3.0	4.0	1.5	2.5	4.0	19.0	19.0	0.0
34251_human_low	34251	human	human_low	low	False		gpt_ai	gpt-5.6-sol		34251.txt		34251_avaliacao_gpt-5.6-sol.md	corpus/04_composicoes_avaliadas/menores_notas/34251_avaliacao_gpt-5.6-sol.md	corpus/04_composicoes_avaliadas/menores_notas/34251_avaliacao_gpt-5.6-sol.md	3.0	2.0	4.0	0.0	2.0	3.0	14.0	14.0	0.0
34273_human_low	34273	human	human_low	low	False		gpt_ai	gpt-5.6-sol		34273.txt		34273_avaliacao_gpt-5.6-sol.md	corpus/04_composicoes_avaliadas/menores_notas/34273_avaliacao_gpt-5.6-sol.md	corpus/04_composicoes_avaliadas/menores_notas/34273_avaliacao_gpt-5.6-sol.md	3.0	2.0	4.0	0.0	2.0	3.0	14.0	14.0	0.0
34308_human_low	34308	human	human_low	low	False		gpt_ai	gpt-5.6-sol		34308.txt		34308_avaliacao_gpt-5.6-sol.md	corpus/04_composicoes_avaliadas/menores_notas/34308_avaliacao_gpt-5.6-sol.md	corpus/04_composicoes_avaliadas/menores_notas/34308_avaliacao_gpt-5.6-sol.md	2.5	2.5	3.0	1.0	3.0	3.0	15.0	15.0	0.0
34356_human_low	34356	human	human_low	low	False		gpt_ai	gpt-5.6-sol		34356.txt		34356_avaliacao_gpt-5.6-sol.md	corpus/04_composicoes_avaliadas/menores_notas/34356_avaliacao_gpt-5.6-sol.md	corpus/04_composicoes_avaliadas/menores_notas/34356_avaliacao_gpt-5.6-sol.md	3.0	2.0	3.0	0.0	2.5	3.0	13.5	13.5	0.0
34362_human_low	34362	human	human_low	low	False		gpt_ai	gpt-5.6-sol		34362.txt		34362_avaliacao_gpt-5.6-sol.md	corpus/04_composicoes_avaliadas/menores_notas/34362_avaliacao_gpt-5.6-sol.md	corpus/04_composicoes_avaliadas/menores_notas/34362_avaliacao_gpt-5.6-sol.md	2.0	1.0	2.0	0.0	0.0	1.0	6.0	6.0	0.0
34537_human_low	34537	human	human_low	low	False		gpt_ai	gpt-5.6-sol		34537.txt		34537_avaliacao_gpt-5.6-sol.md	corpus/04_composicoes_avaliadas/menores_notas/34537_avaliacao_gpt-5.6-sol.md	corpus/04_composicoes_avaliadas/menores_notas/34537_avaliacao_gpt-5.6-sol.md	3.0	2.5	3.5	0.0	3.0	4.0	16.0	16.0	0.0
34613_human_low	34613	human	human_low	low	False		gpt_ai	gpt-5.6-sol		34613.txt		34613_avaliacao_gpt-5.6-sol.md	corpus/04_composicoes_avaliadas/menores_notas/34613_avaliacao_gpt-5.6-sol.md	corpus/04_composicoes_avaliadas/menores_notas/34613_avaliacao_gpt-5.6-sol.md	3.5	3.0	3.0	0.0	2.0	3.0	14.5	14.5	0.0
34616_human_low	34616	human	human_low	low	False		gpt_ai	gpt-5.6-sol		34616.txt		34616_avaliacao_gpt-5.6-sol.md	corpus/04_composicoes_avaliadas/menores_notas/34616_avaliacao_gpt-5.6-sol.md	corpus/04_composicoes_avaliadas/menores_notas/34616_avaliacao_gpt-5.6-sol.md	3.0	2.0	3.0	1.0	2.0	3.0	14.0	14.0	0.0
34618_human_low	34618	human	human_low	low	False		gpt_ai	gpt-5.6-sol		34618.txt		34618_avaliacao_gpt-5.6-sol.md	corpus/04_composicoes_avaliadas/menores_notas/34618_avaliacao_gpt-5.6-sol.md	corpus/04_composicoes_avaliadas/menores_notas/34618_avaliacao_gpt-5.6-sol.md	3.0	2.0	3.0	0.0	2.0	2.0	12.0	12.0	0.0
34637_human_low	34637	human	human_low	low	False		gpt_ai	gpt-5.6-sol		34637.txt		34637_avaliacao_gpt-5.6-sol.md	corpus/04_composicoes_avaliadas/menores_notas/34637_avaliacao_gpt-5.6-sol.md	corpus/04_composicoes_avaliadas/menores_notas/34637_avaliacao_gpt-5.6-sol.md	3.0	2.0	3.0	0.0	2.0	2.0	12.0	12.0	0.0
34638_human_low	34638	human	human_low	low	False		gpt_ai	gpt-5.6-sol		34638.txt		34638_avaliacao_gpt-5.6-sol.md	corpus/04_composicoes_avaliadas/menores_notas/34638_avaliacao_gpt-5.6-sol.md	corpus/04_composicoes_avaliadas/menores_notas/34638_avaliacao_gpt-5.6-sol.md	3.0	2.0	4.0	0.0	2.0	3.0	14.0	14.0	0.0
34642_human_low	34642	human	human_low	low	False		gpt_ai	gpt-5.6-sol		34642.txt		34642_avaliacao_gpt-5.6-sol.md	corpus/04_composicoes_avaliadas/menores_notas/34642_avaliacao_gpt-5.6-sol.md	corpus/04_composicoes_avaliadas/menores_notas/34642_avaliacao_gpt-5.6-sol.md	3.0	2.0	3.0	2.0	3.0	4.0	17.0	17.0	0.0
34714_human_low	34714	human	human_low	low	False		gpt_ai	gpt-5.6-sol		34714.txt		34714_avaliacao_gpt-5.6-sol.md	corpus/04_composicoes_avaliadas/menores_notas/34714_avaliacao_gpt-5.6-sol.md	corpus/04_composicoes_avaliadas/menores_notas/34714_avaliacao_gpt-5.6-sol.md	2.0	1.0	2.0	0.0	1.0	2.0	8.0	8.0	0.0
34743_human_low	34743	human	human_low	low	False		gpt_ai	gpt-5.6-sol		34743.txt		34743_avaliacao_gpt-5.6-sol.md	corpus/04_composicoes_avaliadas/menores_notas/34743_avaliacao_gpt-5.6-sol.md	corpus/04_composicoes_avaliadas/menores_notas/34743_avaliacao_gpt-5.6-sol.md	3.0	2.0	3.0	0.0	3.0	3.0	14.0	14.0	0.0
34807_human_low	34807	human	human_low	low	False		gpt_ai	gpt-5.6-sol		34807.txt		34807_avaliacao_gpt-5.6-sol.md	corpus/04_composicoes_avaliadas/menores_notas/34807_avaliacao_gpt-5.6-sol.md	corpus/04_composicoes_avaliadas/menores_notas/34807_avaliacao_gpt-5.6-sol.md	4.0	4.0	3.5	3.0	3.0	4.0	21.5	21.5	0.0
34823_human_low	34823	human	human_low	low	False		gpt_ai	gpt-5.6-sol		34823.txt		34823_avaliacao_gpt-5.6-sol.md	corpus/04_composicoes_avaliadas/menores_notas/34823_avaliacao_gpt-5.6-sol.md	corpus/04_composicoes_avaliadas/menores_notas/34823_avaliacao_gpt-5.6-sol.md	3.0	3.0	4.0	0.0	2.0	2.0	14.0	14.0	0.0
34895_human_low	34895	human	human_low	low	False		gpt_ai	gpt-5.6-sol		34895.txt		34895_avaliacao_gpt-5.6-sol.md	corpus/04_composicoes_avaliadas/menores_notas/34895_avaliacao_gpt-5.6-sol.md	corpus/04_composicoes_avaliadas/menores_notas/34895_avaliacao_gpt-5.6-sol.md	4.0	3.0	4.0	2.0	4.0	4.0	21.0	21.0	0.0
34971_human_low	34971	human	human_low	low	False		gpt_ai	gpt-5.6-sol		34971.txt		34971_avaliacao_gpt-5.6-sol.md	corpus/04_composicoes_avaliadas/menores_notas/34971_avaliacao_gpt-5.6-sol.md	corpus/04_composicoes_avaliadas/menores_notas/34971_avaliacao_gpt-5.6-sol.md	3.0	2.0	4.0	1.0	3.0	3.0	16.0	16.0	0.0
35019_human_low	35019	human	human_low	low	False		gpt_ai	gpt-5.6-sol		35019.txt		35019_avaliacao_gpt-5.6-sol.md	corpus/04_composicoes_avaliadas/menores_notas/35019_avaliacao_gpt-5.6-sol.md	corpus/04_composicoes_avaliadas/menores_notas/35019_avaliacao_gpt-5.6-sol.md	3.0	2.0	3.0	2.0	3.0	3.0	16.0	16.0	0.0
35028_human_low	35028	human	human_low	low	False		gpt_ai	gpt-5.6-sol		35028.txt		35028_avaliacao_gpt-5.6-sol.md	corpus/04_composicoes_avaliadas/menores_notas/35028_avaliacao_gpt-5.6-sol.md	corpus/04_composicoes_avaliadas/menores_notas/35028_avaliacao_gpt-5.6-sol.md	3.0	2.0	3.0	0.0	3.0	3.0	14.0	14.0	0.0
35056_human_low	35056	human	human_low	low	False		gpt_ai	gpt-5.6-sol		35056.txt		35056_avaliacao_gpt-5.6-sol.md	corpus/04_composicoes_avaliadas/menores_notas/35056_avaliacao_gpt-5.6-sol.md	corpus/04_composicoes_avaliadas/menores_notas/35056_avaliacao_gpt-5.6-sol.md	3.5	3.0	2.0	4.0	2.0	3.0	17.5	17.5	0.0
35071_human_low	35071	human	human_low	low	False		gpt_ai	gpt-5.6-sol		35071.txt		35071_avaliacao_gpt-5.6-sol.md	corpus/04_composicoes_avaliadas/menores_notas/35071_avaliacao_gpt-5.6-sol.md	corpus/04_composicoes_avaliadas/menores_notas/35071_avaliacao_gpt-5.6-sol.md	3.0	4.0	4.0	3.0	4.0	4.0	22.0	22.0	0.0
35072_human_low	35072	human	human_low	low	False		gpt_ai	gpt-5.6-sol		35072.txt		35072_avaliacao_gpt-5.6-sol.md	corpus/04_composicoes_avaliadas/menores_notas/35072_avaliacao_gpt-5.6-sol.md	corpus/04_composicoes_avaliadas/menores_notas/35072_avaliacao_gpt-5.6-sol.md	4.0	3.0	3.0	3.0	3.0	4.0	20.0	20.0	0.0
35131_human_low	35131	human	human_low	low	False		gpt_ai	gpt-5.6-sol		35131.txt		35131_avaliacao_gpt-5.6-sol.md	corpus/04_composicoes_avaliadas/menores_notas/35131_avaliacao_gpt-5.6-sol.md	corpus/04_composicoes_avaliadas/menores_notas/35131_avaliacao_gpt-5.6-sol.md	3.0	2.0	3.0	2.0	4.0	3.0	17.0	17.0	0.0
35136_human_low	35136	human	human_low	low	False		gpt_ai	gpt-5.6-sol		35136.txt		35136_avaliacao_gpt-5.6-sol.md	corpus/04_composicoes_avaliadas/menores_notas/35136_avaliacao_gpt-5.6-sol.md	corpus/04_composicoes_avaliadas/menores_notas/35136_avaliacao_gpt-5.6-sol.md	4.0	3.5	3.5	2.0	3.0	3.0	19.0	19.0	0.0
35163_human_low	35163	human	human_low	low	False		gpt_ai	gpt-5.6-sol		35163.txt		35163_avaliacao_gpt-5.6-sol.md	corpus/04_composicoes_avaliadas/menores_notas/35163_avaliacao_gpt-5.6-sol.md	corpus/04_composicoes_avaliadas/menores_notas/35163_avaliacao_gpt-5.6-sol.md	4.0	4.0	3.5	2.0	3.0	2.5	19.0	19.0	0.0
35173_human_low	35173	human	human_low	low	False		gpt_ai	gpt-5.6-sol		35173.txt		35173_avaliacao_gpt-5.6-sol.md	corpus/04_composicoes_avaliadas/menores_notas/35173_avaliacao_gpt-5.6-sol.md	corpus/04_composicoes_avaliadas/menores_notas/35173_avaliacao_gpt-5.6-sol.md	2.0	1.0	3.0	0.0	3.0	3.0	12.0	12.0	0.0
35198_human_low	35198	human	human_low	low	False		gpt_ai	gpt-5.6-sol		35198.txt		35198_avaliacao_gpt-5.6-sol.md	corpus/04_composicoes_avaliadas/menores_notas/35198_avaliacao_gpt-5.6-sol.md	corpus/04_composicoes_avaliadas/menores_notas/35198_avaliacao_gpt-5.6-sol.md	2.0	1.5	3.0	1.0	2.0	2.0	11.5	11.5	0.0
35214_human_low	35214	human	human_low	low	False		gpt_ai	gpt-5.6-sol		35214.txt		35214_avaliacao_gpt-5.6-sol.md	corpus/04_composicoes_avaliadas/menores_notas/35214_avaliacao_gpt-5.6-sol.md	corpus/04_composicoes_avaliadas/menores_notas/35214_avaliacao_gpt-5.6-sol.md	3.0	2.0	3.5	0.0	3.0	4.0	15.5	15.5	0.0
35217_human_low	35217	human	human_low	low	False		gpt_ai	gpt-5.6-sol		35217.txt		35217_avaliacao_gpt-5.6-sol.md	corpus/04_composicoes_avaliadas/menores_notas/35217_avaliacao_gpt-5.6-sol.md	corpus/04_composicoes_avaliadas/menores_notas/35217_avaliacao_gpt-5.6-sol.md	1.5	1.0	3.0	2.0	3.0	3.0	13.5	13.5	0.0
35220_human_low	35220	human	human_low	low	False		gpt_ai	gpt-5.6-sol		35220.txt		35220_avaliacao_gpt-5.6-sol.md	corpus/04_composicoes_avaliadas/menores_notas/35220_avaliacao_gpt-5.6-sol.md	corpus/04_composicoes_avaliadas/menores_notas/35220_avaliacao_gpt-5.6-sol.md	3.0	3.0	4.0	2.0	3.0	4.0	19.0	19.0	0.0
35228_human_low	35228	human	human_low	low	False		gpt_ai	gpt-5.6-sol		35228.txt		35228_avaliacao_gpt-5.6-sol.md	corpus/04_composicoes_avaliadas/menores_notas/35228_avaliacao_gpt-5.6-sol.md	corpus/04_composicoes_avaliadas/menores_notas/35228_avaliacao_gpt-5.6-sol.md	3.0	2.0	4.0	0.0	3.0	3.0	15.0	15.0	0.0
35278_human_low	35278	human	human_low	low	False		gpt_ai	gpt-5.6-sol		35278.txt		35278_avaliacao_gpt-5.6-sol.md	corpus/04_composicoes_avaliadas/menores_notas/35278_avaliacao_gpt-5.6-sol.md	corpus/04_composicoes_avaliadas/menores_notas/35278_avaliacao_gpt-5.6-sol.md	4.0	3.0	2.0	0.0	3.0	2.0	14.0	14.0	0.0
35291_human_low	35291	human	human_low	low	False		gpt_ai	gpt-5.6-sol		35291.txt		35291_avaliacao_gpt-5.6-sol.md	corpus/04_composicoes_avaliadas/menores_notas/35291_avaliacao_gpt-5.6-sol.md	corpus/04_composicoes_avaliadas/menores_notas/35291_avaliacao_gpt-5.6-sol.md	3.0	2.0	3.5	2.0	3.0	4.0	17.5	17.5	0.0
35457_human_low	35457	human	human_low	low	False		gpt_ai	gpt-5.6-sol		35457.txt		35457_avaliacao_gpt-5.6-sol.md	corpus/04_composicoes_avaliadas/menores_notas/35457_avaliacao_gpt-5.6-sol.md	corpus/04_composicoes_avaliadas/menores_notas/35457_avaliacao_gpt-5.6-sol.md	4.0	4.0	4.0	1.5	3.0	3.0	19.5	19.5	0.0
35465_human_low	35465	human	human_low	low	False		gpt_ai	gpt-5.6-sol		35465.txt		35465_avaliacao_gpt-5.6-sol.md	corpus/04_composicoes_avaliadas/menores_notas/35465_avaliacao_gpt-5.6-sol.md	corpus/04_composicoes_avaliadas/menores_notas/35465_avaliacao_gpt-5.6-sol.md	3.0	2.0	3.0	0.0	2.0	2.0	12.0	12.0	0.0
35485_human_low	35485	human	human_low	low	False		gpt_ai	gpt-5.6-sol		35485.txt		35485_avaliacao_gpt-5.6-sol.md	corpus/04_composicoes_avaliadas/menores_notas/35485_avaliacao_gpt-5.6-sol.md	corpus/04_composicoes_avaliadas/menores_notas/35485_avaliacao_gpt-5.6-sol.md	3.0	3.0	3.0	0.0	1.0	2.0	12.0	12.0	0.0
35549_human_low	35549	human	human_low	low	False		gpt_ai	gpt-5.6-sol		35549.txt		35549_avaliacao_gpt-5.6-sol.md	corpus/04_composicoes_avaliadas/menores_notas/35549_avaliacao_gpt-5.6-sol.md	corpus/04_composicoes_avaliadas/menores_notas/35549_avaliacao_gpt-5.6-sol.md	3.0	2.0	4.0	0.0	2.0	3.0	14.0	14.0	0.0
35577_human_low	35577	human	human_low	low	False		gpt_ai	gpt-5.6-sol		35577.txt		35577_avaliacao_gpt-5.6-sol.md	corpus/04_composicoes_avaliadas/menores_notas/35577_avaliacao_gpt-5.6-sol.md	corpus/04_composicoes_avaliadas/menores_notas/35577_avaliacao_gpt-5.6-sol.md	3.0	2.0	3.0	0.0	2.0	3.0	13.0	13.0	0.0
35633_human_low	35633	human	human_low	low	False		gpt_ai	gpt-5.6-sol		35633.txt		35633_avaliacao_gpt-5.6-sol.md	corpus/04_composicoes_avaliadas/menores_notas/35633_avaliacao_gpt-5.6-sol.md	corpus/04_composicoes_avaliadas/menores_notas/35633_avaliacao_gpt-5.6-sol.md	4.5	4.5	4.0	2.0	4.0	4.0	23.0	23.0	0.0
35661_human_low	35661	human	human_low	low	False		gpt_ai	gpt-5.6-sol		35661.txt		35661_avaliacao_gpt-5.6-sol.md	corpus/04_composicoes_avaliadas/menores_notas/35661_avaliacao_gpt-5.6-sol.md	corpus/04_composicoes_avaliadas/menores_notas/35661_avaliacao_gpt-5.6-sol.md	3.5	3.5	3.0	0.0	2.0	3.0	15.0	15.0	0.0
35820_human_low	35820	human	human_low	low	False		gpt_ai	gpt-5.6-sol		35820.txt		35820_avaliacao_gpt-5.6-sol.md	corpus/04_composicoes_avaliadas/menores_notas/35820_avaliacao_gpt-5.6-sol.md	corpus/04_composicoes_avaliadas/menores_notas/35820_avaliacao_gpt-5.6-sol.md	3.0	2.0	3.0	3.0	3.0	3.0	17.0	17.0	0.0
35852_human_low	35852	human	human_low	low	False		gpt_ai	gpt-5.6-sol		35852.txt		35852_avaliacao_gpt-5.6-sol.md	corpus/04_composicoes_avaliadas/menores_notas/35852_avaliacao_gpt-5.6-sol.md	corpus/04_composicoes_avaliadas/menores_notas/35852_avaliacao_gpt-5.6-sol.md	3.0	2.0	3.0	0.0	2.0	2.0	12.0	12.0	0.0
35906_human_low	35906	human	human_low	low	False		gpt_ai	gpt-5.6-sol		35906.txt		35906_avaliacao_gpt-5.6-sol.md	corpus/04_composicoes_avaliadas/menores_notas/35906_avaliacao_gpt-5.6-sol.md	corpus/04_composicoes_avaliadas/menores_notas/35906_avaliacao_gpt-5.6-sol.md	4.0	3.0	4.0	1.0	3.0	4.0	19.0	19.0	0.0
35911_human_low	35911	human	human_low	low	False		gpt_ai	gpt-5.6-sol		35911.txt		35911_avaliacao_gpt-5.6-sol.md	corpus/04_composicoes_avaliadas/menores_notas/35911_avaliacao_gpt-5.6-sol.md	corpus/04_composicoes_avaliadas/menores_notas/35911_avaliacao_gpt-5.6-sol.md	4.0	3.0	2.5	0.0	3.0	4.0	16.5	16.5	0.0
35937_human_low	35937	human	human_low	low	False		gpt_ai	gpt-5.6-sol		35937.txt		35937_avaliacao_gpt-5.6-sol.md	corpus/04_composicoes_avaliadas/menores_notas/35937_avaliacao_gpt-5.6-sol.md	corpus/04_composicoes_avaliadas/menores_notas/35937_avaliacao_gpt-5.6-sol.md	4.0	3.0	4.0	1.0	3.0	3.0	18.0	18.0	0.0
35979_human_low	35979	human	human_low	low	False		gpt_ai	gpt-5.6-sol		35979.txt		35979_avaliacao_gpt-5.6-sol.md	corpus/04_composicoes_avaliadas/menores_notas/35979_avaliacao_gpt-5.6-sol.md	corpus/04_composicoes_avaliadas/menores_notas/35979_avaliacao_gpt-5.6-sol.md	3.0	2.0	3.0	0.0	3.0	2.0	13.0	13.0	0.0
35986_human_low	35986	human	human_low	low	False		gpt_ai	gpt-5.6-sol		35986.txt		35986_avaliacao_gpt-5.6-sol.md	corpus/04_composicoes_avaliadas/menores_notas/35986_avaliacao_gpt-5.6-sol.md	corpus/04_composicoes_avaliadas/menores_notas/35986_avaliacao_gpt-5.6-sol.md	3.5	3.5	4.0	1.0	3.5	3.5	19.0	19.0	0.0
36000_human_low	36000	human	human_low	low	False		gpt_ai	gpt-5.6-sol		36000.txt		36000_avaliacao_gpt-5.6-sol.md	corpus/04_composicoes_avaliadas/menores_notas/36000_avaliacao_gpt-5.6-sol.md	corpus/04_composicoes_avaliadas/menores_notas/36000_avaliacao_gpt-5.6-sol.md	3.0	2.0	3.0	0.0	2.0	2.0	12.0	12.0	0.0
36079_human_low	36079	human	human_low	low	False		gpt_ai	gpt-5.6-sol		36079.txt		36079_avaliacao_gpt-5.6-sol.md	corpus/04_composicoes_avaliadas/menores_notas/36079_avaliacao_gpt-5.6-sol.md	corpus/04_composicoes_avaliadas/menores_notas/36079_avaliacao_gpt-5.6-sol.md	3.0	2.0	4.0	1.0	3.0	3.0	16.0	16.0	0.0
36085_human_low	36085	human	human_low	low	False		gpt_ai	gpt-5.6-sol		36085.txt		36085_avaliacao_gpt-5.6-sol.md	corpus/04_composicoes_avaliadas/menores_notas/36085_avaliacao_gpt-5.6-sol.md	corpus/04_composicoes_avaliadas/menores_notas/36085_avaliacao_gpt-5.6-sol.md	4.0	4.0	4.0	0.0	4.0	4.0	20.0	20.0	0.0
36095_human_low	36095	human	human_low	low	False		gpt_ai	gpt-5.6-sol		36095.txt		36095_avaliacao_gpt-5.6-sol.md	corpus/04_composicoes_avaliadas/menores_notas/36095_avaliacao_gpt-5.6-sol.md	corpus/04_composicoes_avaliadas/menores_notas/36095_avaliacao_gpt-5.6-sol.md	3.0	2.0	4.0	1.0	2.0	3.0	15.0	15.0	0.0
36137_human_low	36137	human	human_low	low	False		gpt_ai	gpt-5.6-sol		36137.txt		36137_avaliacao_gpt-5.6-sol.md	corpus/04_composicoes_avaliadas/menores_notas/36137_avaliacao_gpt-5.6-sol.md	corpus/04_composicoes_avaliadas/menores_notas/36137_avaliacao_gpt-5.6-sol.md	3.0	3.0	4.0	3.0	3.0	4.0	20.0	20.0	0.0
36140_human_low	36140	human	human_low	low	False		gpt_ai	gpt-5.6-sol		36140.txt		36140_avaliacao_gpt-5.6-sol.md	corpus/04_composicoes_avaliadas/menores_notas/36140_avaliacao_gpt-5.6-sol.md	corpus/04_composicoes_avaliadas/menores_notas/36140_avaliacao_gpt-5.6-sol.md	3.0	2.0	3.0	2.0	3.0	2.0	15.0	15.0	0.0
36172_human_low	36172	human	human_low	low	False		gpt_ai	gpt-5.6-sol		36172.txt		36172_avaliacao_gpt-5.6-sol.md	corpus/04_composicoes_avaliadas/menores_notas/36172_avaliacao_gpt-5.6-sol.md	corpus/04_composicoes_avaliadas/menores_notas/36172_avaliacao_gpt-5.6-sol.md	3.0	2.5	3.5	0.0	2.5	4.0	15.5	15.5	0.0
36181_human_low	36181	human	human_low	low	False		gpt_ai	gpt-5.6-sol		36181.txt		36181_avaliacao_gpt-5.6-sol.md	corpus/04_composicoes_avaliadas/menores_notas/36181_avaliacao_gpt-5.6-sol.md	corpus/04_composicoes_avaliadas/menores_notas/36181_avaliacao_gpt-5.6-sol.md	3.5	3.5	3.0	0.0	2.0	3.5	15.5	15.5	0.0
36188_human_low	36188	human	human_low	low	False		gpt_ai	gpt-5.6-sol		36188.txt		36188_avaliacao_gpt-5.6-sol.md	corpus/04_composicoes_avaliadas/menores_notas/36188_avaliacao_gpt-5.6-sol.md	corpus/04_composicoes_avaliadas/menores_notas/36188_avaliacao_gpt-5.6-sol.md	3.0	2.0	3.0	1.0	3.0	3.0	15.0	15.0	0.0
36225_human_low	36225	human	human_low	low	False		gpt_ai	gpt-5.6-sol		36225.txt		36225_avaliacao_gpt-5.6-sol.md	corpus/04_composicoes_avaliadas/menores_notas/36225_avaliacao_gpt-5.6-sol.md	corpus/04_composicoes_avaliadas/menores_notas/36225_avaliacao_gpt-5.6-sol.md	3.0	2.0	3.0	0.0	3.0	3.0	14.0	14.0	0.0
36238_human_low	36238	human	human_low	low	False		gpt_ai	gpt-5.6-sol		36238.txt		36238_avaliacao_gpt-5.6-sol.md	corpus/04_composicoes_avaliadas/menores_notas/36238_avaliacao_gpt-5.6-sol.md	corpus/04_composicoes_avaliadas/menores_notas/36238_avaliacao_gpt-5.6-sol.md	3.5	3.0	4.0	2.0	3.0	3.0	18.5	18.5	0.0
36248_human_low	36248	human	human_low	low	False		gpt_ai	gpt-5.6-sol		36248.txt		36248_avaliacao_gpt-5.6-sol.md	corpus/04_composicoes_avaliadas/menores_notas/36248_avaliacao_gpt-5.6-sol.md	corpus/04_composicoes_avaliadas/menores_notas/36248_avaliacao_gpt-5.6-sol.md	3.0	2.0	3.5	0.0	3.0	3.0	14.5	14.5	0.0
36278_human_low	36278	human	human_low	low	False		gpt_ai	gpt-5.6-sol		36278.txt		36278_avaliacao_gpt-5.6-sol.md	corpus/04_composicoes_avaliadas/menores_notas/36278_avaliacao_gpt-5.6-sol.md	corpus/04_composicoes_avaliadas/menores_notas/36278_avaliacao_gpt-5.6-sol.md	4.0	3.0	4.0	2.0	3.0	5.0	21.0	21.0	0.0
36295_human_low	36295	human	human_low	low	False		gpt_ai	gpt-5.6-sol		36295.txt		36295_avaliacao_gpt-5.6-sol.md	corpus/04_composicoes_avaliadas/menores_notas/36295_avaliacao_gpt-5.6-sol.md	corpus/04_composicoes_avaliadas/menores_notas/36295_avaliacao_gpt-5.6-sol.md	5.0	4.5	5.0	4.0	5.0	5.0	28.5	28.5	0.0
36307_human_low	36307	human	human_low	low	False		gpt_ai	gpt-5.6-sol		36307.txt		36307_avaliacao_gpt-5.6-sol.md	corpus/04_composicoes_avaliadas/menores_notas/36307_avaliacao_gpt-5.6-sol.md	corpus/04_composicoes_avaliadas/menores_notas/36307_avaliacao_gpt-5.6-sol.md	3.0	2.0	3.0	1.0	3.0	3.0	15.0	15.0	0.0
36341_human_low	36341	human	human_low	low	False		gpt_ai	gpt-5.6-sol		36341.txt		36341_avaliacao_gpt-5.6-sol.md	corpus/04_composicoes_avaliadas/menores_notas/36341_avaliacao_gpt-5.6-sol.md	corpus/04_composicoes_avaliadas/menores_notas/36341_avaliacao_gpt-5.6-sol.md	3.0	2.5	4.0	3.0	4.0	4.0	20.5	20.5	0.0
36430_human_low	36430	human	human_low	low	False		gpt_ai	gpt-5.6-sol		36430.txt		36430_avaliacao_gpt-5.6-sol.md	corpus/04_composicoes_avaliadas/menores_notas/36430_avaliacao_gpt-5.6-sol.md	corpus/04_composicoes_avaliadas/menores_notas/36430_avaliacao_gpt-5.6-sol.md	3.0	2.0	3.0	3.0	3.0	3.0	17.0	17.0	0.0
36522_human_low	36522	human	human_low	low	False		gpt_ai	gpt-5.6-sol		36522.txt		36522_avaliacao_gpt-5.6-sol.md	corpus/04_composicoes_avaliadas/menores_notas/36522_avaliacao_gpt-5.6-sol.md	corpus/04_composicoes_avaliadas/menores_notas/36522_avaliacao_gpt-5.6-sol.md	3.5	2.0	3.5	1.5	3.0	3.5	17.0	17.0	0.0
36524_human_low	36524	human	human_low	low	False		gpt_ai	gpt-5.6-sol		36524.txt		36524_avaliacao_gpt-5.6-sol.md	corpus/04_composicoes_avaliadas/menores_notas/36524_avaliacao_gpt-5.6-sol.md	corpus/04_composicoes_avaliadas/menores_notas/36524_avaliacao_gpt-5.6-sol.md	1.5	1.0	2.0	0.0	2.0	3.0	9.5	9.5	0.0
36547_human_low	36547	human	human_low	low	False		gpt_ai	gpt-5.6-sol		36547.txt		36547_avaliacao_gpt-5.6-sol.md	corpus/04_composicoes_avaliadas/menores_notas/36547_avaliacao_gpt-5.6-sol.md	corpus/04_composicoes_avaliadas/menores_notas/36547_avaliacao_gpt-5.6-sol.md	3.0	2.0	3.0	0.0	2.0	2.0	12.0	12.0	0.0
36578_human_low	36578	human	human_low	low	False		gpt_ai	gpt-5.6-sol		36578.txt		36578_avaliacao_gpt-5.6-sol.md	corpus/04_composicoes_avaliadas/menores_notas/36578_avaliacao_gpt-5.6-sol.md	corpus/04_composicoes_avaliadas/menores_notas/36578_avaliacao_gpt-5.6-sol.md	4.0	3.0	4.0	0.0	2.0	3.0	16.0	16.0	0.0
36590_human_low	36590	human	human_low	low	False		gpt_ai	gpt-5.6-sol		36590.txt		36590_avaliacao_gpt-5.6-sol.md	corpus/04_composicoes_avaliadas/menores_notas/36590_avaliacao_gpt-5.6-sol.md	corpus/04_composicoes_avaliadas/menores_notas/36590_avaliacao_gpt-5.6-sol.md	3.0	2.0	4.0	0.0	2.0	3.0	14.0	14.0	0.0
36616_human_low	36616	human	human_low	low	False		gpt_ai	gpt-5.6-sol		36616.txt		36616_avaliacao_gpt-5.6-sol.md	corpus/04_composicoes_avaliadas/menores_notas/36616_avaliacao_gpt-5.6-sol.md	corpus/04_composicoes_avaliadas/menores_notas/36616_avaliacao_gpt-5.6-sol.md	4.0	3.0	4.0	0.0	2.0	2.0	15.0	15.0	0.0
36704_human_low	36704	human	human_low	low	False		gpt_ai	gpt-5.6-sol		36704.txt		36704_avaliacao_gpt-5.6-sol.md	corpus/04_composicoes_avaliadas/menores_notas/36704_avaliacao_gpt-5.6-sol.md	corpus/04_composicoes_avaliadas/menores_notas/36704_avaliacao_gpt-5.6-sol.md	4.0	4.0	4.0	2.0	3.0	4.0	21.0	21.0	0.0
36721_human_low	36721	human	human_low	low	False		gpt_ai	gpt-5.6-sol		36721.txt		36721_avaliacao_gpt-5.6-sol.md	corpus/04_composicoes_avaliadas/menores_notas/36721_avaliacao_gpt-5.6-sol.md	corpus/04_composicoes_avaliadas/menores_notas/36721_avaliacao_gpt-5.6-sol.md	3.0	3.5	4.0	0.0	3.0	3.0	16.5	16.5	0.0
36727_human_low	36727	human	human_low	low	False		gpt_ai	gpt-5.6-sol		36727.txt		36727_avaliacao_gpt-5.6-sol.md	corpus/04_composicoes_avaliadas/menores_notas/36727_avaliacao_gpt-5.6-sol.md	corpus/04_composicoes_avaliadas/menores_notas/36727_avaliacao_gpt-5.6-sol.md	4.0	4.0	4.5	1.0	3.0	4.0	20.5	20.5	0.0
36742_human_low	36742	human	human_low	low	False		gpt_ai	gpt-5.6-sol		36742.txt		36742_avaliacao_gpt-5.6-sol.md	corpus/04_composicoes_avaliadas/menores_notas/36742_avaliacao_gpt-5.6-sol.md	corpus/04_composicoes_avaliadas/menores_notas/36742_avaliacao_gpt-5.6-sol.md	3.0	2.0	3.0	0.0	2.0	2.0	12.0	12.0	0.0
36797_human_low	36797	human	human_low	low	False		gpt_ai	gpt-5.6-sol		36797.txt		36797_avaliacao_gpt-5.6-sol.md	corpus/04_composicoes_avaliadas/menores_notas/36797_avaliacao_gpt-5.6-sol.md	corpus/04_composicoes_avaliadas/menores_notas/36797_avaliacao_gpt-5.6-sol.md	4.0	4.0	4.0	0.0	3.0	3.0	18.0	18.0	0.0
36827_human_low	36827	human	human_low	low	False		gpt_ai	gpt-5.6-sol		36827.txt		36827_avaliacao_gpt-5.6-sol.md	corpus/04_composicoes_avaliadas/menores_notas/36827_avaliacao_gpt-5.6-sol.md	corpus/04_composicoes_avaliadas/menores_notas/36827_avaliacao_gpt-5.6-sol.md	4.0	3.5	4.0	0.0	3.0	4.0	18.5	18.5	0.0
36856_human_low	36856	human	human_low	low	False		gpt_ai	gpt-5.6-sol		36856.txt		36856_avaliacao_gpt-5.6-sol.md	corpus/04_composicoes_avaliadas/menores_notas/36856_avaliacao_gpt-5.6-sol.md	corpus/04_composicoes_avaliadas/menores_notas/36856_avaliacao_gpt-5.6-sol.md	4.0	3.0	4.0	2.0	3.0	4.0	20.0	20.0	0.0
36867_human_low	36867	human	human_low	low	False		gpt_ai	gpt-5.6-sol		36867.txt		36867_avaliacao_gpt-5.6-sol.md	corpus/04_composicoes_avaliadas/menores_notas/36867_avaliacao_gpt-5.6-sol.md	corpus/04_composicoes_avaliadas/menores_notas/36867_avaliacao_gpt-5.6-sol.md	3.0	2.5	4.0	0.0	3.0	2.0	14.5	14.5	0.0
36872_human_low	36872	human	human_low	low	False		gpt_ai	gpt-5.6-sol		36872.txt		36872_avaliacao_gpt-5.6-sol.md	corpus/04_composicoes_avaliadas/menores_notas/36872_avaliacao_gpt-5.6-sol.md	corpus/04_composicoes_avaliadas/menores_notas/36872_avaliacao_gpt-5.6-sol.md	3.0	2.5	3.0	0.0	2.0	2.5	13.0	13.0	0.0
36973_human_low	36973	human	human_low	low	False		gpt_ai	gpt-5.6-sol		36973.txt		36973_avaliacao_gpt-5.6-sol.md	corpus/04_composicoes_avaliadas/menores_notas/36973_avaliacao_gpt-5.6-sol.md	corpus/04_composicoes_avaliadas/menores_notas/36973_avaliacao_gpt-5.6-sol.md	3.0	2.0	3.0	0.0	1.0	2.0	11.0	11.0	0.0
37010_human_low	37010	human	human_low	low	False		gpt_ai	gpt-5.6-sol		37010.txt		37010_avaliacao_gpt-5.6-sol.md	corpus/04_composicoes_avaliadas/menores_notas/37010_avaliacao_gpt-5.6-sol.md	corpus/04_composicoes_avaliadas/menores_notas/37010_avaliacao_gpt-5.6-sol.md	4.0	3.5	4.0	0.0	3.0	4.0	18.5	18.5	0.0
37034_human_low	37034	human	human_low	low	False		gpt_ai	gpt-5.6-sol		37034.txt		37034_avaliacao_gpt-5.6-sol.md	corpus/04_composicoes_avaliadas/menores_notas/37034_avaliacao_gpt-5.6-sol.md	corpus/04_composicoes_avaliadas/menores_notas/37034_avaliacao_gpt-5.6-sol.md	3.0	2.0	3.0	0.0	2.0	3.0	13.0	13.0	0.0
37043_human_low	37043	human	human_low	low	False		gpt_ai	gpt-5.6-sol		37043.txt		37043_avaliacao_gpt-5.6-sol.md	corpus/04_composicoes_avaliadas/menores_notas/37043_avaliacao_gpt-5.6-sol.md	corpus/04_composicoes_avaliadas/menores_notas/37043_avaliacao_gpt-5.6-sol.md	4.0	4.0	4.0	0.0	3.0	3.0	18.0	18.0	0.0
37063_human_low	37063	human	human_low	low	False		gpt_ai	gpt-5.6-sol		37063.txt		37063_avaliacao_gpt-5.6-sol.md	corpus/04_composicoes_avaliadas/menores_notas/37063_avaliacao_gpt-5.6-sol.md	corpus/04_composicoes_avaliadas/menores_notas/37063_avaliacao_gpt-5.6-sol.md	4.0	3.5	4.0	0.0	3.5	4.0	19.0	19.0	0.0
37078_human_low	37078	human	human_low	low	False		gpt_ai	gpt-5.6-sol		37078.txt		37078_avaliacao_gpt-5.6-sol.md	corpus/04_composicoes_avaliadas/menores_notas/37078_avaliacao_gpt-5.6-sol.md	corpus/04_composicoes_avaliadas/menores_notas/37078_avaliacao_gpt-5.6-sol.md	3.0	2.0	4.0	0.0	2.0	3.0	14.0	14.0	0.0
37094_human_low	37094	human	human_low	low	False		gpt_ai	gpt-5.6-sol		37094.txt		37094_avaliacao_gpt-5.6-sol.md	corpus/04_composicoes_avaliadas/menores_notas/37094_avaliacao_gpt-5.6-sol.md	corpus/04_composicoes_avaliadas/menores_notas/37094_avaliacao_gpt-5.6-sol.md	3.0	1.5	3.5	2.0	3.5	3.0	16.5	16.5	0.0
37099_human_low	37099	human	human_low	low	False		gpt_ai	gpt-5.6-sol		37099.txt		37099_avaliacao_gpt-5.6-sol.md	corpus/04_composicoes_avaliadas/menores_notas/37099_avaliacao_gpt-5.6-sol.md	corpus/04_composicoes_avaliadas/menores_notas/37099_avaliacao_gpt-5.6-sol.md	3.0	2.5	3.5	2.0	3.0	3.5	17.5	17.5	0.0
37158_human_low	37158	human	human_low	low	False		gpt_ai	gpt-5.6-sol		37158.txt		37158_avaliacao_gpt-5.6-sol.md	corpus/04_composicoes_avaliadas/menores_notas/37158_avaliacao_gpt-5.6-sol.md	corpus/04_composicoes_avaliadas/menores_notas/37158_avaliacao_gpt-5.6-sol.md	4.0	3.0	4.0	1.0	3.0	4.0	19.0	19.0	0.0
37212_human_low	37212	human	human_low	low	False		gpt_ai	gpt-5.6-sol		37212.txt		37212_avaliacao_gpt-5.6-sol.md	corpus/04_composicoes_avaliadas/menores_notas/37212_avaliacao_gpt-5.6-sol.md	corpus/04_composicoes_avaliadas/menores_notas/37212_avaliacao_gpt-5.6-sol.md	3.0	2.0	3.0	0.0	3.0	3.0	14.0	14.0	0.0
37224_human_low	37224	human	human_low	low	False		gpt_ai	gpt-5.6-sol		37224.txt		37224_avaliacao_gpt-5.6-sol.md	corpus/04_composicoes_avaliadas/menores_notas/37224_avaliacao_gpt-5.6-sol.md	corpus/04_composicoes_avaliadas/menores_notas/37224_avaliacao_gpt-5.6-sol.md	3.0	2.5	3.5	0.0	2.0	2.0	13.0	13.0	0.0
37260_human_low	37260	human	human_low	low	False		gpt_ai	gpt-5.6-sol		37260.txt		37260_avaliacao_gpt-5.6-sol.md	corpus/04_composicoes_avaliadas/menores_notas/37260_avaliacao_gpt-5.6-sol.md	corpus/04_composicoes_avaliadas/menores_notas/37260_avaliacao_gpt-5.6-sol.md	3.0	2.0	3.0	0.0	3.0	3.0	14.0	14.0	0.0
37345_human_low	37345	human	human_low	low	False		gpt_ai	gpt-5.6-sol		37345.txt		37345_avaliacao_gpt-5.6-sol.md	corpus/04_composicoes_avaliadas/menores_notas/37345_avaliacao_gpt-5.6-sol.md	corpus/04_composicoes_avaliadas/menores_notas/37345_avaliacao_gpt-5.6-sol.md	3.0	3.0	2.5	0.0	2.0	3.0	13.5	13.5	0.0
37377_human_low	37377	human	human_low	low	False		gpt_ai	gpt-5.6-sol		37377.txt		37377_avaliacao_gpt-5.6-sol.md	corpus/04_composicoes_avaliadas/menores_notas/37377_avaliacao_gpt-5.6-sol.md	corpus/04_composicoes_avaliadas/menores_notas/37377_avaliacao_gpt-5.6-sol.md	3.0	2.0	4.0	3.0	3.0	3.0	18.0	18.0	0.0
37442_human_low	37442	human	human_low	low	False		gpt_ai	gpt-5.6-sol		37442.txt		37442_avaliacao_gpt-5.6-sol.md	corpus/04_composicoes_avaliadas/menores_notas/37442_avaliacao_gpt-5.6-sol.md	corpus/04_composicoes_avaliadas/menores_notas/37442_avaliacao_gpt-5.6-sol.md	3.0	2.0	3.0	2.0	3.0	3.0	16.0	16.0	0.0
37489_human_low	37489	human	human_low	low	False		gpt_ai	gpt-5.6-sol		37489.txt		37489_avaliacao_gpt-5.6-sol.md	corpus/04_composicoes_avaliadas/menores_notas/37489_avaliacao_gpt-5.6-sol.md	corpus/04_composicoes_avaliadas/menores_notas/37489_avaliacao_gpt-5.6-sol.md	4.0	4.0	4.0	3.0	4.0	5.0	24.0	24.0	0.0
37602_human_low	37602	human	human_low	low	False		gpt_ai	gpt-5.6-sol		37602.txt		37602_avaliacao_gpt-5.6-sol.md	corpus/04_composicoes_avaliadas/menores_notas/37602_avaliacao_gpt-5.6-sol.md	corpus/04_composicoes_avaliadas/menores_notas/37602_avaliacao_gpt-5.6-sol.md	3.0	2.5	4.0	4.0	4.0	4.0	21.5	21.5	0.0
37664_human_low	37664	human	human_low	low	False		gpt_ai	gpt-5.6-sol		37664.txt		37664_avaliacao_gpt-5.6-sol.md	corpus/04_composicoes_avaliadas/menores_notas/37664_avaliacao_gpt-5.6-sol.md	corpus/04_composicoes_avaliadas/menores_notas/37664_avaliacao_gpt-5.6-sol.md	3.0	2.0	4.0	1.5	3.0	4.0	17.5	17.5	0.0
37677_human_low	37677	human	human_low	low	False		gpt_ai	gpt-5.6-sol		37677.txt		37677_avaliacao_gpt-5.6-sol.md	corpus/04_composicoes_avaliadas/menores_notas/37677_avaliacao_gpt-5.6-sol.md	corpus/04_composicoes_avaliadas/menores_notas/37677_avaliacao_gpt-5.6-sol.md	3.0	3.5	3.0	0.0	2.0	3.0	14.5	14.5	0.0
37694_human_low	37694	human	human_low	low	False		gpt_ai	gpt-5.6-sol		37694.txt		37694_avaliacao_gpt-5.6-sol.md	corpus/04_composicoes_avaliadas/menores_notas/37694_avaliacao_gpt-5.6-sol.md	corpus/04_composicoes_avaliadas/menores_notas/37694_avaliacao_gpt-5.6-sol.md	3.0	2.0	4.0	3.0	4.0	3.0	19.0	19.0	0.0
37734_human_low	37734	human	human_low	low	False		gpt_ai	gpt-5.6-sol		37734.txt		37734_avaliacao_gpt-5.6-sol.md	corpus/04_composicoes_avaliadas/menores_notas/37734_avaliacao_gpt-5.6-sol.md	corpus/04_composicoes_avaliadas/menores_notas/37734_avaliacao_gpt-5.6-sol.md	3.0	2.0	4.0	3.0	4.0	5.0	21.0	21.0	0.0
37858_human_low	37858	human	human_low	low	False		gpt_ai	gpt-5.6-sol		37858.txt		37858_avaliacao_gpt-5.6-sol.md	corpus/04_composicoes_avaliadas/menores_notas/37858_avaliacao_gpt-5.6-sol.md	corpus/04_composicoes_avaliadas/menores_notas/37858_avaliacao_gpt-5.6-sol.md	3.0	2.0	4.0	2.0	3.0	3.0	17.0	17.0	0.0
37949_human_low	37949	human	human_low	low	False		gpt_ai	gpt-5.6-sol		37949.txt		37949_avaliacao_gpt-5.6-sol.md	corpus/04_composicoes_avaliadas/menores_notas/37949_avaliacao_gpt-5.6-sol.md	corpus/04_composicoes_avaliadas/menores_notas/37949_avaliacao_gpt-5.6-sol.md	4.0	2.5	4.0	4.0	4.0	4.0	22.5	22.5	0.0
37994_human_low	37994	human	human_low	low	False		gpt_ai	gpt-5.6-sol		37994.txt		37994_avaliacao_gpt-5.6-sol.md	corpus/04_composicoes_avaliadas/menores_notas/37994_avaliacao_gpt-5.6-sol.md	corpus/04_composicoes_avaliadas/menores_notas/37994_avaliacao_gpt-5.6-sol.md	4.0	4.0	4.0	2.0	4.0	5.0	23.0	23.0	0.0
37999_human_low	37999	human	human_low	low	False		gpt_ai	gpt-5.6-sol		37999.txt		37999_avaliacao_gpt-5.6-sol.md	corpus/04_composicoes_avaliadas/menores_notas/37999_avaliacao_gpt-5.6-sol.md	corpus/04_composicoes_avaliadas/menores_notas/37999_avaliacao_gpt-5.6-sol.md	3.0	2.0	3.0	4.0	4.0	3.0	19.0	19.0	0.0
38002_human_low	38002	human	human_low	low	False		gpt_ai	gpt-5.6-sol		38002.txt		38002_avaliacao_gpt-5.6-sol.md	corpus/04_composicoes_avaliadas/menores_notas/38002_avaliacao_gpt-5.6-sol.md	corpus/04_composicoes_avaliadas/menores_notas/38002_avaliacao_gpt-5.6-sol.md	4.0	4.0	3.0	3.0	4.0	4.0	22.0	22.0	0.0
38036_human_low	38036	human	human_low	low	False		gpt_ai	gpt-5.6-sol		38036.txt		38036_avaliacao_gpt-5.6-sol.md	corpus/04_composicoes_avaliadas/menores_notas/38036_avaliacao_gpt-5.6-sol.md	corpus/04_composicoes_avaliadas/menores_notas/38036_avaliacao_gpt-5.6-sol.md	3.0	2.0	3.0	0.0	2.0	2.0	12.0	12.0	0.0
38158_human_low	38158	human	human_low	low	False		gpt_ai	gpt-5.6-sol		38158.txt		38158_avaliacao_gpt-5.6-sol.md	corpus/04_composicoes_avaliadas/menores_notas/38158_avaliacao_gpt-5.6-sol.md	corpus/04_composicoes_avaliadas/menores_notas/38158_avaliacao_gpt-5.6-sol.md	3.5	2.5	3.5	2.5	3.5	3.5	19.0	19.0	0.0
38172_human_low	38172	human	human_low	low	False		gpt_ai	gpt-5.6-sol		38172.txt		38172_avaliacao_gpt-5.6-sol.md	corpus/04_composicoes_avaliadas/menores_notas/38172_avaliacao_gpt-5.6-sol.md	corpus/04_composicoes_avaliadas/menores_notas/38172_avaliacao_gpt-5.6-sol.md	4.0	3.5	4.0	1.5	3.0	3.0	19.0	19.0	0.0
38193_human_low	38193	human	human_low	low	False		gpt_ai	gpt-5.6-sol		38193.txt		38193_avaliacao_gpt-5.6-sol.md	corpus/04_composicoes_avaliadas/menores_notas/38193_avaliacao_gpt-5.6-sol.md	corpus/04_composicoes_avaliadas/menores_notas/38193_avaliacao_gpt-5.6-sol.md	3.0	2.0	4.0	3.0	2.0	3.0	17.0	17.0	0.0
38196_human_low	38196	human	human_low	low	False		gpt_ai	gpt-5.6-sol		38196.txt		38196_avaliacao_gpt-5.6-sol.md	corpus/04_composicoes_avaliadas/menores_notas/38196_avaliacao_gpt-5.6-sol.md	corpus/04_composicoes_avaliadas/menores_notas/38196_avaliacao_gpt-5.6-sol.md	3.0	2.0	3.0	3.0	3.0	4.0	18.0	18.0	0.0
38204_human_low	38204	human	human_low	low	False		gpt_ai	gpt-5.6-sol		38204.txt		38204_avaliacao_gpt-5.6-sol.md	corpus/04_composicoes_avaliadas/menores_notas/38204_avaliacao_gpt-5.6-sol.md	corpus/04_composicoes_avaliadas/menores_notas/38204_avaliacao_gpt-5.6-sol.md	3.0	2.5	3.5	3.0	3.0	3.0	18.0	18.0	0.0
38226_human_low	38226	human	human_low	low	False		gpt_ai	gpt-5.6-sol		38226.txt		38226_avaliacao_gpt-5.6-sol.md	corpus/04_composicoes_avaliadas/menores_notas/38226_avaliacao_gpt-5.6-sol.md	corpus/04_composicoes_avaliadas/menores_notas/38226_avaliacao_gpt-5.6-sol.md	3.5	3.0	2.5	2.0	3.0	2.0	16.0	16.0	0.0
38284_human_low	38284	human	human_low	low	False		gpt_ai	gpt-5.6-sol		38284.txt		38284_avaliacao_gpt-5.6-sol.md	corpus/04_composicoes_avaliadas/menores_notas/38284_avaliacao_gpt-5.6-sol.md	corpus/04_composicoes_avaliadas/menores_notas/38284_avaliacao_gpt-5.6-sol.md	3.5	3.5	4.5	4.0	4.0	4.0	23.5	23.5	0.0
38310_human_low	38310	human	human_low	low	False		gpt_ai	gpt-5.6-sol		38310.txt		38310_avaliacao_gpt-5.6-sol.md	corpus/04_composicoes_avaliadas/menores_notas/38310_avaliacao_gpt-5.6-sol.md	corpus/04_composicoes_avaliadas/menores_notas/38310_avaliacao_gpt-5.6-sol.md	3.0	2.0	4.0	1.0	3.0	3.0	16.0	16.0	0.0
38340_human_low	38340	human	human_low	low	False		gpt_ai	gpt-5.6-sol		38340.txt		38340_avaliacao_gpt-5.6-sol.md	corpus/04_composicoes_avaliadas/menores_notas/38340_avaliacao_gpt-5.6-sol.md	corpus/04_composicoes_avaliadas/menores_notas/38340_avaliacao_gpt-5.6-sol.md	3.0	2.0	3.0	0.0	2.0	2.0	12.0	12.0	0.0
38395_human_low	38395	human	human_low	low	False		gpt_ai	gpt-5.6-sol		38395.txt		38395_avaliacao_gpt-5.6-sol.md	corpus/04_composicoes_avaliadas/menores_notas/38395_avaliacao_gpt-5.6-sol.md	corpus/04_composicoes_avaliadas/menores_notas/38395_avaliacao_gpt-5.6-sol.md	3.0	2.0	3.5	3.0	3.5	4.0	19.0	19.0	0.0
38439_human_low	38439	human	human_low	low	False		gpt_ai	gpt-5.6-sol		38439.txt		38439_avaliacao_gpt-5.6-sol.md	corpus/04_composicoes_avaliadas/menores_notas/38439_avaliacao_gpt-5.6-sol.md	corpus/04_composicoes_avaliadas/menores_notas/38439_avaliacao_gpt-5.6-sol.md	3.5	4.0	4.0	3.0	3.5	4.0	22.0	22.0	0.0
38445_human_low	38445	human	human_low	low	False		gpt_ai	gpt-5.6-sol		38445.txt		38445_avaliacao_gpt-5.6-sol.md	corpus/04_composicoes_avaliadas/menores_notas/38445_avaliacao_gpt-5.6-sol.md	corpus/04_composicoes_avaliadas/menores_notas/38445_avaliacao_gpt-5.6-sol.md	3.5	2.5	3.5	4.0	4.0	4.0	21.5	21.5	0.0
38451_human_low	38451	human	human_low	low	False		gpt_ai	gpt-5.6-sol		38451.txt		38451_avaliacao_gpt-5.6-sol.md	corpus/04_composicoes_avaliadas/menores_notas/38451_avaliacao_gpt-5.6-sol.md	corpus/04_composicoes_avaliadas/menores_notas/38451_avaliacao_gpt-5.6-sol.md	3.0	3.0	4.0	2.0	3.0	4.0	19.0	19.0	0.0
38469_human_low	38469	human	human_low	low	False		gpt_ai	gpt-5.6-sol		38469.txt		38469_avaliacao_gpt-5.6-sol.md	corpus/04_composicoes_avaliadas/menores_notas/38469_avaliacao_gpt-5.6-sol.md	corpus/04_composicoes_avaliadas/menores_notas/38469_avaliacao_gpt-5.6-sol.md	3.0	3.0	4.0	0.0	3.0	3.0	16.0	16.0	0.0
38495_human_low	38495	human	human_low	low	False		gpt_ai	gpt-5.6-sol		38495.txt		38495_avaliacao_gpt-5.6-sol.md	corpus/04_composicoes_avaliadas/menores_notas/38495_avaliacao_gpt-5.6-sol.md	corpus/04_composicoes_avaliadas/menores_notas/38495_avaliacao_gpt-5.6-sol.md	3.0	2.0	3.0	1.0	3.0	3.0	15.0	15.0	0.0
38499_human_low	38499	human	human_low	low	False		gpt_ai	gpt-5.6-sol		38499.txt		38499_avaliacao_gpt-5.6-sol.md	corpus/04_composicoes_avaliadas/menores_notas/38499_avaliacao_gpt-5.6-sol.md	corpus/04_composicoes_avaliadas/menores_notas/38499_avaliacao_gpt-5.6-sol.md	4.0	3.5	4.5	3.0	4.0	5.0	24.0	24.0	0.0
38506_human_low	38506	human	human_low	low	False		gpt_ai	gpt-5.6-sol		38506.txt		38506_avaliacao_gpt-5.6-sol.md	corpus/04_composicoes_avaliadas/menores_notas/38506_avaliacao_gpt-5.6-sol.md	corpus/04_composicoes_avaliadas/menores_notas/38506_avaliacao_gpt-5.6-sol.md	3.0	2.0	4.0	2.0	4.0	4.0	19.0	19.0	0.0
38536_human_low	38536	human	human_low	low	False		gpt_ai	gpt-5.6-sol		38536.txt		38536_avaliacao_gpt-5.6-sol.md	corpus/04_composicoes_avaliadas/menores_notas/38536_avaliacao_gpt-5.6-sol.md	corpus/04_composicoes_avaliadas/menores_notas/38536_avaliacao_gpt-5.6-sol.md	4.0	4.0	4.0	2.0	3.0	3.0	20.0	20.0	0.0
38555_human_low	38555	human	human_low	low	False		gpt_ai	gpt-5.6-sol		38555.txt		38555_avaliacao_gpt-5.6-sol.md	corpus/04_composicoes_avaliadas/menores_notas/38555_avaliacao_gpt-5.6-sol.md	corpus/04_composicoes_avaliadas/menores_notas/38555_avaliacao_gpt-5.6-sol.md	2.0	1.5	2.0	0.0	1.0	2.0	8.5	8.5	0.0
38632_human_low	38632	human	human_low	low	False		gpt_ai	gpt-5.6-sol		38632.txt		38632_avaliacao_gpt-5.6-sol.md	corpus/04_composicoes_avaliadas/menores_notas/38632_avaliacao_gpt-5.6-sol.md	corpus/04_composicoes_avaliadas/menores_notas/38632_avaliacao_gpt-5.6-sol.md	3.0	2.0	3.0	4.0	3.0	3.0	18.0	18.0	0.0
38637_human_low	38637	human	human_low	low	False		gpt_ai	gpt-5.6-sol		38637.txt		38637_avaliacao_gpt-5.6-sol.md	corpus/04_composicoes_avaliadas/menores_notas/38637_avaliacao_gpt-5.6-sol.md	corpus/04_composicoes_avaliadas/menores_notas/38637_avaliacao_gpt-5.6-sol.md	3.0	2.5	3.0	1.0	2.0	2.0	13.5	13.5	0.0
38670_human_low	38670	human	human_low	low	False		gpt_ai	gpt-5.6-sol		38670.txt		38670_avaliacao_gpt-5.6-sol.md	corpus/04_composicoes_avaliadas/menores_notas/38670_avaliacao_gpt-5.6-sol.md	corpus/04_composicoes_avaliadas/menores_notas/38670_avaliacao_gpt-5.6-sol.md	4.0	3.5	4.5	4.0	4.0	5.0	25.0	25.0	0.0
38674_human_low	38674	human	human_low	low	False		gpt_ai	gpt-5.6-sol		38674.txt		38674_avaliacao_gpt-5.6-sol.md	corpus/04_composicoes_avaliadas/menores_notas/38674_avaliacao_gpt-5.6-sol.md	corpus/04_composicoes_avaliadas/menores_notas/38674_avaliacao_gpt-5.6-sol.md	3.0	2.0	3.0	1.0	2.0	2.0	13.0	13.0	0.0
38677_human_low	38677	human	human_low	low	False		gpt_ai	gpt-5.6-sol		38677.txt		38677_avaliacao_gpt-5.6-sol.md	corpus/04_composicoes_avaliadas/menores_notas/38677_avaliacao_gpt-5.6-sol.md	corpus/04_composicoes_avaliadas/menores_notas/38677_avaliacao_gpt-5.6-sol.md	3.0	2.0	3.0	0.0	2.0	3.0	13.0	13.0	0.0
38764_human_low	38764	human	human_low	low	False		gpt_ai	gpt-5.6-sol		38764.txt		38764_avaliacao_gpt-5.6-sol.md	corpus/04_composicoes_avaliadas/menores_notas/38764_avaliacao_gpt-5.6-sol.md	corpus/04_composicoes_avaliadas/menores_notas/38764_avaliacao_gpt-5.6-sol.md	3.0	2.5	3.0	0.0	2.0	2.0	12.5	12.5	0.0
38786_human_low	38786	human	human_low	low	False		gpt_ai	gpt-5.6-sol		38786.txt		38786_avaliacao_gpt-5.6-sol.md	corpus/04_composicoes_avaliadas/menores_notas/38786_avaliacao_gpt-5.6-sol.md	corpus/04_composicoes_avaliadas/menores_notas/38786_avaliacao_gpt-5.6-sol.md	3.0	2.5	3.0	0.0	2.0	2.0	12.5	12.5	0.0
38794_human_low	38794	human	human_low	low	False		gpt_ai	gpt-5.6-sol		38794.txt		38794_avaliacao_gpt-5.6-sol.md	corpus/04_composicoes_avaliadas/menores_notas/38794_avaliacao_gpt-5.6-sol.md	corpus/04_composicoes_avaliadas/menores_notas/38794_avaliacao_gpt-5.6-sol.md	3.0	2.0	3.0	0.0	3.0	3.0	14.0	14.0	0.0
38891_human_low	38891	human	human_low	low	False		gpt_ai	gpt-5.6-sol		38891.txt		38891_avaliacao_gpt-5.6-sol.md	corpus/04_composicoes_avaliadas/menores_notas/38891_avaliacao_gpt-5.6-sol.md	corpus/04_composicoes_avaliadas/menores_notas/38891_avaliacao_gpt-5.6-sol.md	4.0	3.0	4.0	0.0	3.0	3.0	17.0	17.0	0.0
38917_human_low	38917	human	human_low	low	False		gpt_ai	gpt-5.6-sol		38917.txt		38917_avaliacao_gpt-5.6-sol.md	corpus/04_composicoes_avaliadas/menores_notas/38917_avaliacao_gpt-5.6-sol.md	corpus/04_composicoes_avaliadas/menores_notas/38917_avaliacao_gpt-5.6-sol.md	3.0	2.0	3.0	0.0	2.0	3.0	13.0	13.0	0.0
38928_human_low	38928	human	human_low	low	False		gpt_ai	gpt-5.6-sol		38928.txt		38928_avaliacao_gpt-5.6-sol.md	corpus/04_composicoes_avaliadas/menores_notas/38928_avaliacao_gpt-5.6-sol.md	corpus/04_composicoes_avaliadas/menores_notas/38928_avaliacao_gpt-5.6-sol.md	4.0	3.0	4.0	2.0	3.0	3.0	19.0	19.0	0.0
38957_human_low	38957	human	human_low	low	False		gpt_ai	gpt-5.6-sol		38957.txt		38957_avaliacao_gpt-5.6-sol.md	corpus/04_composicoes_avaliadas/menores_notas/38957_avaliacao_gpt-5.6-sol.md	corpus/04_composicoes_avaliadas/menores_notas/38957_avaliacao_gpt-5.6-sol.md	3.0	3.0	3.0	0.0	2.0	2.0	13.0	13.0	0.0
38970_human_low	38970	human	human_low	low	False		gpt_ai	gpt-5.6-sol		38970.txt		38970_avaliacao_gpt-5.6-sol.md	corpus/04_composicoes_avaliadas/menores_notas/38970_avaliacao_gpt-5.6-sol.md	corpus/04_composicoes_avaliadas/menores_notas/38970_avaliacao_gpt-5.6-sol.md	3.0	3.5	4.0	3.0	3.5	4.0	21.0	21.0	0.0
39063_human_low	39063	human	human_low	low	False		gpt_ai	gpt-5.6-sol		39063.txt		39063_avaliacao_gpt-5.6-sol.md	corpus/04_composicoes_avaliadas/menores_notas/39063_avaliacao_gpt-5.6-sol.md	corpus/04_composicoes_avaliadas/menores_notas/39063_avaliacao_gpt-5.6-sol.md	3.0	2.0	3.0	1.0	2.0	3.0	14.0	14.0	0.0
39065_human_low	39065	human	human_low	low	False		gpt_ai	gpt-5.6-sol		39065.txt		39065_avaliacao_gpt-5.6-sol.md	corpus/04_composicoes_avaliadas/menores_notas/39065_avaliacao_gpt-5.6-sol.md	corpus/04_composicoes_avaliadas/menores_notas/39065_avaliacao_gpt-5.6-sol.md	3.0	2.0	3.0	0.0	1.0	2.0	11.0	11.0	0.0
39124_human_low	39124	human	human_low	low	False		gpt_ai	gpt-5.6-sol		39124.txt		39124_avaliacao_gpt-5.6-sol.md	corpus/04_composicoes_avaliadas/menores_notas/39124_avaliacao_gpt-5.6-sol.md	corpus/04_composicoes_avaliadas/menores_notas/39124_avaliacao_gpt-5.6-sol.md	4.0	4.0	4.0	1.0	3.0	4.0	20.0	20.0	0.0
39164_human_low	39164	human	human_low	low	False		gpt_ai	gpt-5.6-sol		39164.txt		39164_avaliacao_gpt-5.6-sol.md	corpus/04_composicoes_avaliadas/menores_notas/39164_avaliacao_gpt-5.6-sol.md	corpus/04_composicoes_avaliadas/menores_notas/39164_avaliacao_gpt-5.6-sol.md	2.0	1.0	2.0	2.0	2.0	3.0	12.0	12.0	0.0
39302_human_low	39302	human	human_low	low	False		gpt_ai	gpt-5.6-sol		39302.txt		39302_avaliacao_gpt-5.6-sol.md	corpus/04_composicoes_avaliadas/menores_notas/39302_avaliacao_gpt-5.6-sol.md	corpus/04_composicoes_avaliadas/menores_notas/39302_avaliacao_gpt-5.6-sol.md	4.0	3.0	4.0	0.0	3.0	4.0	18.0	18.0	0.0
39349_human_low	39349	human	human_low	low	False		gpt_ai	gpt-5.6-sol		39349.txt		39349_avaliacao_gpt-5.6-sol.md	corpus/04_composicoes_avaliadas/menores_notas/39349_avaliacao_gpt-5.6-sol.md	corpus/04_composicoes_avaliadas/menores_notas/39349_avaliacao_gpt-5.6-sol.md	3.0	2.0	4.0	4.0	4.0	5.0	22.0	22.0	0.0
39379_human_low	39379	human	human_low	low	False		gpt_ai	gpt-5.6-sol		39379.txt		39379_avaliacao_gpt-5.6-sol.md	corpus/04_composicoes_avaliadas/menores_notas/39379_avaliacao_gpt-5.6-sol.md	corpus/04_composicoes_avaliadas/menores_notas/39379_avaliacao_gpt-5.6-sol.md	3.0	2.0	3.0	0.0	1.0	2.0	11.0	11.0	0.0
39436_human_low	39436	human	human_low	low	False		gpt_ai	gpt-5.6-sol		39436.txt		39436_avaliacao_gpt-5.6-sol.md	corpus/04_composicoes_avaliadas/menores_notas/39436_avaliacao_gpt-5.6-sol.md	corpus/04_composicoes_avaliadas/menores_notas/39436_avaliacao_gpt-5.6-sol.md	3.5	2.5	4.0	3.0	4.0	4.5	21.5	21.5	0.0
39446_human_low	39446	human	human_low	low	False		gpt_ai	gpt-5.6-sol		39446.txt		39446_avaliacao_gpt-5.6-sol.md	corpus/04_composicoes_avaliadas/menores_notas/39446_avaliacao_gpt-5.6-sol.md	corpus/04_composicoes_avaliadas/menores_notas/39446_avaliacao_gpt-5.6-sol.md	3.0	1.0	3.0	2.0	3.0	4.0	16.0	16.0	0.0
39493_human_low	39493	human	human_low	low	False		gpt_ai	gpt-5.6-sol		39493.txt		39493_avaliacao_gpt-5.6-sol.md	corpus/04_composicoes_avaliadas/menores_notas/39493_avaliacao_gpt-5.6-sol.md	corpus/04_composicoes_avaliadas/menores_notas/39493_avaliacao_gpt-5.6-sol.md	2.0	2.0	2.0	4.0	3.0	3.0	16.0	16.0	0.0
39502_human_low	39502	human	human_low	low	False		gpt_ai	gpt-5.6-sol		39502.txt		39502_avaliacao_gpt-5.6-sol.md	corpus/04_composicoes_avaliadas/menores_notas/39502_avaliacao_gpt-5.6-sol.md	corpus/04_composicoes_avaliadas/menores_notas/39502_avaliacao_gpt-5.6-sol.md	3.0	2.0	4.0	2.0	3.0	4.0	18.0	18.0	0.0
39516_human_low	39516	human	human_low	low	False		gpt_ai	gpt-5.6-sol		39516.txt		39516_avaliacao_gpt-5.6-sol.md	corpus/04_composicoes_avaliadas/menores_notas/39516_avaliacao_gpt-5.6-sol.md	corpus/04_composicoes_avaliadas/menores_notas/39516_avaliacao_gpt-5.6-sol.md	3.0	2.0	2.0	0.0	1.0	2.0	10.0	10.0	0.0
39615_human_low	39615	human	human_low	low	False		gpt_ai	gpt-5.6-sol		39615.txt		39615_avaliacao_gpt-5.6-sol.md	corpus/04_composicoes_avaliadas/menores_notas/39615_avaliacao_gpt-5.6-sol.md	corpus/04_composicoes_avaliadas/menores_notas/39615_avaliacao_gpt-5.6-sol.md	4.0	3.0	4.0	2.0	4.0	4.0	21.0	21.0	0.0
39648_human_low	39648	human	human_low	low	False		gpt_ai	gpt-5.6-sol		39648.txt		39648_avaliacao_gpt-5.6-sol.md	corpus/04_composicoes_avaliadas/menores_notas/39648_avaliacao_gpt-5.6-sol.md	corpus/04_composicoes_avaliadas/menores_notas/39648_avaliacao_gpt-5.6-sol.md	2.0	2.0	3.0	1.0	3.0	2.0	13.0	13.0	0.0
39695_human_low	39695	human	human_low	low	False		gpt_ai	gpt-5.6-sol		39695.txt		39695_avaliacao_gpt-5.6-sol.md	corpus/04_composicoes_avaliadas/menores_notas/39695_avaliacao_gpt-5.6-sol.md	corpus/04_composicoes_avaliadas/menores_notas/39695_avaliacao_gpt-5.6-sol.md	4.0	3.5	4.0	3.5	3.5	4.0	22.5	22.5	0.0
39701_human_low	39701	human	human_low	low	False		gpt_ai	gpt-5.6-sol		39701.txt		39701_avaliacao_gpt-5.6-sol.md	corpus/04_composicoes_avaliadas/menores_notas/39701_avaliacao_gpt-5.6-sol.md	corpus/04_composicoes_avaliadas/menores_notas/39701_avaliacao_gpt-5.6-sol.md	3.0	2.0	4.0	4.0	4.0	5.0	22.0	22.0	0.0
39722_human_low	39722	human	human_low	low	False		gpt_ai	gpt-5.6-sol		39722.txt		39722_avaliacao_gpt-5.6-sol.md	corpus/04_composicoes_avaliadas/menores_notas/39722_avaliacao_gpt-5.6-sol.md	corpus/04_composicoes_avaliadas/menores_notas/39722_avaliacao_gpt-5.6-sol.md	4.0	3.5	4.5	3.0	4.5	5.0	24.5	24.5	0.0
39727_human_low	39727	human	human_low	low	False		gpt_ai	gpt-5.6-sol		39727.txt		39727_avaliacao_gpt-5.6-sol.md	corpus/04_composicoes_avaliadas/menores_notas/39727_avaliacao_gpt-5.6-sol.md	corpus/04_composicoes_avaliadas/menores_notas/39727_avaliacao_gpt-5.6-sol.md	3.0	2.0	3.0	1.0	3.0	3.0	15.0	15.0	0.0
39786_human_low	39786	human	human_low	low	False		gpt_ai	gpt-5.6-sol		39786.txt		39786_avaliacao_gpt-5.6-sol.md	corpus/04_composicoes_avaliadas/menores_notas/39786_avaliacao_gpt-5.6-sol.md	corpus/04_composicoes_avaliadas/menores_notas/39786_avaliacao_gpt-5.6-sol.md	3.0	2.0	4.0	3.0	4.0	5.0	21.0	21.0	0.0
39833_human_low	39833	human	human_low	low	False		gpt_ai	gpt-5.6-sol		39833.txt		39833_avaliacao_gpt-5.6-sol.md	corpus/04_composicoes_avaliadas/menores_notas/39833_avaliacao_gpt-5.6-sol.md	corpus/04_composicoes_avaliadas/menores_notas/39833_avaliacao_gpt-5.6-sol.md	3.0	3.0	4.0	1.0	2.0	2.0	15.0	15.0	0.0
39912_human_low	39912	human	human_low	low	False		gpt_ai	gpt-5.6-sol		39912.txt		39912_avaliacao_gpt-5.6-sol.md	corpus/04_composicoes_avaliadas/menores_notas/39912_avaliacao_gpt-5.6-sol.md	corpus/04_composicoes_avaliadas/menores_notas/39912_avaliacao_gpt-5.6-sol.md	3.0	2.5	3.0	2.0	4.0	5.0	19.5	19.5	0.0
39914_human_low	39914	human	human_low	low	False		gpt_ai	gpt-5.6-sol		39914.txt		39914_avaliacao_gpt-5.6-sol.md	corpus/04_composicoes_avaliadas/menores_notas/39914_avaliacao_gpt-5.6-sol.md	corpus/04_composicoes_avaliadas/menores_notas/39914_avaliacao_gpt-5.6-sol.md	4.0	3.0	3.5	3.0	3.5	3.5	20.5	20.5	0.0
39956_human_low	39956	human	human_low	low	False		gpt_ai	gpt-5.6-sol		39956.txt		39956_avaliacao_gpt-5.6-sol.md	corpus/04_composicoes_avaliadas/menores_notas/39956_avaliacao_gpt-5.6-sol.md	corpus/04_composicoes_avaliadas/menores_notas/39956_avaliacao_gpt-5.6-sol.md	3.0	2.0	4.0	2.0	3.0	3.0	17.0	17.0	0.0
39985_human_low	39985	human	human_low	low	False		gpt_ai	gpt-5.6-sol		39985.txt		39985_avaliacao_gpt-5.6-sol.md	corpus/04_composicoes_avaliadas/menores_notas/39985_avaliacao_gpt-5.6-sol.md	corpus/04_composicoes_avaliadas/menores_notas/39985_avaliacao_gpt-5.6-sol.md	3.0	3.0	3.0	0.0	3.0	3.0	15.0	15.0	0.0
40126_human_low	40126	human	human_low	low	False		gpt_ai	gpt-5.6-sol		40126.txt		40126_avaliacao_gpt-5.6-sol.md	corpus/04_composicoes_avaliadas/menores_notas/40126_avaliacao_gpt-5.6-sol.md	corpus/04_composicoes_avaliadas/menores_notas/40126_avaliacao_gpt-5.6-sol.md	3.0	2.5	3.5	2.0	3.0	3.0	17.0	17.0	0.0
40256_human_low	40256	human	human_low	low	False		gpt_ai	gpt-5.6-sol		40256.txt		40256_avaliacao_gpt-5.6-sol.md	corpus/04_composicoes_avaliadas/menores_notas/40256_avaliacao_gpt-5.6-sol.md	corpus/04_composicoes_avaliadas/menores_notas/40256_avaliacao_gpt-5.6-sol.md	4.0	3.0	3.0	0.0	3.0	2.0	15.0	15.0	0.0
40270_human_low	40270	human	human_low	low	False		gpt_ai	gpt-5.6-sol		40270.txt		40270_avaliacao_gpt-5.6-sol.md	corpus/04_composicoes_avaliadas/menores_notas/40270_avaliacao_gpt-5.6-sol.md	corpus/04_composicoes_avaliadas/menores_notas/40270_avaliacao_gpt-5.6-sol.md	3.0	2.0	3.0	1.0	2.0	3.0	14.0	14.0	0.0
40362_human_low	40362	human	human_low	low	False		gpt_ai	gpt-5.6-sol		40362.txt		40362_avaliacao_gpt-5.6-sol.md	corpus/04_composicoes_avaliadas/menores_notas/40362_avaliacao_gpt-5.6-sol.md	corpus/04_composicoes_avaliadas/menores_notas/40362_avaliacao_gpt-5.6-sol.md	4.0	3.0	2.5	2.0	3.5	4.0	19.0	19.0	0.0
40368_human_low	40368	human	human_low	low	False		gpt_ai	gpt-5.6-sol		40368.txt		40368_avaliacao_gpt-5.6-sol.md	corpus/04_composicoes_avaliadas/menores_notas/40368_avaliacao_gpt-5.6-sol.md	corpus/04_composicoes_avaliadas/menores_notas/40368_avaliacao_gpt-5.6-sol.md	3.0	2.5	3.5	0.0	3.0	2.5	14.5	14.5	0.0
40426_human_low	40426	human	human_low	low	False		gpt_ai	gpt-5.6-sol		40426.txt		40426_avaliacao_gpt-5.6-sol.md	corpus/04_composicoes_avaliadas/menores_notas/40426_avaliacao_gpt-5.6-sol.md	corpus/04_composicoes_avaliadas/menores_notas/40426_avaliacao_gpt-5.6-sol.md	3.0	2.0	2.0	4.0	3.0	4.0	18.0	18.0	0.0
40461_human_low	40461	human	human_low	low	False		gpt_ai	gpt-5.6-sol		40461.txt		40461_avaliacao_gpt-5.6-sol.md	corpus/04_composicoes_avaliadas/menores_notas/40461_avaliacao_gpt-5.6-sol.md	corpus/04_composicoes_avaliadas/menores_notas/40461_avaliacao_gpt-5.6-sol.md	4.0	3.0	4.0	0.0	3.0	3.0	17.0	17.0	0.0
40496_human_low	40496	human	human_low	low	False		gpt_ai	gpt-5.6-sol		40496.txt		40496_avaliacao_gpt-5.6-sol.md	corpus/04_composicoes_avaliadas/menores_notas/40496_avaliacao_gpt-5.6-sol.md	corpus/04_composicoes_avaliadas/menores_notas/40496_avaliacao_gpt-5.6-sol.md	3.0	2.0	3.0	2.0	3.0	4.0	17.0	17.0	0.0
40523_human_low	40523	human	human_low	low	False		gpt_ai	gpt-5.6-sol		40523.txt		40523_avaliacao_gpt-5.6-sol.md	corpus/04_composicoes_avaliadas/menores_notas/40523_avaliacao_gpt-5.6-sol.md	corpus/04_composicoes_avaliadas/menores_notas/40523_avaliacao_gpt-5.6-sol.md	3.0	2.0	4.0	3.0	4.0	5.0	21.0	21.0	0.0
40617_human_low	40617	human	human_low	low	False		gpt_ai	gpt-5.6-sol		40617.txt		40617_avaliacao_gpt-5.6-sol.md	corpus/04_composicoes_avaliadas/menores_notas/40617_avaliacao_gpt-5.6-sol.md	corpus/04_composicoes_avaliadas/menores_notas/40617_avaliacao_gpt-5.6-sol.md	3.5	3.0	3.5	3.0	3.5	4.0	20.5	20.5	0.0
40688_human_low	40688	human	human_low	low	False		gpt_ai	gpt-5.6-sol		40688.txt		40688_avaliacao_gpt-5.6-sol.md	corpus/04_composicoes_avaliadas/menores_notas/40688_avaliacao_gpt-5.6-sol.md	corpus/04_composicoes_avaliadas/menores_notas/40688_avaliacao_gpt-5.6-sol.md	3.0	2.5	4.0	0.0	2.0	3.0	14.5	14.5	0.0
40690_human_low	40690	human	human_low	low	False		gpt_ai	gpt-5.6-sol		40690.txt		40690_avaliacao_gpt-5.6-sol.md	corpus/04_composicoes_avaliadas/menores_notas/40690_avaliacao_gpt-5.6-sol.md	corpus/04_composicoes_avaliadas/menores_notas/40690_avaliacao_gpt-5.6-sol.md	3.0	2.0	4.0	4.0	4.0	4.0	21.0	21.0	0.0
40765_human_low	40765	human	human_low	low	False		gpt_ai	gpt-5.6-sol		40765.txt		40765_avaliacao_gpt-5.6-sol.md	corpus/04_composicoes_avaliadas/menores_notas/40765_avaliacao_gpt-5.6-sol.md	corpus/04_composicoes_avaliadas/menores_notas/40765_avaliacao_gpt-5.6-sol.md	3.0	2.0	4.0	0.0	2.0	3.0	14.0	14.0	0.0
40803_human_low	40803	human	human_low	low	False		gpt_ai	gpt-5.6-sol		40803.txt		40803_avaliacao_gpt-5.6-sol.md	corpus/04_composicoes_avaliadas/menores_notas/40803_avaliacao_gpt-5.6-sol.md	corpus/04_composicoes_avaliadas/menores_notas/40803_avaliacao_gpt-5.6-sol.md	3.0	2.0	3.0	1.0	3.0	3.0	15.0	15.0	0.0
40865_human_low	40865	human	human_low	low	False		gpt_ai	gpt-5.6-sol		40865.txt		40865_avaliacao_gpt-5.6-sol.md	corpus/04_composicoes_avaliadas/menores_notas/40865_avaliacao_gpt-5.6-sol.md	corpus/04_composicoes_avaliadas/menores_notas/40865_avaliacao_gpt-5.6-sol.md	3.0	3.0	3.0	0.0	2.0	2.0	13.0	13.0	0.0
40869_human_low	40869	human	human_low	low	False		gpt_ai	gpt-5.6-sol		40869.txt		40869_avaliacao_gpt-5.6-sol.md	corpus/04_composicoes_avaliadas/menores_notas/40869_avaliacao_gpt-5.6-sol.md	corpus/04_composicoes_avaliadas/menores_notas/40869_avaliacao_gpt-5.6-sol.md	3.0	3.0	4.0	0.0	2.5	2.5	15.0	15.0	0.0
40887_human_low	40887	human	human_low	low	False		gpt_ai	gpt-5.6-sol		40887.txt		40887_avaliacao_gpt-5.6-sol.md	corpus/04_composicoes_avaliadas/menores_notas/40887_avaliacao_gpt-5.6-sol.md	corpus/04_composicoes_avaliadas/menores_notas/40887_avaliacao_gpt-5.6-sol.md	3.0	2.0	3.0	0.0	2.0	2.0	12.0	12.0	0.0
40898_human_low	40898	human	human_low	low	False		gpt_ai	gpt-5.6-sol		40898.txt		40898_avaliacao_gpt-5.6-sol.md	corpus/04_composicoes_avaliadas/menores_notas/40898_avaliacao_gpt-5.6-sol.md	corpus/04_composicoes_avaliadas/menores_notas/40898_avaliacao_gpt-5.6-sol.md	3.0	3.0	3.5	0.0	2.5	3.0	15.0	15.0	0.0
40906_human_low	40906	human	human_low	low	False		gpt_ai	gpt-5.6-sol		40906.txt		40906_avaliacao_gpt-5.6-sol.md	corpus/04_composicoes_avaliadas/menores_notas/40906_avaliacao_gpt-5.6-sol.md	corpus/04_composicoes_avaliadas/menores_notas/40906_avaliacao_gpt-5.6-sol.md	4.0	3.0	4.0	1.0	3.0	4.0	19.0	19.0	0.0
40926_human_low	40926	human	human_low	low	False		gpt_ai	gpt-5.6-sol		40926.txt		40926_avaliacao_gpt-5.6-sol.md	corpus/04_composicoes_avaliadas/menores_notas/40926_avaliacao_gpt-5.6-sol.md	corpus/04_composicoes_avaliadas/menores_notas/40926_avaliacao_gpt-5.6-sol.md	3.0	3.0	3.0	1.0	2.0	2.0	14.0	14.0	0.0
40929_human_low	40929	human	human_low	low	False		gpt_ai	gpt-5.6-sol		40929.txt		40929_avaliacao_gpt-5.6-sol.md	corpus/04_composicoes_avaliadas/menores_notas/40929_avaliacao_gpt-5.6-sol.md	corpus/04_composicoes_avaliadas/menores_notas/40929_avaliacao_gpt-5.6-sol.md	3.0	2.0	3.0	1.0	2.0	3.0	14.0	14.0	0.0
40978_human_low	40978	human	human_low	low	False		gpt_ai	gpt-5.6-sol		40978.txt		40978_avaliacao_gpt-5.6-sol.md	corpus/04_composicoes_avaliadas/menores_notas/40978_avaliacao_gpt-5.6-sol.md	corpus/04_composicoes_avaliadas/menores_notas/40978_avaliacao_gpt-5.6-sol.md	3.0	2.5	3.0	0.0	3.0	3.0	14.5	14.5	0.0
41011_human_low	41011	human	human_low	low	False		gpt_ai	gpt-5.6-sol		41011.txt		41011_avaliacao_gpt-5.6-sol.md	corpus/04_composicoes_avaliadas/menores_notas/41011_avaliacao_gpt-5.6-sol.md	corpus/04_composicoes_avaliadas/menores_notas/41011_avaliacao_gpt-5.6-sol.md	3.0	2.0	3.5	3.0	3.0	4.0	18.5	18.5	0.0
41093_human_low	41093	human	human_low	low	False		gpt_ai	gpt-5.6-sol		41093.txt		41093_avaliacao_gpt-5.6-sol.md	corpus/04_composicoes_avaliadas/menores_notas/41093_avaliacao_gpt-5.6-sol.md	corpus/04_composicoes_avaliadas/menores_notas/41093_avaliacao_gpt-5.6-sol.md	3.0	2.0	3.0	2.0	3.0	3.0	16.0	16.0	0.0
41096_human_low	41096	human	human_low	low	False		gpt_ai	gpt-5.6-sol		41096.txt		41096_avaliacao_gpt-5.6-sol.md	corpus/04_composicoes_avaliadas/menores_notas/41096_avaliacao_gpt-5.6-sol.md	corpus/04_composicoes_avaliadas/menores_notas/41096_avaliacao_gpt-5.6-sol.md	2.0	1.0	3.0	0.0	2.0	3.0	11.0	11.0	0.0
45044_human_low	45044	human	human_low	low	False		gpt_ai	gpt-5.6-sol		45044.txt		45044_avaliacao_gpt-5.6-sol.md	corpus/04_composicoes_avaliadas/menores_notas/45044_avaliacao_gpt-5.6-sol.md	corpus/04_composicoes_avaliadas/menores_notas/45044_avaliacao_gpt-5.6-sol.md	3.0	2.0	4.0	1.0	3.0	4.0	17.0	17.0	0.0
45075_human_low	45075	human	human_low	low	False		gpt_ai	gpt-5.6-sol		45075.txt		45075_avaliacao_gpt-5.6-sol.md	corpus/04_composicoes_avaliadas/menores_notas/45075_avaliacao_gpt-5.6-sol.md	corpus/04_composicoes_avaliadas/menores_notas/45075_avaliacao_gpt-5.6-sol.md	2.0	2.0	2.5	0.0	1.5	2.0	10.0	10.0	0.0
45078_human_low	45078	human	human_low	low	False		gpt_ai	gpt-5.6-sol		45078.txt		45078_avaliacao_gpt-5.6-sol.md	corpus/04_composicoes_avaliadas/menores_notas/45078_avaliacao_gpt-5.6-sol.md	corpus/04_composicoes_avaliadas/menores_notas/45078_avaliacao_gpt-5.6-sol.md	3.5	3.5	4.0	4.0	4.0	4.0	23.0	23.0	0.0
45124_human_low	45124	human	human_low	low	False		gpt_ai	gpt-5.6-sol		45124.txt		45124_avaliacao_gpt-5.6-sol.md	corpus/04_composicoes_avaliadas/menores_notas/45124_avaliacao_gpt-5.6-sol.md	corpus/04_composicoes_avaliadas/menores_notas/45124_avaliacao_gpt-5.6-sol.md	3.0	4.0	4.0	2.0	3.0	4.0	20.0	20.0	0.0
45241_human_low	45241	human	human_low	low	False		gpt_ai	gpt-5.6-sol		45241.txt		45241_avaliacao_gpt-5.6-sol.md	corpus/04_composicoes_avaliadas/menores_notas/45241_avaliacao_gpt-5.6-sol.md	corpus/04_composicoes_avaliadas/menores_notas/45241_avaliacao_gpt-5.6-sol.md	4.0	4.0	4.0	4.0	3.0	5.0	24.0	24.0	0.0
45268_human_low	45268	human	human_low	low	False		gpt_ai	gpt-5.6-sol		45268.txt		45268_avaliacao_gpt-5.6-sol.md	corpus/04_composicoes_avaliadas/menores_notas/45268_avaliacao_gpt-5.6-sol.md	corpus/04_composicoes_avaliadas/menores_notas/45268_avaliacao_gpt-5.6-sol.md	3.0	2.0	3.0	0.0	2.0	2.0	12.0	12.0	0.0
45357_human_low	45357	human	human_low	low	False		gpt_ai	gpt-5.6-sol		45357.txt		45357_avaliacao_gpt-5.6-sol.md	corpus/04_composicoes_avaliadas/menores_notas/45357_avaliacao_gpt-5.6-sol.md	corpus/04_composicoes_avaliadas/menores_notas/45357_avaliacao_gpt-5.6-sol.md	2.0	1.0	3.0	3.0	3.0	3.0	15.0	15.0	0.0
45389_human_low	45389	human	human_low	low	False		gpt_ai	gpt-5.6-sol		45389.txt		45389_avaliacao_gpt-5.6-sol.md	corpus/04_composicoes_avaliadas/menores_notas/45389_avaliacao_gpt-5.6-sol.md	corpus/04_composicoes_avaliadas/menores_notas/45389_avaliacao_gpt-5.6-sol.md	3.0	3.0	4.0	2.0	3.0	4.0	19.0	19.0	0.0
45519_human_low	45519	human	human_low	low	False		gpt_ai	gpt-5.6-sol		45519.txt		45519_avaliacao_gpt-5.6-sol.md	corpus/04_composicoes_avaliadas/menores_notas/45519_avaliacao_gpt-5.6-sol.md	corpus/04_composicoes_avaliadas/menores_notas/45519_avaliacao_gpt-5.6-sol.md	3.0	3.0	3.5	2.0	3.0	3.5	18.0	18.0	0.0
45531_human_low	45531	human	human_low	low	False		gpt_ai	gpt-5.6-sol		45531.txt		45531_avaliacao_gpt-5.6-sol.md	corpus/04_composicoes_avaliadas/menores_notas/45531_avaliacao_gpt-5.6-sol.md	corpus/04_composicoes_avaliadas/menores_notas/45531_avaliacao_gpt-5.6-sol.md	3.0	2.0	4.0	2.0	3.0	4.0	18.0	18.0	0.0
45638_human_low	45638	human	human_low	low	False		gpt_ai	gpt-5.6-sol		45638.txt		45638_avaliacao_gpt-5.6-sol.md	corpus/04_composicoes_avaliadas/menores_notas/45638_avaliacao_gpt-5.6-sol.md	corpus/04_composicoes_avaliadas/menores_notas/45638_avaliacao_gpt-5.6-sol.md	3.0	2.5	4.5	4.0	4.0	3.0	21.0	21.0	0.0
45667_human_low	45667	human	human_low	low	False		gpt_ai	gpt-5.6-sol		45667.txt		45667_avaliacao_gpt-5.6-sol.md	corpus/04_composicoes_avaliadas/menores_notas/45667_avaliacao_gpt-5.6-sol.md	corpus/04_composicoes_avaliadas/menores_notas/45667_avaliacao_gpt-5.6-sol.md	3.0	2.5	3.0	0.0	1.0	3.0	12.5	12.5	0.0
45746_human_low	45746	human	human_low	low	False		gpt_ai	gpt-5.6-sol		45746.txt		45746_avaliacao_gpt-5.6-sol.md	corpus/04_composicoes_avaliadas/menores_notas/45746_avaliacao_gpt-5.6-sol.md	corpus/04_composicoes_avaliadas/menores_notas/45746_avaliacao_gpt-5.6-sol.md	2.0	2.0	3.0	1.0	3.0	2.0	13.0	13.0	0.0
45996_human_low	45996	human	human_low	low	False		gpt_ai	gpt-5.6-sol		45996.txt		45996_avaliacao_gpt-5.6-sol.md	corpus/04_composicoes_avaliadas/menores_notas/45996_avaliacao_gpt-5.6-sol.md	corpus/04_composicoes_avaliadas/menores_notas/45996_avaliacao_gpt-5.6-sol.md	4.0	3.0	4.0	4.0	4.0	4.0	23.0	23.0	0.0
46034_human_low	46034	human	human_low	low	False		gpt_ai	gpt-5.6-sol		46034.txt		46034_avaliacao_gpt-5.6-sol.md	corpus/04_composicoes_avaliadas/menores_notas/46034_avaliacao_gpt-5.6-sol.md	corpus/04_composicoes_avaliadas/menores_notas/46034_avaliacao_gpt-5.6-sol.md	3.5	3.0	4.0	3.0	4.0	4.0	21.5	21.5	0.0
46108_human_low	46108	human	human_low	low	False		gpt_ai	gpt-5.6-sol		46108.txt		46108_avaliacao_gpt-5.6-sol.md	corpus/04_composicoes_avaliadas/menores_notas/46108_avaliacao_gpt-5.6-sol.md	corpus/04_composicoes_avaliadas/menores_notas/46108_avaliacao_gpt-5.6-sol.md	3.0	2.0	4.0	4.0	4.0	4.0	21.0	21.0	0.0
46249_human_low	46249	human	human_low	low	False		gpt_ai	gpt-5.6-sol		46249.txt		46249_avaliacao_gpt-5.6-sol.md	corpus/04_composicoes_avaliadas/menores_notas/46249_avaliacao_gpt-5.6-sol.md	corpus/04_composicoes_avaliadas/menores_notas/46249_avaliacao_gpt-5.6-sol.md	3.0	2.0	4.0	3.0	3.0	3.0	18.0	18.0	0.0
46255_human_low	46255	human	human_low	low	False		gpt_ai	gpt-5.6-sol		46255.txt		46255_avaliacao_gpt-5.6-sol.md	corpus/04_composicoes_avaliadas/menores_notas/46255_avaliacao_gpt-5.6-sol.md	corpus/04_composicoes_avaliadas/menores_notas/46255_avaliacao_gpt-5.6-sol.md	4.0	4.0	4.0	3.0	4.0	5.0	24.0	24.0	0.0
46273_human_low	46273	human	human_low	low	False		gpt_ai	gpt-5.6-sol		46273.txt		46273_avaliacao_gpt-5.6-sol.md	corpus/04_composicoes_avaliadas/menores_notas/46273_avaliacao_gpt-5.6-sol.md	corpus/04_composicoes_avaliadas/menores_notas/46273_avaliacao_gpt-5.6-sol.md	3.0	2.0	3.0	0.0	2.0	2.0	12.0	12.0	0.0
46276_human_low	46276	human	human_low	low	False		gpt_ai	gpt-5.6-sol		46276.txt		46276_avaliacao_gpt-5.6-sol.md	corpus/04_composicoes_avaliadas/menores_notas/46276_avaliacao_gpt-5.6-sol.md	corpus/04_composicoes_avaliadas/menores_notas/46276_avaliacao_gpt-5.6-sol.md	3.0	2.0	4.0	2.0	3.0	4.0	18.0	18.0	0.0
46288_human_low	46288	human	human_low	low	False		gpt_ai	gpt-5.6-sol		46288.txt		46288_avaliacao_gpt-5.6-sol.md	corpus/04_composicoes_avaliadas/menores_notas/46288_avaliacao_gpt-5.6-sol.md	corpus/04_composicoes_avaliadas/menores_notas/46288_avaliacao_gpt-5.6-sol.md	3.0	2.0	3.0	2.0	2.0	3.0	15.0	15.0	0.0
46290_human_low	46290	human	human_low	low	False		gpt_ai	gpt-5.6-sol		46290.txt		46290_avaliacao_gpt-5.6-sol.md	corpus/04_composicoes_avaliadas/menores_notas/46290_avaliacao_gpt-5.6-sol.md	corpus/04_composicoes_avaliadas/menores_notas/46290_avaliacao_gpt-5.6-sol.md	4.0	3.0	4.0	3.0	4.0	3.0	21.0	21.0	0.0
46626_human_low	46626	human	human_low	low	False		gpt_ai	gpt-5.6-sol		46626.txt		46626_avaliacao_gpt-5.6-sol.md	corpus/04_composicoes_avaliadas/menores_notas/46626_avaliacao_gpt-5.6-sol.md	corpus/04_composicoes_avaliadas/menores_notas/46626_avaliacao_gpt-5.6-sol.md	3.0	2.0	3.0	0.0	2.0	4.0	14.0	14.0	0.0
46687_human_low	46687	human	human_low	low	False		gpt_ai	gpt-5.6-sol		46687.txt		46687_avaliacao_gpt-5.6-sol.md	corpus/04_composicoes_avaliadas/menores_notas/46687_avaliacao_gpt-5.6-sol.md	corpus/04_composicoes_avaliadas/menores_notas/46687_avaliacao_gpt-5.6-sol.md	3.0	2.0	4.0	3.0	4.0	3.0	19.0	19.0	0.0
46699_human_low	46699	human	human_low	low	False		gpt_ai	gpt-5.6-sol		46699.txt		46699_avaliacao_gpt-5.6-sol.md	corpus/04_composicoes_avaliadas/menores_notas/46699_avaliacao_gpt-5.6-sol.md	corpus/04_composicoes_avaliadas/menores_notas/46699_avaliacao_gpt-5.6-sol.md	4.0	3.0	4.0	3.0	4.0	4.5	22.5	22.5	0.0
46705_human_low	46705	human	human_low	low	False		gpt_ai	gpt-5.6-sol		46705.txt		46705_avaliacao_gpt-5.6-sol.md	corpus/04_composicoes_avaliadas/menores_notas/46705_avaliacao_gpt-5.6-sol.md	corpus/04_composicoes_avaliadas/menores_notas/46705_avaliacao_gpt-5.6-sol.md	3.0	2.0	3.0	0.0	2.0	3.0	13.0	13.0	0.0
46724_human_low	46724	human	human_low	low	False		gpt_ai	gpt-5.6-sol		46724.txt		46724_avaliacao_gpt-5.6-sol.md	corpus/04_composicoes_avaliadas/menores_notas/46724_avaliacao_gpt-5.6-sol.md	corpus/04_composicoes_avaliadas/menores_notas/46724_avaliacao_gpt-5.6-sol.md	2.5	2.0	3.0	3.0	3.0	4.0	17.5	17.5	0.0
46743_human_low	46743	human	human_low	low	False		gpt_ai	gpt-5.6-sol		46743.txt		46743_avaliacao_gpt-5.6-sol.md	corpus/04_composicoes_avaliadas/menores_notas/46743_avaliacao_gpt-5.6-sol.md	corpus/04_composicoes_avaliadas/menores_notas/46743_avaliacao_gpt-5.6-sol.md	3.0	2.5	3.0	0.0	3.0	2.0	13.5	13.5	0.0
46946_human_low	46946	human	human_low	low	False		gpt_ai	gpt-5.6-sol		46946.txt		46946_avaliacao_gpt-5.6-sol.md	corpus/04_composicoes_avaliadas/menores_notas/46946_avaliacao_gpt-5.6-sol.md	corpus/04_composicoes_avaliadas/menores_notas/46946_avaliacao_gpt-5.6-sol.md	3.0	2.0	4.0	0.0	3.0	3.0	15.0	15.0	0.0
47010_human_low	47010	human	human_low	low	False		gpt_ai	gpt-5.6-sol		47010.txt		47010_avaliacao_gpt-5.6-sol.md	corpus/04_composicoes_avaliadas/menores_notas/47010_avaliacao_gpt-5.6-sol.md	corpus/04_composicoes_avaliadas/menores_notas/47010_avaliacao_gpt-5.6-sol.md	4.0	3.0	3.0	0.0	2.0	2.0	14.0	14.0	0.0
47046_human_low	47046	human	human_low	low	False		gpt_ai	gpt-5.6-sol		47046.txt		47046_avaliacao_gpt-5.6-sol.md	corpus/04_composicoes_avaliadas/menores_notas/47046_avaliacao_gpt-5.6-sol.md	corpus/04_composicoes_avaliadas/menores_notas/47046_avaliacao_gpt-5.6-sol.md	3.0	2.0	3.0	0.0	1.0	2.0	11.0	11.0	0.0
47068_human_low	47068	human	human_low	low	False		gpt_ai	gpt-5.6-sol		47068.txt		47068_avaliacao_gpt-5.6-sol.md	corpus/04_composicoes_avaliadas/menores_notas/47068_avaliacao_gpt-5.6-sol.md	corpus/04_composicoes_avaliadas/menores_notas/47068_avaliacao_gpt-5.6-sol.md	3.0	2.0	4.0	1.0	3.0	4.0	17.0	17.0	0.0
47123_human_low	47123	human	human_low	low	False		gpt_ai	gpt-5.6-sol		47123.txt		47123_avaliacao_gpt-5.6-sol.md	corpus/04_composicoes_avaliadas/menores_notas/47123_avaliacao_gpt-5.6-sol.md	corpus/04_composicoes_avaliadas/menores_notas/47123_avaliacao_gpt-5.6-sol.md	3.0	1.0	3.0	0.0	3.0	4.0	14.0	14.0	0.0
32610_gemini_low_mirror	32610	gemini	gemini_low_mirror	low_mirror	True	gemini	gpt_ai	gpt-5.6-sol		32610.txt		32610_avaliacao_gpt-5.6-sol.md	corpus/04_composicoes_avaliadas/menores_notas_gemini/32610_avaliacao_gpt-5.6-sol.md	corpus/04_composicoes_avaliadas/menores_notas_gemini/32610_avaliacao_gpt-5.6-sol.md	4.5	4.5	5.0	5.0	5.0	5.0	29.0	29.0	0.0
32674_gemini_low_mirror	32674	gemini	gemini_low_mirror	low_mirror	True	gemini	gpt_ai	gpt-5.6-sol		32674.txt		32674_avaliacao_gpt-5.6-sol.md	corpus/04_composicoes_avaliadas/menores_notas_gemini/32674_avaliacao_gpt-5.6-sol.md	corpus/04_composicoes_avaliadas/menores_notas_gemini/32674_avaliacao_gpt-5.6-sol.md	4.0	4.0	5.0	5.0	5.0	4.0	27.0	27.0	0.0
32714_gemini_low_mirror	32714	gemini	gemini_low_mirror	low_mirror	True	gemini	gpt_ai	gpt-5.6-sol		32714.txt		32714_avaliacao_gpt-5.6-sol.md	corpus/04_composicoes_avaliadas/menores_notas_gemini/32714_avaliacao_gpt-5.6-sol.md	corpus/04_composicoes_avaliadas/menores_notas_gemini/32714_avaliacao_gpt-5.6-sol.md	4.5	4.0	5.0	5.0	5.0	4.0	27.5	27.5	0.0
32733_gemini_low_mirror	32733	gemini	gemini_low_mirror	low_mirror	True	gemini	gpt_ai	gpt-5.6-sol		32733.txt		32733_avaliacao_gpt-5.6-sol.md	corpus/04_composicoes_avaliadas/menores_notas_gemini/32733_avaliacao_gpt-5.6-sol.md	corpus/04_composicoes_avaliadas/menores_notas_gemini/32733_avaliacao_gpt-5.6-sol.md	4.5	4.0	5.0	5.0	5.0	5.0	28.5	28.5	0.0
32749_gemini_low_mirror	32749	gemini	gemini_low_mirror	low_mirror	True	gemini	gpt_ai	gpt-5.6-sol		32749.txt		32749_avaliacao_gpt-5.6-sol.md	corpus/04_composicoes_avaliadas/menores_notas_gemini/32749_avaliacao_gpt-5.6-sol.md	corpus/04_composicoes_avaliadas/menores_notas_gemini/32749_avaliacao_gpt-5.6-sol.md	5.0	4.5	5.0	5.0	5.0	5.0	29.5	29.5	0.0
32755_gemini_low_mirror	32755	gemini	gemini_low_mirror	low_mirror	True	gemini	gpt_ai	gpt-5.6-sol		32755.txt		32755_avaliacao_gpt-5.6-sol.md	corpus/04_composicoes_avaliadas/menores_notas_gemini/32755_avaliacao_gpt-5.6-sol.md	corpus/04_composicoes_avaliadas/menores_notas_gemini/32755_avaliacao_gpt-5.6-sol.md	3.0	4.0	5.0	5.0	5.0	5.0	27.0	27.0	0.0
32782_gemini_low_mirror	32782	gemini	gemini_low_mirror	low_mirror	True	gemini	gpt_ai	gpt-5.6-sol		32782.txt		32782_avaliacao_gpt-5.6-sol.md	corpus/04_composicoes_avaliadas/menores_notas_gemini/32782_avaliacao_gpt-5.6-sol.md	corpus/04_composicoes_avaliadas/menores_notas_gemini/32782_avaliacao_gpt-5.6-sol.md	5.0	4.0	5.0	5.0	5.0	5.0	29.0	29.0	0.0
32792_gemini_low_mirror	32792	gemini	gemini_low_mirror	low_mirror	True	gemini	gpt_ai	gpt-5.6-sol		32792.txt		32792_avaliacao_gpt-5.6-sol.md	corpus/04_composicoes_avaliadas/menores_notas_gemini/32792_avaliacao_gpt-5.6-sol.md	corpus/04_composicoes_avaliadas/menores_notas_gemini/32792_avaliacao_gpt-5.6-sol.md	3.5	4.0	5.0	4.0	5.0	4.0	25.5	25.5	0.0
32860_gemini_low_mirror	32860	gemini	gemini_low_mirror	low_mirror	True	gemini	gpt_ai	gpt-5.6-sol		32860.txt		32860_avaliacao_gpt-5.6-sol.md	corpus/04_composicoes_avaliadas/menores_notas_gemini/32860_avaliacao_gpt-5.6-sol.md	corpus/04_composicoes_avaliadas/menores_notas_gemini/32860_avaliacao_gpt-5.6-sol.md	5.0	5.0	4.5	5.0	5.0	5.0	29.5	29.5	0.0
33167_gemini_low_mirror	33167	gemini	gemini_low_mirror	low_mirror	True	gemini	gpt_ai	gpt-5.6-sol		33167.txt		33167_avaliacao_gpt-5.6-sol.md	corpus/04_composicoes_avaliadas/menores_notas_gemini/33167_avaliacao_gpt-5.6-sol.md	corpus/04_composicoes_avaliadas/menores_notas_gemini/33167_avaliacao_gpt-5.6-sol.md	5.0	4.0	5.0	5.0	5.0	5.0	29.0	29.0	0.0
33310_gemini_low_mirror	33310	gemini	gemini_low_mirror	low_mirror	True	gemini	gpt_ai	gpt-5.6-sol		33310.txt		33310_avaliacao_gpt-5.6-sol.md	corpus/04_composicoes_avaliadas/menores_notas_gemini/33310_avaliacao_gpt-5.6-sol.md	corpus/04_composicoes_avaliadas/menores_notas_gemini/33310_avaliacao_gpt-5.6-sol.md	5.0	4.5	5.0	5.0	5.0	5.0	29.5	29.5	0.0
33360_gemini_low_mirror	33360	gemini	gemini_low_mirror	low_mirror	True	gemini	gpt_ai	gpt-5.6-sol		33360.txt		33360_avaliacao_gpt-5.6-sol.md	corpus/04_composicoes_avaliadas/menores_notas_gemini/33360_avaliacao_gpt-5.6-sol.md	corpus/04_composicoes_avaliadas/menores_notas_gemini/33360_avaliacao_gpt-5.6-sol.md	5.0	5.0	5.0	5.0	5.0	5.0	30.0	30.0	0.0
33436_gemini_low_mirror	33436	gemini	gemini_low_mirror	low_mirror	True	gemini	gpt_ai	gpt-5.6-sol		33436.txt		33436_avaliacao_gpt-5.6-sol.md	corpus/04_composicoes_avaliadas/menores_notas_gemini/33436_avaliacao_gpt-5.6-sol.md	corpus/04_composicoes_avaliadas/menores_notas_gemini/33436_avaliacao_gpt-5.6-sol.md	4.5	4.5	5.0	5.0	5.0	4.5	28.5	28.5	0.0
33465_gemini_low_mirror	33465	gemini	gemini_low_mirror	low_mirror	True	gemini	gpt_ai	gpt-5.6-sol		33465.txt		33465_avaliacao_gpt-5.6-sol.md	corpus/04_composicoes_avaliadas/menores_notas_gemini/33465_avaliacao_gpt-5.6-sol.md	corpus/04_composicoes_avaliadas/menores_notas_gemini/33465_avaliacao_gpt-5.6-sol.md	3.5	4.0	5.0	5.0	5.0	5.0	27.5	27.5	0.0
33497_gemini_low_mirror	33497	gemini	gemini_low_mirror	low_mirror	True	gemini	gpt_ai	gpt-5.6-sol		33497.txt		33497_avaliacao_gpt-5.6-sol.md	corpus/04_composicoes_avaliadas/menores_notas_gemini/33497_avaliacao_gpt-5.6-sol.md	corpus/04_composicoes_avaliadas/menores_notas_gemini/33497_avaliacao_gpt-5.6-sol.md	4.5	4.5	5.0	5.0	5.0	5.0	29.0	29.0	0.0
33645_gemini_low_mirror	33645	gemini	gemini_low_mirror	low_mirror	True	gemini	gpt_ai	gpt-5.6-sol		33645.txt		33645_avaliacao_gpt-5.6-sol.md	corpus/04_composicoes_avaliadas/menores_notas_gemini/33645_avaliacao_gpt-5.6-sol.md	corpus/04_composicoes_avaliadas/menores_notas_gemini/33645_avaliacao_gpt-5.6-sol.md	4.0	4.0	5.0	5.0	5.0	5.0	28.0	28.0	0.0
33787_gemini_low_mirror	33787	gemini	gemini_low_mirror	low_mirror	True	gemini	gpt_ai	gpt-5.6-sol		33787.txt		33787_avaliacao_gpt-5.6-sol.md	corpus/04_composicoes_avaliadas/menores_notas_gemini/33787_avaliacao_gpt-5.6-sol.md	corpus/04_composicoes_avaliadas/menores_notas_gemini/33787_avaliacao_gpt-5.6-sol.md	5.0	5.0	5.0	5.0	5.0	5.0	30.0	30.0	0.0
33789_gemini_low_mirror	33789	gemini	gemini_low_mirror	low_mirror	True	gemini	gpt_ai	gpt-5.6-sol		33789.txt		33789_avaliacao_gpt-5.6-sol.md	corpus/04_composicoes_avaliadas/menores_notas_gemini/33789_avaliacao_gpt-5.6-sol.md	corpus/04_composicoes_avaliadas/menores_notas_gemini/33789_avaliacao_gpt-5.6-sol.md	4.5	4.0	5.0	5.0	5.0	5.0	28.5	28.5	0.0
33856_gemini_low_mirror	33856	gemini	gemini_low_mirror	low_mirror	True	gemini	gpt_ai	gpt-5.6-sol		33856.txt		33856_avaliacao_gpt-5.6-sol.md	corpus/04_composicoes_avaliadas/menores_notas_gemini/33856_avaliacao_gpt-5.6-sol.md	corpus/04_composicoes_avaliadas/menores_notas_gemini/33856_avaliacao_gpt-5.6-sol.md	5.0	5.0	4.0	5.0	5.0	5.0	29.0	29.0	0.0
33862_gemini_low_mirror	33862	gemini	gemini_low_mirror	low_mirror	True	gemini	gpt_ai	gpt-5.6-sol		33862.txt		33862_avaliacao_gpt-5.6-sol.md	corpus/04_composicoes_avaliadas/menores_notas_gemini/33862_avaliacao_gpt-5.6-sol.md	corpus/04_composicoes_avaliadas/menores_notas_gemini/33862_avaliacao_gpt-5.6-sol.md	4.5	4.0	4.0	5.0	5.0	5.0	27.5	27.5	0.0
33871_gemini_low_mirror	33871	gemini	gemini_low_mirror	low_mirror	True	gemini	gpt_ai	gpt-5.6-sol		33871.txt		33871_avaliacao_gpt-5.6-sol.md	corpus/04_composicoes_avaliadas/menores_notas_gemini/33871_avaliacao_gpt-5.6-sol.md	corpus/04_composicoes_avaliadas/menores_notas_gemini/33871_avaliacao_gpt-5.6-sol.md	5.0	4.0	5.0	5.0	5.0	5.0	29.0	29.0	0.0
33948_gemini_low_mirror	33948	gemini	gemini_low_mirror	low_mirror	True	gemini	gpt_ai	gpt-5.6-sol		33948.txt		33948_avaliacao_gpt-5.6-sol.md	corpus/04_composicoes_avaliadas/menores_notas_gemini/33948_avaliacao_gpt-5.6-sol.md	corpus/04_composicoes_avaliadas/menores_notas_gemini/33948_avaliacao_gpt-5.6-sol.md	5.0	4.0	5.0	5.0	5.0	5.0	29.0	29.0	0.0
33964_gemini_low_mirror	33964	gemini	gemini_low_mirror	low_mirror	True	gemini	gpt_ai	gpt-5.6-sol		33964.txt		33964_avaliacao_gpt-5.6-sol.md	corpus/04_composicoes_avaliadas/menores_notas_gemini/33964_avaliacao_gpt-5.6-sol.md	corpus/04_composicoes_avaliadas/menores_notas_gemini/33964_avaliacao_gpt-5.6-sol.md	4.0	4.5	5.0	5.0	5.0	5.0	28.5	28.5	0.0
34009_gemini_low_mirror	34009	gemini	gemini_low_mirror	low_mirror	True	gemini	gpt_ai	gpt-5.6-sol		34009.txt		34009_avaliacao_gpt-5.6-sol.md	corpus/04_composicoes_avaliadas/menores_notas_gemini/34009_avaliacao_gpt-5.6-sol.md	corpus/04_composicoes_avaliadas/menores_notas_gemini/34009_avaliacao_gpt-5.6-sol.md	5.0	4.5	5.0	5.0	5.0	5.0	29.5	29.5	0.0
34025_gemini_low_mirror	34025	gemini	gemini_low_mirror	low_mirror	True	gemini	gpt_ai	gpt-5.6-sol		34025.txt		34025_avaliacao_gpt-5.6-sol.md	corpus/04_composicoes_avaliadas/menores_notas_gemini/34025_avaliacao_gpt-5.6-sol.md	corpus/04_composicoes_avaliadas/menores_notas_gemini/34025_avaliacao_gpt-5.6-sol.md	5.0	5.0	5.0	5.0	5.0	5.0	30.0	30.0	0.0
34046_gemini_low_mirror	34046	gemini	gemini_low_mirror	low_mirror	True	gemini	gpt_ai	gpt-5.6-sol		34046.txt		34046_avaliacao_gpt-5.6-sol.md	corpus/04_composicoes_avaliadas/menores_notas_gemini/34046_avaliacao_gpt-5.6-sol.md	corpus/04_composicoes_avaliadas/menores_notas_gemini/34046_avaliacao_gpt-5.6-sol.md	4.5	4.0	5.0	5.0	5.0	4.5	28.0	28.0	0.0
34185_gemini_low_mirror	34185	gemini	gemini_low_mirror	low_mirror	True	gemini	gpt_ai	gpt-5.6-sol		34185.txt		34185_avaliacao_gpt-5.6-sol.md	corpus/04_composicoes_avaliadas/menores_notas_gemini/34185_avaliacao_gpt-5.6-sol.md	corpus/04_composicoes_avaliadas/menores_notas_gemini/34185_avaliacao_gpt-5.6-sol.md	4.5	4.0	5.0	5.0	5.0	5.0	28.5	28.5	0.0
34210_gemini_low_mirror	34210	gemini	gemini_low_mirror	low_mirror	True	gemini	gpt_ai	gpt-5.6-sol		34210.txt		34210_avaliacao_gpt-5.6-sol.md	corpus/04_composicoes_avaliadas/menores_notas_gemini/34210_avaliacao_gpt-5.6-sol.md	corpus/04_composicoes_avaliadas/menores_notas_gemini/34210_avaliacao_gpt-5.6-sol.md	4.0	4.0	5.0	5.0	5.0	5.0	28.0	28.0	0.0
34236_gemini_low_mirror	34236	gemini	gemini_low_mirror	low_mirror	True	gemini	gpt_ai	gpt-5.6-sol		34236.txt		34236_avaliacao_gpt-5.6-sol.md	corpus/04_composicoes_avaliadas/menores_notas_gemini/34236_avaliacao_gpt-5.6-sol.md	corpus/04_composicoes_avaliadas/menores_notas_gemini/34236_avaliacao_gpt-5.6-sol.md	5.0	4.5	5.0	5.0	5.0	5.0	29.5	29.5	0.0
34251_gemini_low_mirror	34251	gemini	gemini_low_mirror	low_mirror	True	gemini	gpt_ai	gpt-5.6-sol		34251.txt		34251_avaliacao_gpt-5.6-sol.md	corpus/04_composicoes_avaliadas/menores_notas_gemini/34251_avaliacao_gpt-5.6-sol.md	corpus/04_composicoes_avaliadas/menores_notas_gemini/34251_avaliacao_gpt-5.6-sol.md	5.0	4.5	5.0	5.0	5.0	5.0	29.5	29.5	0.0
34273_gemini_low_mirror	34273	gemini	gemini_low_mirror	low_mirror	True	gemini	gpt_ai	gpt-5.6-sol		34273.txt		34273_avaliacao_gpt-5.6-sol.md	corpus/04_composicoes_avaliadas/menores_notas_gemini/34273_avaliacao_gpt-5.6-sol.md	corpus/04_composicoes_avaliadas/menores_notas_gemini/34273_avaliacao_gpt-5.6-sol.md	5.0	4.5	5.0	5.0	4.0	5.0	28.5	28.5	0.0
34308_gemini_low_mirror	34308	gemini	gemini_low_mirror	low_mirror	True	gemini	gpt_ai	gpt-5.6-sol		34308.txt		34308_avaliacao_gpt-5.6-sol.md	corpus/04_composicoes_avaliadas/menores_notas_gemini/34308_avaliacao_gpt-5.6-sol.md	corpus/04_composicoes_avaliadas/menores_notas_gemini/34308_avaliacao_gpt-5.6-sol.md	3.5	4.0	5.0	5.0	5.0	5.0	27.5	27.5	0.0
34356_gemini_low_mirror	34356	gemini	gemini_low_mirror	low_mirror	True	gemini	gpt_ai	gpt-5.6-sol		34356.txt		34356_avaliacao_gpt-5.6-sol.md	corpus/04_composicoes_avaliadas/menores_notas_gemini/34356_avaliacao_gpt-5.6-sol.md	corpus/04_composicoes_avaliadas/menores_notas_gemini/34356_avaliacao_gpt-5.6-sol.md	5.0	4.5	5.0	5.0	5.0	5.0	29.5	29.5	0.0
34362_gemini_low_mirror	34362	gemini	gemini_low_mirror	low_mirror	True	gemini	gpt_ai	gpt-5.6-sol		34362.txt		34362_avaliacao_gpt-5.6-sol.md	corpus/04_composicoes_avaliadas/menores_notas_gemini/34362_avaliacao_gpt-5.6-sol.md	corpus/04_composicoes_avaliadas/menores_notas_gemini/34362_avaliacao_gpt-5.6-sol.md	5.0	4.5	5.0	5.0	5.0	5.0	29.5	29.5	0.0
34537_gemini_low_mirror	34537	gemini	gemini_low_mirror	low_mirror	True	gemini	gpt_ai	gpt-5.6-sol		34537.txt		34537_avaliacao_gpt-5.6-sol.md	corpus/04_composicoes_avaliadas/menores_notas_gemini/34537_avaliacao_gpt-5.6-sol.md	corpus/04_composicoes_avaliadas/menores_notas_gemini/34537_avaliacao_gpt-5.6-sol.md	3.5	4.0	5.0	5.0	5.0	5.0	27.5	27.5	0.0
34613_gemini_low_mirror	34613	gemini	gemini_low_mirror	low_mirror	True	gemini	gpt_ai	gpt-5.6-sol		34613.txt		34613_avaliacao_gpt-5.6-sol.md	corpus/04_composicoes_avaliadas/menores_notas_gemini/34613_avaliacao_gpt-5.6-sol.md	corpus/04_composicoes_avaliadas/menores_notas_gemini/34613_avaliacao_gpt-5.6-sol.md	4.5	4.5	3.0	5.0	5.0	5.0	27.0	27.0	0.0
34616_gemini_low_mirror	34616	gemini	gemini_low_mirror	low_mirror	True	gemini	gpt_ai	gpt-5.6-sol		34616.txt		34616_avaliacao_gpt-5.6-sol.md	corpus/04_composicoes_avaliadas/menores_notas_gemini/34616_avaliacao_gpt-5.6-sol.md	corpus/04_composicoes_avaliadas/menores_notas_gemini/34616_avaliacao_gpt-5.6-sol.md	4.0	4.0	5.0	5.0	5.0	5.0	28.0	28.0	0.0
34618_gemini_low_mirror	34618	gemini	gemini_low_mirror	low_mirror	True	gemini	gpt_ai	gpt-5.6-sol		34618.txt		34618_avaliacao_gpt-5.6-sol.md	corpus/04_composicoes_avaliadas/menores_notas_gemini/34618_avaliacao_gpt-5.6-sol.md	corpus/04_composicoes_avaliadas/menores_notas_gemini/34618_avaliacao_gpt-5.6-sol.md	4.0	3.0	5.0	5.0	5.0	5.0	27.0	27.0	0.0
34637_gemini_low_mirror	34637	gemini	gemini_low_mirror	low_mirror	True	gemini	gpt_ai	gpt-5.6-sol		34637.txt		34637_avaliacao_gpt-5.6-sol.md	corpus/04_composicoes_avaliadas/menores_notas_gemini/34637_avaliacao_gpt-5.6-sol.md	corpus/04_composicoes_avaliadas/menores_notas_gemini/34637_avaliacao_gpt-5.6-sol.md	4.0	4.0	5.0	5.0	5.0	5.0	28.0	28.0	0.0
34638_gemini_low_mirror	34638	gemini	gemini_low_mirror	low_mirror	True	gemini	gpt_ai	gpt-5.6-sol		34638.txt		34638_avaliacao_gpt-5.6-sol.md	corpus/04_composicoes_avaliadas/menores_notas_gemini/34638_avaliacao_gpt-5.6-sol.md	corpus/04_composicoes_avaliadas/menores_notas_gemini/34638_avaliacao_gpt-5.6-sol.md	5.0	4.0	5.0	5.0	5.0	5.0	29.0	29.0	0.0
34642_gemini_low_mirror	34642	gemini	gemini_low_mirror	low_mirror	True	gemini	gpt_ai	gpt-5.6-sol		34642.txt		34642_avaliacao_gpt-5.6-sol.md	corpus/04_composicoes_avaliadas/menores_notas_gemini/34642_avaliacao_gpt-5.6-sol.md	corpus/04_composicoes_avaliadas/menores_notas_gemini/34642_avaliacao_gpt-5.6-sol.md	4.0	4.0	5.0	5.0	5.0	5.0	28.0	28.0	0.0
34714_gemini_low_mirror	34714	gemini	gemini_low_mirror	low_mirror	True	gemini	gpt_ai	gpt-5.6-sol		34714.txt		34714_avaliacao_gpt-5.6-sol.md	corpus/04_composicoes_avaliadas/menores_notas_gemini/34714_avaliacao_gpt-5.6-sol.md	corpus/04_composicoes_avaliadas/menores_notas_gemini/34714_avaliacao_gpt-5.6-sol.md	4.0	4.0	5.0	5.0	5.0	5.0	28.0	28.0	0.0
34743_gemini_low_mirror	34743	gemini	gemini_low_mirror	low_mirror	True	gemini	gpt_ai	gpt-5.6-sol		34743.txt		34743_avaliacao_gpt-5.6-sol.md	corpus/04_composicoes_avaliadas/menores_notas_gemini/34743_avaliacao_gpt-5.6-sol.md	corpus/04_composicoes_avaliadas/menores_notas_gemini/34743_avaliacao_gpt-5.6-sol.md	4.0	4.0	5.0	5.0	5.0	5.0	28.0	28.0	0.0
34807_gemini_low_mirror	34807	gemini	gemini_low_mirror	low_mirror	True	gemini	gpt_ai	gpt-5.6-sol		34807.txt		34807_avaliacao_gpt-5.6-sol.md	corpus/04_composicoes_avaliadas/menores_notas_gemini/34807_avaliacao_gpt-5.6-sol.md	corpus/04_composicoes_avaliadas/menores_notas_gemini/34807_avaliacao_gpt-5.6-sol.md	4.5	4.5	4.0	5.0	5.0	5.0	28.0	28.0	0.0
34823_gemini_low_mirror	34823	gemini	gemini_low_mirror	low_mirror	True	gemini	gpt_ai	gpt-5.6-sol		34823.txt		34823_avaliacao_gpt-5.6-sol.md	corpus/04_composicoes_avaliadas/menores_notas_gemini/34823_avaliacao_gpt-5.6-sol.md	corpus/04_composicoes_avaliadas/menores_notas_gemini/34823_avaliacao_gpt-5.6-sol.md	3.0	4.0	5.0	4.0	5.0	5.0	26.0	26.0	0.0
34895_gemini_low_mirror	34895	gemini	gemini_low_mirror	low_mirror	True	gemini	gpt_ai	gpt-5.6-sol		34895.txt		34895_avaliacao_gpt-5.6-sol.md	corpus/04_composicoes_avaliadas/menores_notas_gemini/34895_avaliacao_gpt-5.6-sol.md	corpus/04_composicoes_avaliadas/menores_notas_gemini/34895_avaliacao_gpt-5.6-sol.md	4.5	4.0	5.0	5.0	5.0	5.0	28.5	28.5	0.0
34971_gemini_low_mirror	34971	gemini	gemini_low_mirror	low_mirror	True	gemini	gpt_ai	gpt-5.6-sol		34971.txt		34971_avaliacao_gpt-5.6-sol.md	corpus/04_composicoes_avaliadas/menores_notas_gemini/34971_avaliacao_gpt-5.6-sol.md	corpus/04_composicoes_avaliadas/menores_notas_gemini/34971_avaliacao_gpt-5.6-sol.md	5.0	4.5	5.0	5.0	5.0	5.0	29.5	29.5	0.0
35019_gemini_low_mirror	35019	gemini	gemini_low_mirror	low_mirror	True	gemini	gpt_ai	gpt-5.6-sol		35019.txt		35019_avaliacao_gpt-5.6-sol.md	corpus/04_composicoes_avaliadas/menores_notas_gemini/35019_avaliacao_gpt-5.6-sol.md	corpus/04_composicoes_avaliadas/menores_notas_gemini/35019_avaliacao_gpt-5.6-sol.md	5.0	4.5	5.0	5.0	5.0	5.0	29.5	29.5	0.0
35028_gemini_low_mirror	35028	gemini	gemini_low_mirror	low_mirror	True	gemini	gpt_ai	gpt-5.6-sol		35028.txt		35028_avaliacao_gpt-5.6-sol.md	corpus/04_composicoes_avaliadas/menores_notas_gemini/35028_avaliacao_gpt-5.6-sol.md	corpus/04_composicoes_avaliadas/menores_notas_gemini/35028_avaliacao_gpt-5.6-sol.md	4.5	4.0	5.0	5.0	5.0	5.0	28.5	28.5	0.0
35056_gemini_low_mirror	35056	gemini	gemini_low_mirror	low_mirror	True	gemini	gpt_ai	gpt-5.6-sol		35056.txt		35056_avaliacao_gpt-5.6-sol.md	corpus/04_composicoes_avaliadas/menores_notas_gemini/35056_avaliacao_gpt-5.6-sol.md	corpus/04_composicoes_avaliadas/menores_notas_gemini/35056_avaliacao_gpt-5.6-sol.md	4.5	4.5	4.0	5.0	4.0	4.0	26.0	26.0	0.0
35071_gemini_low_mirror	35071	gemini	gemini_low_mirror	low_mirror	True	gemini	gpt_ai	gpt-5.6-sol		35071.txt		35071_avaliacao_gpt-5.6-sol.md	corpus/04_composicoes_avaliadas/menores_notas_gemini/35071_avaliacao_gpt-5.6-sol.md	corpus/04_composicoes_avaliadas/menores_notas_gemini/35071_avaliacao_gpt-5.6-sol.md	5.0	4.0	5.0	5.0	5.0	5.0	29.0	29.0	0.0
35072_gemini_low_mirror	35072	gemini	gemini_low_mirror	low_mirror	True	gemini	gpt_ai	gpt-5.6-sol		35072.txt		35072_avaliacao_gpt-5.6-sol.md	corpus/04_composicoes_avaliadas/menores_notas_gemini/35072_avaliacao_gpt-5.6-sol.md	corpus/04_composicoes_avaliadas/menores_notas_gemini/35072_avaliacao_gpt-5.6-sol.md	5.0	5.0	5.0	5.0	5.0	5.0	30.0	30.0	0.0
35131_gemini_low_mirror	35131	gemini	gemini_low_mirror	low_mirror	True	gemini	gpt_ai	gpt-5.6-sol		35131.txt		35131_avaliacao_gpt-5.6-sol.md	corpus/04_composicoes_avaliadas/menores_notas_gemini/35131_avaliacao_gpt-5.6-sol.md	corpus/04_composicoes_avaliadas/menores_notas_gemini/35131_avaliacao_gpt-5.6-sol.md	4.0	4.0	5.0	5.0	5.0	5.0	28.0	28.0	0.0
35136_gemini_low_mirror	35136	gemini	gemini_low_mirror	low_mirror	True	gemini	gpt_ai	gpt-5.6-sol		35136.txt		35136_avaliacao_gpt-5.6-sol.md	corpus/04_composicoes_avaliadas/menores_notas_gemini/35136_avaliacao_gpt-5.6-sol.md	corpus/04_composicoes_avaliadas/menores_notas_gemini/35136_avaliacao_gpt-5.6-sol.md	4.5	4.5	4.0	5.0	5.0	5.0	28.0	28.0	0.0
35163_gemini_low_mirror	35163	gemini	gemini_low_mirror	low_mirror	True	gemini	gpt_ai	gpt-5.6-sol		35163.txt		35163_avaliacao_gpt-5.6-sol.md	corpus/04_composicoes_avaliadas/menores_notas_gemini/35163_avaliacao_gpt-5.6-sol.md	corpus/04_composicoes_avaliadas/menores_notas_gemini/35163_avaliacao_gpt-5.6-sol.md	4.5	4.5	5.0	5.0	5.0	5.0	29.0	29.0	0.0
35173_gemini_low_mirror	35173	gemini	gemini_low_mirror	low_mirror	True	gemini	gpt_ai	gpt-5.6-sol		35173.txt		35173_avaliacao_gpt-5.6-sol.md	corpus/04_composicoes_avaliadas/menores_notas_gemini/35173_avaliacao_gpt-5.6-sol.md	corpus/04_composicoes_avaliadas/menores_notas_gemini/35173_avaliacao_gpt-5.6-sol.md	5.0	5.0	5.0	5.0	5.0	5.0	30.0	30.0	0.0
35198_gemini_low_mirror	35198	gemini	gemini_low_mirror	low_mirror	True	gemini	gpt_ai	gpt-5.6-sol		35198.txt		35198_avaliacao_gpt-5.6-sol.md	corpus/04_composicoes_avaliadas/menores_notas_gemini/35198_avaliacao_gpt-5.6-sol.md	corpus/04_composicoes_avaliadas/menores_notas_gemini/35198_avaliacao_gpt-5.6-sol.md	4.0	4.0	5.0	5.0	5.0	4.5	27.5	27.5	0.0
35214_gemini_low_mirror	35214	gemini	gemini_low_mirror	low_mirror	True	gemini	gpt_ai	gpt-5.6-sol		35214.txt		35214_avaliacao_gpt-5.6-sol.md	corpus/04_composicoes_avaliadas/menores_notas_gemini/35214_avaliacao_gpt-5.6-sol.md	corpus/04_composicoes_avaliadas/menores_notas_gemini/35214_avaliacao_gpt-5.6-sol.md	4.5	4.0	5.0	5.0	5.0	5.0	28.5	28.5	0.0
35217_gemini_low_mirror	35217	gemini	gemini_low_mirror	low_mirror	True	gemini	gpt_ai	gpt-5.6-sol		35217.txt		35217_avaliacao_gpt-5.6-sol.md	corpus/04_composicoes_avaliadas/menores_notas_gemini/35217_avaliacao_gpt-5.6-sol.md	corpus/04_composicoes_avaliadas/menores_notas_gemini/35217_avaliacao_gpt-5.6-sol.md	4.0	4.0	5.0	5.0	5.0	4.0	27.0	27.0	0.0
35220_gemini_low_mirror	35220	gemini	gemini_low_mirror	low_mirror	True	gemini	gpt_ai	gpt-5.6-sol		35220.txt		35220_avaliacao_gpt-5.6-sol.md	corpus/04_composicoes_avaliadas/menores_notas_gemini/35220_avaliacao_gpt-5.6-sol.md	corpus/04_composicoes_avaliadas/menores_notas_gemini/35220_avaliacao_gpt-5.6-sol.md	3.0	4.0	5.0	5.0	5.0	5.0	27.0	27.0	0.0
35228_gemini_low_mirror	35228	gemini	gemini_low_mirror	low_mirror	True	gemini	gpt_ai	gpt-5.6-sol		35228.txt		35228_avaliacao_gpt-5.6-sol.md	corpus/04_composicoes_avaliadas/menores_notas_gemini/35228_avaliacao_gpt-5.6-sol.md	corpus/04_composicoes_avaliadas/menores_notas_gemini/35228_avaliacao_gpt-5.6-sol.md	4.0	4.0	5.0	5.0	5.0	4.0	27.0	27.0	0.0
35278_gemini_low_mirror	35278	gemini	gemini_low_mirror	low_mirror	True	gemini	gpt_ai	gpt-5.6-sol		35278.txt		35278_avaliacao_gpt-5.6-sol.md	corpus/04_composicoes_avaliadas/menores_notas_gemini/35278_avaliacao_gpt-5.6-sol.md	corpus/04_composicoes_avaliadas/menores_notas_gemini/35278_avaliacao_gpt-5.6-sol.md	5.0	4.5	5.0	5.0	5.0	5.0	29.5	29.5	0.0
35291_gemini_low_mirror	35291	gemini	gemini_low_mirror	low_mirror	True	gemini	gpt_ai	gpt-5.6-sol		35291.txt		35291_avaliacao_gpt-5.6-sol.md	corpus/04_composicoes_avaliadas/menores_notas_gemini/35291_avaliacao_gpt-5.6-sol.md	corpus/04_composicoes_avaliadas/menores_notas_gemini/35291_avaliacao_gpt-5.6-sol.md	5.0	4.5	5.0	5.0	5.0	5.0	29.5	29.5	0.0
35457_gemini_low_mirror	35457	gemini	gemini_low_mirror	low_mirror	True	gemini	gpt_ai	gpt-5.6-sol		35457.txt		35457_avaliacao_gpt-5.6-sol.md	corpus/04_composicoes_avaliadas/menores_notas_gemini/35457_avaliacao_gpt-5.6-sol.md	corpus/04_composicoes_avaliadas/menores_notas_gemini/35457_avaliacao_gpt-5.6-sol.md	5.0	5.0	4.5	5.0	5.0	5.0	29.5	29.5	0.0
35465_gemini_low_mirror	35465	gemini	gemini_low_mirror	low_mirror	True	gemini	gpt_ai	gpt-5.6-sol		35465.txt		35465_avaliacao_gpt-5.6-sol.md	corpus/04_composicoes_avaliadas/menores_notas_gemini/35465_avaliacao_gpt-5.6-sol.md	corpus/04_composicoes_avaliadas/menores_notas_gemini/35465_avaliacao_gpt-5.6-sol.md	5.0	5.0	5.0	5.0	5.0	5.0	30.0	30.0	0.0
35485_gemini_low_mirror	35485	gemini	gemini_low_mirror	low_mirror	True	gemini	gpt_ai	gpt-5.6-sol		35485.txt		35485_avaliacao_gpt-5.6-sol.md	corpus/04_composicoes_avaliadas/menores_notas_gemini/35485_avaliacao_gpt-5.6-sol.md	corpus/04_composicoes_avaliadas/menores_notas_gemini/35485_avaliacao_gpt-5.6-sol.md	4.0	4.5	5.0	5.0	5.0	5.0	28.5	28.5	0.0
35549_gemini_low_mirror	35549	gemini	gemini_low_mirror	low_mirror	True	gemini	gpt_ai	gpt-5.6-sol		35549.txt		35549_avaliacao_gpt-5.6-sol.md	corpus/04_composicoes_avaliadas/menores_notas_gemini/35549_avaliacao_gpt-5.6-sol.md	corpus/04_composicoes_avaliadas/menores_notas_gemini/35549_avaliacao_gpt-5.6-sol.md	4.5	4.5	5.0	5.0	5.0	5.0	29.0	29.0	0.0
35577_gemini_low_mirror	35577	gemini	gemini_low_mirror	low_mirror	True	gemini	gpt_ai	gpt-5.6-sol		35577.txt		35577_avaliacao_gpt-5.6-sol.md	corpus/04_composicoes_avaliadas/menores_notas_gemini/35577_avaliacao_gpt-5.6-sol.md	corpus/04_composicoes_avaliadas/menores_notas_gemini/35577_avaliacao_gpt-5.6-sol.md	5.0	5.0	5.0	5.0	5.0	5.0	30.0	30.0	0.0
35633_gemini_low_mirror	35633	gemini	gemini_low_mirror	low_mirror	True	gemini	gpt_ai	gpt-5.6-sol		35633.txt		35633_avaliacao_gpt-5.6-sol.md	corpus/04_composicoes_avaliadas/menores_notas_gemini/35633_avaliacao_gpt-5.6-sol.md	corpus/04_composicoes_avaliadas/menores_notas_gemini/35633_avaliacao_gpt-5.6-sol.md	5.0	5.0	5.0	5.0	5.0	5.0	30.0	30.0	0.0
35661_gemini_low_mirror	35661	gemini	gemini_low_mirror	low_mirror	True	gemini	gpt_ai	gpt-5.6-sol		35661.txt		35661_avaliacao_gpt-5.6-sol.md	corpus/04_composicoes_avaliadas/menores_notas_gemini/35661_avaliacao_gpt-5.6-sol.md	corpus/04_composicoes_avaliadas/menores_notas_gemini/35661_avaliacao_gpt-5.6-sol.md	5.0	5.0	5.0	5.0	5.0	5.0	30.0	30.0	0.0
35820_gemini_low_mirror	35820	gemini	gemini_low_mirror	low_mirror	True	gemini	gpt_ai	gpt-5.6-sol		35820.txt		35820_avaliacao_gpt-5.6-sol.md	corpus/04_composicoes_avaliadas/menores_notas_gemini/35820_avaliacao_gpt-5.6-sol.md	corpus/04_composicoes_avaliadas/menores_notas_gemini/35820_avaliacao_gpt-5.6-sol.md	4.0	4.0	5.0	5.0	5.0	5.0	28.0	28.0	0.0
35852_gemini_low_mirror	35852	gemini	gemini_low_mirror	low_mirror	True	gemini	gpt_ai	gpt-5.6-sol		35852.txt		35852_avaliacao_gpt-5.6-sol.md	corpus/04_composicoes_avaliadas/menores_notas_gemini/35852_avaliacao_gpt-5.6-sol.md	corpus/04_composicoes_avaliadas/menores_notas_gemini/35852_avaliacao_gpt-5.6-sol.md	5.0	5.0	5.0	5.0	5.0	5.0	30.0	30.0	0.0
35906_gemini_low_mirror	35906	gemini	gemini_low_mirror	low_mirror	True	gemini	gpt_ai	gpt-5.6-sol		35906.txt		35906_avaliacao_gpt-5.6-sol.md	corpus/04_composicoes_avaliadas/menores_notas_gemini/35906_avaliacao_gpt-5.6-sol.md	corpus/04_composicoes_avaliadas/menores_notas_gemini/35906_avaliacao_gpt-5.6-sol.md	5.0	4.0	5.0	5.0	5.0	5.0	29.0	29.0	0.0
35911_gemini_low_mirror	35911	gemini	gemini_low_mirror	low_mirror	True	gemini	gpt_ai	gpt-5.6-sol		35911.txt		35911_avaliacao_gpt-5.6-sol.md	corpus/04_composicoes_avaliadas/menores_notas_gemini/35911_avaliacao_gpt-5.6-sol.md	corpus/04_composicoes_avaliadas/menores_notas_gemini/35911_avaliacao_gpt-5.6-sol.md	5.0	5.0	4.0	5.0	5.0	5.0	29.0	29.0	0.0
35937_gemini_low_mirror	35937	gemini	gemini_low_mirror	low_mirror	True	gemini	gpt_ai	gpt-5.6-sol		35937.txt		35937_avaliacao_gpt-5.6-sol.md	corpus/04_composicoes_avaliadas/menores_notas_gemini/35937_avaliacao_gpt-5.6-sol.md	corpus/04_composicoes_avaliadas/menores_notas_gemini/35937_avaliacao_gpt-5.6-sol.md	4.5	4.0	5.0	5.0	5.0	5.0	28.5	28.5	0.0
35979_gemini_low_mirror	35979	gemini	gemini_low_mirror	low_mirror	True	gemini	gpt_ai	gpt-5.6-sol		35979.txt		35979_avaliacao_gpt-5.6-sol.md	corpus/04_composicoes_avaliadas/menores_notas_gemini/35979_avaliacao_gpt-5.6-sol.md	corpus/04_composicoes_avaliadas/menores_notas_gemini/35979_avaliacao_gpt-5.6-sol.md	5.0	5.0	5.0	5.0	5.0	5.0	30.0	30.0	0.0
35986_gemini_low_mirror	35986	gemini	gemini_low_mirror	low_mirror	True	gemini	gpt_ai	gpt-5.6-sol		35986.txt		35986_avaliacao_gpt-5.6-sol.md	corpus/04_composicoes_avaliadas/menores_notas_gemini/35986_avaliacao_gpt-5.6-sol.md	corpus/04_composicoes_avaliadas/menores_notas_gemini/35986_avaliacao_gpt-5.6-sol.md	5.0	4.0	5.0	5.0	5.0	4.5	28.5	28.5	0.0
36000_gemini_low_mirror	36000	gemini	gemini_low_mirror	low_mirror	True	gemini	gpt_ai	gpt-5.6-sol		36000.txt		36000_avaliacao_gpt-5.6-sol.md	corpus/04_composicoes_avaliadas/menores_notas_gemini/36000_avaliacao_gpt-5.6-sol.md	corpus/04_composicoes_avaliadas/menores_notas_gemini/36000_avaliacao_gpt-5.6-sol.md	4.5	4.0	5.0	5.0	5.0	5.0	28.5	28.5	0.0
36079_gemini_low_mirror	36079	gemini	gemini_low_mirror	low_mirror	True	gemini	gpt_ai	gpt-5.6-sol		36079.txt		36079_avaliacao_gpt-5.6-sol.md	corpus/04_composicoes_avaliadas/menores_notas_gemini/36079_avaliacao_gpt-5.6-sol.md	corpus/04_composicoes_avaliadas/menores_notas_gemini/36079_avaliacao_gpt-5.6-sol.md	4.5	4.0	5.0	5.0	4.5	5.0	28.0	28.0	0.0
36085_gemini_low_mirror	36085	gemini	gemini_low_mirror	low_mirror	True	gemini	gpt_ai	gpt-5.6-sol		36085.txt		36085_avaliacao_gpt-5.6-sol.md	corpus/04_composicoes_avaliadas/menores_notas_gemini/36085_avaliacao_gpt-5.6-sol.md	corpus/04_composicoes_avaliadas/menores_notas_gemini/36085_avaliacao_gpt-5.6-sol.md	5.0	5.0	5.0	5.0	5.0	5.0	30.0	30.0	0.0
36095_gemini_low_mirror	36095	gemini	gemini_low_mirror	low_mirror	True	gemini	gpt_ai	gpt-5.6-sol		36095.txt		36095_avaliacao_gpt-5.6-sol.md	corpus/04_composicoes_avaliadas/menores_notas_gemini/36095_avaliacao_gpt-5.6-sol.md	corpus/04_composicoes_avaliadas/menores_notas_gemini/36095_avaliacao_gpt-5.6-sol.md	5.0	4.0	5.0	5.0	5.0	4.0	28.0	28.0	0.0
36137_gemini_low_mirror	36137	gemini	gemini_low_mirror	low_mirror	True	gemini	gpt_ai	gpt-5.6-sol		36137.txt		36137_avaliacao_gpt-5.6-sol.md	corpus/04_composicoes_avaliadas/menores_notas_gemini/36137_avaliacao_gpt-5.6-sol.md	corpus/04_composicoes_avaliadas/menores_notas_gemini/36137_avaliacao_gpt-5.6-sol.md	4.5	4.0	5.0	5.0	5.0	4.0	27.5	27.5	0.0
36140_gemini_low_mirror	36140	gemini	gemini_low_mirror	low_mirror	True	gemini	gpt_ai	gpt-5.6-sol		36140.txt		36140_avaliacao_gpt-5.6-sol.md	corpus/04_composicoes_avaliadas/menores_notas_gemini/36140_avaliacao_gpt-5.6-sol.md	corpus/04_composicoes_avaliadas/menores_notas_gemini/36140_avaliacao_gpt-5.6-sol.md	4.0	4.0	5.0	5.0	5.0	5.0	28.0	28.0	0.0
36172_gemini_low_mirror	36172	gemini	gemini_low_mirror	low_mirror	True	gemini	gpt_ai	gpt-5.6-sol		36172.txt		36172_avaliacao_gpt-5.6-sol.md	corpus/04_composicoes_avaliadas/menores_notas_gemini/36172_avaliacao_gpt-5.6-sol.md	corpus/04_composicoes_avaliadas/menores_notas_gemini/36172_avaliacao_gpt-5.6-sol.md	3.5	4.0	5.0	5.0	5.0	5.0	27.5	27.5	0.0
36181_gemini_low_mirror	36181	gemini	gemini_low_mirror	low_mirror	True	gemini	gpt_ai	gpt-5.6-sol		36181.txt		36181_avaliacao_gpt-5.6-sol.md	corpus/04_composicoes_avaliadas/menores_notas_gemini/36181_avaliacao_gpt-5.6-sol.md	corpus/04_composicoes_avaliadas/menores_notas_gemini/36181_avaliacao_gpt-5.6-sol.md	4.5	4.5	4.0	5.0	5.0	5.0	28.0	28.0	0.0
36188_gemini_low_mirror	36188	gemini	gemini_low_mirror	low_mirror	True	gemini	gpt_ai	gpt-5.6-sol		36188.txt		36188_avaliacao_gpt-5.6-sol.md	corpus/04_composicoes_avaliadas/menores_notas_gemini/36188_avaliacao_gpt-5.6-sol.md	corpus/04_composicoes_avaliadas/menores_notas_gemini/36188_avaliacao_gpt-5.6-sol.md	4.0	4.0	5.0	5.0	5.0	5.0	28.0	28.0	0.0
36225_gemini_low_mirror	36225	gemini	gemini_low_mirror	low_mirror	True	gemini	gpt_ai	gpt-5.6-sol		36225.txt		36225_avaliacao_gpt-5.6-sol.md	corpus/04_composicoes_avaliadas/menores_notas_gemini/36225_avaliacao_gpt-5.6-sol.md	corpus/04_composicoes_avaliadas/menores_notas_gemini/36225_avaliacao_gpt-5.6-sol.md	5.0	4.0	5.0	5.0	5.0	5.0	29.0	29.0	0.0
36238_gemini_low_mirror	36238	gemini	gemini_low_mirror	low_mirror	True	gemini	gpt_ai	gpt-5.6-sol		36238.txt		36238_avaliacao_gpt-5.6-sol.md	corpus/04_composicoes_avaliadas/menores_notas_gemini/36238_avaliacao_gpt-5.6-sol.md	corpus/04_composicoes_avaliadas/menores_notas_gemini/36238_avaliacao_gpt-5.6-sol.md	4.5	4.0	5.0	5.0	5.0	4.0	27.5	27.5	0.0
36248_gemini_low_mirror	36248	gemini	gemini_low_mirror	low_mirror	True	gemini	gpt_ai	gpt-5.6-sol		36248.txt		36248_avaliacao_gpt-5.6-sol.md	corpus/04_composicoes_avaliadas/menores_notas_gemini/36248_avaliacao_gpt-5.6-sol.md	corpus/04_composicoes_avaliadas/menores_notas_gemini/36248_avaliacao_gpt-5.6-sol.md	5.0	4.5	5.0	5.0	5.0	5.0	29.5	29.5	0.0
36278_gemini_low_mirror	36278	gemini	gemini_low_mirror	low_mirror	True	gemini	gpt_ai	gpt-5.6-sol		36278.txt		36278_avaliacao_gpt-5.6-sol.md	corpus/04_composicoes_avaliadas/menores_notas_gemini/36278_avaliacao_gpt-5.6-sol.md	corpus/04_composicoes_avaliadas/menores_notas_gemini/36278_avaliacao_gpt-5.6-sol.md	4.0	3.5	5.0	5.0	5.0	5.0	27.5	27.5	0.0
36295_gemini_low_mirror	36295	gemini	gemini_low_mirror	low_mirror	True	gemini	gpt_ai	gpt-5.6-sol		36295.txt		36295_avaliacao_gpt-5.6-sol.md	corpus/04_composicoes_avaliadas/menores_notas_gemini/36295_avaliacao_gpt-5.6-sol.md	corpus/04_composicoes_avaliadas/menores_notas_gemini/36295_avaliacao_gpt-5.6-sol.md	5.0	5.0	5.0	5.0	5.0	5.0	30.0	30.0	0.0
36307_gemini_low_mirror	36307	gemini	gemini_low_mirror	low_mirror	True	gemini	gpt_ai	gpt-5.6-sol		36307.txt		36307_avaliacao_gpt-5.6-sol.md	corpus/04_composicoes_avaliadas/menores_notas_gemini/36307_avaliacao_gpt-5.6-sol.md	corpus/04_composicoes_avaliadas/menores_notas_gemini/36307_avaliacao_gpt-5.6-sol.md	4.5	4.0	5.0	5.0	5.0	5.0	28.5	28.5	0.0
36341_gemini_low_mirror	36341	gemini	gemini_low_mirror	low_mirror	True	gemini	gpt_ai	gpt-5.6-sol		36341.txt		36341_avaliacao_gpt-5.6-sol.md	corpus/04_composicoes_avaliadas/menores_notas_gemini/36341_avaliacao_gpt-5.6-sol.md	corpus/04_composicoes_avaliadas/menores_notas_gemini/36341_avaliacao_gpt-5.6-sol.md	5.0	4.5	5.0	5.0	5.0	5.0	29.5	29.5	0.0
36430_gemini_low_mirror	36430	gemini	gemini_low_mirror	low_mirror	True	gemini	gpt_ai	gpt-5.6-sol		36430.txt		36430_avaliacao_gpt-5.6-sol.md	corpus/04_composicoes_avaliadas/menores_notas_gemini/36430_avaliacao_gpt-5.6-sol.md	corpus/04_composicoes_avaliadas/menores_notas_gemini/36430_avaliacao_gpt-5.6-sol.md	4.5	4.0	5.0	5.0	5.0	5.0	28.5	28.5	0.0
36522_gemini_low_mirror	36522	gemini	gemini_low_mirror	low_mirror	True	gemini	gpt_ai	gpt-5.6-sol		36522.txt		36522_avaliacao_gpt-5.6-sol.md	corpus/04_composicoes_avaliadas/menores_notas_gemini/36522_avaliacao_gpt-5.6-sol.md	corpus/04_composicoes_avaliadas/menores_notas_gemini/36522_avaliacao_gpt-5.6-sol.md	4.5	4.0	5.0	5.0	5.0	5.0	28.5	28.5	0.0
36524_gemini_low_mirror	36524	gemini	gemini_low_mirror	low_mirror	True	gemini	gpt_ai	gpt-5.6-sol		36524.txt		36524_avaliacao_gpt-5.6-sol.md	corpus/04_composicoes_avaliadas/menores_notas_gemini/36524_avaliacao_gpt-5.6-sol.md	corpus/04_composicoes_avaliadas/menores_notas_gemini/36524_avaliacao_gpt-5.6-sol.md	5.0	5.0	4.5	5.0	5.0	5.0	29.5	29.5	0.0
36547_gemini_low_mirror	36547	gemini	gemini_low_mirror	low_mirror	True	gemini	gpt_ai	gpt-5.6-sol		36547.txt		36547_avaliacao_gpt-5.6-sol.md	corpus/04_composicoes_avaliadas/menores_notas_gemini/36547_avaliacao_gpt-5.6-sol.md	corpus/04_composicoes_avaliadas/menores_notas_gemini/36547_avaliacao_gpt-5.6-sol.md	5.0	5.0	5.0	5.0	5.0	5.0	30.0	30.0	0.0
36578_gemini_low_mirror	36578	gemini	gemini_low_mirror	low_mirror	True	gemini	gpt_ai	gpt-5.6-sol		36578.txt		36578_avaliacao_gpt-5.6-sol.md	corpus/04_composicoes_avaliadas/menores_notas_gemini/36578_avaliacao_gpt-5.6-sol.md	corpus/04_composicoes_avaliadas/menores_notas_gemini/36578_avaliacao_gpt-5.6-sol.md	5.0	4.5	5.0	5.0	5.0	5.0	29.5	29.5	0.0
36590_gemini_low_mirror	36590	gemini	gemini_low_mirror	low_mirror	True	gemini	gpt_ai	gpt-5.6-sol		36590.txt		36590_avaliacao_gpt-5.6-sol.md	corpus/04_composicoes_avaliadas/menores_notas_gemini/36590_avaliacao_gpt-5.6-sol.md	corpus/04_composicoes_avaliadas/menores_notas_gemini/36590_avaliacao_gpt-5.6-sol.md	5.0	4.5	5.0	5.0	5.0	5.0	29.5	29.5	0.0
36616_gemini_low_mirror	36616	gemini	gemini_low_mirror	low_mirror	True	gemini	gpt_ai	gpt-5.6-sol		36616.txt		36616_avaliacao_gpt-5.6-sol.md	corpus/04_composicoes_avaliadas/menores_notas_gemini/36616_avaliacao_gpt-5.6-sol.md	corpus/04_composicoes_avaliadas/menores_notas_gemini/36616_avaliacao_gpt-5.6-sol.md	4.5	3.5	5.0	5.0	5.0	5.0	28.0	28.0	0.0
36704_gemini_low_mirror	36704	gemini	gemini_low_mirror	low_mirror	True	gemini	gpt_ai	gpt-5.6-sol		36704.txt		36704_avaliacao_gpt-5.6-sol.md	corpus/04_composicoes_avaliadas/menores_notas_gemini/36704_avaliacao_gpt-5.6-sol.md	corpus/04_composicoes_avaliadas/menores_notas_gemini/36704_avaliacao_gpt-5.6-sol.md	5.0	4.0	5.0	5.0	5.0	5.0	29.0	29.0	0.0
36721_gemini_low_mirror	36721	gemini	gemini_low_mirror	low_mirror	True	gemini	gpt_ai	gpt-5.6-sol		36721.txt		36721_avaliacao_gpt-5.6-sol.md	corpus/04_composicoes_avaliadas/menores_notas_gemini/36721_avaliacao_gpt-5.6-sol.md	corpus/04_composicoes_avaliadas/menores_notas_gemini/36721_avaliacao_gpt-5.6-sol.md	4.5	4.0	5.0	5.0	5.0	5.0	28.5	28.5	0.0
36727_gemini_low_mirror	36727	gemini	gemini_low_mirror	low_mirror	True	gemini	gpt_ai	gpt-5.6-sol		36727.txt		36727_avaliacao_gpt-5.6-sol.md	corpus/04_composicoes_avaliadas/menores_notas_gemini/36727_avaliacao_gpt-5.6-sol.md	corpus/04_composicoes_avaliadas/menores_notas_gemini/36727_avaliacao_gpt-5.6-sol.md	5.0	4.0	5.0	5.0	5.0	5.0	29.0	29.0	0.0
36742_gemini_low_mirror	36742	gemini	gemini_low_mirror	low_mirror	True	gemini	gpt_ai	gpt-5.6-sol		36742.txt		36742_avaliacao_gpt-5.6-sol.md	corpus/04_composicoes_avaliadas/menores_notas_gemini/36742_avaliacao_gpt-5.6-sol.md	corpus/04_composicoes_avaliadas/menores_notas_gemini/36742_avaliacao_gpt-5.6-sol.md	4.0	4.0	5.0	5.0	5.0	5.0	28.0	28.0	0.0
36797_gemini_low_mirror	36797	gemini	gemini_low_mirror	low_mirror	True	gemini	gpt_ai	gpt-5.6-sol		36797.txt		36797_avaliacao_gpt-5.6-sol.md	corpus/04_composicoes_avaliadas/menores_notas_gemini/36797_avaliacao_gpt-5.6-sol.md	corpus/04_composicoes_avaliadas/menores_notas_gemini/36797_avaliacao_gpt-5.6-sol.md	5.0	5.0	5.0	5.0	5.0	5.0	30.0	30.0	0.0
36827_gemini_low_mirror	36827	gemini	gemini_low_mirror	low_mirror	True	gemini	gpt_ai	gpt-5.6-sol		36827.txt		36827_avaliacao_gpt-5.6-sol.md	corpus/04_composicoes_avaliadas/menores_notas_gemini/36827_avaliacao_gpt-5.6-sol.md	corpus/04_composicoes_avaliadas/menores_notas_gemini/36827_avaliacao_gpt-5.6-sol.md	5.0	4.5	5.0	5.0	5.0	5.0	29.5	29.5	0.0
36856_gemini_low_mirror	36856	gemini	gemini_low_mirror	low_mirror	True	gemini	gpt_ai	gpt-5.6-sol		36856.txt		36856_avaliacao_gpt-5.6-sol.md	corpus/04_composicoes_avaliadas/menores_notas_gemini/36856_avaliacao_gpt-5.6-sol.md	corpus/04_composicoes_avaliadas/menores_notas_gemini/36856_avaliacao_gpt-5.6-sol.md	5.0	4.0	5.0	5.0	5.0	5.0	29.0	29.0	0.0
36867_gemini_low_mirror	36867	gemini	gemini_low_mirror	low_mirror	True	gemini	gpt_ai	gpt-5.6-sol		36867.txt		36867_avaliacao_gpt-5.6-sol.md	corpus/04_composicoes_avaliadas/menores_notas_gemini/36867_avaliacao_gpt-5.6-sol.md	corpus/04_composicoes_avaliadas/menores_notas_gemini/36867_avaliacao_gpt-5.6-sol.md	3.0	4.0	5.0	5.0	5.0	5.0	27.0	27.0	0.0
36872_gemini_low_mirror	36872	gemini	gemini_low_mirror	low_mirror	True	gemini	gpt_ai	gpt-5.6-sol		36872.txt		36872_avaliacao_gpt-5.6-sol.md	corpus/04_composicoes_avaliadas/menores_notas_gemini/36872_avaliacao_gpt-5.6-sol.md	corpus/04_composicoes_avaliadas/menores_notas_gemini/36872_avaliacao_gpt-5.6-sol.md	5.0	4.0	5.0	5.0	5.0	5.0	29.0	29.0	0.0
36973_gemini_low_mirror	36973	gemini	gemini_low_mirror	low_mirror	True	gemini	gpt_ai	gpt-5.6-sol		36973.txt		36973_avaliacao_gpt-5.6-sol.md	corpus/04_composicoes_avaliadas/menores_notas_gemini/36973_avaliacao_gpt-5.6-sol.md	corpus/04_composicoes_avaliadas/menores_notas_gemini/36973_avaliacao_gpt-5.6-sol.md	3.0	4.0	5.0	5.0	5.0	5.0	27.0	27.0	0.0
37010_gemini_low_mirror	37010	gemini	gemini_low_mirror	low_mirror	True	gemini	gpt_ai	gpt-5.6-sol		37010.txt		37010_avaliacao_gpt-5.6-sol.md	corpus/04_composicoes_avaliadas/menores_notas_gemini/37010_avaliacao_gpt-5.6-sol.md	corpus/04_composicoes_avaliadas/menores_notas_gemini/37010_avaliacao_gpt-5.6-sol.md	5.0	5.0	5.0	5.0	5.0	5.0	30.0	30.0	0.0
37034_gemini_low_mirror	37034	gemini	gemini_low_mirror	low_mirror	True	gemini	gpt_ai	gpt-5.6-sol		37034.txt		37034_avaliacao_gpt-5.6-sol.md	corpus/04_composicoes_avaliadas/menores_notas_gemini/37034_avaliacao_gpt-5.6-sol.md	corpus/04_composicoes_avaliadas/menores_notas_gemini/37034_avaliacao_gpt-5.6-sol.md	5.0	4.0	5.0	5.0	5.0	5.0	29.0	29.0	0.0
37043_gemini_low_mirror	37043	gemini	gemini_low_mirror	low_mirror	True	gemini	gpt_ai	gpt-5.6-sol		37043.txt		37043_avaliacao_gpt-5.6-sol.md	corpus/04_composicoes_avaliadas/menores_notas_gemini/37043_avaliacao_gpt-5.6-sol.md	corpus/04_composicoes_avaliadas/menores_notas_gemini/37043_avaliacao_gpt-5.6-sol.md	5.0	5.0	4.5	5.0	5.0	5.0	29.5	29.5	0.0
37063_gemini_low_mirror	37063	gemini	gemini_low_mirror	low_mirror	True	gemini	gpt_ai	gpt-5.6-sol		37063.txt		37063_avaliacao_gpt-5.6-sol.md	corpus/04_composicoes_avaliadas/menores_notas_gemini/37063_avaliacao_gpt-5.6-sol.md	corpus/04_composicoes_avaliadas/menores_notas_gemini/37063_avaliacao_gpt-5.6-sol.md	4.5	4.0	5.0	5.0	5.0	5.0	28.5	28.5	0.0
37078_gemini_low_mirror	37078	gemini	gemini_low_mirror	low_mirror	True	gemini	gpt_ai	gpt-5.6-sol		37078.txt		37078_avaliacao_gpt-5.6-sol.md	corpus/04_composicoes_avaliadas/menores_notas_gemini/37078_avaliacao_gpt-5.6-sol.md	corpus/04_composicoes_avaliadas/menores_notas_gemini/37078_avaliacao_gpt-5.6-sol.md	4.0	3.5	5.0	5.0	5.0	5.0	27.5	27.5	0.0
37094_gemini_low_mirror	37094	gemini	gemini_low_mirror	low_mirror	True	gemini	gpt_ai	gpt-5.6-sol		37094.txt		37094_avaliacao_gpt-5.6-sol.md	corpus/04_composicoes_avaliadas/menores_notas_gemini/37094_avaliacao_gpt-5.6-sol.md	corpus/04_composicoes_avaliadas/menores_notas_gemini/37094_avaliacao_gpt-5.6-sol.md	4.5	4.0	5.0	5.0	5.0	5.0	28.5	28.5	0.0
37099_gemini_low_mirror	37099	gemini	gemini_low_mirror	low_mirror	True	gemini	gpt_ai	gpt-5.6-sol		37099.txt		37099_avaliacao_gpt-5.6-sol.md	corpus/04_composicoes_avaliadas/menores_notas_gemini/37099_avaliacao_gpt-5.6-sol.md	corpus/04_composicoes_avaliadas/menores_notas_gemini/37099_avaliacao_gpt-5.6-sol.md	5.0	4.5	5.0	5.0	5.0	5.0	29.5	29.5	0.0
37158_gemini_low_mirror	37158	gemini	gemini_low_mirror	low_mirror	True	gemini	gpt_ai	gpt-5.6-sol		37158.txt		37158_avaliacao_gpt-5.6-sol.md	corpus/04_composicoes_avaliadas/menores_notas_gemini/37158_avaliacao_gpt-5.6-sol.md	corpus/04_composicoes_avaliadas/menores_notas_gemini/37158_avaliacao_gpt-5.6-sol.md	5.0	4.0	5.0	5.0	5.0	5.0	29.0	29.0	0.0
37212_gemini_low_mirror	37212	gemini	gemini_low_mirror	low_mirror	True	gemini	gpt_ai	gpt-5.6-sol		37212.txt		37212_avaliacao_gpt-5.6-sol.md	corpus/04_composicoes_avaliadas/menores_notas_gemini/37212_avaliacao_gpt-5.6-sol.md	corpus/04_composicoes_avaliadas/menores_notas_gemini/37212_avaliacao_gpt-5.6-sol.md	4.0	4.0	4.0	5.0	5.0	5.0	27.0	27.0	0.0
37224_gemini_low_mirror	37224	gemini	gemini_low_mirror	low_mirror	True	gemini	gpt_ai	gpt-5.6-sol		37224.txt		37224_avaliacao_gpt-5.6-sol.md	corpus/04_composicoes_avaliadas/menores_notas_gemini/37224_avaliacao_gpt-5.6-sol.md	corpus/04_composicoes_avaliadas/menores_notas_gemini/37224_avaliacao_gpt-5.6-sol.md	4.0	4.0	5.0	5.0	5.0	5.0	28.0	28.0	0.0
37260_gemini_low_mirror	37260	gemini	gemini_low_mirror	low_mirror	True	gemini	gpt_ai	gpt-5.6-sol		37260.txt		37260_avaliacao_gpt-5.6-sol.md	corpus/04_composicoes_avaliadas/menores_notas_gemini/37260_avaliacao_gpt-5.6-sol.md	corpus/04_composicoes_avaliadas/menores_notas_gemini/37260_avaliacao_gpt-5.6-sol.md	4.0	4.0	5.0	5.0	5.0	5.0	28.0	28.0	0.0
37345_gemini_low_mirror	37345	gemini	gemini_low_mirror	low_mirror	True	gemini	gpt_ai	gpt-5.6-sol		37345.txt		37345_avaliacao_gpt-5.6-sol.md	corpus/04_composicoes_avaliadas/menores_notas_gemini/37345_avaliacao_gpt-5.6-sol.md	corpus/04_composicoes_avaliadas/menores_notas_gemini/37345_avaliacao_gpt-5.6-sol.md	3.5	4.5	5.0	5.0	5.0	5.0	28.0	28.0	0.0
37377_gemini_low_mirror	37377	gemini	gemini_low_mirror	low_mirror	True	gemini	gpt_ai	gpt-5.6-sol		37377.txt		37377_avaliacao_gpt-5.6-sol.md	corpus/04_composicoes_avaliadas/menores_notas_gemini/37377_avaliacao_gpt-5.6-sol.md	corpus/04_composicoes_avaliadas/menores_notas_gemini/37377_avaliacao_gpt-5.6-sol.md	4.5	4.0	5.0	5.0	5.0	5.0	28.5	28.5	0.0
37442_gemini_low_mirror	37442	gemini	gemini_low_mirror	low_mirror	True	gemini	gpt_ai	gpt-5.6-sol		37442.txt		37442_avaliacao_gpt-5.6-sol.md	corpus/04_composicoes_avaliadas/menores_notas_gemini/37442_avaliacao_gpt-5.6-sol.md	corpus/04_composicoes_avaliadas/menores_notas_gemini/37442_avaliacao_gpt-5.6-sol.md	4.0	4.0	5.0	5.0	5.0	5.0	28.0	28.0	0.0
37489_gemini_low_mirror	37489	gemini	gemini_low_mirror	low_mirror	True	gemini	gpt_ai	gpt-5.6-sol		37489.txt		37489_avaliacao_gpt-5.6-sol.md	corpus/04_composicoes_avaliadas/menores_notas_gemini/37489_avaliacao_gpt-5.6-sol.md	corpus/04_composicoes_avaliadas/menores_notas_gemini/37489_avaliacao_gpt-5.6-sol.md	4.5	4.5	4.5	5.0	5.0	5.0	28.5	28.5	0.0
37602_gemini_low_mirror	37602	gemini	gemini_low_mirror	low_mirror	True	gemini	gpt_ai	gpt-5.6-sol		37602.txt		37602_avaliacao_gpt-5.6-sol.md	corpus/04_composicoes_avaliadas/menores_notas_gemini/37602_avaliacao_gpt-5.6-sol.md	corpus/04_composicoes_avaliadas/menores_notas_gemini/37602_avaliacao_gpt-5.6-sol.md	4.0	4.0	5.0	5.0	5.0	5.0	28.0	28.0	0.0
37664_gemini_low_mirror	37664	gemini	gemini_low_mirror	low_mirror	True	gemini	gpt_ai	gpt-5.6-sol		37664.txt		37664_avaliacao_gpt-5.6-sol.md	corpus/04_composicoes_avaliadas/menores_notas_gemini/37664_avaliacao_gpt-5.6-sol.md	corpus/04_composicoes_avaliadas/menores_notas_gemini/37664_avaliacao_gpt-5.6-sol.md	5.0	5.0	5.0	5.0	5.0	5.0	30.0	30.0	0.0
37677_gemini_low_mirror	37677	gemini	gemini_low_mirror	low_mirror	True	gemini	gpt_ai	gpt-5.6-sol		37677.txt		37677_avaliacao_gpt-5.6-sol.md	corpus/04_composicoes_avaliadas/menores_notas_gemini/37677_avaliacao_gpt-5.6-sol.md	corpus/04_composicoes_avaliadas/menores_notas_gemini/37677_avaliacao_gpt-5.6-sol.md	3.5	4.0	5.0	5.0	5.0	5.0	27.5	27.5	0.0
37694_gemini_low_mirror	37694	gemini	gemini_low_mirror	low_mirror	True	gemini	gpt_ai	gpt-5.6-sol		37694.txt		37694_avaliacao_gpt-5.6-sol.md	corpus/04_composicoes_avaliadas/menores_notas_gemini/37694_avaliacao_gpt-5.6-sol.md	corpus/04_composicoes_avaliadas/menores_notas_gemini/37694_avaliacao_gpt-5.6-sol.md	4.5	4.0	5.0	5.0	5.0	5.0	28.5	28.5	0.0
37734_gemini_low_mirror	37734	gemini	gemini_low_mirror	low_mirror	True	gemini	gpt_ai	gpt-5.6-sol		37734.txt		37734_avaliacao_gpt-5.6-sol.md	corpus/04_composicoes_avaliadas/menores_notas_gemini/37734_avaliacao_gpt-5.6-sol.md	corpus/04_composicoes_avaliadas/menores_notas_gemini/37734_avaliacao_gpt-5.6-sol.md	5.0	4.5	5.0	5.0	5.0	5.0	29.5	29.5	0.0
37858_gemini_low_mirror	37858	gemini	gemini_low_mirror	low_mirror	True	gemini	gpt_ai	gpt-5.6-sol		37858.txt		37858_avaliacao_gpt-5.6-sol.md	corpus/04_composicoes_avaliadas/menores_notas_gemini/37858_avaliacao_gpt-5.6-sol.md	corpus/04_composicoes_avaliadas/menores_notas_gemini/37858_avaliacao_gpt-5.6-sol.md	5.0	4.5	5.0	5.0	5.0	5.0	29.5	29.5	0.0
37949_gemini_low_mirror	37949	gemini	gemini_low_mirror	low_mirror	True	gemini	gpt_ai	gpt-5.6-sol		37949.txt		37949_avaliacao_gpt-5.6-sol.md	corpus/04_composicoes_avaliadas/menores_notas_gemini/37949_avaliacao_gpt-5.6-sol.md	corpus/04_composicoes_avaliadas/menores_notas_gemini/37949_avaliacao_gpt-5.6-sol.md	5.0	5.0	5.0	5.0	5.0	5.0	30.0	30.0	0.0
37994_gemini_low_mirror	37994	gemini	gemini_low_mirror	low_mirror	True	gemini	gpt_ai	gpt-5.6-sol		37994.txt		37994_avaliacao_gpt-5.6-sol.md	corpus/04_composicoes_avaliadas/menores_notas_gemini/37994_avaliacao_gpt-5.6-sol.md	corpus/04_composicoes_avaliadas/menores_notas_gemini/37994_avaliacao_gpt-5.6-sol.md	4.5	5.0	5.0	5.0	5.0	5.0	29.5	29.5	0.0
37999_gemini_low_mirror	37999	gemini	gemini_low_mirror	low_mirror	True	gemini	gpt_ai	gpt-5.6-sol		37999.txt		37999_avaliacao_gpt-5.6-sol.md	corpus/04_composicoes_avaliadas/menores_notas_gemini/37999_avaliacao_gpt-5.6-sol.md	corpus/04_composicoes_avaliadas/menores_notas_gemini/37999_avaliacao_gpt-5.6-sol.md	3.5	3.0	4.0	5.0	5.0	4.0	24.5	24.5	0.0
38002_gemini_low_mirror	38002	gemini	gemini_low_mirror	low_mirror	True	gemini	gpt_ai	gpt-5.6-sol		38002.txt		38002_avaliacao_gpt-5.6-sol.md	corpus/04_composicoes_avaliadas/menores_notas_gemini/38002_avaliacao_gpt-5.6-sol.md	corpus/04_composicoes_avaliadas/menores_notas_gemini/38002_avaliacao_gpt-5.6-sol.md	4.5	4.5	4.0	5.0	5.0	5.0	28.0	28.0	0.0
38036_gemini_low_mirror	38036	gemini	gemini_low_mirror	low_mirror	True	gemini	gpt_ai	gpt-5.6-sol		38036.txt		38036_avaliacao_gpt-5.6-sol.md	corpus/04_composicoes_avaliadas/menores_notas_gemini/38036_avaliacao_gpt-5.6-sol.md	corpus/04_composicoes_avaliadas/menores_notas_gemini/38036_avaliacao_gpt-5.6-sol.md	5.0	4.0	5.0	5.0	5.0	5.0	29.0	29.0	0.0
38158_gemini_low_mirror	38158	gemini	gemini_low_mirror	low_mirror	True	gemini	gpt_ai	gpt-5.6-sol		38158.txt		38158_avaliacao_gpt-5.6-sol.md	corpus/04_composicoes_avaliadas/menores_notas_gemini/38158_avaliacao_gpt-5.6-sol.md	corpus/04_composicoes_avaliadas/menores_notas_gemini/38158_avaliacao_gpt-5.6-sol.md	4.5	4.0	5.0	5.0	5.0	4.0	27.5	27.5	0.0
38172_gemini_low_mirror	38172	gemini	gemini_low_mirror	low_mirror	True	gemini	gpt_ai	gpt-5.6-sol		38172.txt		38172_avaliacao_gpt-5.6-sol.md	corpus/04_composicoes_avaliadas/menores_notas_gemini/38172_avaliacao_gpt-5.6-sol.md	corpus/04_composicoes_avaliadas/menores_notas_gemini/38172_avaliacao_gpt-5.6-sol.md	4.0	4.0	4.0	5.0	5.0	5.0	27.0	27.0	0.0
38193_gemini_low_mirror	38193	gemini	gemini_low_mirror	low_mirror	True	gemini	gpt_ai	gpt-5.6-sol		38193.txt		38193_avaliacao_gpt-5.6-sol.md	corpus/04_composicoes_avaliadas/menores_notas_gemini/38193_avaliacao_gpt-5.6-sol.md	corpus/04_composicoes_avaliadas/menores_notas_gemini/38193_avaliacao_gpt-5.6-sol.md	4.0	4.0	5.0	5.0	5.0	4.0	27.0	27.0	0.0
38196_gemini_low_mirror	38196	gemini	gemini_low_mirror	low_mirror	True	gemini	gpt_ai	gpt-5.6-sol		38196.txt		38196_avaliacao_gpt-5.6-sol.md	corpus/04_composicoes_avaliadas/menores_notas_gemini/38196_avaliacao_gpt-5.6-sol.md	corpus/04_composicoes_avaliadas/menores_notas_gemini/38196_avaliacao_gpt-5.6-sol.md	4.5	4.5	5.0	5.0	5.0	5.0	29.0	29.0	0.0
38204_gemini_low_mirror	38204	gemini	gemini_low_mirror	low_mirror	True	gemini	gpt_ai	gpt-5.6-sol		38204.txt		38204_avaliacao_gpt-5.6-sol.md	corpus/04_composicoes_avaliadas/menores_notas_gemini/38204_avaliacao_gpt-5.6-sol.md	corpus/04_composicoes_avaliadas/menores_notas_gemini/38204_avaliacao_gpt-5.6-sol.md	5.0	4.0	5.0	5.0	5.0	5.0	29.0	29.0	0.0
38226_gemini_low_mirror	38226	gemini	gemini_low_mirror	low_mirror	True	gemini	gpt_ai	gpt-5.6-sol		38226.txt		38226_avaliacao_gpt-5.6-sol.md	corpus/04_composicoes_avaliadas/menores_notas_gemini/38226_avaliacao_gpt-5.6-sol.md	corpus/04_composicoes_avaliadas/menores_notas_gemini/38226_avaliacao_gpt-5.6-sol.md	4.5	4.0	5.0	5.0	5.0	5.0	28.5	28.5	0.0
38284_gemini_low_mirror	38284	gemini	gemini_low_mirror	low_mirror	True	gemini	gpt_ai	gpt-5.6-sol		38284.txt		38284_avaliacao_gpt-5.6-sol.md	corpus/04_composicoes_avaliadas/menores_notas_gemini/38284_avaliacao_gpt-5.6-sol.md	corpus/04_composicoes_avaliadas/menores_notas_gemini/38284_avaliacao_gpt-5.6-sol.md	4.5	4.0	5.0	5.0	5.0	5.0	28.5	28.5	0.0
38310_gemini_low_mirror	38310	gemini	gemini_low_mirror	low_mirror	True	gemini	gpt_ai	gpt-5.6-sol		38310.txt		38310_avaliacao_gpt-5.6-sol.md	corpus/04_composicoes_avaliadas/menores_notas_gemini/38310_avaliacao_gpt-5.6-sol.md	corpus/04_composicoes_avaliadas/menores_notas_gemini/38310_avaliacao_gpt-5.6-sol.md	4.5	4.0	5.0	5.0	5.0	5.0	28.5	28.5	0.0
38340_gemini_low_mirror	38340	gemini	gemini_low_mirror	low_mirror	True	gemini	gpt_ai	gpt-5.6-sol		38340.txt		38340_avaliacao_gpt-5.6-sol.md	corpus/04_composicoes_avaliadas/menores_notas_gemini/38340_avaliacao_gpt-5.6-sol.md	corpus/04_composicoes_avaliadas/menores_notas_gemini/38340_avaliacao_gpt-5.6-sol.md	5.0	4.5	5.0	5.0	5.0	5.0	29.5	29.5	0.0
38395_gemini_low_mirror	38395	gemini	gemini_low_mirror	low_mirror	True	gemini	gpt_ai	gpt-5.6-sol		38395.txt		38395_avaliacao_gpt-5.6-sol.md	corpus/04_composicoes_avaliadas/menores_notas_gemini/38395_avaliacao_gpt-5.6-sol.md	corpus/04_composicoes_avaliadas/menores_notas_gemini/38395_avaliacao_gpt-5.6-sol.md	5.0	5.0	5.0	5.0	5.0	5.0	30.0	30.0	0.0
38439_gemini_low_mirror	38439	gemini	gemini_low_mirror	low_mirror	True	gemini	gpt_ai	gpt-5.6-sol		38439.txt		38439_avaliacao_gpt-5.6-sol.md	corpus/04_composicoes_avaliadas/menores_notas_gemini/38439_avaliacao_gpt-5.6-sol.md	corpus/04_composicoes_avaliadas/menores_notas_gemini/38439_avaliacao_gpt-5.6-sol.md	5.0	5.0	5.0	5.0	5.0	5.0	30.0	30.0	0.0
38445_gemini_low_mirror	38445	gemini	gemini_low_mirror	low_mirror	True	gemini	gpt_ai	gpt-5.6-sol		38445.txt		38445_avaliacao_gpt-5.6-sol.md	corpus/04_composicoes_avaliadas/menores_notas_gemini/38445_avaliacao_gpt-5.6-sol.md	corpus/04_composicoes_avaliadas/menores_notas_gemini/38445_avaliacao_gpt-5.6-sol.md	4.0	4.0	5.0	5.0	5.0	5.0	28.0	28.0	0.0
38451_gemini_low_mirror	38451	gemini	gemini_low_mirror	low_mirror	True	gemini	gpt_ai	gpt-5.6-sol		38451.txt		38451_avaliacao_gpt-5.6-sol.md	corpus/04_composicoes_avaliadas/menores_notas_gemini/38451_avaliacao_gpt-5.6-sol.md	corpus/04_composicoes_avaliadas/menores_notas_gemini/38451_avaliacao_gpt-5.6-sol.md	4.0	3.5	5.0	5.0	5.0	5.0	27.5	27.5	0.0
38469_gemini_low_mirror	38469	gemini	gemini_low_mirror	low_mirror	True	gemini	gpt_ai	gpt-5.6-sol		38469.txt		38469_avaliacao_gpt-5.6-sol.md	corpus/04_composicoes_avaliadas/menores_notas_gemini/38469_avaliacao_gpt-5.6-sol.md	corpus/04_composicoes_avaliadas/menores_notas_gemini/38469_avaliacao_gpt-5.6-sol.md	3.0	4.0	5.0	5.0	5.0	5.0	27.0	27.0	0.0
38495_gemini_low_mirror	38495	gemini	gemini_low_mirror	low_mirror	True	gemini	gpt_ai	gpt-5.6-sol		38495.txt		38495_avaliacao_gpt-5.6-sol.md	corpus/04_composicoes_avaliadas/menores_notas_gemini/38495_avaliacao_gpt-5.6-sol.md	corpus/04_composicoes_avaliadas/menores_notas_gemini/38495_avaliacao_gpt-5.6-sol.md	5.0	5.0	5.0	5.0	5.0	5.0	30.0	30.0	0.0
38499_gemini_low_mirror	38499	gemini	gemini_low_mirror	low_mirror	True	gemini	gpt_ai	gpt-5.6-sol		38499.txt		38499_avaliacao_gpt-5.6-sol.md	corpus/04_composicoes_avaliadas/menores_notas_gemini/38499_avaliacao_gpt-5.6-sol.md	corpus/04_composicoes_avaliadas/menores_notas_gemini/38499_avaliacao_gpt-5.6-sol.md	4.0	4.0	5.0	5.0	5.0	5.0	28.0	28.0	0.0
38506_gemini_low_mirror	38506	gemini	gemini_low_mirror	low_mirror	True	gemini	gpt_ai	gpt-5.6-sol		38506.txt		38506_avaliacao_gpt-5.6-sol.md	corpus/04_composicoes_avaliadas/menores_notas_gemini/38506_avaliacao_gpt-5.6-sol.md	corpus/04_composicoes_avaliadas/menores_notas_gemini/38506_avaliacao_gpt-5.6-sol.md	3.5	4.0	5.0	5.0	5.0	4.0	26.5	26.5	0.0
38536_gemini_low_mirror	38536	gemini	gemini_low_mirror	low_mirror	True	gemini	gpt_ai	gpt-5.6-sol		38536.txt		38536_avaliacao_gpt-5.6-sol.md	corpus/04_composicoes_avaliadas/menores_notas_gemini/38536_avaliacao_gpt-5.6-sol.md	corpus/04_composicoes_avaliadas/menores_notas_gemini/38536_avaliacao_gpt-5.6-sol.md	4.5	4.5	5.0	5.0	5.0	5.0	29.0	29.0	0.0
38555_gemini_low_mirror	38555	gemini	gemini_low_mirror	low_mirror	True	gemini	gpt_ai	gpt-5.6-sol		38555.txt		38555_avaliacao_gpt-5.6-sol.md	corpus/04_composicoes_avaliadas/menores_notas_gemini/38555_avaliacao_gpt-5.6-sol.md	corpus/04_composicoes_avaliadas/menores_notas_gemini/38555_avaliacao_gpt-5.6-sol.md	5.0	4.0	5.0	5.0	5.0	5.0	29.0	29.0	0.0
38632_gemini_low_mirror	38632	gemini	gemini_low_mirror	low_mirror	True	gemini	gpt_ai	gpt-5.6-sol		38632.txt		38632_avaliacao_gpt-5.6-sol.md	corpus/04_composicoes_avaliadas/menores_notas_gemini/38632_avaliacao_gpt-5.6-sol.md	corpus/04_composicoes_avaliadas/menores_notas_gemini/38632_avaliacao_gpt-5.6-sol.md	4.5	4.5	4.0	5.0	5.0	5.0	28.0	28.0	0.0
38637_gemini_low_mirror	38637	gemini	gemini_low_mirror	low_mirror	True	gemini	gpt_ai	gpt-5.6-sol		38637.txt		38637_avaliacao_gpt-5.6-sol.md	corpus/04_composicoes_avaliadas/menores_notas_gemini/38637_avaliacao_gpt-5.6-sol.md	corpus/04_composicoes_avaliadas/menores_notas_gemini/38637_avaliacao_gpt-5.6-sol.md	5.0	5.0	5.0	5.0	5.0	5.0	30.0	30.0	0.0
38670_gemini_low_mirror	38670	gemini	gemini_low_mirror	low_mirror	True	gemini	gpt_ai	gpt-5.6-sol		38670.txt		38670_avaliacao_gpt-5.6-sol.md	corpus/04_composicoes_avaliadas/menores_notas_gemini/38670_avaliacao_gpt-5.6-sol.md	corpus/04_composicoes_avaliadas/menores_notas_gemini/38670_avaliacao_gpt-5.6-sol.md	5.0	4.5	5.0	5.0	5.0	5.0	29.5	29.5	0.0
38674_gemini_low_mirror	38674	gemini	gemini_low_mirror	low_mirror	True	gemini	gpt_ai	gpt-5.6-sol		38674.txt		38674_avaliacao_gpt-5.6-sol.md	corpus/04_composicoes_avaliadas/menores_notas_gemini/38674_avaliacao_gpt-5.6-sol.md	corpus/04_composicoes_avaliadas/menores_notas_gemini/38674_avaliacao_gpt-5.6-sol.md	5.0	4.5	5.0	5.0	5.0	5.0	29.5	29.5	0.0
38677_gemini_low_mirror	38677	gemini	gemini_low_mirror	low_mirror	True	gemini	gpt_ai	gpt-5.6-sol		38677.txt		38677_avaliacao_gpt-5.6-sol.md	corpus/04_composicoes_avaliadas/menores_notas_gemini/38677_avaliacao_gpt-5.6-sol.md	corpus/04_composicoes_avaliadas/menores_notas_gemini/38677_avaliacao_gpt-5.6-sol.md	5.0	5.0	5.0	5.0	5.0	5.0	30.0	30.0	0.0
38764_gemini_low_mirror	38764	gemini	gemini_low_mirror	low_mirror	True	gemini	gpt_ai	gpt-5.6-sol		38764.txt		38764_avaliacao_gpt-5.6-sol.md	corpus/04_composicoes_avaliadas/menores_notas_gemini/38764_avaliacao_gpt-5.6-sol.md	corpus/04_composicoes_avaliadas/menores_notas_gemini/38764_avaliacao_gpt-5.6-sol.md	4.0	4.0	5.0	5.0	5.0	5.0	28.0	28.0	0.0
38786_gemini_low_mirror	38786	gemini	gemini_low_mirror	low_mirror	True	gemini	gpt_ai	gpt-5.6-sol		38786.txt		38786_avaliacao_gpt-5.6-sol.md	corpus/04_composicoes_avaliadas/menores_notas_gemini/38786_avaliacao_gpt-5.6-sol.md	corpus/04_composicoes_avaliadas/menores_notas_gemini/38786_avaliacao_gpt-5.6-sol.md	5.0	4.5	5.0	5.0	5.0	5.0	29.5	29.5	0.0
38794_gemini_low_mirror	38794	gemini	gemini_low_mirror	low_mirror	True	gemini	gpt_ai	gpt-5.6-sol		38794.txt		38794_avaliacao_gpt-5.6-sol.md	corpus/04_composicoes_avaliadas/menores_notas_gemini/38794_avaliacao_gpt-5.6-sol.md	corpus/04_composicoes_avaliadas/menores_notas_gemini/38794_avaliacao_gpt-5.6-sol.md	4.0	4.0	5.0	5.0	5.0	5.0	28.0	28.0	0.0
38891_gemini_low_mirror	38891	gemini	gemini_low_mirror	low_mirror	True	gemini	gpt_ai	gpt-5.6-sol		38891.txt		38891_avaliacao_gpt-5.6-sol.md	corpus/04_composicoes_avaliadas/menores_notas_gemini/38891_avaliacao_gpt-5.6-sol.md	corpus/04_composicoes_avaliadas/menores_notas_gemini/38891_avaliacao_gpt-5.6-sol.md	4.5	4.0	5.0	5.0	5.0	5.0	28.5	28.5	0.0
38917_gemini_low_mirror	38917	gemini	gemini_low_mirror	low_mirror	True	gemini	gpt_ai	gpt-5.6-sol		38917.txt		38917_avaliacao_gpt-5.6-sol.md	corpus/04_composicoes_avaliadas/menores_notas_gemini/38917_avaliacao_gpt-5.6-sol.md	corpus/04_composicoes_avaliadas/menores_notas_gemini/38917_avaliacao_gpt-5.6-sol.md	4.0	4.5	5.0	5.0	5.0	4.0	27.5	27.5	0.0
38928_gemini_low_mirror	38928	gemini	gemini_low_mirror	low_mirror	True	gemini	gpt_ai	gpt-5.6-sol		38928.txt		38928_avaliacao_gpt-5.6-sol.md	corpus/04_composicoes_avaliadas/menores_notas_gemini/38928_avaliacao_gpt-5.6-sol.md	corpus/04_composicoes_avaliadas/menores_notas_gemini/38928_avaliacao_gpt-5.6-sol.md	4.5	4.0	5.0	5.0	5.0	5.0	28.5	28.5	0.0
38957_gemini_low_mirror	38957	gemini	gemini_low_mirror	low_mirror	True	gemini	gpt_ai	gpt-5.6-sol		38957.txt		38957_avaliacao_gpt-5.6-sol.md	corpus/04_composicoes_avaliadas/menores_notas_gemini/38957_avaliacao_gpt-5.6-sol.md	corpus/04_composicoes_avaliadas/menores_notas_gemini/38957_avaliacao_gpt-5.6-sol.md	4.0	4.0	4.0	5.0	5.0	5.0	27.0	27.0	0.0
38970_gemini_low_mirror	38970	gemini	gemini_low_mirror	low_mirror	True	gemini	gpt_ai	gpt-5.6-sol		38970.txt		38970_avaliacao_gpt-5.6-sol.md	corpus/04_composicoes_avaliadas/menores_notas_gemini/38970_avaliacao_gpt-5.6-sol.md	corpus/04_composicoes_avaliadas/menores_notas_gemini/38970_avaliacao_gpt-5.6-sol.md	3.5	4.0	5.0	5.0	5.0	5.0	27.5	27.5	0.0
39063_gemini_low_mirror	39063	gemini	gemini_low_mirror	low_mirror	True	gemini	gpt_ai	gpt-5.6-sol		39063.txt		39063_avaliacao_gpt-5.6-sol.md	corpus/04_composicoes_avaliadas/menores_notas_gemini/39063_avaliacao_gpt-5.6-sol.md	corpus/04_composicoes_avaliadas/menores_notas_gemini/39063_avaliacao_gpt-5.6-sol.md	4.0	4.0	5.0	5.0	5.0	5.0	28.0	28.0	0.0
39065_gemini_low_mirror	39065	gemini	gemini_low_mirror	low_mirror	True	gemini	gpt_ai	gpt-5.6-sol		39065.txt		39065_avaliacao_gpt-5.6-sol.md	corpus/04_composicoes_avaliadas/menores_notas_gemini/39065_avaliacao_gpt-5.6-sol.md	corpus/04_composicoes_avaliadas/menores_notas_gemini/39065_avaliacao_gpt-5.6-sol.md	4.0	4.0	5.0	5.0	5.0	5.0	28.0	28.0	0.0
39124_gemini_low_mirror	39124	gemini	gemini_low_mirror	low_mirror	True	gemini	gpt_ai	gpt-5.6-sol		39124.txt		39124_avaliacao_gpt-5.6-sol.md	corpus/04_composicoes_avaliadas/menores_notas_gemini/39124_avaliacao_gpt-5.6-sol.md	corpus/04_composicoes_avaliadas/menores_notas_gemini/39124_avaliacao_gpt-5.6-sol.md	5.0	5.0	4.5	5.0	5.0	5.0	29.5	29.5	0.0
39164_gemini_low_mirror	39164	gemini	gemini_low_mirror	low_mirror	True	gemini	gpt_ai	gpt-5.6-sol		39164.txt		39164_avaliacao_gpt-5.6-sol.md	corpus/04_composicoes_avaliadas/menores_notas_gemini/39164_avaliacao_gpt-5.6-sol.md	corpus/04_composicoes_avaliadas/menores_notas_gemini/39164_avaliacao_gpt-5.6-sol.md	5.0	4.0	5.0	5.0	4.0	5.0	28.0	28.0	0.0
39302_gemini_low_mirror	39302	gemini	gemini_low_mirror	low_mirror	True	gemini	gpt_ai	gpt-5.6-sol		39302.txt		39302_avaliacao_gpt-5.6-sol.md	corpus/04_composicoes_avaliadas/menores_notas_gemini/39302_avaliacao_gpt-5.6-sol.md	corpus/04_composicoes_avaliadas/menores_notas_gemini/39302_avaliacao_gpt-5.6-sol.md	4.5	4.0	5.0	5.0	5.0	4.0	27.5	27.5	0.0
39349_gemini_low_mirror	39349	gemini	gemini_low_mirror	low_mirror	True	gemini	gpt_ai	gpt-5.6-sol		39349.txt		39349_avaliacao_gpt-5.6-sol.md	corpus/04_composicoes_avaliadas/menores_notas_gemini/39349_avaliacao_gpt-5.6-sol.md	corpus/04_composicoes_avaliadas/menores_notas_gemini/39349_avaliacao_gpt-5.6-sol.md	5.0	5.0	5.0	5.0	5.0	5.0	30.0	30.0	0.0
39379_gemini_low_mirror	39379	gemini	gemini_low_mirror	low_mirror	True	gemini	gpt_ai	gpt-5.6-sol		39379.txt		39379_avaliacao_gpt-5.6-sol.md	corpus/04_composicoes_avaliadas/menores_notas_gemini/39379_avaliacao_gpt-5.6-sol.md	corpus/04_composicoes_avaliadas/menores_notas_gemini/39379_avaliacao_gpt-5.6-sol.md	5.0	4.5	5.0	5.0	5.0	5.0	29.5	29.5	0.0
39436_gemini_low_mirror	39436	gemini	gemini_low_mirror	low_mirror	True	gemini	gpt_ai	gpt-5.6-sol		39436.txt		39436_avaliacao_gpt-5.6-sol.md	corpus/04_composicoes_avaliadas/menores_notas_gemini/39436_avaliacao_gpt-5.6-sol.md	corpus/04_composicoes_avaliadas/menores_notas_gemini/39436_avaliacao_gpt-5.6-sol.md	4.0	4.0	5.0	5.0	5.0	5.0	28.0	28.0	0.0
39446_gemini_low_mirror	39446	gemini	gemini_low_mirror	low_mirror	True	gemini	gpt_ai	gpt-5.6-sol		39446.txt		39446_avaliacao_gpt-5.6-sol.md	corpus/04_composicoes_avaliadas/menores_notas_gemini/39446_avaliacao_gpt-5.6-sol.md	corpus/04_composicoes_avaliadas/menores_notas_gemini/39446_avaliacao_gpt-5.6-sol.md	3.0	4.0	5.0	5.0	5.0	5.0	27.0	27.0	0.0
39493_gemini_low_mirror	39493	gemini	gemini_low_mirror	low_mirror	True	gemini	gpt_ai	gpt-5.6-sol		39493.txt		39493_avaliacao_gpt-5.6-sol.md	corpus/04_composicoes_avaliadas/menores_notas_gemini/39493_avaliacao_gpt-5.6-sol.md	corpus/04_composicoes_avaliadas/menores_notas_gemini/39493_avaliacao_gpt-5.6-sol.md	3.5	4.0	5.0	5.0	5.0	5.0	27.5	27.5	0.0
39502_gemini_low_mirror	39502	gemini	gemini_low_mirror	low_mirror	True	gemini	gpt_ai	gpt-5.6-sol		39502.txt		39502_avaliacao_gpt-5.6-sol.md	corpus/04_composicoes_avaliadas/menores_notas_gemini/39502_avaliacao_gpt-5.6-sol.md	corpus/04_composicoes_avaliadas/menores_notas_gemini/39502_avaliacao_gpt-5.6-sol.md	5.0	4.0	5.0	5.0	5.0	5.0	29.0	29.0	0.0
39516_gemini_low_mirror	39516	gemini	gemini_low_mirror	low_mirror	True	gemini	gpt_ai	gpt-5.6-sol		39516.txt		39516_avaliacao_gpt-5.6-sol.md	corpus/04_composicoes_avaliadas/menores_notas_gemini/39516_avaliacao_gpt-5.6-sol.md	corpus/04_composicoes_avaliadas/menores_notas_gemini/39516_avaliacao_gpt-5.6-sol.md	4.0	4.0	5.0	5.0	5.0	5.0	28.0	28.0	0.0
39615_gemini_low_mirror	39615	gemini	gemini_low_mirror	low_mirror	True	gemini	gpt_ai	gpt-5.6-sol		39615.txt		39615_avaliacao_gpt-5.6-sol.md	corpus/04_composicoes_avaliadas/menores_notas_gemini/39615_avaliacao_gpt-5.6-sol.md	corpus/04_composicoes_avaliadas/menores_notas_gemini/39615_avaliacao_gpt-5.6-sol.md	5.0	4.5	5.0	5.0	5.0	5.0	29.5	29.5	0.0
39648_gemini_low_mirror	39648	gemini	gemini_low_mirror	low_mirror	True	gemini	gpt_ai	gpt-5.6-sol		39648.txt		39648_avaliacao_gpt-5.6-sol.md	corpus/04_composicoes_avaliadas/menores_notas_gemini/39648_avaliacao_gpt-5.6-sol.md	corpus/04_composicoes_avaliadas/menores_notas_gemini/39648_avaliacao_gpt-5.6-sol.md	3.5	4.0	5.0	5.0	5.0	5.0	27.5	27.5	0.0
39695_gemini_low_mirror	39695	gemini	gemini_low_mirror	low_mirror	True	gemini	gpt_ai	gpt-5.6-sol		39695.txt		39695_avaliacao_gpt-5.6-sol.md	corpus/04_composicoes_avaliadas/menores_notas_gemini/39695_avaliacao_gpt-5.6-sol.md	corpus/04_composicoes_avaliadas/menores_notas_gemini/39695_avaliacao_gpt-5.6-sol.md	5.0	4.0	5.0	5.0	5.0	5.0	29.0	29.0	0.0
39701_gemini_low_mirror	39701	gemini	gemini_low_mirror	low_mirror	True	gemini	gpt_ai	gpt-5.6-sol		39701.txt		39701_avaliacao_gpt-5.6-sol.md	corpus/04_composicoes_avaliadas/menores_notas_gemini/39701_avaliacao_gpt-5.6-sol.md	corpus/04_composicoes_avaliadas/menores_notas_gemini/39701_avaliacao_gpt-5.6-sol.md	4.0	4.0	5.0	5.0	5.0	5.0	28.0	28.0	0.0
39722_gemini_low_mirror	39722	gemini	gemini_low_mirror	low_mirror	True	gemini	gpt_ai	gpt-5.6-sol		39722.txt		39722_avaliacao_gpt-5.6-sol.md	corpus/04_composicoes_avaliadas/menores_notas_gemini/39722_avaliacao_gpt-5.6-sol.md	corpus/04_composicoes_avaliadas/menores_notas_gemini/39722_avaliacao_gpt-5.6-sol.md	5.0	5.0	5.0	5.0	5.0	5.0	30.0	30.0	0.0
39727_gemini_low_mirror	39727	gemini	gemini_low_mirror	low_mirror	True	gemini	gpt_ai	gpt-5.6-sol		39727.txt		39727_avaliacao_gpt-5.6-sol.md	corpus/04_composicoes_avaliadas/menores_notas_gemini/39727_avaliacao_gpt-5.6-sol.md	corpus/04_composicoes_avaliadas/menores_notas_gemini/39727_avaliacao_gpt-5.6-sol.md	4.0	3.5	5.0	5.0	5.0	5.0	27.5	27.5	0.0
39786_gemini_low_mirror	39786	gemini	gemini_low_mirror	low_mirror	True	gemini	gpt_ai	gpt-5.6-sol		39786.txt		39786_avaliacao_gpt-5.6-sol.md	corpus/04_composicoes_avaliadas/menores_notas_gemini/39786_avaliacao_gpt-5.6-sol.md	corpus/04_composicoes_avaliadas/menores_notas_gemini/39786_avaliacao_gpt-5.6-sol.md	4.0	4.0	5.0	5.0	5.0	5.0	28.0	28.0	0.0
39833_gemini_low_mirror	39833	gemini	gemini_low_mirror	low_mirror	True	gemini	gpt_ai	gpt-5.6-sol		39833.txt		39833_avaliacao_gpt-5.6-sol.md	corpus/04_composicoes_avaliadas/menores_notas_gemini/39833_avaliacao_gpt-5.6-sol.md	corpus/04_composicoes_avaliadas/menores_notas_gemini/39833_avaliacao_gpt-5.6-sol.md	4.0	4.0	5.0	5.0	5.0	4.0	27.0	27.0	0.0
39912_gemini_low_mirror	39912	gemini	gemini_low_mirror	low_mirror	True	gemini	gpt_ai	gpt-5.6-sol		39912.txt		39912_avaliacao_gpt-5.6-sol.md	corpus/04_composicoes_avaliadas/menores_notas_gemini/39912_avaliacao_gpt-5.6-sol.md	corpus/04_composicoes_avaliadas/menores_notas_gemini/39912_avaliacao_gpt-5.6-sol.md	4.5	4.5	4.0	5.0	5.0	5.0	28.0	28.0	0.0
39914_gemini_low_mirror	39914	gemini	gemini_low_mirror	low_mirror	True	gemini	gpt_ai	gpt-5.6-sol		39914.txt		39914_avaliacao_gpt-5.6-sol.md	corpus/04_composicoes_avaliadas/menores_notas_gemini/39914_avaliacao_gpt-5.6-sol.md	corpus/04_composicoes_avaliadas/menores_notas_gemini/39914_avaliacao_gpt-5.6-sol.md	5.0	4.0	5.0	5.0	5.0	5.0	29.0	29.0	0.0
39956_gemini_low_mirror	39956	gemini	gemini_low_mirror	low_mirror	True	gemini	gpt_ai	gpt-5.6-sol		39956.txt		39956_avaliacao_gpt-5.6-sol.md	corpus/04_composicoes_avaliadas/menores_notas_gemini/39956_avaliacao_gpt-5.6-sol.md	corpus/04_composicoes_avaliadas/menores_notas_gemini/39956_avaliacao_gpt-5.6-sol.md	4.0	4.0	5.0	5.0	5.0	5.0	28.0	28.0	0.0
39985_gemini_low_mirror	39985	gemini	gemini_low_mirror	low_mirror	True	gemini	gpt_ai	gpt-5.6-sol		39985.txt		39985_avaliacao_gpt-5.6-sol.md	corpus/04_composicoes_avaliadas/menores_notas_gemini/39985_avaliacao_gpt-5.6-sol.md	corpus/04_composicoes_avaliadas/menores_notas_gemini/39985_avaliacao_gpt-5.6-sol.md	5.0	5.0	5.0	5.0	5.0	5.0	30.0	30.0	0.0
40126_gemini_low_mirror	40126	gemini	gemini_low_mirror	low_mirror	True	gemini	gpt_ai	gpt-5.6-sol		40126.txt		40126_avaliacao_gpt-5.6-sol.md	corpus/04_composicoes_avaliadas/menores_notas_gemini/40126_avaliacao_gpt-5.6-sol.md	corpus/04_composicoes_avaliadas/menores_notas_gemini/40126_avaliacao_gpt-5.6-sol.md	5.0	4.0	5.0	5.0	5.0	5.0	29.0	29.0	0.0
40256_gemini_low_mirror	40256	gemini	gemini_low_mirror	low_mirror	True	gemini	gpt_ai	gpt-5.6-sol		40256.txt		40256_avaliacao_gpt-5.6-sol.md	corpus/04_composicoes_avaliadas/menores_notas_gemini/40256_avaliacao_gpt-5.6-sol.md	corpus/04_composicoes_avaliadas/menores_notas_gemini/40256_avaliacao_gpt-5.6-sol.md	4.0	4.0	5.0	5.0	5.0	5.0	28.0	28.0	0.0
40270_gemini_low_mirror	40270	gemini	gemini_low_mirror	low_mirror	True	gemini	gpt_ai	gpt-5.6-sol		40270.txt		40270_avaliacao_gpt-5.6-sol.md	corpus/04_composicoes_avaliadas/menores_notas_gemini/40270_avaliacao_gpt-5.6-sol.md	corpus/04_composicoes_avaliadas/menores_notas_gemini/40270_avaliacao_gpt-5.6-sol.md	5.0	4.5	5.0	5.0	5.0	5.0	29.5	29.5	0.0
40362_gemini_low_mirror	40362	gemini	gemini_low_mirror	low_mirror	True	gemini	gpt_ai	gpt-5.6-sol		40362.txt		40362_avaliacao_gpt-5.6-sol.md	corpus/04_composicoes_avaliadas/menores_notas_gemini/40362_avaliacao_gpt-5.6-sol.md	corpus/04_composicoes_avaliadas/menores_notas_gemini/40362_avaliacao_gpt-5.6-sol.md	4.5	4.0	5.0	5.0	5.0	5.0	28.5	28.5	0.0
40368_gemini_low_mirror	40368	gemini	gemini_low_mirror	low_mirror	True	gemini	gpt_ai	gpt-5.6-sol		40368.txt		40368_avaliacao_gpt-5.6-sol.md	corpus/04_composicoes_avaliadas/menores_notas_gemini/40368_avaliacao_gpt-5.6-sol.md	corpus/04_composicoes_avaliadas/menores_notas_gemini/40368_avaliacao_gpt-5.6-sol.md	5.0	4.5	5.0	5.0	5.0	4.5	29.0	29.0	0.0
40426_gemini_low_mirror	40426	gemini	gemini_low_mirror	low_mirror	True	gemini	gpt_ai	gpt-5.6-sol		40426.txt		40426_avaliacao_gpt-5.6-sol.md	corpus/04_composicoes_avaliadas/menores_notas_gemini/40426_avaliacao_gpt-5.6-sol.md	corpus/04_composicoes_avaliadas/menores_notas_gemini/40426_avaliacao_gpt-5.6-sol.md	4.0	4.0	5.0	5.0	5.0	5.0	28.0	28.0	0.0
40461_gemini_low_mirror	40461	gemini	gemini_low_mirror	low_mirror	True	gemini	gpt_ai	gpt-5.6-sol		40461.txt		40461_avaliacao_gpt-5.6-sol.md	corpus/04_composicoes_avaliadas/menores_notas_gemini/40461_avaliacao_gpt-5.6-sol.md	corpus/04_composicoes_avaliadas/menores_notas_gemini/40461_avaliacao_gpt-5.6-sol.md	5.0	5.0	5.0	5.0	5.0	5.0	30.0	30.0	0.0
40496_gemini_low_mirror	40496	gemini	gemini_low_mirror	low_mirror	True	gemini	gpt_ai	gpt-5.6-sol		40496.txt		40496_avaliacao_gpt-5.6-sol.md	corpus/04_composicoes_avaliadas/menores_notas_gemini/40496_avaliacao_gpt-5.6-sol.md	corpus/04_composicoes_avaliadas/menores_notas_gemini/40496_avaliacao_gpt-5.6-sol.md	5.0	4.5	5.0	5.0	5.0	5.0	29.5	29.5	0.0
40523_gemini_low_mirror	40523	gemini	gemini_low_mirror	low_mirror	True	gemini	gpt_ai	gpt-5.6-sol		40523.txt		40523_avaliacao_gpt-5.6-sol.md	corpus/04_composicoes_avaliadas/menores_notas_gemini/40523_avaliacao_gpt-5.6-sol.md	corpus/04_composicoes_avaliadas/menores_notas_gemini/40523_avaliacao_gpt-5.6-sol.md	5.0	4.0	5.0	5.0	5.0	5.0	29.0	29.0	0.0
40617_gemini_low_mirror	40617	gemini	gemini_low_mirror	low_mirror	True	gemini	gpt_ai	gpt-5.6-sol		40617.txt		40617_avaliacao_gpt-5.6-sol.md	corpus/04_composicoes_avaliadas/menores_notas_gemini/40617_avaliacao_gpt-5.6-sol.md	corpus/04_composicoes_avaliadas/menores_notas_gemini/40617_avaliacao_gpt-5.6-sol.md	5.0	4.5	3.5	5.0	5.0	4.0	27.0	27.0	0.0
40688_gemini_low_mirror	40688	gemini	gemini_low_mirror	low_mirror	True	gemini	gpt_ai	gpt-5.6-sol		40688.txt		40688_avaliacao_gpt-5.6-sol.md	corpus/04_composicoes_avaliadas/menores_notas_gemini/40688_avaliacao_gpt-5.6-sol.md	corpus/04_composicoes_avaliadas/menores_notas_gemini/40688_avaliacao_gpt-5.6-sol.md	4.0	4.0	5.0	5.0	5.0	4.0	27.0	27.0	0.0
40690_gemini_low_mirror	40690	gemini	gemini_low_mirror	low_mirror	True	gemini	gpt_ai	gpt-5.6-sol		40690.txt		40690_avaliacao_gpt-5.6-sol.md	corpus/04_composicoes_avaliadas/menores_notas_gemini/40690_avaliacao_gpt-5.6-sol.md	corpus/04_composicoes_avaliadas/menores_notas_gemini/40690_avaliacao_gpt-5.6-sol.md	4.0	4.0	5.0	5.0	5.0	5.0	28.0	28.0	0.0
40765_gemini_low_mirror	40765	gemini	gemini_low_mirror	low_mirror	True	gemini	gpt_ai	gpt-5.6-sol		40765.txt		40765_avaliacao_gpt-5.6-sol.md	corpus/04_composicoes_avaliadas/menores_notas_gemini/40765_avaliacao_gpt-5.6-sol.md	corpus/04_composicoes_avaliadas/menores_notas_gemini/40765_avaliacao_gpt-5.6-sol.md	5.0	4.5	5.0	5.0	5.0	5.0	29.5	29.5	0.0
40803_gemini_low_mirror	40803	gemini	gemini_low_mirror	low_mirror	True	gemini	gpt_ai	gpt-5.6-sol		40803.txt		40803_avaliacao_gpt-5.6-sol.md	corpus/04_composicoes_avaliadas/menores_notas_gemini/40803_avaliacao_gpt-5.6-sol.md	corpus/04_composicoes_avaliadas/menores_notas_gemini/40803_avaliacao_gpt-5.6-sol.md	4.5	4.0	5.0	5.0	5.0	5.0	28.5	28.5	0.0
40865_gemini_low_mirror	40865	gemini	gemini_low_mirror	low_mirror	True	gemini	gpt_ai	gpt-5.6-sol		40865.txt		40865_avaliacao_gpt-5.6-sol.md	corpus/04_composicoes_avaliadas/menores_notas_gemini/40865_avaliacao_gpt-5.6-sol.md	corpus/04_composicoes_avaliadas/menores_notas_gemini/40865_avaliacao_gpt-5.6-sol.md	4.5	5.0	5.0	5.0	5.0	5.0	29.5	29.5	0.0
40869_gemini_low_mirror	40869	gemini	gemini_low_mirror	low_mirror	True	gemini	gpt_ai	gpt-5.6-sol		40869.txt		40869_avaliacao_gpt-5.6-sol.md	corpus/04_composicoes_avaliadas/menores_notas_gemini/40869_avaliacao_gpt-5.6-sol.md	corpus/04_composicoes_avaliadas/menores_notas_gemini/40869_avaliacao_gpt-5.6-sol.md	4.0	4.0	5.0	5.0	5.0	5.0	28.0	28.0	0.0
40887_gemini_low_mirror	40887	gemini	gemini_low_mirror	low_mirror	True	gemini	gpt_ai	gpt-5.6-sol		40887.txt		40887_avaliacao_gpt-5.6-sol.md	corpus/04_composicoes_avaliadas/menores_notas_gemini/40887_avaliacao_gpt-5.6-sol.md	corpus/04_composicoes_avaliadas/menores_notas_gemini/40887_avaliacao_gpt-5.6-sol.md	5.0	4.0	5.0	5.0	5.0	4.0	28.0	28.0	0.0
40898_gemini_low_mirror	40898	gemini	gemini_low_mirror	low_mirror	True	gemini	gpt_ai	gpt-5.6-sol		40898.txt		40898_avaliacao_gpt-5.6-sol.md	corpus/04_composicoes_avaliadas/menores_notas_gemini/40898_avaliacao_gpt-5.6-sol.md	corpus/04_composicoes_avaliadas/menores_notas_gemini/40898_avaliacao_gpt-5.6-sol.md	5.0	4.0	5.0	5.0	5.0	5.0	29.0	29.0	0.0
40906_gemini_low_mirror	40906	gemini	gemini_low_mirror	low_mirror	True	gemini	gpt_ai	gpt-5.6-sol		40906.txt		40906_avaliacao_gpt-5.6-sol.md	corpus/04_composicoes_avaliadas/menores_notas_gemini/40906_avaliacao_gpt-5.6-sol.md	corpus/04_composicoes_avaliadas/menores_notas_gemini/40906_avaliacao_gpt-5.6-sol.md	5.0	4.0	5.0	5.0	5.0	5.0	29.0	29.0	0.0
40926_gemini_low_mirror	40926	gemini	gemini_low_mirror	low_mirror	True	gemini	gpt_ai	gpt-5.6-sol		40926.txt		40926_avaliacao_gpt-5.6-sol.md	corpus/04_composicoes_avaliadas/menores_notas_gemini/40926_avaliacao_gpt-5.6-sol.md	corpus/04_composicoes_avaliadas/menores_notas_gemini/40926_avaliacao_gpt-5.6-sol.md	5.0	5.0	5.0	5.0	5.0	5.0	30.0	30.0	0.0
40929_gemini_low_mirror	40929	gemini	gemini_low_mirror	low_mirror	True	gemini	gpt_ai	gpt-5.6-sol		40929.txt		40929_avaliacao_gpt-5.6-sol.md	corpus/04_composicoes_avaliadas/menores_notas_gemini/40929_avaliacao_gpt-5.6-sol.md	corpus/04_composicoes_avaliadas/menores_notas_gemini/40929_avaliacao_gpt-5.6-sol.md	4.5	4.5	4.5	5.0	5.0	5.0	28.5	28.5	0.0
40978_gemini_low_mirror	40978	gemini	gemini_low_mirror	low_mirror	True	gemini	gpt_ai	gpt-5.6-sol		40978.txt		40978_avaliacao_gpt-5.6-sol.md	corpus/04_composicoes_avaliadas/menores_notas_gemini/40978_avaliacao_gpt-5.6-sol.md	corpus/04_composicoes_avaliadas/menores_notas_gemini/40978_avaliacao_gpt-5.6-sol.md	5.0	5.0	5.0	5.0	5.0	5.0	30.0	30.0	0.0
41011_gemini_low_mirror	41011	gemini	gemini_low_mirror	low_mirror	True	gemini	gpt_ai	gpt-5.6-sol		41011.txt		41011_avaliacao_gpt-5.6-sol.md	corpus/04_composicoes_avaliadas/menores_notas_gemini/41011_avaliacao_gpt-5.6-sol.md	corpus/04_composicoes_avaliadas/menores_notas_gemini/41011_avaliacao_gpt-5.6-sol.md	4.5	4.0	5.0	5.0	5.0	5.0	28.5	28.5	0.0
41093_gemini_low_mirror	41093	gemini	gemini_low_mirror	low_mirror	True	gemini	gpt_ai	gpt-5.6-sol		41093.txt		41093_avaliacao_gpt-5.6-sol.md	corpus/04_composicoes_avaliadas/menores_notas_gemini/41093_avaliacao_gpt-5.6-sol.md	corpus/04_composicoes_avaliadas/menores_notas_gemini/41093_avaliacao_gpt-5.6-sol.md	4.5	4.0	5.0	5.0	5.0	5.0	28.5	28.5	0.0
41096_gemini_low_mirror	41096	gemini	gemini_low_mirror	low_mirror	True	gemini	gpt_ai	gpt-5.6-sol		41096.txt		41096_avaliacao_gpt-5.6-sol.md	corpus/04_composicoes_avaliadas/menores_notas_gemini/41096_avaliacao_gpt-5.6-sol.md	corpus/04_composicoes_avaliadas/menores_notas_gemini/41096_avaliacao_gpt-5.6-sol.md	5.0	5.0	5.0	5.0	5.0	5.0	30.0	30.0	0.0
45044_gemini_low_mirror	45044	gemini	gemini_low_mirror	low_mirror	True	gemini	gpt_ai	gpt-5.6-sol		45044.txt		45044_avaliacao_gpt-5.6-sol.md	corpus/04_composicoes_avaliadas/menores_notas_gemini/45044_avaliacao_gpt-5.6-sol.md	corpus/04_composicoes_avaliadas/menores_notas_gemini/45044_avaliacao_gpt-5.6-sol.md	4.0	4.0	5.0	5.0	5.0	5.0	28.0	28.0	0.0
45075_gemini_low_mirror	45075	gemini	gemini_low_mirror	low_mirror	True	gemini	gpt_ai	gpt-5.6-sol		45075.txt		45075_avaliacao_gpt-5.6-sol.md	corpus/04_composicoes_avaliadas/menores_notas_gemini/45075_avaliacao_gpt-5.6-sol.md	corpus/04_composicoes_avaliadas/menores_notas_gemini/45075_avaliacao_gpt-5.6-sol.md	3.0	4.0	5.0	5.0	5.0	5.0	27.0	27.0	0.0
45078_gemini_low_mirror	45078	gemini	gemini_low_mirror	low_mirror	True	gemini	gpt_ai	gpt-5.6-sol		45078.txt		45078_avaliacao_gpt-5.6-sol.md	corpus/04_composicoes_avaliadas/menores_notas_gemini/45078_avaliacao_gpt-5.6-sol.md	corpus/04_composicoes_avaliadas/menores_notas_gemini/45078_avaliacao_gpt-5.6-sol.md	5.0	4.5	5.0	5.0	5.0	5.0	29.5	29.5	0.0
45124_gemini_low_mirror	45124	gemini	gemini_low_mirror	low_mirror	True	gemini	gpt_ai	gpt-5.6-sol		45124.txt		45124_avaliacao_gpt-5.6-sol.md	corpus/04_composicoes_avaliadas/menores_notas_gemini/45124_avaliacao_gpt-5.6-sol.md	corpus/04_composicoes_avaliadas/menores_notas_gemini/45124_avaliacao_gpt-5.6-sol.md	3.5	4.0	5.0	5.0	5.0	5.0	27.5	27.5	0.0
45241_gemini_low_mirror	45241	gemini	gemini_low_mirror	low_mirror	True	gemini	gpt_ai	gpt-5.6-sol		45241.txt		45241_avaliacao_gpt-5.6-sol.md	corpus/04_composicoes_avaliadas/menores_notas_gemini/45241_avaliacao_gpt-5.6-sol.md	corpus/04_composicoes_avaliadas/menores_notas_gemini/45241_avaliacao_gpt-5.6-sol.md	4.0	5.0	5.0	5.0	5.0	5.0	29.0	29.0	0.0
45268_gemini_low_mirror	45268	gemini	gemini_low_mirror	low_mirror	True	gemini	gpt_ai	gpt-5.6-sol		45268.txt		45268_avaliacao_gpt-5.6-sol.md	corpus/04_composicoes_avaliadas/menores_notas_gemini/45268_avaliacao_gpt-5.6-sol.md	corpus/04_composicoes_avaliadas/menores_notas_gemini/45268_avaliacao_gpt-5.6-sol.md	5.0	4.0	5.0	5.0	5.0	5.0	29.0	29.0	0.0
45357_gemini_low_mirror	45357	gemini	gemini_low_mirror	low_mirror	True	gemini	gpt_ai	gpt-5.6-sol		45357.txt		45357_avaliacao_gpt-5.6-sol.md	corpus/04_composicoes_avaliadas/menores_notas_gemini/45357_avaliacao_gpt-5.6-sol.md	corpus/04_composicoes_avaliadas/menores_notas_gemini/45357_avaliacao_gpt-5.6-sol.md	5.0	4.5	5.0	5.0	5.0	5.0	29.5	29.5	0.0
45389_gemini_low_mirror	45389	gemini	gemini_low_mirror	low_mirror	True	gemini	gpt_ai	gpt-5.6-sol		45389.txt		45389_avaliacao_gpt-5.6-sol.md	corpus/04_composicoes_avaliadas/menores_notas_gemini/45389_avaliacao_gpt-5.6-sol.md	corpus/04_composicoes_avaliadas/menores_notas_gemini/45389_avaliacao_gpt-5.6-sol.md	5.0	5.0	5.0	5.0	5.0	5.0	30.0	30.0	0.0
45519_gemini_low_mirror	45519	gemini	gemini_low_mirror	low_mirror	True	gemini	gpt_ai	gpt-5.6-sol		45519.txt		45519_avaliacao_gpt-5.6-sol.md	corpus/04_composicoes_avaliadas/menores_notas_gemini/45519_avaliacao_gpt-5.6-sol.md	corpus/04_composicoes_avaliadas/menores_notas_gemini/45519_avaliacao_gpt-5.6-sol.md	3.5	4.0	5.0	5.0	5.0	5.0	27.5	27.5	0.0
45531_gemini_low_mirror	45531	gemini	gemini_low_mirror	low_mirror	True	gemini	gpt_ai	gpt-5.6-sol		45531.txt		45531_avaliacao_gpt-5.6-sol.md	corpus/04_composicoes_avaliadas/menores_notas_gemini/45531_avaliacao_gpt-5.6-sol.md	corpus/04_composicoes_avaliadas/menores_notas_gemini/45531_avaliacao_gpt-5.6-sol.md	5.0	4.0	5.0	5.0	5.0	4.0	28.0	28.0	0.0
45638_gemini_low_mirror	45638	gemini	gemini_low_mirror	low_mirror	True	gemini	gpt_ai	gpt-5.6-sol		45638.txt		45638_avaliacao_gpt-5.6-sol.md	corpus/04_composicoes_avaliadas/menores_notas_gemini/45638_avaliacao_gpt-5.6-sol.md	corpus/04_composicoes_avaliadas/menores_notas_gemini/45638_avaliacao_gpt-5.6-sol.md	4.5	4.5	5.0	5.0	5.0	5.0	29.0	29.0	0.0
45667_gemini_low_mirror	45667	gemini	gemini_low_mirror	low_mirror	True	gemini	gpt_ai	gpt-5.6-sol		45667.txt		45667_avaliacao_gpt-5.6-sol.md	corpus/04_composicoes_avaliadas/menores_notas_gemini/45667_avaliacao_gpt-5.6-sol.md	corpus/04_composicoes_avaliadas/menores_notas_gemini/45667_avaliacao_gpt-5.6-sol.md	5.0	4.5	5.0	5.0	5.0	5.0	29.5	29.5	0.0
45746_gemini_low_mirror	45746	gemini	gemini_low_mirror	low_mirror	True	gemini	gpt_ai	gpt-5.6-sol		45746.txt		45746_avaliacao_gpt-5.6-sol.md	corpus/04_composicoes_avaliadas/menores_notas_gemini/45746_avaliacao_gpt-5.6-sol.md	corpus/04_composicoes_avaliadas/menores_notas_gemini/45746_avaliacao_gpt-5.6-sol.md	3.5	4.0	5.0	5.0	5.0	5.0	27.5	27.5	0.0
45996_gemini_low_mirror	45996	gemini	gemini_low_mirror	low_mirror	True	gemini	gpt_ai	gpt-5.6-sol		45996.txt		45996_avaliacao_gpt-5.6-sol.md	corpus/04_composicoes_avaliadas/menores_notas_gemini/45996_avaliacao_gpt-5.6-sol.md	corpus/04_composicoes_avaliadas/menores_notas_gemini/45996_avaliacao_gpt-5.6-sol.md	5.0	4.5	5.0	5.0	5.0	5.0	29.5	29.5	0.0
46034_gemini_low_mirror	46034	gemini	gemini_low_mirror	low_mirror	True	gemini	gpt_ai	gpt-5.6-sol		46034.txt		46034_avaliacao_gpt-5.6-sol.md	corpus/04_composicoes_avaliadas/menores_notas_gemini/46034_avaliacao_gpt-5.6-sol.md	corpus/04_composicoes_avaliadas/menores_notas_gemini/46034_avaliacao_gpt-5.6-sol.md	5.0	5.0	5.0	5.0	5.0	5.0	30.0	30.0	0.0
46108_gemini_low_mirror	46108	gemini	gemini_low_mirror	low_mirror	True	gemini	gpt_ai	gpt-5.6-sol		46108.txt		46108_avaliacao_gpt-5.6-sol.md	corpus/04_composicoes_avaliadas/menores_notas_gemini/46108_avaliacao_gpt-5.6-sol.md	corpus/04_composicoes_avaliadas/menores_notas_gemini/46108_avaliacao_gpt-5.6-sol.md	4.5	4.0	5.0	5.0	5.0	5.0	28.5	28.5	0.0
46249_gemini_low_mirror	46249	gemini	gemini_low_mirror	low_mirror	True	gemini	gpt_ai	gpt-5.6-sol		46249.txt		46249_avaliacao_gpt-5.6-sol.md	corpus/04_composicoes_avaliadas/menores_notas_gemini/46249_avaliacao_gpt-5.6-sol.md	corpus/04_composicoes_avaliadas/menores_notas_gemini/46249_avaliacao_gpt-5.6-sol.md	5.0	4.0	5.0	5.0	5.0	5.0	29.0	29.0	0.0
46255_gemini_low_mirror	46255	gemini	gemini_low_mirror	low_mirror	True	gemini	gpt_ai	gpt-5.6-sol		46255.txt		46255_avaliacao_gpt-5.6-sol.md	corpus/04_composicoes_avaliadas/menores_notas_gemini/46255_avaliacao_gpt-5.6-sol.md	corpus/04_composicoes_avaliadas/menores_notas_gemini/46255_avaliacao_gpt-5.6-sol.md	5.0	5.0	5.0	5.0	5.0	5.0	30.0	30.0	0.0
46273_gemini_low_mirror	46273	gemini	gemini_low_mirror	low_mirror	True	gemini	gpt_ai	gpt-5.6-sol		46273.txt		46273_avaliacao_gpt-5.6-sol.md	corpus/04_composicoes_avaliadas/menores_notas_gemini/46273_avaliacao_gpt-5.6-sol.md	corpus/04_composicoes_avaliadas/menores_notas_gemini/46273_avaliacao_gpt-5.6-sol.md	5.0	4.0	5.0	5.0	5.0	5.0	29.0	29.0	0.0
46276_gemini_low_mirror	46276	gemini	gemini_low_mirror	low_mirror	True	gemini	gpt_ai	gpt-5.6-sol		46276.txt		46276_avaliacao_gpt-5.6-sol.md	corpus/04_composicoes_avaliadas/menores_notas_gemini/46276_avaliacao_gpt-5.6-sol.md	corpus/04_composicoes_avaliadas/menores_notas_gemini/46276_avaliacao_gpt-5.6-sol.md	5.0	5.0	5.0	5.0	5.0	5.0	30.0	30.0	0.0
46288_gemini_low_mirror	46288	gemini	gemini_low_mirror	low_mirror	True	gemini	gpt_ai	gpt-5.6-sol		46288.txt		46288_avaliacao_gpt-5.6-sol.md	corpus/04_composicoes_avaliadas/menores_notas_gemini/46288_avaliacao_gpt-5.6-sol.md	corpus/04_composicoes_avaliadas/menores_notas_gemini/46288_avaliacao_gpt-5.6-sol.md	4.5	4.5	5.0	5.0	5.0	5.0	29.0	29.0	0.0
46290_gemini_low_mirror	46290	gemini	gemini_low_mirror	low_mirror	True	gemini	gpt_ai	gpt-5.6-sol		46290.txt		46290_avaliacao_gpt-5.6-sol.md	corpus/04_composicoes_avaliadas/menores_notas_gemini/46290_avaliacao_gpt-5.6-sol.md	corpus/04_composicoes_avaliadas/menores_notas_gemini/46290_avaliacao_gpt-5.6-sol.md	4.5	4.0	5.0	5.0	5.0	5.0	28.5	28.5	0.0
46626_gemini_low_mirror	46626	gemini	gemini_low_mirror	low_mirror	True	gemini	gpt_ai	gpt-5.6-sol		46626.txt		46626_avaliacao_gpt-5.6-sol.md	corpus/04_composicoes_avaliadas/menores_notas_gemini/46626_avaliacao_gpt-5.6-sol.md	corpus/04_composicoes_avaliadas/menores_notas_gemini/46626_avaliacao_gpt-5.6-sol.md	4.0	3.0	5.0	5.0	5.0	4.0	26.0	26.0	0.0
46687_gemini_low_mirror	46687	gemini	gemini_low_mirror	low_mirror	True	gemini	gpt_ai	gpt-5.6-sol		46687.txt		46687_avaliacao_gpt-5.6-sol.md	corpus/04_composicoes_avaliadas/menores_notas_gemini/46687_avaliacao_gpt-5.6-sol.md	corpus/04_composicoes_avaliadas/menores_notas_gemini/46687_avaliacao_gpt-5.6-sol.md	5.0	4.5	5.0	5.0	5.0	5.0	29.5	29.5	0.0
46699_gemini_low_mirror	46699	gemini	gemini_low_mirror	low_mirror	True	gemini	gpt_ai	gpt-5.6-sol		46699.txt		46699_avaliacao_gpt-5.6-sol.md	corpus/04_composicoes_avaliadas/menores_notas_gemini/46699_avaliacao_gpt-5.6-sol.md	corpus/04_composicoes_avaliadas/menores_notas_gemini/46699_avaliacao_gpt-5.6-sol.md	5.0	5.0	5.0	5.0	5.0	5.0	30.0	30.0	0.0
46705_gemini_low_mirror	46705	gemini	gemini_low_mirror	low_mirror	True	gemini	gpt_ai	gpt-5.6-sol		46705.txt		46705_avaliacao_gpt-5.6-sol.md	corpus/04_composicoes_avaliadas/menores_notas_gemini/46705_avaliacao_gpt-5.6-sol.md	corpus/04_composicoes_avaliadas/menores_notas_gemini/46705_avaliacao_gpt-5.6-sol.md	5.0	4.0	5.0	5.0	5.0	5.0	29.0	29.0	0.0
46724_gemini_low_mirror	46724	gemini	gemini_low_mirror	low_mirror	True	gemini	gpt_ai	gpt-5.6-sol		46724.txt		46724_avaliacao_gpt-5.6-sol.md	corpus/04_composicoes_avaliadas/menores_notas_gemini/46724_avaliacao_gpt-5.6-sol.md	corpus/04_composicoes_avaliadas/menores_notas_gemini/46724_avaliacao_gpt-5.6-sol.md	5.0	5.0	5.0	5.0	5.0	5.0	30.0	30.0	0.0
46743_gemini_low_mirror	46743	gemini	gemini_low_mirror	low_mirror	True	gemini	gpt_ai	gpt-5.6-sol		46743.txt		46743_avaliacao_gpt-5.6-sol.md	corpus/04_composicoes_avaliadas/menores_notas_gemini/46743_avaliacao_gpt-5.6-sol.md	corpus/04_composicoes_avaliadas/menores_notas_gemini/46743_avaliacao_gpt-5.6-sol.md	3.0	4.0	5.0	5.0	5.0	5.0	27.0	27.0	0.0
46946_gemini_low_mirror	46946	gemini	gemini_low_mirror	low_mirror	True	gemini	gpt_ai	gpt-5.6-sol		46946.txt		46946_avaliacao_gpt-5.6-sol.md	corpus/04_composicoes_avaliadas/menores_notas_gemini/46946_avaliacao_gpt-5.6-sol.md	corpus/04_composicoes_avaliadas/menores_notas_gemini/46946_avaliacao_gpt-5.6-sol.md	4.0	4.0	5.0	5.0	5.0	4.0	27.0	27.0	0.0
47010_gemini_low_mirror	47010	gemini	gemini_low_mirror	low_mirror	True	gemini	gpt_ai	gpt-5.6-sol		47010.txt		47010_avaliacao_gpt-5.6-sol.md	corpus/04_composicoes_avaliadas/menores_notas_gemini/47010_avaliacao_gpt-5.6-sol.md	corpus/04_composicoes_avaliadas/menores_notas_gemini/47010_avaliacao_gpt-5.6-sol.md	4.5	4.0	5.0	5.0	5.0	5.0	28.5	28.5	0.0
47046_gemini_low_mirror	47046	gemini	gemini_low_mirror	low_mirror	True	gemini	gpt_ai	gpt-5.6-sol		47046.txt		47046_avaliacao_gpt-5.6-sol.md	corpus/04_composicoes_avaliadas/menores_notas_gemini/47046_avaliacao_gpt-5.6-sol.md	corpus/04_composicoes_avaliadas/menores_notas_gemini/47046_avaliacao_gpt-5.6-sol.md	3.5	4.0	5.0	5.0	5.0	5.0	27.5	27.5	0.0
47068_gemini_low_mirror	47068	gemini	gemini_low_mirror	low_mirror	True	gemini	gpt_ai	gpt-5.6-sol		47068.txt		47068_avaliacao_gpt-5.6-sol.md	corpus/04_composicoes_avaliadas/menores_notas_gemini/47068_avaliacao_gpt-5.6-sol.md	corpus/04_composicoes_avaliadas/menores_notas_gemini/47068_avaliacao_gpt-5.6-sol.md	3.5	3.5	5.0	4.5	5.0	4.5	26.0	26.0	0.0
47123_gemini_low_mirror	47123	gemini	gemini_low_mirror	low_mirror	True	gemini	gpt_ai	gpt-5.6-sol		47123.txt		47123_avaliacao_gpt-5.6-sol.md	corpus/04_composicoes_avaliadas/menores_notas_gemini/47123_avaliacao_gpt-5.6-sol.md	corpus/04_composicoes_avaliadas/menores_notas_gemini/47123_avaliacao_gpt-5.6-sol.md	5.0	5.0	5.0	5.0	5.0	4.0	29.0	29.0	0.0
32610_gpt_low_mirror	32610	gpt	gpt_low_mirror	low_mirror	True	gpt	gpt_ai	gpt-5.6-sol		32610.txt		32610_avaliacao_gpt-5.6-sol.md	corpus/04_composicoes_avaliadas/menores_notas_gpt/32610_avaliacao_gpt-5.6-sol.md	corpus/04_composicoes_avaliadas/menores_notas_gpt/32610_avaliacao_gpt-5.6-sol.md	5.0	4.0	5.0	5.0	5.0	5.0	29.0	29.0	0.0
32674_gpt_low_mirror	32674	gpt	gpt_low_mirror	low_mirror	True	gpt	gpt_ai	gpt-5.6-sol		32674.txt		32674_avaliacao_gpt-5.6-sol.md	corpus/04_composicoes_avaliadas/menores_notas_gpt/32674_avaliacao_gpt-5.6-sol.md	corpus/04_composicoes_avaliadas/menores_notas_gpt/32674_avaliacao_gpt-5.6-sol.md	5.0	4.0	5.0	5.0	5.0	5.0	29.0	29.0	0.0
32714_gpt_low_mirror	32714	gpt	gpt_low_mirror	low_mirror	True	gpt	gpt_ai	gpt-5.6-sol		32714.txt		32714_avaliacao_gpt-5.6-sol.md	corpus/04_composicoes_avaliadas/menores_notas_gpt/32714_avaliacao_gpt-5.6-sol.md	corpus/04_composicoes_avaliadas/menores_notas_gpt/32714_avaliacao_gpt-5.6-sol.md	5.0	4.0	5.0	5.0	5.0	5.0	29.0	29.0	0.0
32733_gpt_low_mirror	32733	gpt	gpt_low_mirror	low_mirror	True	gpt	gpt_ai	gpt-5.6-sol		32733.txt		32733_avaliacao_gpt-5.6-sol.md	corpus/04_composicoes_avaliadas/menores_notas_gpt/32733_avaliacao_gpt-5.6-sol.md	corpus/04_composicoes_avaliadas/menores_notas_gpt/32733_avaliacao_gpt-5.6-sol.md	5.0	5.0	5.0	5.0	5.0	5.0	30.0	30.0	0.0
32749_gpt_low_mirror	32749	gpt	gpt_low_mirror	low_mirror	True	gpt	gpt_ai	gpt-5.6-sol		32749.txt		32749_avaliacao_gpt-5.6-sol.md	corpus/04_composicoes_avaliadas/menores_notas_gpt/32749_avaliacao_gpt-5.6-sol.md	corpus/04_composicoes_avaliadas/menores_notas_gpt/32749_avaliacao_gpt-5.6-sol.md	5.0	4.0	5.0	5.0	5.0	5.0	29.0	29.0	0.0
32755_gpt_low_mirror	32755	gpt	gpt_low_mirror	low_mirror	True	gpt	gpt_ai	gpt-5.6-sol		32755.txt		32755_avaliacao_gpt-5.6-sol.md	corpus/04_composicoes_avaliadas/menores_notas_gpt/32755_avaliacao_gpt-5.6-sol.md	corpus/04_composicoes_avaliadas/menores_notas_gpt/32755_avaliacao_gpt-5.6-sol.md	5.0	5.0	5.0	5.0	5.0	5.0	30.0	30.0	0.0
32782_gpt_low_mirror	32782	gpt	gpt_low_mirror	low_mirror	True	gpt	gpt_ai	gpt-5.6-sol		32782.txt		32782_avaliacao_gpt-5.6-sol.md	corpus/04_composicoes_avaliadas/menores_notas_gpt/32782_avaliacao_gpt-5.6-sol.md	corpus/04_composicoes_avaliadas/menores_notas_gpt/32782_avaliacao_gpt-5.6-sol.md	5.0	5.0	5.0	5.0	5.0	5.0	30.0	30.0	0.0
32792_gpt_low_mirror	32792	gpt	gpt_low_mirror	low_mirror	True	gpt	gpt_ai	gpt-5.6-sol		32792.txt		32792_avaliacao_gpt-5.6-sol.md	corpus/04_composicoes_avaliadas/menores_notas_gpt/32792_avaliacao_gpt-5.6-sol.md	corpus/04_composicoes_avaliadas/menores_notas_gpt/32792_avaliacao_gpt-5.6-sol.md	5.0	5.0	5.0	5.0	5.0	5.0	30.0	30.0	0.0
32860_gpt_low_mirror	32860	gpt	gpt_low_mirror	low_mirror	True	gpt	gpt_ai	gpt-5.6-sol		32860.txt		32860_avaliacao_gpt-5.6-sol.md	corpus/04_composicoes_avaliadas/menores_notas_gpt/32860_avaliacao_gpt-5.6-sol.md	corpus/04_composicoes_avaliadas/menores_notas_gpt/32860_avaliacao_gpt-5.6-sol.md	5.0	5.0	5.0	5.0	5.0	5.0	30.0	30.0	0.0
33167_gpt_low_mirror	33167	gpt	gpt_low_mirror	low_mirror	True	gpt	gpt_ai	gpt-5.6-sol		33167.txt		33167_avaliacao_gpt-5.6-sol.md	corpus/04_composicoes_avaliadas/menores_notas_gpt/33167_avaliacao_gpt-5.6-sol.md	corpus/04_composicoes_avaliadas/menores_notas_gpt/33167_avaliacao_gpt-5.6-sol.md	5.0	4.0	5.0	5.0	5.0	5.0	29.0	29.0	0.0
33310_gpt_low_mirror	33310	gpt	gpt_low_mirror	low_mirror	True	gpt	gpt_ai	gpt-5.6-sol		33310.txt		33310_avaliacao_gpt-5.6-sol.md	corpus/04_composicoes_avaliadas/menores_notas_gpt/33310_avaliacao_gpt-5.6-sol.md	corpus/04_composicoes_avaliadas/menores_notas_gpt/33310_avaliacao_gpt-5.6-sol.md	4.5	4.5	5.0	5.0	5.0	5.0	29.0	29.0	0.0
33360_gpt_low_mirror	33360	gpt	gpt_low_mirror	low_mirror	True	gpt	gpt_ai	gpt-5.6-sol		33360.txt		33360_avaliacao_gpt-5.6-sol.md	corpus/04_composicoes_avaliadas/menores_notas_gpt/33360_avaliacao_gpt-5.6-sol.md	corpus/04_composicoes_avaliadas/menores_notas_gpt/33360_avaliacao_gpt-5.6-sol.md	5.0	5.0	5.0	5.0	5.0	5.0	30.0	30.0	0.0
33436_gpt_low_mirror	33436	gpt	gpt_low_mirror	low_mirror	True	gpt	gpt_ai	gpt-5.6-sol		33436.txt		33436_avaliacao_gpt-5.6-sol.md	corpus/04_composicoes_avaliadas/menores_notas_gpt/33436_avaliacao_gpt-5.6-sol.md	corpus/04_composicoes_avaliadas/menores_notas_gpt/33436_avaliacao_gpt-5.6-sol.md	5.0	5.0	5.0	5.0	5.0	5.0	30.0	30.0	0.0
33465_gpt_low_mirror	33465	gpt	gpt_low_mirror	low_mirror	True	gpt	gpt_ai	gpt-5.6-sol		33465.txt		33465_avaliacao_gpt-5.6-sol.md	corpus/04_composicoes_avaliadas/menores_notas_gpt/33465_avaliacao_gpt-5.6-sol.md	corpus/04_composicoes_avaliadas/menores_notas_gpt/33465_avaliacao_gpt-5.6-sol.md	4.0	4.0	5.0	5.0	5.0	5.0	28.0	28.0	0.0
33497_gpt_low_mirror	33497	gpt	gpt_low_mirror	low_mirror	True	gpt	gpt_ai	gpt-5.6-sol		33497.txt		33497_avaliacao_gpt-5.6-sol.md	corpus/04_composicoes_avaliadas/menores_notas_gpt/33497_avaliacao_gpt-5.6-sol.md	corpus/04_composicoes_avaliadas/menores_notas_gpt/33497_avaliacao_gpt-5.6-sol.md	4.0	4.0	5.0	5.0	5.0	5.0	28.0	28.0	0.0
33645_gpt_low_mirror	33645	gpt	gpt_low_mirror	low_mirror	True	gpt	gpt_ai	gpt-5.6-sol		33645.txt		33645_avaliacao_gpt-5.6-sol.md	corpus/04_composicoes_avaliadas/menores_notas_gpt/33645_avaliacao_gpt-5.6-sol.md	corpus/04_composicoes_avaliadas/menores_notas_gpt/33645_avaliacao_gpt-5.6-sol.md	4.0	4.0	5.0	5.0	5.0	5.0	28.0	28.0	0.0
33787_gpt_low_mirror	33787	gpt	gpt_low_mirror	low_mirror	True	gpt	gpt_ai	gpt-5.6-sol		33787.txt		33787_avaliacao_gpt-5.6-sol.md	corpus/04_composicoes_avaliadas/menores_notas_gpt/33787_avaliacao_gpt-5.6-sol.md	corpus/04_composicoes_avaliadas/menores_notas_gpt/33787_avaliacao_gpt-5.6-sol.md	5.0	4.5	5.0	5.0	5.0	5.0	29.5	29.5	0.0
33789_gpt_low_mirror	33789	gpt	gpt_low_mirror	low_mirror	True	gpt	gpt_ai	gpt-5.6-sol		33789.txt		33789_avaliacao_gpt-5.6-sol.md	corpus/04_composicoes_avaliadas/menores_notas_gpt/33789_avaliacao_gpt-5.6-sol.md	corpus/04_composicoes_avaliadas/menores_notas_gpt/33789_avaliacao_gpt-5.6-sol.md	5.0	4.5	5.0	5.0	5.0	5.0	29.5	29.5	0.0
33856_gpt_low_mirror	33856	gpt	gpt_low_mirror	low_mirror	True	gpt	gpt_ai	gpt-5.6-sol		33856.txt		33856_avaliacao_gpt-5.6-sol.md	corpus/04_composicoes_avaliadas/menores_notas_gpt/33856_avaliacao_gpt-5.6-sol.md	corpus/04_composicoes_avaliadas/menores_notas_gpt/33856_avaliacao_gpt-5.6-sol.md	5.0	5.0	5.0	5.0	5.0	5.0	30.0	30.0	0.0
33862_gpt_low_mirror	33862	gpt	gpt_low_mirror	low_mirror	True	gpt	gpt_ai	gpt-5.6-sol		33862.txt		33862_avaliacao_gpt-5.6-sol.md	corpus/04_composicoes_avaliadas/menores_notas_gpt/33862_avaliacao_gpt-5.6-sol.md	corpus/04_composicoes_avaliadas/menores_notas_gpt/33862_avaliacao_gpt-5.6-sol.md	5.0	5.0	5.0	5.0	5.0	5.0	30.0	30.0	0.0
33871_gpt_low_mirror	33871	gpt	gpt_low_mirror	low_mirror	True	gpt	gpt_ai	gpt-5.6-sol		33871.txt		33871_avaliacao_gpt-5.6-sol.md	corpus/04_composicoes_avaliadas/menores_notas_gpt/33871_avaliacao_gpt-5.6-sol.md	corpus/04_composicoes_avaliadas/menores_notas_gpt/33871_avaliacao_gpt-5.6-sol.md	5.0	5.0	5.0	5.0	5.0	5.0	30.0	30.0	0.0
33948_gpt_low_mirror	33948	gpt	gpt_low_mirror	low_mirror	True	gpt	gpt_ai	gpt-5.6-sol		33948.txt		33948_avaliacao_gpt-5.6-sol.md	corpus/04_composicoes_avaliadas/menores_notas_gpt/33948_avaliacao_gpt-5.6-sol.md	corpus/04_composicoes_avaliadas/menores_notas_gpt/33948_avaliacao_gpt-5.6-sol.md	5.0	4.0	5.0	5.0	5.0	5.0	29.0	29.0	0.0
33964_gpt_low_mirror	33964	gpt	gpt_low_mirror	low_mirror	True	gpt	gpt_ai	gpt-5.6-sol		33964.txt		33964_avaliacao_gpt-5.6-sol.md	corpus/04_composicoes_avaliadas/menores_notas_gpt/33964_avaliacao_gpt-5.6-sol.md	corpus/04_composicoes_avaliadas/menores_notas_gpt/33964_avaliacao_gpt-5.6-sol.md	4.0	4.0	5.0	5.0	5.0	5.0	28.0	28.0	0.0
34009_gpt_low_mirror	34009	gpt	gpt_low_mirror	low_mirror	True	gpt	gpt_ai	gpt-5.6-sol		34009.txt		34009_avaliacao_gpt-5.6-sol.md	corpus/04_composicoes_avaliadas/menores_notas_gpt/34009_avaliacao_gpt-5.6-sol.md	corpus/04_composicoes_avaliadas/menores_notas_gpt/34009_avaliacao_gpt-5.6-sol.md	5.0	5.0	5.0	5.0	5.0	5.0	30.0	30.0	0.0
34025_gpt_low_mirror	34025	gpt	gpt_low_mirror	low_mirror	True	gpt	gpt_ai	gpt-5.6-sol		34025.txt		34025_avaliacao_gpt-5.6-sol.md	corpus/04_composicoes_avaliadas/menores_notas_gpt/34025_avaliacao_gpt-5.6-sol.md	corpus/04_composicoes_avaliadas/menores_notas_gpt/34025_avaliacao_gpt-5.6-sol.md	5.0	5.0	5.0	5.0	5.0	5.0	30.0	30.0	0.0
34046_gpt_low_mirror	34046	gpt	gpt_low_mirror	low_mirror	True	gpt	gpt_ai	gpt-5.6-sol		34046.txt		34046_avaliacao_gpt-5.6-sol.md	corpus/04_composicoes_avaliadas/menores_notas_gpt/34046_avaliacao_gpt-5.6-sol.md	corpus/04_composicoes_avaliadas/menores_notas_gpt/34046_avaliacao_gpt-5.6-sol.md	5.0	5.0	5.0	5.0	5.0	5.0	30.0	30.0	0.0
34185_gpt_low_mirror	34185	gpt	gpt_low_mirror	low_mirror	True	gpt	gpt_ai	gpt-5.6-sol		34185.txt		34185_avaliacao_gpt-5.6-sol.md	corpus/04_composicoes_avaliadas/menores_notas_gpt/34185_avaliacao_gpt-5.6-sol.md	corpus/04_composicoes_avaliadas/menores_notas_gpt/34185_avaliacao_gpt-5.6-sol.md	4.0	4.0	5.0	5.0	5.0	5.0	28.0	28.0	0.0
34210_gpt_low_mirror	34210	gpt	gpt_low_mirror	low_mirror	True	gpt	gpt_ai	gpt-5.6-sol		34210.txt		34210_avaliacao_gpt-5.6-sol.md	corpus/04_composicoes_avaliadas/menores_notas_gpt/34210_avaliacao_gpt-5.6-sol.md	corpus/04_composicoes_avaliadas/menores_notas_gpt/34210_avaliacao_gpt-5.6-sol.md	4.0	4.0	5.0	5.0	5.0	5.0	28.0	28.0	0.0
34236_gpt_low_mirror	34236	gpt	gpt_low_mirror	low_mirror	True	gpt	gpt_ai	gpt-5.6-sol		34236.txt		34236_avaliacao_gpt-5.6-sol.md	corpus/04_composicoes_avaliadas/menores_notas_gpt/34236_avaliacao_gpt-5.6-sol.md	corpus/04_composicoes_avaliadas/menores_notas_gpt/34236_avaliacao_gpt-5.6-sol.md	5.0	5.0	5.0	5.0	5.0	5.0	30.0	30.0	0.0
34251_gpt_low_mirror	34251	gpt	gpt_low_mirror	low_mirror	True	gpt	gpt_ai	gpt-5.6-sol		34251.txt		34251_avaliacao_gpt-5.6-sol.md	corpus/04_composicoes_avaliadas/menores_notas_gpt/34251_avaliacao_gpt-5.6-sol.md	corpus/04_composicoes_avaliadas/menores_notas_gpt/34251_avaliacao_gpt-5.6-sol.md	4.5	4.0	5.0	5.0	5.0	5.0	28.5	28.5	0.0
34273_gpt_low_mirror	34273	gpt	gpt_low_mirror	low_mirror	True	gpt	gpt_ai	gpt-5.6-sol		34273.txt		34273_avaliacao_gpt-5.6-sol.md	corpus/04_composicoes_avaliadas/menores_notas_gpt/34273_avaliacao_gpt-5.6-sol.md	corpus/04_composicoes_avaliadas/menores_notas_gpt/34273_avaliacao_gpt-5.6-sol.md	5.0	4.0	5.0	5.0	5.0	5.0	29.0	29.0	0.0
34308_gpt_low_mirror	34308	gpt	gpt_low_mirror	low_mirror	True	gpt	gpt_ai	gpt-5.6-sol		34308.txt		34308_avaliacao_gpt-5.6-sol.md	corpus/04_composicoes_avaliadas/menores_notas_gpt/34308_avaliacao_gpt-5.6-sol.md	corpus/04_composicoes_avaliadas/menores_notas_gpt/34308_avaliacao_gpt-5.6-sol.md	4.5	4.5	5.0	5.0	5.0	5.0	29.0	29.0	0.0
34356_gpt_low_mirror	34356	gpt	gpt_low_mirror	low_mirror	True	gpt	gpt_ai	gpt-5.6-sol		34356.txt		34356_avaliacao_gpt-5.6-sol.md	corpus/04_composicoes_avaliadas/menores_notas_gpt/34356_avaliacao_gpt-5.6-sol.md	corpus/04_composicoes_avaliadas/menores_notas_gpt/34356_avaliacao_gpt-5.6-sol.md	5.0	5.0	5.0	5.0	5.0	5.0	30.0	30.0	0.0
34362_gpt_low_mirror	34362	gpt	gpt_low_mirror	low_mirror	True	gpt	gpt_ai	gpt-5.6-sol		34362.txt		34362_avaliacao_gpt-5.6-sol.md	corpus/04_composicoes_avaliadas/menores_notas_gpt/34362_avaliacao_gpt-5.6-sol.md	corpus/04_composicoes_avaliadas/menores_notas_gpt/34362_avaliacao_gpt-5.6-sol.md	5.0	5.0	5.0	5.0	5.0	5.0	30.0	30.0	0.0
34537_gpt_low_mirror	34537	gpt	gpt_low_mirror	low_mirror	True	gpt	gpt_ai	gpt-5.6-sol		34537.txt		34537_avaliacao_gpt-5.6-sol.md	corpus/04_composicoes_avaliadas/menores_notas_gpt/34537_avaliacao_gpt-5.6-sol.md	corpus/04_composicoes_avaliadas/menores_notas_gpt/34537_avaliacao_gpt-5.6-sol.md	5.0	5.0	5.0	5.0	5.0	5.0	30.0	30.0	0.0
34613_gpt_low_mirror	34613	gpt	gpt_low_mirror	low_mirror	True	gpt	gpt_ai	gpt-5.6-sol		34613.txt		34613_avaliacao_gpt-5.6-sol.md	corpus/04_composicoes_avaliadas/menores_notas_gpt/34613_avaliacao_gpt-5.6-sol.md	corpus/04_composicoes_avaliadas/menores_notas_gpt/34613_avaliacao_gpt-5.6-sol.md	5.0	5.0	5.0	5.0	5.0	5.0	30.0	30.0	0.0
34616_gpt_low_mirror	34616	gpt	gpt_low_mirror	low_mirror	True	gpt	gpt_ai	gpt-5.6-sol		34616.txt		34616_avaliacao_gpt-5.6-sol.md	corpus/04_composicoes_avaliadas/menores_notas_gpt/34616_avaliacao_gpt-5.6-sol.md	corpus/04_composicoes_avaliadas/menores_notas_gpt/34616_avaliacao_gpt-5.6-sol.md	4.5	4.5	5.0	5.0	5.0	5.0	29.0	29.0	0.0
34618_gpt_low_mirror	34618	gpt	gpt_low_mirror	low_mirror	True	gpt	gpt_ai	gpt-5.6-sol		34618.txt		34618_avaliacao_gpt-5.6-sol.md	corpus/04_composicoes_avaliadas/menores_notas_gpt/34618_avaliacao_gpt-5.6-sol.md	corpus/04_composicoes_avaliadas/menores_notas_gpt/34618_avaliacao_gpt-5.6-sol.md	4.5	4.5	5.0	5.0	5.0	5.0	29.0	29.0	0.0
34637_gpt_low_mirror	34637	gpt	gpt_low_mirror	low_mirror	True	gpt	gpt_ai	gpt-5.6-sol		34637.txt		34637_avaliacao_gpt-5.6-sol.md	corpus/04_composicoes_avaliadas/menores_notas_gpt/34637_avaliacao_gpt-5.6-sol.md	corpus/04_composicoes_avaliadas/menores_notas_gpt/34637_avaliacao_gpt-5.6-sol.md	5.0	5.0	5.0	5.0	5.0	5.0	30.0	30.0	0.0
34638_gpt_low_mirror	34638	gpt	gpt_low_mirror	low_mirror	True	gpt	gpt_ai	gpt-5.6-sol		34638.txt		34638_avaliacao_gpt-5.6-sol.md	corpus/04_composicoes_avaliadas/menores_notas_gpt/34638_avaliacao_gpt-5.6-sol.md	corpus/04_composicoes_avaliadas/menores_notas_gpt/34638_avaliacao_gpt-5.6-sol.md	5.0	5.0	5.0	5.0	5.0	5.0	30.0	30.0	0.0
34642_gpt_low_mirror	34642	gpt	gpt_low_mirror	low_mirror	True	gpt	gpt_ai	gpt-5.6-sol		34642.txt		34642_avaliacao_gpt-5.6-sol.md	corpus/04_composicoes_avaliadas/menores_notas_gpt/34642_avaliacao_gpt-5.6-sol.md	corpus/04_composicoes_avaliadas/menores_notas_gpt/34642_avaliacao_gpt-5.6-sol.md	5.0	5.0	5.0	5.0	5.0	5.0	30.0	30.0	0.0
34714_gpt_low_mirror	34714	gpt	gpt_low_mirror	low_mirror	True	gpt	gpt_ai	gpt-5.6-sol		34714.txt		34714_avaliacao_gpt-5.6-sol.md	corpus/04_composicoes_avaliadas/menores_notas_gpt/34714_avaliacao_gpt-5.6-sol.md	corpus/04_composicoes_avaliadas/menores_notas_gpt/34714_avaliacao_gpt-5.6-sol.md	5.0	4.5	5.0	5.0	5.0	5.0	29.5	29.5	0.0
34743_gpt_low_mirror	34743	gpt	gpt_low_mirror	low_mirror	True	gpt	gpt_ai	gpt-5.6-sol		34743.txt		34743_avaliacao_gpt-5.6-sol.md	corpus/04_composicoes_avaliadas/menores_notas_gpt/34743_avaliacao_gpt-5.6-sol.md	corpus/04_composicoes_avaliadas/menores_notas_gpt/34743_avaliacao_gpt-5.6-sol.md	4.0	4.0	5.0	5.0	5.0	5.0	28.0	28.0	0.0
34807_gpt_low_mirror	34807	gpt	gpt_low_mirror	low_mirror	True	gpt	gpt_ai	gpt-5.6-sol		34807.txt		34807_avaliacao_gpt-5.6-sol.md	corpus/04_composicoes_avaliadas/menores_notas_gpt/34807_avaliacao_gpt-5.6-sol.md	corpus/04_composicoes_avaliadas/menores_notas_gpt/34807_avaliacao_gpt-5.6-sol.md	5.0	5.0	5.0	5.0	5.0	5.0	30.0	30.0	0.0
34823_gpt_low_mirror	34823	gpt	gpt_low_mirror	low_mirror	True	gpt	gpt_ai	gpt-5.6-sol		34823.txt		34823_avaliacao_gpt-5.6-sol.md	corpus/04_composicoes_avaliadas/menores_notas_gpt/34823_avaliacao_gpt-5.6-sol.md	corpus/04_composicoes_avaliadas/menores_notas_gpt/34823_avaliacao_gpt-5.6-sol.md	5.0	5.0	5.0	5.0	5.0	5.0	30.0	30.0	0.0
34895_gpt_low_mirror	34895	gpt	gpt_low_mirror	low_mirror	True	gpt	gpt_ai	gpt-5.6-sol		34895.txt		34895_avaliacao_gpt-5.6-sol.md	corpus/04_composicoes_avaliadas/menores_notas_gpt/34895_avaliacao_gpt-5.6-sol.md	corpus/04_composicoes_avaliadas/menores_notas_gpt/34895_avaliacao_gpt-5.6-sol.md	5.0	5.0	5.0	5.0	5.0	5.0	30.0	30.0	0.0
34971_gpt_low_mirror	34971	gpt	gpt_low_mirror	low_mirror	True	gpt	gpt_ai	gpt-5.6-sol		34971.txt		34971_avaliacao_gpt-5.6-sol.md	corpus/04_composicoes_avaliadas/menores_notas_gpt/34971_avaliacao_gpt-5.6-sol.md	corpus/04_composicoes_avaliadas/menores_notas_gpt/34971_avaliacao_gpt-5.6-sol.md	5.0	4.0	5.0	5.0	5.0	5.0	29.0	29.0	0.0
35019_gpt_low_mirror	35019	gpt	gpt_low_mirror	low_mirror	True	gpt	gpt_ai	gpt-5.6-sol		35019.txt		35019_avaliacao_gpt-5.6-sol.md	corpus/04_composicoes_avaliadas/menores_notas_gpt/35019_avaliacao_gpt-5.6-sol.md	corpus/04_composicoes_avaliadas/menores_notas_gpt/35019_avaliacao_gpt-5.6-sol.md	5.0	4.0	5.0	5.0	5.0	5.0	29.0	29.0	0.0
35028_gpt_low_mirror	35028	gpt	gpt_low_mirror	low_mirror	True	gpt	gpt_ai	gpt-5.6-sol		35028.txt		35028_avaliacao_gpt-5.6-sol.md	corpus/04_composicoes_avaliadas/menores_notas_gpt/35028_avaliacao_gpt-5.6-sol.md	corpus/04_composicoes_avaliadas/menores_notas_gpt/35028_avaliacao_gpt-5.6-sol.md	5.0	4.5	5.0	5.0	5.0	5.0	29.5	29.5	0.0
35056_gpt_low_mirror	35056	gpt	gpt_low_mirror	low_mirror	True	gpt	gpt_ai	gpt-5.6-sol		35056.txt		35056_avaliacao_gpt-5.6-sol.md	corpus/04_composicoes_avaliadas/menores_notas_gpt/35056_avaliacao_gpt-5.6-sol.md	corpus/04_composicoes_avaliadas/menores_notas_gpt/35056_avaliacao_gpt-5.6-sol.md	5.0	5.0	5.0	5.0	5.0	5.0	30.0	30.0	0.0
35071_gpt_low_mirror	35071	gpt	gpt_low_mirror	low_mirror	True	gpt	gpt_ai	gpt-5.6-sol		35071.txt		35071_avaliacao_gpt-5.6-sol.md	corpus/04_composicoes_avaliadas/menores_notas_gpt/35071_avaliacao_gpt-5.6-sol.md	corpus/04_composicoes_avaliadas/menores_notas_gpt/35071_avaliacao_gpt-5.6-sol.md	5.0	5.0	5.0	5.0	5.0	5.0	30.0	30.0	0.0
35072_gpt_low_mirror	35072	gpt	gpt_low_mirror	low_mirror	True	gpt	gpt_ai	gpt-5.6-sol		35072.txt		35072_avaliacao_gpt-5.6-sol.md	corpus/04_composicoes_avaliadas/menores_notas_gpt/35072_avaliacao_gpt-5.6-sol.md	corpus/04_composicoes_avaliadas/menores_notas_gpt/35072_avaliacao_gpt-5.6-sol.md	5.0	5.0	5.0	5.0	5.0	5.0	30.0	30.0	0.0
35131_gpt_low_mirror	35131	gpt	gpt_low_mirror	low_mirror	True	gpt	gpt_ai	gpt-5.6-sol		35131.txt		35131_avaliacao_gpt-5.6-sol.md	corpus/04_composicoes_avaliadas/menores_notas_gpt/35131_avaliacao_gpt-5.6-sol.md	corpus/04_composicoes_avaliadas/menores_notas_gpt/35131_avaliacao_gpt-5.6-sol.md	5.0	5.0	5.0	5.0	5.0	5.0	30.0	30.0	0.0
35136_gpt_low_mirror	35136	gpt	gpt_low_mirror	low_mirror	True	gpt	gpt_ai	gpt-5.6-sol		35136.txt		35136_avaliacao_gpt-5.6-sol.md	corpus/04_composicoes_avaliadas/menores_notas_gpt/35136_avaliacao_gpt-5.6-sol.md	corpus/04_composicoes_avaliadas/menores_notas_gpt/35136_avaliacao_gpt-5.6-sol.md	5.0	5.0	5.0	5.0	5.0	5.0	30.0	30.0	0.0
35163_gpt_low_mirror	35163	gpt	gpt_low_mirror	low_mirror	True	gpt	gpt_ai	gpt-5.6-sol		35163.txt		35163_avaliacao_gpt-5.6-sol.md	corpus/04_composicoes_avaliadas/menores_notas_gpt/35163_avaliacao_gpt-5.6-sol.md	corpus/04_composicoes_avaliadas/menores_notas_gpt/35163_avaliacao_gpt-5.6-sol.md	5.0	5.0	5.0	5.0	5.0	5.0	30.0	30.0	0.0
35173_gpt_low_mirror	35173	gpt	gpt_low_mirror	low_mirror	True	gpt	gpt_ai	gpt-5.6-sol		35173.txt		35173_avaliacao_gpt-5.6-sol.md	corpus/04_composicoes_avaliadas/menores_notas_gpt/35173_avaliacao_gpt-5.6-sol.md	corpus/04_composicoes_avaliadas/menores_notas_gpt/35173_avaliacao_gpt-5.6-sol.md	5.0	5.0	5.0	5.0	5.0	5.0	30.0	30.0	0.0
35198_gpt_low_mirror	35198	gpt	gpt_low_mirror	low_mirror	True	gpt	gpt_ai	gpt-5.6-sol		35198.txt		35198_avaliacao_gpt-5.6-sol.md	corpus/04_composicoes_avaliadas/menores_notas_gpt/35198_avaliacao_gpt-5.6-sol.md	corpus/04_composicoes_avaliadas/menores_notas_gpt/35198_avaliacao_gpt-5.6-sol.md	5.0	4.0	5.0	5.0	5.0	5.0	29.0	29.0	0.0
35214_gpt_low_mirror	35214	gpt	gpt_low_mirror	low_mirror	True	gpt	gpt_ai	gpt-5.6-sol		35214.txt		35214_avaliacao_gpt-5.6-sol.md	corpus/04_composicoes_avaliadas/menores_notas_gpt/35214_avaliacao_gpt-5.6-sol.md	corpus/04_composicoes_avaliadas/menores_notas_gpt/35214_avaliacao_gpt-5.6-sol.md	5.0	4.0	5.0	5.0	5.0	5.0	29.0	29.0	0.0
35217_gpt_low_mirror	35217	gpt	gpt_low_mirror	low_mirror	True	gpt	gpt_ai	gpt-5.6-sol		35217.txt		35217_avaliacao_gpt-5.6-sol.md	corpus/04_composicoes_avaliadas/menores_notas_gpt/35217_avaliacao_gpt-5.6-sol.md	corpus/04_composicoes_avaliadas/menores_notas_gpt/35217_avaliacao_gpt-5.6-sol.md	5.0	5.0	5.0	5.0	5.0	5.0	30.0	30.0	0.0
35220_gpt_low_mirror	35220	gpt	gpt_low_mirror	low_mirror	True	gpt	gpt_ai	gpt-5.6-sol		35220.txt		35220_avaliacao_gpt-5.6-sol.md	corpus/04_composicoes_avaliadas/menores_notas_gpt/35220_avaliacao_gpt-5.6-sol.md	corpus/04_composicoes_avaliadas/menores_notas_gpt/35220_avaliacao_gpt-5.6-sol.md	5.0	4.5	5.0	5.0	5.0	5.0	29.5	29.5	0.0
35228_gpt_low_mirror	35228	gpt	gpt_low_mirror	low_mirror	True	gpt	gpt_ai	gpt-5.6-sol		35228.txt		35228_avaliacao_gpt-5.6-sol.md	corpus/04_composicoes_avaliadas/menores_notas_gpt/35228_avaliacao_gpt-5.6-sol.md	corpus/04_composicoes_avaliadas/menores_notas_gpt/35228_avaliacao_gpt-5.6-sol.md	5.0	5.0	5.0	5.0	5.0	4.5	29.5	29.5	0.0
35278_gpt_low_mirror	35278	gpt	gpt_low_mirror	low_mirror	True	gpt	gpt_ai	gpt-5.6-sol		35278.txt		35278_avaliacao_gpt-5.6-sol.md	corpus/04_composicoes_avaliadas/menores_notas_gpt/35278_avaliacao_gpt-5.6-sol.md	corpus/04_composicoes_avaliadas/menores_notas_gpt/35278_avaliacao_gpt-5.6-sol.md	5.0	4.5	5.0	5.0	5.0	5.0	29.5	29.5	0.0
35291_gpt_low_mirror	35291	gpt	gpt_low_mirror	low_mirror	True	gpt	gpt_ai	gpt-5.6-sol		35291.txt		35291_avaliacao_gpt-5.6-sol.md	corpus/04_composicoes_avaliadas/menores_notas_gpt/35291_avaliacao_gpt-5.6-sol.md	corpus/04_composicoes_avaliadas/menores_notas_gpt/35291_avaliacao_gpt-5.6-sol.md	5.0	5.0	5.0	5.0	5.0	5.0	30.0	30.0	0.0
35457_gpt_low_mirror	35457	gpt	gpt_low_mirror	low_mirror	True	gpt	gpt_ai	gpt-5.6-sol		35457.txt		35457_avaliacao_gpt-5.6-sol.md	corpus/04_composicoes_avaliadas/menores_notas_gpt/35457_avaliacao_gpt-5.6-sol.md	corpus/04_composicoes_avaliadas/menores_notas_gpt/35457_avaliacao_gpt-5.6-sol.md	5.0	5.0	5.0	5.0	5.0	4.0	29.0	29.0	0.0
35465_gpt_low_mirror	35465	gpt	gpt_low_mirror	low_mirror	True	gpt	gpt_ai	gpt-5.6-sol		35465.txt		35465_avaliacao_gpt-5.6-sol.md	corpus/04_composicoes_avaliadas/menores_notas_gpt/35465_avaliacao_gpt-5.6-sol.md	corpus/04_composicoes_avaliadas/menores_notas_gpt/35465_avaliacao_gpt-5.6-sol.md	5.0	5.0	5.0	5.0	5.0	5.0	30.0	30.0	0.0
35485_gpt_low_mirror	35485	gpt	gpt_low_mirror	low_mirror	True	gpt	gpt_ai	gpt-5.6-sol		35485.txt		35485_avaliacao_gpt-5.6-sol.md	corpus/04_composicoes_avaliadas/menores_notas_gpt/35485_avaliacao_gpt-5.6-sol.md	corpus/04_composicoes_avaliadas/menores_notas_gpt/35485_avaliacao_gpt-5.6-sol.md	5.0	5.0	5.0	5.0	5.0	5.0	30.0	30.0	0.0
35549_gpt_low_mirror	35549	gpt	gpt_low_mirror	low_mirror	True	gpt	gpt_ai	gpt-5.6-sol		35549.txt		35549_avaliacao_gpt-5.6-sol.md	corpus/04_composicoes_avaliadas/menores_notas_gpt/35549_avaliacao_gpt-5.6-sol.md	corpus/04_composicoes_avaliadas/menores_notas_gpt/35549_avaliacao_gpt-5.6-sol.md	5.0	4.5	5.0	5.0	5.0	5.0	29.5	29.5	0.0
35577_gpt_low_mirror	35577	gpt	gpt_low_mirror	low_mirror	True	gpt	gpt_ai	gpt-5.6-sol		35577.txt		35577_avaliacao_gpt-5.6-sol.md	corpus/04_composicoes_avaliadas/menores_notas_gpt/35577_avaliacao_gpt-5.6-sol.md	corpus/04_composicoes_avaliadas/menores_notas_gpt/35577_avaliacao_gpt-5.6-sol.md	4.5	4.5	5.0	5.0	5.0	5.0	29.0	29.0	0.0
35633_gpt_low_mirror	35633	gpt	gpt_low_mirror	low_mirror	True	gpt	gpt_ai	gpt-5.6-sol		35633.txt		35633_avaliacao_gpt-5.6-sol.md	corpus/04_composicoes_avaliadas/menores_notas_gpt/35633_avaliacao_gpt-5.6-sol.md	corpus/04_composicoes_avaliadas/menores_notas_gpt/35633_avaliacao_gpt-5.6-sol.md	5.0	5.0	5.0	5.0	5.0	5.0	30.0	30.0	0.0
35661_gpt_low_mirror	35661	gpt	gpt_low_mirror	low_mirror	True	gpt	gpt_ai	gpt-5.6-sol		35661.txt		35661_avaliacao_gpt-5.6-sol.md	corpus/04_composicoes_avaliadas/menores_notas_gpt/35661_avaliacao_gpt-5.6-sol.md	corpus/04_composicoes_avaliadas/menores_notas_gpt/35661_avaliacao_gpt-5.6-sol.md	5.0	5.0	5.0	5.0	5.0	5.0	30.0	30.0	0.0
35820_gpt_low_mirror	35820	gpt	gpt_low_mirror	low_mirror	True	gpt	gpt_ai	gpt-5.6-sol		35820.txt		35820_avaliacao_gpt-5.6-sol.md	corpus/04_composicoes_avaliadas/menores_notas_gpt/35820_avaliacao_gpt-5.6-sol.md	corpus/04_composicoes_avaliadas/menores_notas_gpt/35820_avaliacao_gpt-5.6-sol.md	5.0	5.0	5.0	5.0	5.0	5.0	30.0	30.0	0.0
35852_gpt_low_mirror	35852	gpt	gpt_low_mirror	low_mirror	True	gpt	gpt_ai	gpt-5.6-sol		35852.txt		35852_avaliacao_gpt-5.6-sol.md	corpus/04_composicoes_avaliadas/menores_notas_gpt/35852_avaliacao_gpt-5.6-sol.md	corpus/04_composicoes_avaliadas/menores_notas_gpt/35852_avaliacao_gpt-5.6-sol.md	5.0	5.0	5.0	5.0	5.0	5.0	30.0	30.0	0.0
35906_gpt_low_mirror	35906	gpt	gpt_low_mirror	low_mirror	True	gpt	gpt_ai	gpt-5.6-sol		35906.txt		35906_avaliacao_gpt-5.6-sol.md	corpus/04_composicoes_avaliadas/menores_notas_gpt/35906_avaliacao_gpt-5.6-sol.md	corpus/04_composicoes_avaliadas/menores_notas_gpt/35906_avaliacao_gpt-5.6-sol.md	5.0	4.5	5.0	5.0	5.0	5.0	29.5	29.5	0.0
35911_gpt_low_mirror	35911	gpt	gpt_low_mirror	low_mirror	True	gpt	gpt_ai	gpt-5.6-sol		35911.txt		35911_avaliacao_gpt-5.6-sol.md	corpus/04_composicoes_avaliadas/menores_notas_gpt/35911_avaliacao_gpt-5.6-sol.md	corpus/04_composicoes_avaliadas/menores_notas_gpt/35911_avaliacao_gpt-5.6-sol.md	5.0	5.0	4.5	5.0	5.0	5.0	29.5	29.5	0.0
35937_gpt_low_mirror	35937	gpt	gpt_low_mirror	low_mirror	True	gpt	gpt_ai	gpt-5.6-sol		35937.txt		35937_avaliacao_gpt-5.6-sol.md	corpus/04_composicoes_avaliadas/menores_notas_gpt/35937_avaliacao_gpt-5.6-sol.md	corpus/04_composicoes_avaliadas/menores_notas_gpt/35937_avaliacao_gpt-5.6-sol.md	5.0	4.0	5.0	5.0	5.0	5.0	29.0	29.0	0.0
35979_gpt_low_mirror	35979	gpt	gpt_low_mirror	low_mirror	True	gpt	gpt_ai	gpt-5.6-sol		35979.txt		35979_avaliacao_gpt-5.6-sol.md	corpus/04_composicoes_avaliadas/menores_notas_gpt/35979_avaliacao_gpt-5.6-sol.md	corpus/04_composicoes_avaliadas/menores_notas_gpt/35979_avaliacao_gpt-5.6-sol.md	5.0	5.0	5.0	5.0	5.0	5.0	30.0	30.0	0.0
35986_gpt_low_mirror	35986	gpt	gpt_low_mirror	low_mirror	True	gpt	gpt_ai	gpt-5.6-sol		35986.txt		35986_avaliacao_gpt-5.6-sol.md	corpus/04_composicoes_avaliadas/menores_notas_gpt/35986_avaliacao_gpt-5.6-sol.md	corpus/04_composicoes_avaliadas/menores_notas_gpt/35986_avaliacao_gpt-5.6-sol.md	5.0	5.0	5.0	5.0	5.0	5.0	30.0	30.0	0.0
36000_gpt_low_mirror	36000	gpt	gpt_low_mirror	low_mirror	True	gpt	gpt_ai	gpt-5.6-sol		36000.txt		36000_avaliacao_gpt-5.6-sol.md	corpus/04_composicoes_avaliadas/menores_notas_gpt/36000_avaliacao_gpt-5.6-sol.md	corpus/04_composicoes_avaliadas/menores_notas_gpt/36000_avaliacao_gpt-5.6-sol.md	5.0	4.0	5.0	5.0	5.0	5.0	29.0	29.0	0.0
36079_gpt_low_mirror	36079	gpt	gpt_low_mirror	low_mirror	True	gpt	gpt_ai	gpt-5.6-sol		36079.txt		36079_avaliacao_gpt-5.6-sol.md	corpus/04_composicoes_avaliadas/menores_notas_gpt/36079_avaliacao_gpt-5.6-sol.md	corpus/04_composicoes_avaliadas/menores_notas_gpt/36079_avaliacao_gpt-5.6-sol.md	5.0	5.0	5.0	5.0	5.0	5.0	30.0	30.0	0.0
36085_gpt_low_mirror	36085	gpt	gpt_low_mirror	low_mirror	True	gpt	gpt_ai	gpt-5.6-sol		36085.txt		36085_avaliacao_gpt-5.6-sol.md	corpus/04_composicoes_avaliadas/menores_notas_gpt/36085_avaliacao_gpt-5.6-sol.md	corpus/04_composicoes_avaliadas/menores_notas_gpt/36085_avaliacao_gpt-5.6-sol.md	5.0	5.0	5.0	5.0	5.0	5.0	30.0	30.0	0.0
36095_gpt_low_mirror	36095	gpt	gpt_low_mirror	low_mirror	True	gpt	gpt_ai	gpt-5.6-sol		36095.txt		36095_avaliacao_gpt-5.6-sol.md	corpus/04_composicoes_avaliadas/menores_notas_gpt/36095_avaliacao_gpt-5.6-sol.md	corpus/04_composicoes_avaliadas/menores_notas_gpt/36095_avaliacao_gpt-5.6-sol.md	5.0	5.0	5.0	5.0	5.0	5.0	30.0	30.0	0.0
36137_gpt_low_mirror	36137	gpt	gpt_low_mirror	low_mirror	True	gpt	gpt_ai	gpt-5.6-sol		36137.txt		36137_avaliacao_gpt-5.6-sol.md	corpus/04_composicoes_avaliadas/menores_notas_gpt/36137_avaliacao_gpt-5.6-sol.md	corpus/04_composicoes_avaliadas/menores_notas_gpt/36137_avaliacao_gpt-5.6-sol.md	5.0	4.5	5.0	5.0	5.0	5.0	29.5	29.5	0.0
36140_gpt_low_mirror	36140	gpt	gpt_low_mirror	low_mirror	True	gpt	gpt_ai	gpt-5.6-sol		36140.txt		36140_avaliacao_gpt-5.6-sol.md	corpus/04_composicoes_avaliadas/menores_notas_gpt/36140_avaliacao_gpt-5.6-sol.md	corpus/04_composicoes_avaliadas/menores_notas_gpt/36140_avaliacao_gpt-5.6-sol.md	5.0	5.0	5.0	5.0	5.0	5.0	30.0	30.0	0.0
36172_gpt_low_mirror	36172	gpt	gpt_low_mirror	low_mirror	True	gpt	gpt_ai	gpt-5.6-sol		36172.txt		36172_avaliacao_gpt-5.6-sol.md	corpus/04_composicoes_avaliadas/menores_notas_gpt/36172_avaliacao_gpt-5.6-sol.md	corpus/04_composicoes_avaliadas/menores_notas_gpt/36172_avaliacao_gpt-5.6-sol.md	5.0	4.0	5.0	5.0	5.0	5.0	29.0	29.0	0.0
36181_gpt_low_mirror	36181	gpt	gpt_low_mirror	low_mirror	True	gpt	gpt_ai	gpt-5.6-sol		36181.txt		36181_avaliacao_gpt-5.6-sol.md	corpus/04_composicoes_avaliadas/menores_notas_gpt/36181_avaliacao_gpt-5.6-sol.md	corpus/04_composicoes_avaliadas/menores_notas_gpt/36181_avaliacao_gpt-5.6-sol.md	4.5	4.5	5.0	5.0	5.0	5.0	29.0	29.0	0.0
36188_gpt_low_mirror	36188	gpt	gpt_low_mirror	low_mirror	True	gpt	gpt_ai	gpt-5.6-sol		36188.txt		36188_avaliacao_gpt-5.6-sol.md	corpus/04_composicoes_avaliadas/menores_notas_gpt/36188_avaliacao_gpt-5.6-sol.md	corpus/04_composicoes_avaliadas/menores_notas_gpt/36188_avaliacao_gpt-5.6-sol.md	5.0	4.0	5.0	5.0	5.0	5.0	29.0	29.0	0.0
36225_gpt_low_mirror	36225	gpt	gpt_low_mirror	low_mirror	True	gpt	gpt_ai	gpt-5.6-sol		36225.txt		36225_avaliacao_gpt-5.6-sol.md	corpus/04_composicoes_avaliadas/menores_notas_gpt/36225_avaliacao_gpt-5.6-sol.md	corpus/04_composicoes_avaliadas/menores_notas_gpt/36225_avaliacao_gpt-5.6-sol.md	5.0	4.5	5.0	5.0	5.0	5.0	29.5	29.5	0.0
36238_gpt_low_mirror	36238	gpt	gpt_low_mirror	low_mirror	True	gpt	gpt_ai	gpt-5.6-sol		36238.txt		36238_avaliacao_gpt-5.6-sol.md	corpus/04_composicoes_avaliadas/menores_notas_gpt/36238_avaliacao_gpt-5.6-sol.md	corpus/04_composicoes_avaliadas/menores_notas_gpt/36238_avaliacao_gpt-5.6-sol.md	4.0	4.0	5.0	5.0	5.0	5.0	28.0	28.0	0.0
36248_gpt_low_mirror	36248	gpt	gpt_low_mirror	low_mirror	True	gpt	gpt_ai	gpt-5.6-sol		36248.txt		36248_avaliacao_gpt-5.6-sol.md	corpus/04_composicoes_avaliadas/menores_notas_gpt/36248_avaliacao_gpt-5.6-sol.md	corpus/04_composicoes_avaliadas/menores_notas_gpt/36248_avaliacao_gpt-5.6-sol.md	4.5	4.5	5.0	5.0	5.0	5.0	29.0	29.0	0.0
36278_gpt_low_mirror	36278	gpt	gpt_low_mirror	low_mirror	True	gpt	gpt_ai	gpt-5.6-sol		36278.txt		36278_avaliacao_gpt-5.6-sol.md	corpus/04_composicoes_avaliadas/menores_notas_gpt/36278_avaliacao_gpt-5.6-sol.md	corpus/04_composicoes_avaliadas/menores_notas_gpt/36278_avaliacao_gpt-5.6-sol.md	4.5	4.0	5.0	5.0	5.0	5.0	28.5	28.5	0.0
36295_gpt_low_mirror	36295	gpt	gpt_low_mirror	low_mirror	True	gpt	gpt_ai	gpt-5.6-sol		36295.txt		36295_avaliacao_gpt-5.6-sol.md	corpus/04_composicoes_avaliadas/menores_notas_gpt/36295_avaliacao_gpt-5.6-sol.md	corpus/04_composicoes_avaliadas/menores_notas_gpt/36295_avaliacao_gpt-5.6-sol.md	5.0	4.0	5.0	5.0	5.0	5.0	29.0	29.0	0.0
36307_gpt_low_mirror	36307	gpt	gpt_low_mirror	low_mirror	True	gpt	gpt_ai	gpt-5.6-sol		36307.txt		36307_avaliacao_gpt-5.6-sol.md	corpus/04_composicoes_avaliadas/menores_notas_gpt/36307_avaliacao_gpt-5.6-sol.md	corpus/04_composicoes_avaliadas/menores_notas_gpt/36307_avaliacao_gpt-5.6-sol.md	5.0	4.5	5.0	5.0	5.0	5.0	29.5	29.5	0.0
36341_gpt_low_mirror	36341	gpt	gpt_low_mirror	low_mirror	True	gpt	gpt_ai	gpt-5.6-sol		36341.txt		36341_avaliacao_gpt-5.6-sol.md	corpus/04_composicoes_avaliadas/menores_notas_gpt/36341_avaliacao_gpt-5.6-sol.md	corpus/04_composicoes_avaliadas/menores_notas_gpt/36341_avaliacao_gpt-5.6-sol.md	5.0	5.0	5.0	5.0	5.0	5.0	30.0	30.0	0.0
36430_gpt_low_mirror	36430	gpt	gpt_low_mirror	low_mirror	True	gpt	gpt_ai	gpt-5.6-sol		36430.txt		36430_avaliacao_gpt-5.6-sol.md	corpus/04_composicoes_avaliadas/menores_notas_gpt/36430_avaliacao_gpt-5.6-sol.md	corpus/04_composicoes_avaliadas/menores_notas_gpt/36430_avaliacao_gpt-5.6-sol.md	5.0	5.0	5.0	5.0	5.0	5.0	30.0	30.0	0.0
36522_gpt_low_mirror	36522	gpt	gpt_low_mirror	low_mirror	True	gpt	gpt_ai	gpt-5.6-sol		36522.txt		36522_avaliacao_gpt-5.6-sol.md	corpus/04_composicoes_avaliadas/menores_notas_gpt/36522_avaliacao_gpt-5.6-sol.md	corpus/04_composicoes_avaliadas/menores_notas_gpt/36522_avaliacao_gpt-5.6-sol.md	5.0	4.0	5.0	5.0	5.0	5.0	29.0	29.0	0.0
36524_gpt_low_mirror	36524	gpt	gpt_low_mirror	low_mirror	True	gpt	gpt_ai	gpt-5.6-sol		36524.txt		36524_avaliacao_gpt-5.6-sol.md	corpus/04_composicoes_avaliadas/menores_notas_gpt/36524_avaliacao_gpt-5.6-sol.md	corpus/04_composicoes_avaliadas/menores_notas_gpt/36524_avaliacao_gpt-5.6-sol.md	4.5	4.5	4.5	5.0	5.0	5.0	28.5	28.5	0.0
36547_gpt_low_mirror	36547	gpt	gpt_low_mirror	low_mirror	True	gpt	gpt_ai	gpt-5.6-sol		36547.txt		36547_avaliacao_gpt-5.6-sol.md	corpus/04_composicoes_avaliadas/menores_notas_gpt/36547_avaliacao_gpt-5.6-sol.md	corpus/04_composicoes_avaliadas/menores_notas_gpt/36547_avaliacao_gpt-5.6-sol.md	5.0	5.0	5.0	5.0	5.0	5.0	30.0	30.0	0.0
36578_gpt_low_mirror	36578	gpt	gpt_low_mirror	low_mirror	True	gpt	gpt_ai	gpt-5.6-sol		36578.txt		36578_avaliacao_gpt-5.6-sol.md	corpus/04_composicoes_avaliadas/menores_notas_gpt/36578_avaliacao_gpt-5.6-sol.md	corpus/04_composicoes_avaliadas/menores_notas_gpt/36578_avaliacao_gpt-5.6-sol.md	5.0	5.0	5.0	5.0	5.0	5.0	30.0	30.0	0.0
36590_gpt_low_mirror	36590	gpt	gpt_low_mirror	low_mirror	True	gpt	gpt_ai	gpt-5.6-sol		36590.txt		36590_avaliacao_gpt-5.6-sol.md	corpus/04_composicoes_avaliadas/menores_notas_gpt/36590_avaliacao_gpt-5.6-sol.md	corpus/04_composicoes_avaliadas/menores_notas_gpt/36590_avaliacao_gpt-5.6-sol.md	5.0	5.0	5.0	5.0	5.0	5.0	30.0	30.0	0.0
36616_gpt_low_mirror	36616	gpt	gpt_low_mirror	low_mirror	True	gpt	gpt_ai	gpt-5.6-sol		36616.txt		36616_avaliacao_gpt-5.6-sol.md	corpus/04_composicoes_avaliadas/menores_notas_gpt/36616_avaliacao_gpt-5.6-sol.md	corpus/04_composicoes_avaliadas/menores_notas_gpt/36616_avaliacao_gpt-5.6-sol.md	5.0	5.0	5.0	5.0	5.0	5.0	30.0	30.0	0.0
36704_gpt_low_mirror	36704	gpt	gpt_low_mirror	low_mirror	True	gpt	gpt_ai	gpt-5.6-sol		36704.txt		36704_avaliacao_gpt-5.6-sol.md	corpus/04_composicoes_avaliadas/menores_notas_gpt/36704_avaliacao_gpt-5.6-sol.md	corpus/04_composicoes_avaliadas/menores_notas_gpt/36704_avaliacao_gpt-5.6-sol.md	5.0	5.0	5.0	5.0	5.0	5.0	30.0	30.0	0.0
36721_gpt_low_mirror	36721	gpt	gpt_low_mirror	low_mirror	True	gpt	gpt_ai	gpt-5.6-sol		36721.txt		36721_avaliacao_gpt-5.6-sol.md	corpus/04_composicoes_avaliadas/menores_notas_gpt/36721_avaliacao_gpt-5.6-sol.md	corpus/04_composicoes_avaliadas/menores_notas_gpt/36721_avaliacao_gpt-5.6-sol.md	5.0	5.0	5.0	5.0	5.0	5.0	30.0	30.0	0.0
36727_gpt_low_mirror	36727	gpt	gpt_low_mirror	low_mirror	True	gpt	gpt_ai	gpt-5.6-sol		36727.txt		36727_avaliacao_gpt-5.6-sol.md	corpus/04_composicoes_avaliadas/menores_notas_gpt/36727_avaliacao_gpt-5.6-sol.md	corpus/04_composicoes_avaliadas/menores_notas_gpt/36727_avaliacao_gpt-5.6-sol.md	5.0	5.0	5.0	5.0	5.0	5.0	30.0	30.0	0.0
36742_gpt_low_mirror	36742	gpt	gpt_low_mirror	low_mirror	True	gpt	gpt_ai	gpt-5.6-sol		36742.txt		36742_avaliacao_gpt-5.6-sol.md	corpus/04_composicoes_avaliadas/menores_notas_gpt/36742_avaliacao_gpt-5.6-sol.md	corpus/04_composicoes_avaliadas/menores_notas_gpt/36742_avaliacao_gpt-5.6-sol.md	5.0	5.0	5.0	5.0	5.0	5.0	30.0	30.0	0.0
36797_gpt_low_mirror	36797	gpt	gpt_low_mirror	low_mirror	True	gpt	gpt_ai	gpt-5.6-sol		36797.txt		36797_avaliacao_gpt-5.6-sol.md	corpus/04_composicoes_avaliadas/menores_notas_gpt/36797_avaliacao_gpt-5.6-sol.md	corpus/04_composicoes_avaliadas/menores_notas_gpt/36797_avaliacao_gpt-5.6-sol.md	5.0	5.0	5.0	5.0	5.0	5.0	30.0	30.0	0.0
36827_gpt_low_mirror	36827	gpt	gpt_low_mirror	low_mirror	True	gpt	gpt_ai	gpt-5.6-sol		36827.txt		36827_avaliacao_gpt-5.6-sol.md	corpus/04_composicoes_avaliadas/menores_notas_gpt/36827_avaliacao_gpt-5.6-sol.md	corpus/04_composicoes_avaliadas/menores_notas_gpt/36827_avaliacao_gpt-5.6-sol.md	5.0	4.0	5.0	5.0	5.0	5.0	29.0	29.0	0.0
36856_gpt_low_mirror	36856	gpt	gpt_low_mirror	low_mirror	True	gpt	gpt_ai	gpt-5.6-sol		36856.txt		36856_avaliacao_gpt-5.6-sol.md	corpus/04_composicoes_avaliadas/menores_notas_gpt/36856_avaliacao_gpt-5.6-sol.md	corpus/04_composicoes_avaliadas/menores_notas_gpt/36856_avaliacao_gpt-5.6-sol.md	5.0	4.5	5.0	5.0	5.0	5.0	29.5	29.5	0.0
36867_gpt_low_mirror	36867	gpt	gpt_low_mirror	low_mirror	True	gpt	gpt_ai	gpt-5.6-sol		36867.txt		36867_avaliacao_gpt-5.6-sol.md	corpus/04_composicoes_avaliadas/menores_notas_gpt/36867_avaliacao_gpt-5.6-sol.md	corpus/04_composicoes_avaliadas/menores_notas_gpt/36867_avaliacao_gpt-5.6-sol.md	5.0	4.0	5.0	5.0	5.0	5.0	29.0	29.0	0.0
36872_gpt_low_mirror	36872	gpt	gpt_low_mirror	low_mirror	True	gpt	gpt_ai	gpt-5.6-sol		36872.txt		36872_avaliacao_gpt-5.6-sol.md	corpus/04_composicoes_avaliadas/menores_notas_gpt/36872_avaliacao_gpt-5.6-sol.md	corpus/04_composicoes_avaliadas/menores_notas_gpt/36872_avaliacao_gpt-5.6-sol.md	5.0	5.0	5.0	5.0	5.0	5.0	30.0	30.0	0.0
36973_gpt_low_mirror	36973	gpt	gpt_low_mirror	low_mirror	True	gpt	gpt_ai	gpt-5.6-sol		36973.txt		36973_avaliacao_gpt-5.6-sol.md	corpus/04_composicoes_avaliadas/menores_notas_gpt/36973_avaliacao_gpt-5.6-sol.md	corpus/04_composicoes_avaliadas/menores_notas_gpt/36973_avaliacao_gpt-5.6-sol.md	4.5	4.5	5.0	5.0	5.0	5.0	29.0	29.0	0.0
37010_gpt_low_mirror	37010	gpt	gpt_low_mirror	low_mirror	True	gpt	gpt_ai	gpt-5.6-sol		37010.txt		37010_avaliacao_gpt-5.6-sol.md	corpus/04_composicoes_avaliadas/menores_notas_gpt/37010_avaliacao_gpt-5.6-sol.md	corpus/04_composicoes_avaliadas/menores_notas_gpt/37010_avaliacao_gpt-5.6-sol.md	5.0	4.5	5.0	5.0	5.0	5.0	29.5	29.5	0.0
37034_gpt_low_mirror	37034	gpt	gpt_low_mirror	low_mirror	True	gpt	gpt_ai	gpt-5.6-sol		37034.txt		37034_avaliacao_gpt-5.6-sol.md	corpus/04_composicoes_avaliadas/menores_notas_gpt/37034_avaliacao_gpt-5.6-sol.md	corpus/04_composicoes_avaliadas/menores_notas_gpt/37034_avaliacao_gpt-5.6-sol.md	4.5	4.5	5.0	5.0	5.0	5.0	29.0	29.0	0.0
37043_gpt_low_mirror	37043	gpt	gpt_low_mirror	low_mirror	True	gpt	gpt_ai	gpt-5.6-sol		37043.txt		37043_avaliacao_gpt-5.6-sol.md	corpus/04_composicoes_avaliadas/menores_notas_gpt/37043_avaliacao_gpt-5.6-sol.md	corpus/04_composicoes_avaliadas/menores_notas_gpt/37043_avaliacao_gpt-5.6-sol.md	5.0	5.0	5.0	5.0	5.0	5.0	30.0	30.0	0.0
37063_gpt_low_mirror	37063	gpt	gpt_low_mirror	low_mirror	True	gpt	gpt_ai	gpt-5.6-sol		37063.txt		37063_avaliacao_gpt-5.6-sol.md	corpus/04_composicoes_avaliadas/menores_notas_gpt/37063_avaliacao_gpt-5.6-sol.md	corpus/04_composicoes_avaliadas/menores_notas_gpt/37063_avaliacao_gpt-5.6-sol.md	5.0	4.0	5.0	5.0	5.0	5.0	29.0	29.0	0.0
37078_gpt_low_mirror	37078	gpt	gpt_low_mirror	low_mirror	True	gpt	gpt_ai	gpt-5.6-sol		37078.txt		37078_avaliacao_gpt-5.6-sol.md	corpus/04_composicoes_avaliadas/menores_notas_gpt/37078_avaliacao_gpt-5.6-sol.md	corpus/04_composicoes_avaliadas/menores_notas_gpt/37078_avaliacao_gpt-5.6-sol.md	5.0	5.0	5.0	5.0	5.0	5.0	30.0	30.0	0.0
37094_gpt_low_mirror	37094	gpt	gpt_low_mirror	low_mirror	True	gpt	gpt_ai	gpt-5.6-sol		37094.txt		37094_avaliacao_gpt-5.6-sol.md	corpus/04_composicoes_avaliadas/menores_notas_gpt/37094_avaliacao_gpt-5.6-sol.md	corpus/04_composicoes_avaliadas/menores_notas_gpt/37094_avaliacao_gpt-5.6-sol.md	5.0	5.0	5.0	5.0	5.0	5.0	30.0	30.0	0.0
37099_gpt_low_mirror	37099	gpt	gpt_low_mirror	low_mirror	True	gpt	gpt_ai	gpt-5.6-sol		37099.txt		37099_avaliacao_gpt-5.6-sol.md	corpus/04_composicoes_avaliadas/menores_notas_gpt/37099_avaliacao_gpt-5.6-sol.md	corpus/04_composicoes_avaliadas/menores_notas_gpt/37099_avaliacao_gpt-5.6-sol.md	5.0	4.5	5.0	5.0	5.0	5.0	29.5	29.5	0.0
37158_gpt_low_mirror	37158	gpt	gpt_low_mirror	low_mirror	True	gpt	gpt_ai	gpt-5.6-sol		37158.txt		37158_avaliacao_gpt-5.6-sol.md	corpus/04_composicoes_avaliadas/menores_notas_gpt/37158_avaliacao_gpt-5.6-sol.md	corpus/04_composicoes_avaliadas/menores_notas_gpt/37158_avaliacao_gpt-5.6-sol.md	5.0	5.0	5.0	5.0	5.0	5.0	30.0	30.0	0.0
37212_gpt_low_mirror	37212	gpt	gpt_low_mirror	low_mirror	True	gpt	gpt_ai	gpt-5.6-sol		37212.txt		37212_avaliacao_gpt-5.6-sol.md	corpus/04_composicoes_avaliadas/menores_notas_gpt/37212_avaliacao_gpt-5.6-sol.md	corpus/04_composicoes_avaliadas/menores_notas_gpt/37212_avaliacao_gpt-5.6-sol.md	4.0	4.5	4.0	5.0	5.0	5.0	27.5	27.5	0.0
37224_gpt_low_mirror	37224	gpt	gpt_low_mirror	low_mirror	True	gpt	gpt_ai	gpt-5.6-sol		37224.txt		37224_avaliacao_gpt-5.6-sol.md	corpus/04_composicoes_avaliadas/menores_notas_gpt/37224_avaliacao_gpt-5.6-sol.md	corpus/04_composicoes_avaliadas/menores_notas_gpt/37224_avaliacao_gpt-5.6-sol.md	5.0	5.0	5.0	5.0	5.0	5.0	30.0	30.0	0.0
37260_gpt_low_mirror	37260	gpt	gpt_low_mirror	low_mirror	True	gpt	gpt_ai	gpt-5.6-sol		37260.txt		37260_avaliacao_gpt-5.6-sol.md	corpus/04_composicoes_avaliadas/menores_notas_gpt/37260_avaliacao_gpt-5.6-sol.md	corpus/04_composicoes_avaliadas/menores_notas_gpt/37260_avaliacao_gpt-5.6-sol.md	5.0	4.5	5.0	5.0	5.0	5.0	29.5	29.5	0.0
37345_gpt_low_mirror	37345	gpt	gpt_low_mirror	low_mirror	True	gpt	gpt_ai	gpt-5.6-sol		37345.txt		37345_avaliacao_gpt-5.6-sol.md	corpus/04_composicoes_avaliadas/menores_notas_gpt/37345_avaliacao_gpt-5.6-sol.md	corpus/04_composicoes_avaliadas/menores_notas_gpt/37345_avaliacao_gpt-5.6-sol.md	5.0	5.0	5.0	5.0	5.0	5.0	30.0	30.0	0.0
37377_gpt_low_mirror	37377	gpt	gpt_low_mirror	low_mirror	True	gpt	gpt_ai	gpt-5.6-sol		37377.txt		37377_avaliacao_gpt-5.6-sol.md	corpus/04_composicoes_avaliadas/menores_notas_gpt/37377_avaliacao_gpt-5.6-sol.md	corpus/04_composicoes_avaliadas/menores_notas_gpt/37377_avaliacao_gpt-5.6-sol.md	5.0	4.5	5.0	5.0	5.0	5.0	29.5	29.5	0.0
37442_gpt_low_mirror	37442	gpt	gpt_low_mirror	low_mirror	True	gpt	gpt_ai	gpt-5.6-sol		37442.txt		37442_avaliacao_gpt-5.6-sol.md	corpus/04_composicoes_avaliadas/menores_notas_gpt/37442_avaliacao_gpt-5.6-sol.md	corpus/04_composicoes_avaliadas/menores_notas_gpt/37442_avaliacao_gpt-5.6-sol.md	5.0	4.5	5.0	5.0	5.0	5.0	29.5	29.5	0.0
37489_gpt_low_mirror	37489	gpt	gpt_low_mirror	low_mirror	True	gpt	gpt_ai	gpt-5.6-sol		37489.txt		37489_avaliacao_gpt-5.6-sol.md	corpus/04_composicoes_avaliadas/menores_notas_gpt/37489_avaliacao_gpt-5.6-sol.md	corpus/04_composicoes_avaliadas/menores_notas_gpt/37489_avaliacao_gpt-5.6-sol.md	4.5	4.5	5.0	5.0	5.0	5.0	29.0	29.0	0.0
37602_gpt_low_mirror	37602	gpt	gpt_low_mirror	low_mirror	True	gpt	gpt_ai	gpt-5.6-sol		37602.txt		37602_avaliacao_gpt-5.6-sol.md	corpus/04_composicoes_avaliadas/menores_notas_gpt/37602_avaliacao_gpt-5.6-sol.md	corpus/04_composicoes_avaliadas/menores_notas_gpt/37602_avaliacao_gpt-5.6-sol.md	5.0	5.0	5.0	5.0	5.0	5.0	30.0	30.0	0.0
37664_gpt_low_mirror	37664	gpt	gpt_low_mirror	low_mirror	True	gpt	gpt_ai	gpt-5.6-sol		37664.txt		37664_avaliacao_gpt-5.6-sol.md	corpus/04_composicoes_avaliadas/menores_notas_gpt/37664_avaliacao_gpt-5.6-sol.md	corpus/04_composicoes_avaliadas/menores_notas_gpt/37664_avaliacao_gpt-5.6-sol.md	4.5	4.5	5.0	5.0	5.0	5.0	29.0	29.0	0.0
37677_gpt_low_mirror	37677	gpt	gpt_low_mirror	low_mirror	True	gpt	gpt_ai	gpt-5.6-sol		37677.txt		37677_avaliacao_gpt-5.6-sol.md	corpus/04_composicoes_avaliadas/menores_notas_gpt/37677_avaliacao_gpt-5.6-sol.md	corpus/04_composicoes_avaliadas/menores_notas_gpt/37677_avaliacao_gpt-5.6-sol.md	5.0	4.0	5.0	5.0	5.0	5.0	29.0	29.0	0.0
37694_gpt_low_mirror	37694	gpt	gpt_low_mirror	low_mirror	True	gpt	gpt_ai	gpt-5.6-sol		37694.txt		37694_avaliacao_gpt-5.6-sol.md	corpus/04_composicoes_avaliadas/menores_notas_gpt/37694_avaliacao_gpt-5.6-sol.md	corpus/04_composicoes_avaliadas/menores_notas_gpt/37694_avaliacao_gpt-5.6-sol.md	5.0	5.0	5.0	5.0	5.0	5.0	30.0	30.0	0.0
37734_gpt_low_mirror	37734	gpt	gpt_low_mirror	low_mirror	True	gpt	gpt_ai	gpt-5.6-sol		37734.txt		37734_avaliacao_gpt-5.6-sol.md	corpus/04_composicoes_avaliadas/menores_notas_gpt/37734_avaliacao_gpt-5.6-sol.md	corpus/04_composicoes_avaliadas/menores_notas_gpt/37734_avaliacao_gpt-5.6-sol.md	5.0	5.0	5.0	5.0	5.0	5.0	30.0	30.0	0.0
37858_gpt_low_mirror	37858	gpt	gpt_low_mirror	low_mirror	True	gpt	gpt_ai	gpt-5.6-sol		37858.txt		37858_avaliacao_gpt-5.6-sol.md	corpus/04_composicoes_avaliadas/menores_notas_gpt/37858_avaliacao_gpt-5.6-sol.md	corpus/04_composicoes_avaliadas/menores_notas_gpt/37858_avaliacao_gpt-5.6-sol.md	5.0	4.5	5.0	5.0	5.0	5.0	29.5	29.5	0.0
37949_gpt_low_mirror	37949	gpt	gpt_low_mirror	low_mirror	True	gpt	gpt_ai	gpt-5.6-sol		37949.txt		37949_avaliacao_gpt-5.6-sol.md	corpus/04_composicoes_avaliadas/menores_notas_gpt/37949_avaliacao_gpt-5.6-sol.md	corpus/04_composicoes_avaliadas/menores_notas_gpt/37949_avaliacao_gpt-5.6-sol.md	5.0	5.0	5.0	5.0	5.0	5.0	30.0	30.0	0.0
37994_gpt_low_mirror	37994	gpt	gpt_low_mirror	low_mirror	True	gpt	gpt_ai	gpt-5.6-sol		37994.txt		37994_avaliacao_gpt-5.6-sol.md	corpus/04_composicoes_avaliadas/menores_notas_gpt/37994_avaliacao_gpt-5.6-sol.md	corpus/04_composicoes_avaliadas/menores_notas_gpt/37994_avaliacao_gpt-5.6-sol.md	5.0	5.0	5.0	5.0	5.0	5.0	30.0	30.0	0.0
37999_gpt_low_mirror	37999	gpt	gpt_low_mirror	low_mirror	True	gpt	gpt_ai	gpt-5.6-sol		37999.txt		37999_avaliacao_gpt-5.6-sol.md	corpus/04_composicoes_avaliadas/menores_notas_gpt/37999_avaliacao_gpt-5.6-sol.md	corpus/04_composicoes_avaliadas/menores_notas_gpt/37999_avaliacao_gpt-5.6-sol.md	5.0	4.5	5.0	5.0	5.0	5.0	29.5	29.5	0.0
38002_gpt_low_mirror	38002	gpt	gpt_low_mirror	low_mirror	True	gpt	gpt_ai	gpt-5.6-sol		38002.txt		38002_avaliacao_gpt-5.6-sol.md	corpus/04_composicoes_avaliadas/menores_notas_gpt/38002_avaliacao_gpt-5.6-sol.md	corpus/04_composicoes_avaliadas/menores_notas_gpt/38002_avaliacao_gpt-5.6-sol.md	5.0	5.0	5.0	5.0	5.0	5.0	30.0	30.0	0.0
38036_gpt_low_mirror	38036	gpt	gpt_low_mirror	low_mirror	True	gpt	gpt_ai	gpt-5.6-sol		38036.txt		38036_avaliacao_gpt-5.6-sol.md	corpus/04_composicoes_avaliadas/menores_notas_gpt/38036_avaliacao_gpt-5.6-sol.md	corpus/04_composicoes_avaliadas/menores_notas_gpt/38036_avaliacao_gpt-5.6-sol.md	5.0	4.0	5.0	5.0	5.0	5.0	29.0	29.0	0.0
38158_gpt_low_mirror	38158	gpt	gpt_low_mirror	low_mirror	True	gpt	gpt_ai	gpt-5.6-sol		38158.txt		38158_avaliacao_gpt-5.6-sol.md	corpus/04_composicoes_avaliadas/menores_notas_gpt/38158_avaliacao_gpt-5.6-sol.md	corpus/04_composicoes_avaliadas/menores_notas_gpt/38158_avaliacao_gpt-5.6-sol.md	5.0	5.0	5.0	5.0	5.0	5.0	30.0	30.0	0.0
38172_gpt_low_mirror	38172	gpt	gpt_low_mirror	low_mirror	True	gpt	gpt_ai	gpt-5.6-sol		38172.txt		38172_avaliacao_gpt-5.6-sol.md	corpus/04_composicoes_avaliadas/menores_notas_gpt/38172_avaliacao_gpt-5.6-sol.md	corpus/04_composicoes_avaliadas/menores_notas_gpt/38172_avaliacao_gpt-5.6-sol.md	5.0	5.0	5.0	5.0	5.0	5.0	30.0	30.0	0.0
38193_gpt_low_mirror	38193	gpt	gpt_low_mirror	low_mirror	True	gpt	gpt_ai	gpt-5.6-sol		38193.txt		38193_avaliacao_gpt-5.6-sol.md	corpus/04_composicoes_avaliadas/menores_notas_gpt/38193_avaliacao_gpt-5.6-sol.md	corpus/04_composicoes_avaliadas/menores_notas_gpt/38193_avaliacao_gpt-5.6-sol.md	4.5	4.5	5.0	5.0	5.0	4.5	28.5	28.5	0.0
38196_gpt_low_mirror	38196	gpt	gpt_low_mirror	low_mirror	True	gpt	gpt_ai	gpt-5.6-sol		38196.txt		38196_avaliacao_gpt-5.6-sol.md	corpus/04_composicoes_avaliadas/menores_notas_gpt/38196_avaliacao_gpt-5.6-sol.md	corpus/04_composicoes_avaliadas/menores_notas_gpt/38196_avaliacao_gpt-5.6-sol.md	5.0	5.0	5.0	5.0	5.0	5.0	30.0	30.0	0.0
38204_gpt_low_mirror	38204	gpt	gpt_low_mirror	low_mirror	True	gpt	gpt_ai	gpt-5.6-sol		38204.txt		38204_avaliacao_gpt-5.6-sol.md	corpus/04_composicoes_avaliadas/menores_notas_gpt/38204_avaliacao_gpt-5.6-sol.md	corpus/04_composicoes_avaliadas/menores_notas_gpt/38204_avaliacao_gpt-5.6-sol.md	5.0	4.5	5.0	5.0	5.0	5.0	29.5	29.5	0.0
38226_gpt_low_mirror	38226	gpt	gpt_low_mirror	low_mirror	True	gpt	gpt_ai	gpt-5.6-sol		38226.txt		38226_avaliacao_gpt-5.6-sol.md	corpus/04_composicoes_avaliadas/menores_notas_gpt/38226_avaliacao_gpt-5.6-sol.md	corpus/04_composicoes_avaliadas/menores_notas_gpt/38226_avaliacao_gpt-5.6-sol.md	5.0	5.0	5.0	5.0	5.0	5.0	30.0	30.0	0.0
38284_gpt_low_mirror	38284	gpt	gpt_low_mirror	low_mirror	True	gpt	gpt_ai	gpt-5.6-sol		38284.txt		38284_avaliacao_gpt-5.6-sol.md	corpus/04_composicoes_avaliadas/menores_notas_gpt/38284_avaliacao_gpt-5.6-sol.md	corpus/04_composicoes_avaliadas/menores_notas_gpt/38284_avaliacao_gpt-5.6-sol.md	5.0	5.0	5.0	5.0	5.0	5.0	30.0	30.0	0.0
38310_gpt_low_mirror	38310	gpt	gpt_low_mirror	low_mirror	True	gpt	gpt_ai	gpt-5.6-sol		38310.txt		38310_avaliacao_gpt-5.6-sol.md	corpus/04_composicoes_avaliadas/menores_notas_gpt/38310_avaliacao_gpt-5.6-sol.md	corpus/04_composicoes_avaliadas/menores_notas_gpt/38310_avaliacao_gpt-5.6-sol.md	4.5	4.5	5.0	5.0	5.0	5.0	29.0	29.0	0.0
38340_gpt_low_mirror	38340	gpt	gpt_low_mirror	low_mirror	True	gpt	gpt_ai	gpt-5.6-sol		38340.txt		38340_avaliacao_gpt-5.6-sol.md	corpus/04_composicoes_avaliadas/menores_notas_gpt/38340_avaliacao_gpt-5.6-sol.md	corpus/04_composicoes_avaliadas/menores_notas_gpt/38340_avaliacao_gpt-5.6-sol.md	5.0	5.0	5.0	5.0	5.0	5.0	30.0	30.0	0.0
38395_gpt_low_mirror	38395	gpt	gpt_low_mirror	low_mirror	True	gpt	gpt_ai	gpt-5.6-sol		38395.txt		38395_avaliacao_gpt-5.6-sol.md	corpus/04_composicoes_avaliadas/menores_notas_gpt/38395_avaliacao_gpt-5.6-sol.md	corpus/04_composicoes_avaliadas/menores_notas_gpt/38395_avaliacao_gpt-5.6-sol.md	5.0	4.0	5.0	5.0	5.0	5.0	29.0	29.0	0.0
38439_gpt_low_mirror	38439	gpt	gpt_low_mirror	low_mirror	True	gpt	gpt_ai	gpt-5.6-sol		38439.txt		38439_avaliacao_gpt-5.6-sol.md	corpus/04_composicoes_avaliadas/menores_notas_gpt/38439_avaliacao_gpt-5.6-sol.md	corpus/04_composicoes_avaliadas/menores_notas_gpt/38439_avaliacao_gpt-5.6-sol.md	5.0	5.0	5.0	5.0	5.0	5.0	30.0	30.0	0.0
38445_gpt_low_mirror	38445	gpt	gpt_low_mirror	low_mirror	True	gpt	gpt_ai	gpt-5.6-sol		38445.txt		38445_avaliacao_gpt-5.6-sol.md	corpus/04_composicoes_avaliadas/menores_notas_gpt/38445_avaliacao_gpt-5.6-sol.md	corpus/04_composicoes_avaliadas/menores_notas_gpt/38445_avaliacao_gpt-5.6-sol.md	5.0	5.0	5.0	5.0	5.0	5.0	30.0	30.0	0.0
38451_gpt_low_mirror	38451	gpt	gpt_low_mirror	low_mirror	True	gpt	gpt_ai	gpt-5.6-sol		38451.txt		38451_avaliacao_gpt-5.6-sol.md	corpus/04_composicoes_avaliadas/menores_notas_gpt/38451_avaliacao_gpt-5.6-sol.md	corpus/04_composicoes_avaliadas/menores_notas_gpt/38451_avaliacao_gpt-5.6-sol.md	4.5	4.5	5.0	5.0	5.0	5.0	29.0	29.0	0.0
38469_gpt_low_mirror	38469	gpt	gpt_low_mirror	low_mirror	True	gpt	gpt_ai	gpt-5.6-sol		38469.txt		38469_avaliacao_gpt-5.6-sol.md	corpus/04_composicoes_avaliadas/menores_notas_gpt/38469_avaliacao_gpt-5.6-sol.md	corpus/04_composicoes_avaliadas/menores_notas_gpt/38469_avaliacao_gpt-5.6-sol.md	5.0	5.0	5.0	5.0	5.0	5.0	30.0	30.0	0.0
38495_gpt_low_mirror	38495	gpt	gpt_low_mirror	low_mirror	True	gpt	gpt_ai	gpt-5.6-sol		38495.txt		38495_avaliacao_gpt-5.6-sol.md	corpus/04_composicoes_avaliadas/menores_notas_gpt/38495_avaliacao_gpt-5.6-sol.md	corpus/04_composicoes_avaliadas/menores_notas_gpt/38495_avaliacao_gpt-5.6-sol.md	4.0	4.0	5.0	5.0	5.0	5.0	28.0	28.0	0.0
38499_gpt_low_mirror	38499	gpt	gpt_low_mirror	low_mirror	True	gpt	gpt_ai	gpt-5.6-sol		38499.txt		38499_avaliacao_gpt-5.6-sol.md	corpus/04_composicoes_avaliadas/menores_notas_gpt/38499_avaliacao_gpt-5.6-sol.md	corpus/04_composicoes_avaliadas/menores_notas_gpt/38499_avaliacao_gpt-5.6-sol.md	5.0	5.0	5.0	5.0	5.0	5.0	30.0	30.0	0.0
38506_gpt_low_mirror	38506	gpt	gpt_low_mirror	low_mirror	True	gpt	gpt_ai	gpt-5.6-sol		38506.txt		38506_avaliacao_gpt-5.6-sol.md	corpus/04_composicoes_avaliadas/menores_notas_gpt/38506_avaliacao_gpt-5.6-sol.md	corpus/04_composicoes_avaliadas/menores_notas_gpt/38506_avaliacao_gpt-5.6-sol.md	5.0	5.0	5.0	5.0	5.0	5.0	30.0	30.0	0.0
38536_gpt_low_mirror	38536	gpt	gpt_low_mirror	low_mirror	True	gpt	gpt_ai	gpt-5.6-sol		38536.txt		38536_avaliacao_gpt-5.6-sol.md	corpus/04_composicoes_avaliadas/menores_notas_gpt/38536_avaliacao_gpt-5.6-sol.md	corpus/04_composicoes_avaliadas/menores_notas_gpt/38536_avaliacao_gpt-5.6-sol.md	4.5	4.5	5.0	5.0	5.0	5.0	29.0	29.0	0.0
38555_gpt_low_mirror	38555	gpt	gpt_low_mirror	low_mirror	True	gpt	gpt_ai	gpt-5.6-sol		38555.txt		38555_avaliacao_gpt-5.6-sol.md	corpus/04_composicoes_avaliadas/menores_notas_gpt/38555_avaliacao_gpt-5.6-sol.md	corpus/04_composicoes_avaliadas/menores_notas_gpt/38555_avaliacao_gpt-5.6-sol.md	5.0	5.0	5.0	5.0	5.0	5.0	30.0	30.0	0.0
38632_gpt_low_mirror	38632	gpt	gpt_low_mirror	low_mirror	True	gpt	gpt_ai	gpt-5.6-sol		38632.txt		38632_avaliacao_gpt-5.6-sol.md	corpus/04_composicoes_avaliadas/menores_notas_gpt/38632_avaliacao_gpt-5.6-sol.md	corpus/04_composicoes_avaliadas/menores_notas_gpt/38632_avaliacao_gpt-5.6-sol.md	5.0	5.0	5.0	5.0	5.0	5.0	30.0	30.0	0.0
38637_gpt_low_mirror	38637	gpt	gpt_low_mirror	low_mirror	True	gpt	gpt_ai	gpt-5.6-sol		38637.txt		38637_avaliacao_gpt-5.6-sol.md	corpus/04_composicoes_avaliadas/menores_notas_gpt/38637_avaliacao_gpt-5.6-sol.md	corpus/04_composicoes_avaliadas/menores_notas_gpt/38637_avaliacao_gpt-5.6-sol.md	5.0	4.0	5.0	5.0	5.0	5.0	29.0	29.0	0.0
38670_gpt_low_mirror	38670	gpt	gpt_low_mirror	low_mirror	True	gpt	gpt_ai	gpt-5.6-sol		38670.txt		38670_avaliacao_gpt-5.6-sol.md	corpus/04_composicoes_avaliadas/menores_notas_gpt/38670_avaliacao_gpt-5.6-sol.md	corpus/04_composicoes_avaliadas/menores_notas_gpt/38670_avaliacao_gpt-5.6-sol.md	5.0	4.5	5.0	5.0	5.0	5.0	29.5	29.5	0.0
38674_gpt_low_mirror	38674	gpt	gpt_low_mirror	low_mirror	True	gpt	gpt_ai	gpt-5.6-sol		38674.txt		38674_avaliacao_gpt-5.6-sol.md	corpus/04_composicoes_avaliadas/menores_notas_gpt/38674_avaliacao_gpt-5.6-sol.md	corpus/04_composicoes_avaliadas/menores_notas_gpt/38674_avaliacao_gpt-5.6-sol.md	5.0	5.0	5.0	5.0	5.0	5.0	30.0	30.0	0.0
38677_gpt_low_mirror	38677	gpt	gpt_low_mirror	low_mirror	True	gpt	gpt_ai	gpt-5.6-sol		38677.txt		38677_avaliacao_gpt-5.6-sol.md	corpus/04_composicoes_avaliadas/menores_notas_gpt/38677_avaliacao_gpt-5.6-sol.md	corpus/04_composicoes_avaliadas/menores_notas_gpt/38677_avaliacao_gpt-5.6-sol.md	5.0	4.5	5.0	5.0	5.0	5.0	29.5	29.5	0.0
38764_gpt_low_mirror	38764	gpt	gpt_low_mirror	low_mirror	True	gpt	gpt_ai	gpt-5.6-sol		38764.txt		38764_avaliacao_gpt-5.6-sol.md	corpus/04_composicoes_avaliadas/menores_notas_gpt/38764_avaliacao_gpt-5.6-sol.md	corpus/04_composicoes_avaliadas/menores_notas_gpt/38764_avaliacao_gpt-5.6-sol.md	4.0	4.0	5.0	5.0	5.0	5.0	28.0	28.0	0.0
38786_gpt_low_mirror	38786	gpt	gpt_low_mirror	low_mirror	True	gpt	gpt_ai	gpt-5.6-sol		38786.txt		38786_avaliacao_gpt-5.6-sol.md	corpus/04_composicoes_avaliadas/menores_notas_gpt/38786_avaliacao_gpt-5.6-sol.md	corpus/04_composicoes_avaliadas/menores_notas_gpt/38786_avaliacao_gpt-5.6-sol.md	4.5	4.0	5.0	5.0	5.0	5.0	28.5	28.5	0.0
38794_gpt_low_mirror	38794	gpt	gpt_low_mirror	low_mirror	True	gpt	gpt_ai	gpt-5.6-sol		38794.txt		38794_avaliacao_gpt-5.6-sol.md	corpus/04_composicoes_avaliadas/menores_notas_gpt/38794_avaliacao_gpt-5.6-sol.md	corpus/04_composicoes_avaliadas/menores_notas_gpt/38794_avaliacao_gpt-5.6-sol.md	4.5	4.5	5.0	5.0	5.0	5.0	29.0	29.0	0.0
38891_gpt_low_mirror	38891	gpt	gpt_low_mirror	low_mirror	True	gpt	gpt_ai	gpt-5.6-sol		38891.txt		38891_avaliacao_gpt-5.6-sol.md	corpus/04_composicoes_avaliadas/menores_notas_gpt/38891_avaliacao_gpt-5.6-sol.md	corpus/04_composicoes_avaliadas/menores_notas_gpt/38891_avaliacao_gpt-5.6-sol.md	5.0	4.0	5.0	5.0	5.0	5.0	29.0	29.0	0.0
38917_gpt_low_mirror	38917	gpt	gpt_low_mirror	low_mirror	True	gpt	gpt_ai	gpt-5.6-sol		38917.txt		38917_avaliacao_gpt-5.6-sol.md	corpus/04_composicoes_avaliadas/menores_notas_gpt/38917_avaliacao_gpt-5.6-sol.md	corpus/04_composicoes_avaliadas/menores_notas_gpt/38917_avaliacao_gpt-5.6-sol.md	5.0	5.0	5.0	5.0	5.0	5.0	30.0	30.0	0.0
38928_gpt_low_mirror	38928	gpt	gpt_low_mirror	low_mirror	True	gpt	gpt_ai	gpt-5.6-sol		38928.txt		38928_avaliacao_gpt-5.6-sol.md	corpus/04_composicoes_avaliadas/menores_notas_gpt/38928_avaliacao_gpt-5.6-sol.md	corpus/04_composicoes_avaliadas/menores_notas_gpt/38928_avaliacao_gpt-5.6-sol.md	5.0	5.0	5.0	5.0	5.0	5.0	30.0	30.0	0.0
38957_gpt_low_mirror	38957	gpt	gpt_low_mirror	low_mirror	True	gpt	gpt_ai	gpt-5.6-sol		38957.txt		38957_avaliacao_gpt-5.6-sol.md	corpus/04_composicoes_avaliadas/menores_notas_gpt/38957_avaliacao_gpt-5.6-sol.md	corpus/04_composicoes_avaliadas/menores_notas_gpt/38957_avaliacao_gpt-5.6-sol.md	5.0	5.0	5.0	5.0	5.0	5.0	30.0	30.0	0.0
38970_gpt_low_mirror	38970	gpt	gpt_low_mirror	low_mirror	True	gpt	gpt_ai	gpt-5.6-sol		38970.txt		38970_avaliacao_gpt-5.6-sol.md	corpus/04_composicoes_avaliadas/menores_notas_gpt/38970_avaliacao_gpt-5.6-sol.md	corpus/04_composicoes_avaliadas/menores_notas_gpt/38970_avaliacao_gpt-5.6-sol.md	5.0	4.5	5.0	5.0	5.0	5.0	29.5	29.5	0.0
39063_gpt_low_mirror	39063	gpt	gpt_low_mirror	low_mirror	True	gpt	gpt_ai	gpt-5.6-sol		39063.txt		39063_avaliacao_gpt-5.6-sol.md	corpus/04_composicoes_avaliadas/menores_notas_gpt/39063_avaliacao_gpt-5.6-sol.md	corpus/04_composicoes_avaliadas/menores_notas_gpt/39063_avaliacao_gpt-5.6-sol.md	5.0	4.5	5.0	5.0	5.0	5.0	29.5	29.5	0.0
39065_gpt_low_mirror	39065	gpt	gpt_low_mirror	low_mirror	True	gpt	gpt_ai	gpt-5.6-sol		39065.txt		39065_avaliacao_gpt-5.6-sol.md	corpus/04_composicoes_avaliadas/menores_notas_gpt/39065_avaliacao_gpt-5.6-sol.md	corpus/04_composicoes_avaliadas/menores_notas_gpt/39065_avaliacao_gpt-5.6-sol.md	5.0	4.5	5.0	5.0	5.0	5.0	29.5	29.5	0.0
39124_gpt_low_mirror	39124	gpt	gpt_low_mirror	low_mirror	True	gpt	gpt_ai	gpt-5.6-sol		39124.txt		39124_avaliacao_gpt-5.6-sol.md	corpus/04_composicoes_avaliadas/menores_notas_gpt/39124_avaliacao_gpt-5.6-sol.md	corpus/04_composicoes_avaliadas/menores_notas_gpt/39124_avaliacao_gpt-5.6-sol.md	5.0	5.0	5.0	5.0	5.0	5.0	30.0	30.0	0.0
39164_gpt_low_mirror	39164	gpt	gpt_low_mirror	low_mirror	True	gpt	gpt_ai	gpt-5.6-sol		39164.txt		39164_avaliacao_gpt-5.6-sol.md	corpus/04_composicoes_avaliadas/menores_notas_gpt/39164_avaliacao_gpt-5.6-sol.md	corpus/04_composicoes_avaliadas/menores_notas_gpt/39164_avaliacao_gpt-5.6-sol.md	5.0	5.0	5.0	5.0	5.0	5.0	30.0	30.0	0.0
39302_gpt_low_mirror	39302	gpt	gpt_low_mirror	low_mirror	True	gpt	gpt_ai	gpt-5.6-sol		39302.txt		39302_avaliacao_gpt-5.6-sol.md	corpus/04_composicoes_avaliadas/menores_notas_gpt/39302_avaliacao_gpt-5.6-sol.md	corpus/04_composicoes_avaliadas/menores_notas_gpt/39302_avaliacao_gpt-5.6-sol.md	5.0	5.0	5.0	5.0	5.0	5.0	30.0	30.0	0.0
39349_gpt_low_mirror	39349	gpt	gpt_low_mirror	low_mirror	True	gpt	gpt_ai	gpt-5.6-sol		39349.txt		39349_avaliacao_gpt-5.6-sol.md	corpus/04_composicoes_avaliadas/menores_notas_gpt/39349_avaliacao_gpt-5.6-sol.md	corpus/04_composicoes_avaliadas/menores_notas_gpt/39349_avaliacao_gpt-5.6-sol.md	5.0	5.0	5.0	5.0	5.0	5.0	30.0	30.0	0.0
39379_gpt_low_mirror	39379	gpt	gpt_low_mirror	low_mirror	True	gpt	gpt_ai	gpt-5.6-sol		39379.txt		39379_avaliacao_gpt-5.6-sol.md	corpus/04_composicoes_avaliadas/menores_notas_gpt/39379_avaliacao_gpt-5.6-sol.md	corpus/04_composicoes_avaliadas/menores_notas_gpt/39379_avaliacao_gpt-5.6-sol.md	4.5	4.5	5.0	5.0	5.0	5.0	29.0	29.0	0.0
39436_gpt_low_mirror	39436	gpt	gpt_low_mirror	low_mirror	True	gpt	gpt_ai	gpt-5.6-sol		39436.txt		39436_avaliacao_gpt-5.6-sol.md	corpus/04_composicoes_avaliadas/menores_notas_gpt/39436_avaliacao_gpt-5.6-sol.md	corpus/04_composicoes_avaliadas/menores_notas_gpt/39436_avaliacao_gpt-5.6-sol.md	5.0	5.0	5.0	5.0	5.0	5.0	30.0	30.0	0.0
39446_gpt_low_mirror	39446	gpt	gpt_low_mirror	low_mirror	True	gpt	gpt_ai	gpt-5.6-sol		39446.txt		39446_avaliacao_gpt-5.6-sol.md	corpus/04_composicoes_avaliadas/menores_notas_gpt/39446_avaliacao_gpt-5.6-sol.md	corpus/04_composicoes_avaliadas/menores_notas_gpt/39446_avaliacao_gpt-5.6-sol.md	4.0	4.0	5.0	5.0	5.0	5.0	28.0	28.0	0.0
39493_gpt_low_mirror	39493	gpt	gpt_low_mirror	low_mirror	True	gpt	gpt_ai	gpt-5.6-sol		39493.txt		39493_avaliacao_gpt-5.6-sol.md	corpus/04_composicoes_avaliadas/menores_notas_gpt/39493_avaliacao_gpt-5.6-sol.md	corpus/04_composicoes_avaliadas/menores_notas_gpt/39493_avaliacao_gpt-5.6-sol.md	5.0	5.0	5.0	5.0	5.0	5.0	30.0	30.0	0.0
39502_gpt_low_mirror	39502	gpt	gpt_low_mirror	low_mirror	True	gpt	gpt_ai	gpt-5.6-sol		39502.txt		39502_avaliacao_gpt-5.6-sol.md	corpus/04_composicoes_avaliadas/menores_notas_gpt/39502_avaliacao_gpt-5.6-sol.md	corpus/04_composicoes_avaliadas/menores_notas_gpt/39502_avaliacao_gpt-5.6-sol.md	5.0	4.0	5.0	5.0	5.0	5.0	29.0	29.0	0.0
39516_gpt_low_mirror	39516	gpt	gpt_low_mirror	low_mirror	True	gpt	gpt_ai	gpt-5.6-sol		39516.txt		39516_avaliacao_gpt-5.6-sol.md	corpus/04_composicoes_avaliadas/menores_notas_gpt/39516_avaliacao_gpt-5.6-sol.md	corpus/04_composicoes_avaliadas/menores_notas_gpt/39516_avaliacao_gpt-5.6-sol.md	5.0	5.0	5.0	5.0	5.0	5.0	30.0	30.0	0.0
39615_gpt_low_mirror	39615	gpt	gpt_low_mirror	low_mirror	True	gpt	gpt_ai	gpt-5.6-sol		39615.txt		39615_avaliacao_gpt-5.6-sol.md	corpus/04_composicoes_avaliadas/menores_notas_gpt/39615_avaliacao_gpt-5.6-sol.md	corpus/04_composicoes_avaliadas/menores_notas_gpt/39615_avaliacao_gpt-5.6-sol.md	5.0	4.5	5.0	5.0	5.0	5.0	29.5	29.5	0.0
39648_gpt_low_mirror	39648	gpt	gpt_low_mirror	low_mirror	True	gpt	gpt_ai	gpt-5.6-sol		39648.txt		39648_avaliacao_gpt-5.6-sol.md	corpus/04_composicoes_avaliadas/menores_notas_gpt/39648_avaliacao_gpt-5.6-sol.md	corpus/04_composicoes_avaliadas/menores_notas_gpt/39648_avaliacao_gpt-5.6-sol.md	5.0	5.0	5.0	5.0	5.0	5.0	30.0	30.0	0.0
39695_gpt_low_mirror	39695	gpt	gpt_low_mirror	low_mirror	True	gpt	gpt_ai	gpt-5.6-sol		39695.txt		39695_avaliacao_gpt-5.6-sol.md	corpus/04_composicoes_avaliadas/menores_notas_gpt/39695_avaliacao_gpt-5.6-sol.md	corpus/04_composicoes_avaliadas/menores_notas_gpt/39695_avaliacao_gpt-5.6-sol.md	5.0	4.0	5.0	5.0	5.0	5.0	29.0	29.0	0.0
39701_gpt_low_mirror	39701	gpt	gpt_low_mirror	low_mirror	True	gpt	gpt_ai	gpt-5.6-sol		39701.txt		39701_avaliacao_gpt-5.6-sol.md	corpus/04_composicoes_avaliadas/menores_notas_gpt/39701_avaliacao_gpt-5.6-sol.md	corpus/04_composicoes_avaliadas/menores_notas_gpt/39701_avaliacao_gpt-5.6-sol.md	4.0	4.0	5.0	5.0	5.0	5.0	28.0	28.0	0.0
39722_gpt_low_mirror	39722	gpt	gpt_low_mirror	low_mirror	True	gpt	gpt_ai	gpt-5.6-sol		39722.txt		39722_avaliacao_gpt-5.6-sol.md	corpus/04_composicoes_avaliadas/menores_notas_gpt/39722_avaliacao_gpt-5.6-sol.md	corpus/04_composicoes_avaliadas/menores_notas_gpt/39722_avaliacao_gpt-5.6-sol.md	5.0	5.0	5.0	5.0	5.0	5.0	30.0	30.0	0.0
39727_gpt_low_mirror	39727	gpt	gpt_low_mirror	low_mirror	True	gpt	gpt_ai	gpt-5.6-sol		39727.txt		39727_avaliacao_gpt-5.6-sol.md	corpus/04_composicoes_avaliadas/menores_notas_gpt/39727_avaliacao_gpt-5.6-sol.md	corpus/04_composicoes_avaliadas/menores_notas_gpt/39727_avaliacao_gpt-5.6-sol.md	5.0	5.0	5.0	5.0	5.0	5.0	30.0	30.0	0.0
39786_gpt_low_mirror	39786	gpt	gpt_low_mirror	low_mirror	True	gpt	gpt_ai	gpt-5.6-sol		39786.txt		39786_avaliacao_gpt-5.6-sol.md	corpus/04_composicoes_avaliadas/menores_notas_gpt/39786_avaliacao_gpt-5.6-sol.md	corpus/04_composicoes_avaliadas/menores_notas_gpt/39786_avaliacao_gpt-5.6-sol.md	5.0	4.5	5.0	5.0	5.0	5.0	29.5	29.5	0.0
39833_gpt_low_mirror	39833	gpt	gpt_low_mirror	low_mirror	True	gpt	gpt_ai	gpt-5.6-sol		39833.txt		39833_avaliacao_gpt-5.6-sol.md	corpus/04_composicoes_avaliadas/menores_notas_gpt/39833_avaliacao_gpt-5.6-sol.md	corpus/04_composicoes_avaliadas/menores_notas_gpt/39833_avaliacao_gpt-5.6-sol.md	4.5	4.5	5.0	5.0	5.0	5.0	29.0	29.0	0.0
39912_gpt_low_mirror	39912	gpt	gpt_low_mirror	low_mirror	True	gpt	gpt_ai	gpt-5.6-sol		39912.txt		39912_avaliacao_gpt-5.6-sol.md	corpus/04_composicoes_avaliadas/menores_notas_gpt/39912_avaliacao_gpt-5.6-sol.md	corpus/04_composicoes_avaliadas/menores_notas_gpt/39912_avaliacao_gpt-5.6-sol.md	5.0	5.0	5.0	5.0	5.0	5.0	30.0	30.0	0.0
39914_gpt_low_mirror	39914	gpt	gpt_low_mirror	low_mirror	True	gpt	gpt_ai	gpt-5.6-sol		39914.txt		39914_avaliacao_gpt-5.6-sol.md	corpus/04_composicoes_avaliadas/menores_notas_gpt/39914_avaliacao_gpt-5.6-sol.md	corpus/04_composicoes_avaliadas/menores_notas_gpt/39914_avaliacao_gpt-5.6-sol.md	5.0	5.0	5.0	5.0	5.0	5.0	30.0	30.0	0.0
39956_gpt_low_mirror	39956	gpt	gpt_low_mirror	low_mirror	True	gpt	gpt_ai	gpt-5.6-sol		39956.txt		39956_avaliacao_gpt-5.6-sol.md	corpus/04_composicoes_avaliadas/menores_notas_gpt/39956_avaliacao_gpt-5.6-sol.md	corpus/04_composicoes_avaliadas/menores_notas_gpt/39956_avaliacao_gpt-5.6-sol.md	5.0	5.0	5.0	5.0	5.0	5.0	30.0	30.0	0.0
39985_gpt_low_mirror	39985	gpt	gpt_low_mirror	low_mirror	True	gpt	gpt_ai	gpt-5.6-sol		39985.txt		39985_avaliacao_gpt-5.6-sol.md	corpus/04_composicoes_avaliadas/menores_notas_gpt/39985_avaliacao_gpt-5.6-sol.md	corpus/04_composicoes_avaliadas/menores_notas_gpt/39985_avaliacao_gpt-5.6-sol.md	5.0	5.0	5.0	5.0	5.0	5.0	30.0	30.0	0.0
40126_gpt_low_mirror	40126	gpt	gpt_low_mirror	low_mirror	True	gpt	gpt_ai	gpt-5.6-sol		40126.txt		40126_avaliacao_gpt-5.6-sol.md	corpus/04_composicoes_avaliadas/menores_notas_gpt/40126_avaliacao_gpt-5.6-sol.md	corpus/04_composicoes_avaliadas/menores_notas_gpt/40126_avaliacao_gpt-5.6-sol.md	5.0	5.0	5.0	5.0	5.0	5.0	30.0	30.0	0.0
40256_gpt_low_mirror	40256	gpt	gpt_low_mirror	low_mirror	True	gpt	gpt_ai	gpt-5.6-sol		40256.txt		40256_avaliacao_gpt-5.6-sol.md	corpus/04_composicoes_avaliadas/menores_notas_gpt/40256_avaliacao_gpt-5.6-sol.md	corpus/04_composicoes_avaliadas/menores_notas_gpt/40256_avaliacao_gpt-5.6-sol.md	5.0	5.0	5.0	5.0	5.0	5.0	30.0	30.0	0.0
40270_gpt_low_mirror	40270	gpt	gpt_low_mirror	low_mirror	True	gpt	gpt_ai	gpt-5.6-sol		40270.txt		40270_avaliacao_gpt-5.6-sol.md	corpus/04_composicoes_avaliadas/menores_notas_gpt/40270_avaliacao_gpt-5.6-sol.md	corpus/04_composicoes_avaliadas/menores_notas_gpt/40270_avaliacao_gpt-5.6-sol.md	5.0	5.0	5.0	5.0	5.0	5.0	30.0	30.0	0.0
40362_gpt_low_mirror	40362	gpt	gpt_low_mirror	low_mirror	True	gpt	gpt_ai	gpt-5.6-sol		40362.txt		40362_avaliacao_gpt-5.6-sol.md	corpus/04_composicoes_avaliadas/menores_notas_gpt/40362_avaliacao_gpt-5.6-sol.md	corpus/04_composicoes_avaliadas/menores_notas_gpt/40362_avaliacao_gpt-5.6-sol.md	5.0	5.0	5.0	5.0	5.0	5.0	30.0	30.0	0.0
40368_gpt_low_mirror	40368	gpt	gpt_low_mirror	low_mirror	True	gpt	gpt_ai	gpt-5.6-sol		40368.txt		40368_avaliacao_gpt-5.6-sol.md	corpus/04_composicoes_avaliadas/menores_notas_gpt/40368_avaliacao_gpt-5.6-sol.md	corpus/04_composicoes_avaliadas/menores_notas_gpt/40368_avaliacao_gpt-5.6-sol.md	5.0	4.5	5.0	5.0	5.0	5.0	29.5	29.5	0.0
40426_gpt_low_mirror	40426	gpt	gpt_low_mirror	low_mirror	True	gpt	gpt_ai	gpt-5.6-sol		40426.txt		40426_avaliacao_gpt-5.6-sol.md	corpus/04_composicoes_avaliadas/menores_notas_gpt/40426_avaliacao_gpt-5.6-sol.md	corpus/04_composicoes_avaliadas/menores_notas_gpt/40426_avaliacao_gpt-5.6-sol.md	5.0	4.5	5.0	5.0	5.0	5.0	29.5	29.5	0.0
40461_gpt_low_mirror	40461	gpt	gpt_low_mirror	low_mirror	True	gpt	gpt_ai	gpt-5.6-sol		40461.txt		40461_avaliacao_gpt-5.6-sol.md	corpus/04_composicoes_avaliadas/menores_notas_gpt/40461_avaliacao_gpt-5.6-sol.md	corpus/04_composicoes_avaliadas/menores_notas_gpt/40461_avaliacao_gpt-5.6-sol.md	5.0	4.0	5.0	5.0	5.0	5.0	29.0	29.0	0.0
40496_gpt_low_mirror	40496	gpt	gpt_low_mirror	low_mirror	True	gpt	gpt_ai	gpt-5.6-sol		40496.txt		40496_avaliacao_gpt-5.6-sol.md	corpus/04_composicoes_avaliadas/menores_notas_gpt/40496_avaliacao_gpt-5.6-sol.md	corpus/04_composicoes_avaliadas/menores_notas_gpt/40496_avaliacao_gpt-5.6-sol.md	4.0	4.0	5.0	5.0	5.0	5.0	28.0	28.0	0.0
40523_gpt_low_mirror	40523	gpt	gpt_low_mirror	low_mirror	True	gpt	gpt_ai	gpt-5.6-sol		40523.txt		40523_avaliacao_gpt-5.6-sol.md	corpus/04_composicoes_avaliadas/menores_notas_gpt/40523_avaliacao_gpt-5.6-sol.md	corpus/04_composicoes_avaliadas/menores_notas_gpt/40523_avaliacao_gpt-5.6-sol.md	5.0	4.5	5.0	5.0	5.0	5.0	29.5	29.5	0.0
40617_gpt_low_mirror	40617	gpt	gpt_low_mirror	low_mirror	True	gpt	gpt_ai	gpt-5.6-sol		40617.txt		40617_avaliacao_gpt-5.6-sol.md	corpus/04_composicoes_avaliadas/menores_notas_gpt/40617_avaliacao_gpt-5.6-sol.md	corpus/04_composicoes_avaliadas/menores_notas_gpt/40617_avaliacao_gpt-5.6-sol.md	5.0	5.0	5.0	5.0	5.0	5.0	30.0	30.0	0.0
40688_gpt_low_mirror	40688	gpt	gpt_low_mirror	low_mirror	True	gpt	gpt_ai	gpt-5.6-sol		40688.txt		40688_avaliacao_gpt-5.6-sol.md	corpus/04_composicoes_avaliadas/menores_notas_gpt/40688_avaliacao_gpt-5.6-sol.md	corpus/04_composicoes_avaliadas/menores_notas_gpt/40688_avaliacao_gpt-5.6-sol.md	5.0	5.0	5.0	5.0	5.0	5.0	30.0	30.0	0.0
40690_gpt_low_mirror	40690	gpt	gpt_low_mirror	low_mirror	True	gpt	gpt_ai	gpt-5.6-sol		40690.txt		40690_avaliacao_gpt-5.6-sol.md	corpus/04_composicoes_avaliadas/menores_notas_gpt/40690_avaliacao_gpt-5.6-sol.md	corpus/04_composicoes_avaliadas/menores_notas_gpt/40690_avaliacao_gpt-5.6-sol.md	5.0	4.0	5.0	5.0	5.0	5.0	29.0	29.0	0.0
40765_gpt_low_mirror	40765	gpt	gpt_low_mirror	low_mirror	True	gpt	gpt_ai	gpt-5.6-sol		40765.txt		40765_avaliacao_gpt-5.6-sol.md	corpus/04_composicoes_avaliadas/menores_notas_gpt/40765_avaliacao_gpt-5.6-sol.md	corpus/04_composicoes_avaliadas/menores_notas_gpt/40765_avaliacao_gpt-5.6-sol.md	5.0	4.5	5.0	5.0	5.0	5.0	29.5	29.5	0.0
40803_gpt_low_mirror	40803	gpt	gpt_low_mirror	low_mirror	True	gpt	gpt_ai	gpt-5.6-sol		40803.txt		40803_avaliacao_gpt-5.6-sol.md	corpus/04_composicoes_avaliadas/menores_notas_gpt/40803_avaliacao_gpt-5.6-sol.md	corpus/04_composicoes_avaliadas/menores_notas_gpt/40803_avaliacao_gpt-5.6-sol.md	5.0	5.0	5.0	5.0	5.0	5.0	30.0	30.0	0.0
40865_gpt_low_mirror	40865	gpt	gpt_low_mirror	low_mirror	True	gpt	gpt_ai	gpt-5.6-sol		40865.txt		40865_avaliacao_gpt-5.6-sol.md	corpus/04_composicoes_avaliadas/menores_notas_gpt/40865_avaliacao_gpt-5.6-sol.md	corpus/04_composicoes_avaliadas/menores_notas_gpt/40865_avaliacao_gpt-5.6-sol.md	5.0	5.0	5.0	5.0	5.0	5.0	30.0	30.0	0.0
40869_gpt_low_mirror	40869	gpt	gpt_low_mirror	low_mirror	True	gpt	gpt_ai	gpt-5.6-sol		40869.txt		40869_avaliacao_gpt-5.6-sol.md	corpus/04_composicoes_avaliadas/menores_notas_gpt/40869_avaliacao_gpt-5.6-sol.md	corpus/04_composicoes_avaliadas/menores_notas_gpt/40869_avaliacao_gpt-5.6-sol.md	5.0	5.0	5.0	5.0	5.0	5.0	30.0	30.0	0.0
40887_gpt_low_mirror	40887	gpt	gpt_low_mirror	low_mirror	True	gpt	gpt_ai	gpt-5.6-sol		40887.txt		40887_avaliacao_gpt-5.6-sol.md	corpus/04_composicoes_avaliadas/menores_notas_gpt/40887_avaliacao_gpt-5.6-sol.md	corpus/04_composicoes_avaliadas/menores_notas_gpt/40887_avaliacao_gpt-5.6-sol.md	5.0	5.0	5.0	5.0	5.0	5.0	30.0	30.0	0.0
40898_gpt_low_mirror	40898	gpt	gpt_low_mirror	low_mirror	True	gpt	gpt_ai	gpt-5.6-sol		40898.txt		40898_avaliacao_gpt-5.6-sol.md	corpus/04_composicoes_avaliadas/menores_notas_gpt/40898_avaliacao_gpt-5.6-sol.md	corpus/04_composicoes_avaliadas/menores_notas_gpt/40898_avaliacao_gpt-5.6-sol.md	5.0	5.0	5.0	5.0	5.0	5.0	30.0	30.0	0.0
40906_gpt_low_mirror	40906	gpt	gpt_low_mirror	low_mirror	True	gpt	gpt_ai	gpt-5.6-sol		40906.txt		40906_avaliacao_gpt-5.6-sol.md	corpus/04_composicoes_avaliadas/menores_notas_gpt/40906_avaliacao_gpt-5.6-sol.md	corpus/04_composicoes_avaliadas/menores_notas_gpt/40906_avaliacao_gpt-5.6-sol.md	5.0	4.0	5.0	5.0	5.0	5.0	29.0	29.0	0.0
40926_gpt_low_mirror	40926	gpt	gpt_low_mirror	low_mirror	True	gpt	gpt_ai	gpt-5.6-sol		40926.txt		40926_avaliacao_gpt-5.6-sol.md	corpus/04_composicoes_avaliadas/menores_notas_gpt/40926_avaliacao_gpt-5.6-sol.md	corpus/04_composicoes_avaliadas/menores_notas_gpt/40926_avaliacao_gpt-5.6-sol.md	5.0	5.0	5.0	5.0	5.0	5.0	30.0	30.0	0.0
40929_gpt_low_mirror	40929	gpt	gpt_low_mirror	low_mirror	True	gpt	gpt_ai	gpt-5.6-sol		40929.txt		40929_avaliacao_gpt-5.6-sol.md	corpus/04_composicoes_avaliadas/menores_notas_gpt/40929_avaliacao_gpt-5.6-sol.md	corpus/04_composicoes_avaliadas/menores_notas_gpt/40929_avaliacao_gpt-5.6-sol.md	5.0	5.0	5.0	5.0	5.0	5.0	30.0	30.0	0.0
40978_gpt_low_mirror	40978	gpt	gpt_low_mirror	low_mirror	True	gpt	gpt_ai	gpt-5.6-sol		40978.txt		40978_avaliacao_gpt-5.6-sol.md	corpus/04_composicoes_avaliadas/menores_notas_gpt/40978_avaliacao_gpt-5.6-sol.md	corpus/04_composicoes_avaliadas/menores_notas_gpt/40978_avaliacao_gpt-5.6-sol.md	5.0	4.0	5.0	5.0	5.0	5.0	29.0	29.0	0.0
41011_gpt_low_mirror	41011	gpt	gpt_low_mirror	low_mirror	True	gpt	gpt_ai	gpt-5.6-sol		41011.txt		41011_avaliacao_gpt-5.6-sol.md	corpus/04_composicoes_avaliadas/menores_notas_gpt/41011_avaliacao_gpt-5.6-sol.md	corpus/04_composicoes_avaliadas/menores_notas_gpt/41011_avaliacao_gpt-5.6-sol.md	5.0	5.0	5.0	5.0	5.0	5.0	30.0	30.0	0.0
41093_gpt_low_mirror	41093	gpt	gpt_low_mirror	low_mirror	True	gpt	gpt_ai	gpt-5.6-sol		41093.txt		41093_avaliacao_gpt-5.6-sol.md	corpus/04_composicoes_avaliadas/menores_notas_gpt/41093_avaliacao_gpt-5.6-sol.md	corpus/04_composicoes_avaliadas/menores_notas_gpt/41093_avaliacao_gpt-5.6-sol.md	4.5	4.5	5.0	5.0	5.0	5.0	29.0	29.0	0.0
41096_gpt_low_mirror	41096	gpt	gpt_low_mirror	low_mirror	True	gpt	gpt_ai	gpt-5.6-sol		41096.txt		41096_avaliacao_gpt-5.6-sol.md	corpus/04_composicoes_avaliadas/menores_notas_gpt/41096_avaliacao_gpt-5.6-sol.md	corpus/04_composicoes_avaliadas/menores_notas_gpt/41096_avaliacao_gpt-5.6-sol.md	5.0	4.5	5.0	5.0	5.0	5.0	29.5	29.5	0.0
45044_gpt_low_mirror	45044	gpt	gpt_low_mirror	low_mirror	True	gpt	gpt_ai	gpt-5.6-sol		45044.txt		45044_avaliacao_gpt-5.6-sol.md	corpus/04_composicoes_avaliadas/menores_notas_gpt/45044_avaliacao_gpt-5.6-sol.md	corpus/04_composicoes_avaliadas/menores_notas_gpt/45044_avaliacao_gpt-5.6-sol.md	5.0	5.0	5.0	5.0	5.0	5.0	30.0	30.0	0.0
45075_gpt_low_mirror	45075	gpt	gpt_low_mirror	low_mirror	True	gpt	gpt_ai	gpt-5.6-sol		45075.txt		45075_avaliacao_gpt-5.6-sol.md	corpus/04_composicoes_avaliadas/menores_notas_gpt/45075_avaliacao_gpt-5.6-sol.md	corpus/04_composicoes_avaliadas/menores_notas_gpt/45075_avaliacao_gpt-5.6-sol.md	5.0	5.0	5.0	5.0	5.0	5.0	30.0	30.0	0.0
45078_gpt_low_mirror	45078	gpt	gpt_low_mirror	low_mirror	True	gpt	gpt_ai	gpt-5.6-sol		45078.txt		45078_avaliacao_gpt-5.6-sol.md	corpus/04_composicoes_avaliadas/menores_notas_gpt/45078_avaliacao_gpt-5.6-sol.md	corpus/04_composicoes_avaliadas/menores_notas_gpt/45078_avaliacao_gpt-5.6-sol.md	5.0	5.0	5.0	5.0	5.0	5.0	30.0	30.0	0.0
45124_gpt_low_mirror	45124	gpt	gpt_low_mirror	low_mirror	True	gpt	gpt_ai	gpt-5.6-sol		45124.txt		45124_avaliacao_gpt-5.6-sol.md	corpus/04_composicoes_avaliadas/menores_notas_gpt/45124_avaliacao_gpt-5.6-sol.md	corpus/04_composicoes_avaliadas/menores_notas_gpt/45124_avaliacao_gpt-5.6-sol.md	5.0	4.5	5.0	5.0	5.0	4.0	28.5	28.5	0.0
45241_gpt_low_mirror	45241	gpt	gpt_low_mirror	low_mirror	True	gpt	gpt_ai	gpt-5.6-sol		45241.txt		45241_avaliacao_gpt-5.6-sol.md	corpus/04_composicoes_avaliadas/menores_notas_gpt/45241_avaliacao_gpt-5.6-sol.md	corpus/04_composicoes_avaliadas/menores_notas_gpt/45241_avaliacao_gpt-5.6-sol.md	5.0	5.0	5.0	5.0	5.0	5.0	30.0	30.0	0.0
45268_gpt_low_mirror	45268	gpt	gpt_low_mirror	low_mirror	True	gpt	gpt_ai	gpt-5.6-sol		45268.txt		45268_avaliacao_gpt-5.6-sol.md	corpus/04_composicoes_avaliadas/menores_notas_gpt/45268_avaliacao_gpt-5.6-sol.md	corpus/04_composicoes_avaliadas/menores_notas_gpt/45268_avaliacao_gpt-5.6-sol.md	5.0	5.0	5.0	5.0	5.0	5.0	30.0	30.0	0.0
45357_gpt_low_mirror	45357	gpt	gpt_low_mirror	low_mirror	True	gpt	gpt_ai	gpt-5.6-sol		45357.txt		45357_avaliacao_gpt-5.6-sol.md	corpus/04_composicoes_avaliadas/menores_notas_gpt/45357_avaliacao_gpt-5.6-sol.md	corpus/04_composicoes_avaliadas/menores_notas_gpt/45357_avaliacao_gpt-5.6-sol.md	5.0	5.0	5.0	5.0	5.0	5.0	30.0	30.0	0.0
45389_gpt_low_mirror	45389	gpt	gpt_low_mirror	low_mirror	True	gpt	gpt_ai	gpt-5.6-sol		45389.txt		45389_avaliacao_gpt-5.6-sol.md	corpus/04_composicoes_avaliadas/menores_notas_gpt/45389_avaliacao_gpt-5.6-sol.md	corpus/04_composicoes_avaliadas/menores_notas_gpt/45389_avaliacao_gpt-5.6-sol.md	5.0	5.0	5.0	5.0	5.0	5.0	30.0	30.0	0.0
45519_gpt_low_mirror	45519	gpt	gpt_low_mirror	low_mirror	True	gpt	gpt_ai	gpt-5.6-sol		45519.txt		45519_avaliacao_gpt-5.6-sol.md	corpus/04_composicoes_avaliadas/menores_notas_gpt/45519_avaliacao_gpt-5.6-sol.md	corpus/04_composicoes_avaliadas/menores_notas_gpt/45519_avaliacao_gpt-5.6-sol.md	5.0	4.0	5.0	5.0	5.0	5.0	29.0	29.0	0.0
45531_gpt_low_mirror	45531	gpt	gpt_low_mirror	low_mirror	True	gpt	gpt_ai	gpt-5.6-sol		45531.txt		45531_avaliacao_gpt-5.6-sol.md	corpus/04_composicoes_avaliadas/menores_notas_gpt/45531_avaliacao_gpt-5.6-sol.md	corpus/04_composicoes_avaliadas/menores_notas_gpt/45531_avaliacao_gpt-5.6-sol.md	5.0	5.0	5.0	5.0	5.0	5.0	30.0	30.0	0.0
45638_gpt_low_mirror	45638	gpt	gpt_low_mirror	low_mirror	True	gpt	gpt_ai	gpt-5.6-sol		45638.txt		45638_avaliacao_gpt-5.6-sol.md	corpus/04_composicoes_avaliadas/menores_notas_gpt/45638_avaliacao_gpt-5.6-sol.md	corpus/04_composicoes_avaliadas/menores_notas_gpt/45638_avaliacao_gpt-5.6-sol.md	5.0	4.5	5.0	5.0	5.0	5.0	29.5	29.5	0.0
45667_gpt_low_mirror	45667	gpt	gpt_low_mirror	low_mirror	True	gpt	gpt_ai	gpt-5.6-sol		45667.txt		45667_avaliacao_gpt-5.6-sol.md	corpus/04_composicoes_avaliadas/menores_notas_gpt/45667_avaliacao_gpt-5.6-sol.md	corpus/04_composicoes_avaliadas/menores_notas_gpt/45667_avaliacao_gpt-5.6-sol.md	5.0	4.0	5.0	5.0	5.0	5.0	29.0	29.0	0.0
45746_gpt_low_mirror	45746	gpt	gpt_low_mirror	low_mirror	True	gpt	gpt_ai	gpt-5.6-sol		45746.txt		45746_avaliacao_gpt-5.6-sol.md	corpus/04_composicoes_avaliadas/menores_notas_gpt/45746_avaliacao_gpt-5.6-sol.md	corpus/04_composicoes_avaliadas/menores_notas_gpt/45746_avaliacao_gpt-5.6-sol.md	5.0	5.0	5.0	5.0	5.0	5.0	30.0	30.0	0.0
45996_gpt_low_mirror	45996	gpt	gpt_low_mirror	low_mirror	True	gpt	gpt_ai	gpt-5.6-sol		45996.txt		45996_avaliacao_gpt-5.6-sol.md	corpus/04_composicoes_avaliadas/menores_notas_gpt/45996_avaliacao_gpt-5.6-sol.md	corpus/04_composicoes_avaliadas/menores_notas_gpt/45996_avaliacao_gpt-5.6-sol.md	5.0	4.0	5.0	5.0	5.0	5.0	29.0	29.0	0.0
46034_gpt_low_mirror	46034	gpt	gpt_low_mirror	low_mirror	True	gpt	gpt_ai	gpt-5.6-sol		46034.txt		46034_avaliacao_gpt-5.6-sol.md	corpus/04_composicoes_avaliadas/menores_notas_gpt/46034_avaliacao_gpt-5.6-sol.md	corpus/04_composicoes_avaliadas/menores_notas_gpt/46034_avaliacao_gpt-5.6-sol.md	5.0	5.0	5.0	5.0	5.0	5.0	30.0	30.0	0.0
46108_gpt_low_mirror	46108	gpt	gpt_low_mirror	low_mirror	True	gpt	gpt_ai	gpt-5.6-sol		46108.txt		46108_avaliacao_gpt-5.6-sol.md	corpus/04_composicoes_avaliadas/menores_notas_gpt/46108_avaliacao_gpt-5.6-sol.md	corpus/04_composicoes_avaliadas/menores_notas_gpt/46108_avaliacao_gpt-5.6-sol.md	5.0	5.0	5.0	5.0	5.0	5.0	30.0	30.0	0.0
46249_gpt_low_mirror	46249	gpt	gpt_low_mirror	low_mirror	True	gpt	gpt_ai	gpt-5.6-sol		46249.txt		46249_avaliacao_gpt-5.6-sol.md	corpus/04_composicoes_avaliadas/menores_notas_gpt/46249_avaliacao_gpt-5.6-sol.md	corpus/04_composicoes_avaliadas/menores_notas_gpt/46249_avaliacao_gpt-5.6-sol.md	5.0	5.0	5.0	5.0	5.0	5.0	30.0	30.0	0.0
46255_gpt_low_mirror	46255	gpt	gpt_low_mirror	low_mirror	True	gpt	gpt_ai	gpt-5.6-sol		46255.txt		46255_avaliacao_gpt-5.6-sol.md	corpus/04_composicoes_avaliadas/menores_notas_gpt/46255_avaliacao_gpt-5.6-sol.md	corpus/04_composicoes_avaliadas/menores_notas_gpt/46255_avaliacao_gpt-5.6-sol.md	5.0	5.0	5.0	5.0	5.0	5.0	30.0	30.0	0.0
46273_gpt_low_mirror	46273	gpt	gpt_low_mirror	low_mirror	True	gpt	gpt_ai	gpt-5.6-sol		46273.txt		46273_avaliacao_gpt-5.6-sol.md	corpus/04_composicoes_avaliadas/menores_notas_gpt/46273_avaliacao_gpt-5.6-sol.md	corpus/04_composicoes_avaliadas/menores_notas_gpt/46273_avaliacao_gpt-5.6-sol.md	4.0	4.0	5.0	5.0	5.0	5.0	28.0	28.0	0.0
46276_gpt_low_mirror	46276	gpt	gpt_low_mirror	low_mirror	True	gpt	gpt_ai	gpt-5.6-sol		46276.txt		46276_avaliacao_gpt-5.6-sol.md	corpus/04_composicoes_avaliadas/menores_notas_gpt/46276_avaliacao_gpt-5.6-sol.md	corpus/04_composicoes_avaliadas/menores_notas_gpt/46276_avaliacao_gpt-5.6-sol.md	5.0	5.0	5.0	5.0	5.0	5.0	30.0	30.0	0.0
46288_gpt_low_mirror	46288	gpt	gpt_low_mirror	low_mirror	True	gpt	gpt_ai	gpt-5.6-sol		46288.txt		46288_avaliacao_gpt-5.6-sol.md	corpus/04_composicoes_avaliadas/menores_notas_gpt/46288_avaliacao_gpt-5.6-sol.md	corpus/04_composicoes_avaliadas/menores_notas_gpt/46288_avaliacao_gpt-5.6-sol.md	5.0	5.0	5.0	5.0	5.0	5.0	30.0	30.0	0.0
46290_gpt_low_mirror	46290	gpt	gpt_low_mirror	low_mirror	True	gpt	gpt_ai	gpt-5.6-sol		46290.txt		46290_avaliacao_gpt-5.6-sol.md	corpus/04_composicoes_avaliadas/menores_notas_gpt/46290_avaliacao_gpt-5.6-sol.md	corpus/04_composicoes_avaliadas/menores_notas_gpt/46290_avaliacao_gpt-5.6-sol.md	4.0	4.0	5.0	5.0	5.0	5.0	28.0	28.0	0.0
46626_gpt_low_mirror	46626	gpt	gpt_low_mirror	low_mirror	True	gpt	gpt_ai	gpt-5.6-sol		46626.txt		46626_avaliacao_gpt-5.6-sol.md	corpus/04_composicoes_avaliadas/menores_notas_gpt/46626_avaliacao_gpt-5.6-sol.md	corpus/04_composicoes_avaliadas/menores_notas_gpt/46626_avaliacao_gpt-5.6-sol.md	5.0	4.5	5.0	5.0	5.0	5.0	29.5	29.5	0.0
46687_gpt_low_mirror	46687	gpt	gpt_low_mirror	low_mirror	True	gpt	gpt_ai	gpt-5.6-sol		46687.txt		46687_avaliacao_gpt-5.6-sol.md	corpus/04_composicoes_avaliadas/menores_notas_gpt/46687_avaliacao_gpt-5.6-sol.md	corpus/04_composicoes_avaliadas/menores_notas_gpt/46687_avaliacao_gpt-5.6-sol.md	5.0	5.0	5.0	5.0	5.0	5.0	30.0	30.0	0.0
46699_gpt_low_mirror	46699	gpt	gpt_low_mirror	low_mirror	True	gpt	gpt_ai	gpt-5.6-sol		46699.txt		46699_avaliacao_gpt-5.6-sol.md	corpus/04_composicoes_avaliadas/menores_notas_gpt/46699_avaliacao_gpt-5.6-sol.md	corpus/04_composicoes_avaliadas/menores_notas_gpt/46699_avaliacao_gpt-5.6-sol.md	5.0	4.5	5.0	5.0	5.0	5.0	29.5	29.5	0.0
46705_gpt_low_mirror	46705	gpt	gpt_low_mirror	low_mirror	True	gpt	gpt_ai	gpt-5.6-sol		46705.txt		46705_avaliacao_gpt-5.6-sol.md	corpus/04_composicoes_avaliadas/menores_notas_gpt/46705_avaliacao_gpt-5.6-sol.md	corpus/04_composicoes_avaliadas/menores_notas_gpt/46705_avaliacao_gpt-5.6-sol.md	4.0	4.0	5.0	5.0	5.0	5.0	28.0	28.0	0.0
46724_gpt_low_mirror	46724	gpt	gpt_low_mirror	low_mirror	True	gpt	gpt_ai	gpt-5.6-sol		46724.txt		46724_avaliacao_gpt-5.6-sol.md	corpus/04_composicoes_avaliadas/menores_notas_gpt/46724_avaliacao_gpt-5.6-sol.md	corpus/04_composicoes_avaliadas/menores_notas_gpt/46724_avaliacao_gpt-5.6-sol.md	4.5	4.5	5.0	5.0	5.0	5.0	29.0	29.0	0.0
46743_gpt_low_mirror	46743	gpt	gpt_low_mirror	low_mirror	True	gpt	gpt_ai	gpt-5.6-sol		46743.txt		46743_avaliacao_gpt-5.6-sol.md	corpus/04_composicoes_avaliadas/menores_notas_gpt/46743_avaliacao_gpt-5.6-sol.md	corpus/04_composicoes_avaliadas/menores_notas_gpt/46743_avaliacao_gpt-5.6-sol.md	4.5	4.0	5.0	5.0	5.0	5.0	28.5	28.5	0.0
46946_gpt_low_mirror	46946	gpt	gpt_low_mirror	low_mirror	True	gpt	gpt_ai	gpt-5.6-sol		46946.txt		46946_avaliacao_gpt-5.6-sol.md	corpus/04_composicoes_avaliadas/menores_notas_gpt/46946_avaliacao_gpt-5.6-sol.md	corpus/04_composicoes_avaliadas/menores_notas_gpt/46946_avaliacao_gpt-5.6-sol.md	5.0	5.0	5.0	5.0	5.0	5.0	30.0	30.0	0.0
47010_gpt_low_mirror	47010	gpt	gpt_low_mirror	low_mirror	True	gpt	gpt_ai	gpt-5.6-sol		47010.txt		47010_avaliacao_gpt-5.6-sol.md	corpus/04_composicoes_avaliadas/menores_notas_gpt/47010_avaliacao_gpt-5.6-sol.md	corpus/04_composicoes_avaliadas/menores_notas_gpt/47010_avaliacao_gpt-5.6-sol.md	5.0	4.5	5.0	5.0	5.0	5.0	29.5	29.5	0.0
47046_gpt_low_mirror	47046	gpt	gpt_low_mirror	low_mirror	True	gpt	gpt_ai	gpt-5.6-sol		47046.txt		47046_avaliacao_gpt-5.6-sol.md	corpus/04_composicoes_avaliadas/menores_notas_gpt/47046_avaliacao_gpt-5.6-sol.md	corpus/04_composicoes_avaliadas/menores_notas_gpt/47046_avaliacao_gpt-5.6-sol.md	5.0	5.0	5.0	5.0	5.0	5.0	30.0	30.0	0.0
47068_gpt_low_mirror	47068	gpt	gpt_low_mirror	low_mirror	True	gpt	gpt_ai	gpt-5.6-sol		47068.txt		47068_avaliacao_gpt-5.6-sol.md	corpus/04_composicoes_avaliadas/menores_notas_gpt/47068_avaliacao_gpt-5.6-sol.md	corpus/04_composicoes_avaliadas/menores_notas_gpt/47068_avaliacao_gpt-5.6-sol.md	4.5	4.0	5.0	5.0	5.0	5.0	28.5	28.5	0.0
47123_gpt_low_mirror	47123	gpt	gpt_low_mirror	low_mirror	True	gpt	gpt_ai	gpt-5.6-sol		47123.txt		47123_avaliacao_gpt-5.6-sol.md	corpus/04_composicoes_avaliadas/menores_notas_gpt/47123_avaliacao_gpt-5.6-sol.md	corpus/04_composicoes_avaliadas/menores_notas_gpt/47123_avaliacao_gpt-5.6-sol.md	5.0	4.0	5.0	5.0	5.0	5.0	29.0	29.0	0.0
